digits,workload,pair_index,order_slot,mode,iterations,ns_per_op,cpu_ns_per_op
12,throughput4096.FP64.mul,0,0,nearest_even,1048576,2.579747200,2.552375793
12,throughput4096.FP64.mul,0,1,toward_zero,1048576,2.498619080,2.495697021
12,throughput4096.FP64.mul,1,0,toward_zero,1048576,2.500682831,2.496957779
12,throughput4096.FP64.mul,1,1,nearest_even,1048576,2.559978485,2.551094055
12,throughput4096.FP64.mul,2,0,nearest_even,1048576,2.572170258,2.557075500
12,throughput4096.FP64.mul,2,1,toward_zero,1048576,2.503500938,2.496747017
12,throughput4096.FP64.mul,3,0,toward_zero,1048576,2.501418114,2.497932434
12,throughput4096.FP64.mul,3,1,nearest_even,1048576,2.559482574,2.557045937
12,throughput4096.FP64.mul,4,0,nearest_even,1048576,2.566658020,2.551199913
12,throughput4096.FP64.mul,4,1,toward_zero,1048576,2.503778458,2.499547005
12,throughput4096.FP64.mul,5,0,toward_zero,1048576,2.498781204,2.496183395
12,throughput4096.FP64.mul,5,1,nearest_even,1048576,2.556253433,2.552412987
12,throughput4096.FP64.mul,6,0,nearest_even,1048576,2.572056770,2.556473732
12,throughput4096.FP64.mul,6,1,toward_zero,1048576,2.498141289,2.495763779
12,throughput4096.FP64.mul,7,0,toward_zero,1048576,2.500892639,2.497844696
12,throughput4096.FP64.mul,7,1,nearest_even,1048576,2.554714203,2.551046371
12,throughput4096.FP64.mul,8,0,nearest_even,1048576,2.576995850,2.560715675
12,throughput4096.FP64.mul,8,1,toward_zero,1048576,2.499784470,2.497128487
12,throughput256.FP64.mul,0,0,nearest_even,1048576,2.568626404,2.565242767
12,throughput256.FP64.mul,0,1,toward_zero,1048576,2.488959312,2.486188889
12,throughput256.FP64.mul,1,0,toward_zero,1048576,2.504848480,2.488235474
12,throughput256.FP64.mul,1,1,nearest_even,1048576,2.564612389,2.561116219
12,throughput256.FP64.mul,2,0,nearest_even,1048576,2.564718246,2.562245369
12,throughput256.FP64.mul,2,1,toward_zero,1048576,2.485260963,2.481334686
12,throughput256.FP64.mul,3,0,toward_zero,1048576,2.504370689,2.488167763
12,throughput256.FP64.mul,3,1,nearest_even,1048576,2.564870834,2.561537743
12,throughput256.FP64.mul,4,0,nearest_even,1048576,2.559864044,2.555248260
12,throughput256.FP64.mul,4,1,toward_zero,1048576,2.482624054,2.479242325
12,throughput256.FP64.mul,5,0,toward_zero,1048576,2.506510735,2.489974976
12,throughput256.FP64.mul,5,1,nearest_even,1048576,2.570880890,2.566265106
12,throughput256.FP64.mul,6,0,nearest_even,1048576,2.560494423,2.558049202
12,throughput256.FP64.mul,6,1,toward_zero,1048576,2.484191895,2.479510307
12,throughput256.FP64.mul,7,0,toward_zero,1048576,2.502488136,2.485661507
12,throughput256.FP64.mul,7,1,nearest_even,1048576,2.562491417,2.559426308
12,throughput256.FP64.mul,8,0,nearest_even,1048576,2.562195778,2.557790756
12,throughput256.FP64.mul,8,1,toward_zero,1048576,2.486350060,2.481523514
12,exact_results.FP64.mul,0,0,nearest_even,1048576,2.554924965,2.536637306
12,exact_results.FP64.mul,0,1,toward_zero,1048576,2.491997719,2.486791611
12,exact_results.FP64.mul,1,0,toward_zero,1048576,2.488948822,2.486093521
12,exact_results.FP64.mul,1,1,nearest_even,1048576,2.551332474,2.546612740
12,exact_results.FP64.mul,2,0,nearest_even,1048576,2.554552078,2.536131859
12,exact_results.FP64.mul,2,1,toward_zero,1048576,2.490009308,2.487135887
12,exact_results.FP64.mul,3,0,toward_zero,1048576,2.632995605,2.627836227
12,exact_results.FP64.mul,3,1,nearest_even,1048576,2.568807602,2.563973427
12,exact_results.FP64.mul,4,0,nearest_even,1048576,2.578219414,2.561337471
12,exact_results.FP64.mul,4,1,toward_zero,1048576,2.625762939,2.620421410
12,exact_results.FP64.mul,5,0,toward_zero,1048576,2.557857513,2.552900314
12,exact_results.FP64.mul,5,1,nearest_even,1048576,2.566724777,2.563332558
12,exact_results.FP64.mul,6,0,nearest_even,1048576,2.608134270,2.589542389
12,exact_results.FP64.mul,6,1,toward_zero,1048576,2.524015427,2.519151688
12,exact_results.FP64.mul,7,0,toward_zero,1048576,2.633789062,2.628602028
12,exact_results.FP64.mul,7,1,nearest_even,1048576,2.561497688,2.558842659
12,exact_results.FP64.mul,8,0,nearest_even,1048576,2.590773582,2.574260712
12,exact_results.FP64.mul,8,1,toward_zero,1048576,2.534993172,2.530649185
12,halfway_ties.FP64.mul,0,0,nearest_even,1048576,2.524942398,2.520526886
12,halfway_ties.FP64.mul,0,1,toward_zero,1048576,2.543200493,2.537927628
12,halfway_ties.FP64.mul,1,0,toward_zero,1048576,2.623039246,2.607110977
12,halfway_ties.FP64.mul,1,1,nearest_even,1048576,2.521110535,2.517107964
12,halfway_ties.FP64.mul,2,0,nearest_even,1048576,2.522734642,2.517898560
12,halfway_ties.FP64.mul,2,1,toward_zero,1048576,2.583741188,2.580348969
12,halfway_ties.FP64.mul,3,0,toward_zero,1048576,2.609319687,2.591912270
12,halfway_ties.FP64.mul,3,1,nearest_even,1048576,2.514136314,2.510144234
12,halfway_ties.FP64.mul,4,0,nearest_even,1048576,2.518205643,2.515110016
12,halfway_ties.FP64.mul,4,1,toward_zero,1048576,2.631544113,2.626872063
12,halfway_ties.FP64.mul,5,0,toward_zero,1048576,2.532337189,2.515827179
12,halfway_ties.FP64.mul,5,1,nearest_even,1048576,2.514212608,2.511328697
12,halfway_ties.FP64.mul,6,0,nearest_even,1048576,2.524129868,2.518874168
12,halfway_ties.FP64.mul,6,1,toward_zero,1048576,2.497500420,2.492849350
12,halfway_ties.FP64.mul,7,0,toward_zero,1048576,2.603663445,2.589236259
12,halfway_ties.FP64.mul,7,1,nearest_even,1048576,2.517852783,2.512567520
12,halfway_ties.FP64.mul,8,0,nearest_even,1048576,2.522810936,2.518599510
12,halfway_ties.FP64.mul,8,1,toward_zero,1048576,2.536522865,2.533859253
12,exact_chain.FP64.mul,0,0,nearest_even,1048576,3.661643982,3.643362045
12,exact_chain.FP64.mul,0,1,toward_zero,1048576,3.653972626,3.647932053
12,exact_chain.FP64.mul,1,0,toward_zero,1048576,3.667243958,3.663056374
12,exact_chain.FP64.mul,1,1,nearest_even,1048576,3.727361679,3.709309578
12,exact_chain.FP64.mul,2,0,nearest_even,1048576,3.672479630,3.666016579
12,exact_chain.FP64.mul,2,1,toward_zero,1048576,3.677084923,3.670212746
12,exact_chain.FP64.mul,3,0,toward_zero,1048576,3.671284676,3.651072502
12,exact_chain.FP64.mul,3,1,nearest_even,1048576,3.671954155,3.666083336
12,exact_chain.FP64.mul,4,0,nearest_even,1048576,3.669355392,3.663789749
12,exact_chain.FP64.mul,4,1,toward_zero,1048576,3.678212166,3.660343170
12,exact_chain.FP64.mul,5,0,toward_zero,1048576,3.641933441,3.635891914
12,exact_chain.FP64.mul,5,1,nearest_even,1048576,3.694417000,3.674576759
12,exact_chain.FP64.mul,6,0,nearest_even,1048576,3.663354874,3.657409668
12,exact_chain.FP64.mul,6,1,toward_zero,1048576,3.674552917,3.668387413
12,exact_chain.FP64.mul,7,0,toward_zero,1048576,3.685025215,3.664507866
12,exact_chain.FP64.mul,7,1,nearest_even,1048576,3.692420006,3.686676025
12,exact_chain.FP64.mul,8,0,nearest_even,1048576,3.679244041,3.674339294
12,exact_chain.FP64.mul,8,1,toward_zero,1048576,3.660116196,3.643036842
12,inexact_chain.FP64.mul,0,0,nearest_even,1048576,4.916977882,4.908349991
12,inexact_chain.FP64.mul,0,1,toward_zero,1048576,3.664443970,3.657388687
12,inexact_chain.FP64.mul,1,0,toward_zero,1048576,3.661864281,3.643087387
12,inexact_chain.FP64.mul,1,1,nearest_even,1048576,4.941151619,4.933804512
12,inexact_chain.FP64.mul,2,0,nearest_even,1048576,4.946539879,4.926132202
12,inexact_chain.FP64.mul,2,1,toward_zero,1048576,3.638015747,3.631638527
12,inexact_chain.FP64.mul,3,0,toward_zero,1048576,3.676072121,3.656767845
12,inexact_chain.FP64.mul,3,1,nearest_even,1048576,4.901748657,4.893063545
12,inexact_chain.FP64.mul,4,0,nearest_even,1048576,4.906229019,4.887798309
12,inexact_chain.FP64.mul,4,1,toward_zero,1048576,3.696939468,3.690716743
12,inexact_chain.FP64.mul,5,0,toward_zero,1048576,3.695286751,3.689131737
12,inexact_chain.FP64.mul,5,1,nearest_even,1048576,4.923619270,4.902458191
12,inexact_chain.FP64.mul,6,0,nearest_even,1048576,4.870427132,4.861629486
12,inexact_chain.FP64.mul,6,1,toward_zero,1048576,3.699519157,3.680805206
12,inexact_chain.FP64.mul,7,0,toward_zero,1048576,3.624629974,3.618320465
12,inexact_chain.FP64.mul,7,1,nearest_even,1048576,4.923503876,4.914657593
12,inexact_chain.FP64.mul,8,0,nearest_even,1048576,4.909048080,4.888794899
12,inexact_chain.FP64.mul,8,1,toward_zero,1048576,3.651268005,3.645091057
12,throughput4096.FP64.div,0,0,toward_zero,1048576,2.488452911,2.473223686
12,throughput4096.FP64.div,0,1,nearest_even,1048576,2.453731537,2.448008537
12,throughput4096.FP64.div,1,0,nearest_even,1048576,2.468244553,2.464519501
12,throughput4096.FP64.div,1,1,toward_zero,1048576,2.498274803,2.493174553
12,throughput4096.FP64.div,2,0,toward_zero,1048576,2.496850967,2.478572845
12,throughput4096.FP64.div,2,1,nearest_even,1048576,2.451131821,2.447101593
12,throughput4096.FP64.div,3,0,nearest_even,1048576,2.472295761,2.469057083
12,throughput4096.FP64.div,3,1,toward_zero,1048576,2.491930962,2.488568306
12,throughput4096.FP64.div,4,0,toward_zero,1048576,2.482108116,2.477753639
12,throughput4096.FP64.div,4,1,nearest_even,1048576,2.482605934,2.464537621
12,throughput4096.FP64.div,5,0,nearest_even,1048576,2.472142220,2.468894958
12,throughput4096.FP64.div,5,1,toward_zero,1048576,2.498847961,2.493842125
12,throughput4096.FP64.div,6,0,toward_zero,1048576,2.480236053,2.477053642
12,throughput4096.FP64.div,6,1,nearest_even,1048576,2.483197212,2.465752602
12,throughput4096.FP64.div,7,0,nearest_even,1048576,2.472581863,2.467482567
12,throughput4096.FP64.div,7,1,toward_zero,1048576,2.507934570,2.505557060
12,throughput4096.FP64.div,8,0,toward_zero,1048576,2.498054504,2.493460655
12,throughput4096.FP64.div,8,1,nearest_even,1048576,2.466142654,2.450490952
12,throughput256.FP64.div,0,0,toward_zero,1048576,2.504513741,2.501456261
12,throughput256.FP64.div,0,1,nearest_even,1048576,2.445656776,2.441243172
12,throughput256.FP64.div,1,0,nearest_even,1048576,2.449431419,2.446536064
12,throughput256.FP64.div,1,1,toward_zero,1048576,2.535070419,2.518857956
12,throughput256.FP64.div,2,0,toward_zero,1048576,2.505842209,2.501229286
12,throughput256.FP64.div,2,1,nearest_even,1048576,2.437861443,2.435138702
12,throughput256.FP64.div,3,0,nearest_even,1048576,2.462415695,2.457494736
12,throughput256.FP64.div,3,1,toward_zero,1048576,2.528888702,2.512799263
12,throughput256.FP64.div,4,0,toward_zero,1048576,2.487840652,2.483668327
12,throughput256.FP64.div,4,1,nearest_even,1048576,2.440994263,2.435816765
12,throughput256.FP64.div,5,0,nearest_even,1048576,2.454065323,2.451306343
12,throughput256.FP64.div,5,1,toward_zero,1048576,2.535413742,2.514127731
12,throughput256.FP64.div,6,0,toward_zero,1048576,2.497213364,2.493890762
12,throughput256.FP64.div,6,1,nearest_even,1048576,2.439417839,2.435290337
12,throughput256.FP64.div,7,0,nearest_even,1048576,2.450520515,2.446061134
12,throughput256.FP64.div,7,1,toward_zero,1048576,2.530130386,2.514031410
12,throughput256.FP64.div,8,0,toward_zero,1048576,2.509281158,2.504047394
12,throughput256.FP64.div,8,1,nearest_even,1048576,2.441184998,2.438214302
12,exact_results.FP64.div,0,0,nearest_even,1048576,2.651942253,2.646678925
12,exact_results.FP64.div,0,1,toward_zero,1048576,2.676460266,2.657790184
12,exact_results.FP64.div,1,0,toward_zero,1048576,2.642521858,2.639511108
12,exact_results.FP64.div,1,1,nearest_even,1048576,2.614851952,2.608967781
12,exact_results.FP64.div,2,0,nearest_even,1048576,2.613265991,2.608554840
12,exact_results.FP64.div,2,1,toward_zero,1048576,2.644766808,2.625410080
12,exact_results.FP64.div,3,0,toward_zero,1048576,2.634486198,2.630778313
12,exact_results.FP64.div,3,1,nearest_even,1048576,2.615482330,2.610858917
12,exact_results.FP64.div,4,0,nearest_even,1048576,2.617957115,2.612806320
12,exact_results.FP64.div,4,1,toward_zero,1048576,2.636865616,2.619792938
12,exact_results.FP64.div,5,0,toward_zero,1048576,2.634371758,2.631084442
12,exact_results.FP64.div,5,1,nearest_even,1048576,2.604054451,2.599451065
12,exact_results.FP64.div,6,0,nearest_even,1048576,2.620087624,2.609884262
12,exact_results.FP64.div,6,1,toward_zero,1048576,2.630454063,2.618108749
12,exact_results.FP64.div,7,0,toward_zero,1048576,2.633502007,2.630093575
12,exact_results.FP64.div,7,1,nearest_even,1048576,2.616112709,2.609263420
12,exact_results.FP64.div,8,0,nearest_even,1048576,2.633339882,2.616199493
12,exact_results.FP64.div,8,1,toward_zero,1048576,2.636865616,2.632031441
12,halfway_ties.FP64.div,0,0,nearest_even,1048576,2.489235878,2.484166145
12,halfway_ties.FP64.div,0,1,toward_zero,1048576,2.665138245,2.659624100
12,halfway_ties.FP64.div,1,0,toward_zero,1048576,2.669829369,2.652478218
12,halfway_ties.FP64.div,1,1,nearest_even,1048576,2.476031303,2.470653534
12,halfway_ties.FP64.div,2,0,nearest_even,1048576,2.504140854,2.499020576
12,halfway_ties.FP64.div,2,1,toward_zero,1048576,2.662874222,2.659461975
12,halfway_ties.FP64.div,3,0,toward_zero,1048576,2.667010307,2.648416519
12,halfway_ties.FP64.div,3,1,nearest_even,1048576,2.471608162,2.467081070
12,halfway_ties.FP64.div,4,0,nearest_even,1048576,2.495360374,2.492045403
12,halfway_ties.FP64.div,4,1,toward_zero,1048576,2.669026375,2.664327621
12,halfway_ties.FP64.div,5,0,toward_zero,1048576,2.653299332,2.636866570
12,halfway_ties.FP64.div,5,1,nearest_even,1048576,2.472897530,2.468149185
12,halfway_ties.FP64.div,6,0,nearest_even,1048576,2.513753891,2.510591507
12,halfway_ties.FP64.div,6,1,toward_zero,1048576,2.664649963,2.659920692
12,halfway_ties.FP64.div,7,0,toward_zero,1048576,2.665109634,2.646974564
12,halfway_ties.FP64.div,7,1,nearest_even,1048576,2.467957497,2.465054512
12,halfway_ties.FP64.div,8,0,nearest_even,1048576,2.490650177,2.486600876
12,halfway_ties.FP64.div,8,1,toward_zero,1048576,2.663131714,2.658669472
12,exact_chain.FP64.div,0,0,nearest_even,1048576,3.833438873,3.814331055
12,exact_chain.FP64.div,0,1,toward_zero,1048576,3.779501915,3.773602486
12,exact_chain.FP64.div,1,0,toward_zero,1048576,3.789590836,3.783223152
12,exact_chain.FP64.div,1,1,nearest_even,1048576,3.827017784,3.807512283
12,exact_chain.FP64.div,2,0,nearest_even,1048576,3.811394691,3.804768562
12,exact_chain.FP64.div,2,1,toward_zero,1048576,3.800999641,3.794328690
12,exact_chain.FP64.div,3,0,toward_zero,1048576,3.811719894,3.793086052
12,exact_chain.FP64.div,3,1,nearest_even,1048576,3.810048103,3.802858353
12,exact_chain.FP64.div,4,0,nearest_even,1048576,3.830648422,3.806852341
12,exact_chain.FP64.div,4,1,toward_zero,1048576,3.776444435,3.769991875
12,exact_chain.FP64.div,5,0,toward_zero,1048576,3.791397095,3.784618378
12,exact_chain.FP64.div,5,1,nearest_even,1048576,3.820491791,3.801006317
12,exact_chain.FP64.div,6,0,nearest_even,1048576,3.807095528,3.800156593
12,exact_chain.FP64.div,6,1,toward_zero,1048576,3.785139084,3.778162003
12,exact_chain.FP64.div,7,0,toward_zero,1048576,3.805595398,3.785095215
12,exact_chain.FP64.div,7,1,nearest_even,1048576,3.810200691,3.803346634
12,exact_chain.FP64.div,8,0,nearest_even,1048576,3.823176384,3.803260803
12,exact_chain.FP64.div,8,1,toward_zero,1048576,3.786285400,3.779689789
12,inexact_chain.FP64.div,0,0,nearest_even,1048576,5.109218597,5.100486755
12,inexact_chain.FP64.div,0,1,toward_zero,1048576,3.815790176,3.796659470
12,inexact_chain.FP64.div,1,0,toward_zero,1048576,3.792897224,3.788222313
12,inexact_chain.FP64.div,1,1,nearest_even,1048576,5.125901222,5.103794098
12,inexact_chain.FP64.div,2,0,nearest_even,1048576,5.101020813,5.093166351
12,inexact_chain.FP64.div,2,1,toward_zero,1048576,3.805309296,3.782698631
12,inexact_chain.FP64.div,3,0,toward_zero,1048576,3.797369003,3.789357185
12,inexact_chain.FP64.div,3,1,nearest_even,1048576,5.100733757,5.091928482
12,inexact_chain.FP64.div,4,0,nearest_even,1048576,5.121505737,5.099720001
12,inexact_chain.FP64.div,4,1,toward_zero,1048576,3.792601585,3.780628204
12,inexact_chain.FP64.div,5,0,toward_zero,1048576,3.805271149,3.785984993
12,inexact_chain.FP64.div,5,1,nearest_even,1048576,5.100733757,5.092248917
12,inexact_chain.FP64.div,6,0,nearest_even,1048576,5.116957664,5.094201088
12,inexact_chain.FP64.div,6,1,toward_zero,1048576,3.782960892,3.776583672
12,inexact_chain.FP64.div,7,0,toward_zero,1048576,3.782807350,3.776191711
12,inexact_chain.FP64.div,7,1,nearest_even,1048576,5.114511490,5.093434334
12,inexact_chain.FP64.div,8,0,nearest_even,1048576,5.098823547,5.090358734
12,inexact_chain.FP64.div,8,1,toward_zero,1048576,3.820060730,3.800299644
12,throughput4096.FP64.mul_div,0,0,toward_zero,1048576,2.535404205,2.529910088
12,throughput4096.FP64.mul_div,0,1,nearest_even,1048576,2.432548523,2.428565025
12,throughput4096.FP64.mul_div,1,0,nearest_even,1048576,2.464269638,2.446146965
12,throughput4096.FP64.mul_div,1,1,toward_zero,1048576,2.555125237,2.551657677
12,throughput4096.FP64.mul_div,2,0,toward_zero,1048576,2.545541763,2.539800644
12,throughput4096.FP64.mul_div,2,1,nearest_even,1048576,2.438071251,2.432873726
12,throughput4096.FP64.mul_div,3,0,nearest_even,1048576,2.468568802,2.452747345
12,throughput4096.FP64.mul_div,3,1,toward_zero,1048576,2.554312706,2.549289703
12,throughput4096.FP64.mul_div,4,0,toward_zero,1048576,2.545484543,2.539933205
12,throughput4096.FP64.mul_div,4,1,nearest_even,1048576,2.437411308,2.434086800
12,throughput4096.FP64.mul_div,5,0,nearest_even,1048576,2.474684715,2.456357002
12,throughput4096.FP64.mul_div,5,1,toward_zero,1048576,2.552765846,2.549939156
12,throughput4096.FP64.mul_div,6,0,toward_zero,1048576,2.551465988,2.546213150
12,throughput4096.FP64.mul_div,6,1,nearest_even,1048576,2.443613052,2.438921928
12,throughput4096.FP64.mul_div,7,0,nearest_even,1048576,2.463428497,2.448353767
12,throughput4096.FP64.mul_div,7,1,toward_zero,1048576,2.556042671,2.551054955
12,throughput4096.FP64.mul_div,8,0,toward_zero,1048576,2.550147057,2.545588493
12,throughput4096.FP64.mul_div,8,1,nearest_even,1048576,2.436312675,2.433742523
12,throughput256.FP64.mul_div,0,0,nearest_even,1048576,2.428812027,2.423805237
12,throughput256.FP64.mul_div,0,1,toward_zero,1048576,2.561077118,2.544979095
12,throughput256.FP64.mul_div,1,0,toward_zero,1048576,2.531869888,2.527110100
12,throughput256.FP64.mul_div,1,1,nearest_even,1048576,2.417337418,2.412636757
12,throughput256.FP64.mul_div,2,0,nearest_even,1048576,2.424063683,2.421064377
12,throughput256.FP64.mul_div,2,1,toward_zero,1048576,2.562272072,2.542598724
12,throughput256.FP64.mul_div,3,0,toward_zero,1048576,2.541911125,2.537459373
12,throughput256.FP64.mul_div,3,1,nearest_even,1048576,2.412789345,2.410201073
12,throughput256.FP64.mul_div,4,0,nearest_even,1048576,2.428362846,2.424388885
12,throughput256.FP64.mul_div,4,1,toward_zero,1048576,2.555048943,2.538977623
12,throughput256.FP64.mul_div,5,0,toward_zero,1048576,2.528276443,2.523692131
12,throughput256.FP64.mul_div,5,1,nearest_even,1048576,2.415043831,2.412234306
12,throughput256.FP64.mul_div,6,0,nearest_even,1048576,2.424626350,2.420222282
12,throughput256.FP64.mul_div,6,1,toward_zero,1048576,2.560695648,2.543758392
12,throughput256.FP64.mul_div,7,0,toward_zero,1048576,2.539092064,2.535806656
12,throughput256.FP64.mul_div,7,1,nearest_even,1048576,2.417556763,2.413163185
12,throughput256.FP64.mul_div,8,0,nearest_even,1048576,2.427656174,2.425266266
12,throughput256.FP64.mul_div,8,1,toward_zero,1048576,2.557953835,2.539703369
12,exact_results.FP64.mul_div,0,0,toward_zero,1048576,2.570566177,2.566580772
12,exact_results.FP64.mul_div,0,1,nearest_even,1048576,2.560561180,2.555431366
12,exact_results.FP64.mul_div,1,0,nearest_even,1048576,2.551504135,2.547656059
12,exact_results.FP64.mul_div,1,1,toward_zero,1048576,2.556653976,2.538827896
12,exact_results.FP64.mul_div,2,0,toward_zero,1048576,2.536780357,2.532853127
12,exact_results.FP64.mul_div,2,1,nearest_even,1048576,2.538633347,2.533628464
12,exact_results.FP64.mul_div,3,0,nearest_even,1048576,2.542838097,2.537220955
12,exact_results.FP64.mul_div,3,1,toward_zero,1048576,2.548484802,2.532033920
12,exact_results.FP64.mul_div,4,0,toward_zero,1048576,2.531973839,2.526826859
12,exact_results.FP64.mul_div,4,1,nearest_even,1048576,2.531019211,2.526901245
12,exact_results.FP64.mul_div,5,0,nearest_even,1048576,2.541136742,2.536817551
12,exact_results.FP64.mul_div,5,1,toward_zero,1048576,2.545924187,2.528391838
12,exact_results.FP64.mul_div,6,0,toward_zero,1048576,2.527006149,2.523777008
12,exact_results.FP64.mul_div,6,1,nearest_even,1048576,2.532499313,2.528046608
12,exact_results.FP64.mul_div,7,0,nearest_even,1048576,2.535413742,2.531314850
12,exact_results.FP64.mul_div,7,1,toward_zero,1048576,2.546975136,2.529777527
12,exact_results.FP64.mul_div,8,0,toward_zero,1048576,2.531744957,2.527349472
12,exact_results.FP64.mul_div,8,1,nearest_even,1048576,2.539101601,2.534964561
12,halfway_ties.FP64.mul_div,0,0,toward_zero,1048576,2.576326370,2.560612679
12,halfway_ties.FP64.mul_div,0,1,nearest_even,1048576,2.448952675,2.444700241
12,halfway_ties.FP64.mul_div,1,0,nearest_even,1048576,2.456225395,2.452087402
12,halfway_ties.FP64.mul_div,1,1,toward_zero,1048576,2.559673309,2.554579735
12,halfway_ties.FP64.mul_div,2,0,toward_zero,1048576,2.565634727,2.546210289
12,halfway_ties.FP64.mul_div,2,1,nearest_even,1048576,2.438022614,2.435088158
12,halfway_ties.FP64.mul_div,3,0,nearest_even,1048576,2.462349892,2.457716942
12,halfway_ties.FP64.mul_div,3,1,toward_zero,1048576,2.557533264,2.553031921
12,halfway_ties.FP64.mul_div,4,0,toward_zero,1048576,2.563619614,2.547759056
12,halfway_ties.FP64.mul_div,4,1,nearest_even,1048576,2.449048996,2.443957329
12,halfway_ties.FP64.mul_div,5,0,nearest_even,1048576,2.460400581,2.457134247
12,halfway_ties.FP64.mul_div,5,1,toward_zero,1048576,2.554628372,2.549602509
12,halfway_ties.FP64.mul_div,6,0,toward_zero,1048576,2.553338051,2.543355942
12,halfway_ties.FP64.mul_div,6,1,nearest_even,1048576,2.453520775,2.442000389
12,halfway_ties.FP64.mul_div,7,0,nearest_even,1048576,2.462961197,2.458288193
12,halfway_ties.FP64.mul_div,7,1,toward_zero,1048576,2.556595802,2.551341057
12,halfway_ties.FP64.mul_div,8,0,toward_zero,1048576,2.550385475,2.546891212
12,halfway_ties.FP64.mul_div,8,1,nearest_even,1048576,2.465531349,2.448096275
12,exact_chain.FP64.mul_div,0,0,nearest_even,1048576,3.697331429,3.692771912
12,exact_chain.FP64.mul_div,0,1,toward_zero,1048576,3.632683754,3.625849724
12,exact_chain.FP64.mul_div,1,0,toward_zero,1048576,3.655949593,3.633997917
12,exact_chain.FP64.mul_div,1,1,nearest_even,1048576,3.679139137,3.672668457
12,exact_chain.FP64.mul_div,2,0,nearest_even,1048576,3.669279099,3.664986610
12,exact_chain.FP64.mul_div,2,1,toward_zero,1048576,3.647789955,3.630244255
12,exact_chain.FP64.mul_div,3,0,toward_zero,1048576,3.660794258,3.656165123
12,exact_chain.FP64.mul_div,3,1,nearest_even,1048576,3.672862053,3.666628838
12,exact_chain.FP64.mul_div,4,0,nearest_even,1048576,3.685063362,3.666359901
12,exact_chain.FP64.mul_div,4,1,toward_zero,1048576,3.645611763,3.638807297
12,exact_chain.FP64.mul_div,5,0,toward_zero,1048576,3.657125473,3.637210846
12,exact_chain.FP64.mul_div,5,1,nearest_even,1048576,3.669183731,3.663142204
12,exact_chain.FP64.mul_div,6,0,nearest_even,1048576,3.670415878,3.663111687
12,exact_chain.FP64.mul_div,6,1,toward_zero,1048576,3.645746231,3.627998352
12,exact_chain.FP64.mul_div,7,0,toward_zero,1048576,3.630897522,3.625502586
12,exact_chain.FP64.mul_div,7,1,nearest_even,1048576,3.689506531,3.683035851
12,exact_chain.FP64.mul_div,8,0,nearest_even,1048576,3.670998573,3.652198792
12,exact_chain.FP64.mul_div,8,1,toward_zero,1048576,3.648602486,3.644128799
12,inexact_chain.FP64.mul_div,0,0,toward_zero,1048576,3.650093079,3.646048546
12,inexact_chain.FP64.mul_div,0,1,nearest_even,1048576,5.071018219,5.047613144
12,inexact_chain.FP64.mul_div,1,0,nearest_even,1048576,5.053055763,5.046961784
12,inexact_chain.FP64.mul_div,1,1,toward_zero,1048576,3.654067993,3.634449005
12,inexact_chain.FP64.mul_div,2,0,toward_zero,1048576,3.631824493,3.626069069
12,inexact_chain.FP64.mul_div,2,1,nearest_even,1048576,5.069987297,5.050296783
12,inexact_chain.FP64.mul_div,3,0,nearest_even,1048576,5.051584244,5.042768478
12,inexact_chain.FP64.mul_div,3,1,toward_zero,1048576,3.629732132,3.622553825
12,inexact_chain.FP64.mul_div,4,0,toward_zero,1048576,3.657192230,3.637849808
12,inexact_chain.FP64.mul_div,4,1,nearest_even,1048576,5.053409576,5.044410706
12,inexact_chain.FP64.mul_div,5,0,nearest_even,1048576,5.070387840,5.047542572
12,inexact_chain.FP64.mul_div,5,1,toward_zero,1048576,3.627926826,3.623633385
12,inexact_chain.FP64.mul_div,6,0,toward_zero,1048576,3.630753517,3.624054909
12,inexact_chain.FP64.mul_div,6,1,nearest_even,1048576,5.071287155,5.048280716
12,inexact_chain.FP64.mul_div,7,0,nearest_even,1048576,5.050561905,5.042059898
12,inexact_chain.FP64.mul_div,7,1,toward_zero,1048576,3.647991180,3.628142357
12,inexact_chain.FP64.mul_div,8,0,toward_zero,1048576,3.638579369,3.633275032
12,inexact_chain.FP64.mul_div,8,1,nearest_even,1048576,5.071238518,5.048734665
12,throughput4096.FP128.mul,0,0,toward_zero,1048576,2.724864006,2.719830513
12,throughput4096.FP128.mul,0,1,nearest_even,1048576,2.621998787,2.618299484
12,throughput4096.FP128.mul,1,0,nearest_even,1048576,2.647184372,2.636722565
12,throughput4096.FP128.mul,1,1,toward_zero,1048576,2.763436317,2.750404358
12,throughput4096.FP128.mul,2,0,toward_zero,1048576,2.740648270,2.735756874
12,throughput4096.FP128.mul,2,1,nearest_even,1048576,2.619791985,2.617202759
12,throughput4096.FP128.mul,3,0,nearest_even,1048576,2.654130936,2.634904861
12,throughput4096.FP128.mul,3,1,toward_zero,1048576,2.750270844,2.745150566
12,throughput4096.FP128.mul,4,0,toward_zero,1048576,2.747375488,2.742635727
12,throughput4096.FP128.mul,4,1,nearest_even,1048576,2.626995087,2.621673584
12,throughput4096.FP128.mul,5,0,nearest_even,1048576,2.659501076,2.641261101
12,throughput4096.FP128.mul,5,1,toward_zero,1048576,2.770965576,2.765930176
12,throughput4096.FP128.mul,6,0,toward_zero,1048576,2.785804749,2.781629562
12,throughput4096.FP128.mul,6,1,nearest_even,1048576,2.622591019,2.617565155
12,throughput4096.FP128.mul,7,0,nearest_even,1048576,2.662663460,2.644318581
12,throughput4096.FP128.mul,7,1,toward_zero,1048576,2.741031647,2.735049248
12,throughput4096.FP128.mul,8,0,toward_zero,1048576,2.739970207,2.735670090
12,throughput4096.FP128.mul,8,1,nearest_even,1048576,2.620469093,2.617565155
12,throughput256.FP128.mul,0,0,nearest_even,1048576,2.665844917,2.647994995
12,throughput256.FP128.mul,0,1,toward_zero,1048576,2.749973297,2.744479179
12,throughput256.FP128.mul,1,0,toward_zero,1048576,2.753193855,2.750050545
12,throughput256.FP128.mul,1,1,nearest_even,1048576,2.650739670,2.632405281
12,throughput256.FP128.mul,2,0,nearest_even,1048576,2.634027481,2.631152153
12,throughput256.FP128.mul,2,1,toward_zero,1048576,2.734581947,2.729899406
12,throughput256.FP128.mul,3,0,toward_zero,1048576,2.744661331,2.740418434
12,throughput256.FP128.mul,3,1,nearest_even,1048576,2.641059875,2.623812675
12,throughput256.FP128.mul,4,0,nearest_even,1048576,2.638174057,2.632823944
12,throughput256.FP128.mul,4,1,toward_zero,1048576,2.739244461,2.734526634
12,throughput256.FP128.mul,5,0,toward_zero,1048576,2.738001823,2.734609604
12,throughput256.FP128.mul,5,1,nearest_even,1048576,2.638843536,2.622330666
12,throughput256.FP128.mul,6,0,nearest_even,1048576,2.632679939,2.628516197
12,throughput256.FP128.mul,6,1,toward_zero,1048576,2.735031128,2.730749130
12,throughput256.FP128.mul,7,0,toward_zero,1048576,2.735145569,2.730136871
12,throughput256.FP128.mul,7,1,nearest_even,1048576,2.640611649,2.623280525
12,throughput256.FP128.mul,8,0,nearest_even,1048576,2.633779526,2.631067276
12,throughput256.FP128.mul,8,1,toward_zero,1048576,2.724596977,2.720228195
12,exact_results.FP128.mul,0,0,nearest_even,1048576,2.663570404,2.645742416
12,exact_results.FP128.mul,0,1,toward_zero,1048576,2.722351074,2.718405724
12,exact_results.FP128.mul,1,0,toward_zero,1048576,2.711201668,2.706624985
12,exact_results.FP128.mul,1,1,nearest_even,1048576,2.631151199,2.626566887
12,exact_results.FP128.mul,2,0,nearest_even,1048576,2.650547981,2.631780624
12,exact_results.FP128.mul,2,1,toward_zero,1048576,2.682594299,2.677844048
12,exact_results.FP128.mul,3,0,toward_zero,1048576,2.693533897,2.689636230
12,exact_results.FP128.mul,3,1,nearest_even,1048576,2.624835968,2.620125771
12,exact_results.FP128.mul,4,0,nearest_even,1048576,2.645617485,2.627330780
12,exact_results.FP128.mul,4,1,toward_zero,1048576,2.694747925,2.690017700
12,exact_results.FP128.mul,5,0,toward_zero,1048576,2.703748703,2.699917793
12,exact_results.FP128.mul,5,1,nearest_even,1048576,2.631763458,2.628190994
12,exact_results.FP128.mul,6,0,nearest_even,1048576,2.649133682,2.631753922
12,exact_results.FP128.mul,6,1,toward_zero,1048576,2.684343338,2.679651260
12,exact_results.FP128.mul,7,0,toward_zero,1048576,2.708678246,2.704151154
12,exact_results.FP128.mul,7,1,nearest_even,1048576,2.642493248,2.625822067
12,exact_results.FP128.mul,8,0,nearest_even,1048576,2.625256538,2.622008324
12,exact_results.FP128.mul,8,1,toward_zero,1048576,2.706136703,2.701725006
12,halfway_ties.FP128.mul,0,0,toward_zero,1048576,2.715721130,2.711699486
12,halfway_ties.FP128.mul,0,1,nearest_even,1048576,2.648846626,2.631981850
12,halfway_ties.FP128.mul,1,0,nearest_even,1048576,2.642044067,2.637373924
12,halfway_ties.FP128.mul,1,1,toward_zero,1048576,2.728953362,2.724588394
12,halfway_ties.FP128.mul,2,0,toward_zero,1048576,2.729603767,2.724873543
12,halfway_ties.FP128.mul,2,1,nearest_even,1048576,2.646439552,2.627696037
12,halfway_ties.FP128.mul,3,0,nearest_even,1048576,2.635355949,2.632347107
12,halfway_ties.FP128.mul,3,1,toward_zero,1048576,2.697260857,2.692895889
12,halfway_ties.FP128.mul,4,0,toward_zero,1048576,2.672895432,2.667202950
12,halfway_ties.FP128.mul,4,1,nearest_even,1048576,2.642971039,2.626832008
12,halfway_ties.FP128.mul,5,0,nearest_even,1048576,2.639043808,2.633322716
12,halfway_ties.FP128.mul,5,1,toward_zero,1048576,2.721787453,2.718913078
12,halfway_ties.FP128.mul,6,0,toward_zero,1048576,2.720421791,2.702326775
12,halfway_ties.FP128.mul,6,1,nearest_even,1048576,2.625142097,2.620068550
12,halfway_ties.FP128.mul,7,0,nearest_even,1048576,2.636111259,2.631496429
12,halfway_ties.FP128.mul,7,1,toward_zero,1048576,2.735441208,2.730434418
12,halfway_ties.FP128.mul,8,0,toward_zero,1048576,2.737008095,2.720171928
12,halfway_ties.FP128.mul,8,1,nearest_even,1048576,2.622781754,2.619926453
12,exact_chain.FP128.mul,0,0,nearest_even,1048576,3.737872124,3.731791496
12,exact_chain.FP128.mul,0,1,toward_zero,1048576,3.709694862,3.703403473
12,exact_chain.FP128.mul,1,0,toward_zero,1048576,3.704277992,3.684372902
12,exact_chain.FP128.mul,1,1,nearest_even,1048576,3.693327904,3.687314987
12,exact_chain.FP128.mul,2,0,nearest_even,1048576,3.692094803,3.686073303
12,exact_chain.FP128.mul,2,1,toward_zero,1048576,3.674419403,3.656577110
12,exact_chain.FP128.mul,3,0,toward_zero,1048576,3.659848213,3.655031204
12,exact_chain.FP128.mul,3,1,nearest_even,1048576,3.723281860,3.705391884
12,exact_chain.FP128.mul,4,0,nearest_even,1048576,3.713506699,3.707418442
12,exact_chain.FP128.mul,4,1,toward_zero,1048576,3.694417953,3.688643456
12,exact_chain.FP128.mul,5,0,toward_zero,1048576,3.671418190,3.652973175
12,exact_chain.FP128.mul,5,1,nearest_even,1048576,3.698134422,3.692291260
12,exact_chain.FP128.mul,6,0,nearest_even,1048576,3.697817802,3.692417145
12,exact_chain.FP128.mul,6,1,toward_zero,1048576,3.679206848,3.662054062
12,exact_chain.FP128.mul,7,0,toward_zero,1048576,3.661634445,3.656223297
12,exact_chain.FP128.mul,7,1,nearest_even,1048576,3.707306862,3.701417923
12,exact_chain.FP128.mul,8,0,nearest_even,1048576,3.726845741,3.708909035
12,exact_chain.FP128.mul,8,1,toward_zero,1048576,3.689515114,3.683883667
12,inexact_chain.FP128.mul,0,0,nearest_even,1048576,4.976264954,4.956095695
12,inexact_chain.FP128.mul,0,1,toward_zero,1048576,3.660411835,3.653022766
12,inexact_chain.FP128.mul,1,0,toward_zero,1048576,3.667215347,3.660838127
12,inexact_chain.FP128.mul,1,1,nearest_even,1048576,5.145879745,5.121668816
12,inexact_chain.FP128.mul,2,0,nearest_even,1048576,5.127190590,5.118423462
12,inexact_chain.FP128.mul,2,1,toward_zero,1048576,3.682980537,3.664012909
12,inexact_chain.FP128.mul,3,0,toward_zero,1048576,3.668609619,3.663093567
12,inexact_chain.FP128.mul,3,1,nearest_even,1048576,5.142268181,5.120589256
12,inexact_chain.FP128.mul,4,0,nearest_even,1048576,5.123264313,5.115708351
12,inexact_chain.FP128.mul,4,1,toward_zero,1048576,3.692037582,3.686245918
12,inexact_chain.FP128.mul,5,0,toward_zero,1048576,3.676340103,3.657999039
12,inexact_chain.FP128.mul,5,1,nearest_even,1048576,5.126149178,5.117533684
12,inexact_chain.FP128.mul,6,0,nearest_even,1048576,5.142268181,5.119328499
12,inexact_chain.FP128.mul,6,1,toward_zero,1048576,3.663679123,3.657263756
12,inexact_chain.FP128.mul,7,0,toward_zero,1048576,3.679359436,3.663437843
12,inexact_chain.FP128.mul,7,1,nearest_even,1048576,5.125088692,5.116335869
12,inexact_chain.FP128.mul,8,0,nearest_even,1048576,5.139229774,5.119174957
12,inexact_chain.FP128.mul,8,1,toward_zero,1048576,3.658663750,3.652008057
12,throughput4096.FP128.div,0,0,toward_zero,1048576,2.451581001,2.448209763
12,throughput4096.FP128.div,0,1,nearest_even,1048576,3.324622154,3.303586960
12,throughput4096.FP128.div,1,0,nearest_even,1048576,3.263137817,3.258185387
12,throughput4096.FP128.div,1,1,toward_zero,1048576,2.456873894,2.452461243
12,throughput4096.FP128.div,2,0,toward_zero,1048576,2.451657295,2.448810577
12,throughput4096.FP128.div,2,1,nearest_even,1048576,3.332113266,3.312160492
12,throughput4096.FP128.div,3,0,nearest_even,1048576,3.277383804,3.272938728
12,throughput4096.FP128.div,3,1,toward_zero,1048576,2.426557541,2.421943665
12,throughput4096.FP128.div,4,0,toward_zero,1048576,2.452507019,2.449584007
12,throughput4096.FP128.div,4,1,nearest_even,1048576,3.333651543,3.314366341
12,throughput4096.FP128.div,5,0,nearest_even,1048576,3.279705048,3.275652885
12,throughput4096.FP128.div,5,1,toward_zero,1048576,2.463294983,2.458558083
12,throughput4096.FP128.div,6,0,toward_zero,1048576,2.522667885,2.502869606
12,throughput4096.FP128.div,6,1,nearest_even,1048576,3.314397812,3.309074402
12,throughput4096.FP128.div,7,0,nearest_even,1048576,3.281062126,3.276311874
12,throughput4096.FP128.div,7,1,toward_zero,1048576,2.439838409,2.422679901
12,throughput4096.FP128.div,8,0,toward_zero,1048576,2.463190079,2.458415031
12,throughput4096.FP128.div,8,1,nearest_even,1048576,3.319118500,3.313583374
12,throughput256.FP128.div,0,0,nearest_even,1048576,3.292059898,3.285741806
12,throughput256.FP128.div,0,1,toward_zero,1048576,2.467738152,2.450959206
12,throughput256.FP128.div,1,0,toward_zero,1048576,2.454838753,2.450350761
12,throughput256.FP128.div,1,1,nearest_even,1048576,3.314732552,3.310306549
12,throughput256.FP128.div,2,0,nearest_even,1048576,3.312821388,3.290481567
12,throughput256.FP128.div,2,1,toward_zero,1048576,2.445094109,2.441185951
12,throughput256.FP128.div,3,0,toward_zero,1048576,2.487812042,2.482585907
12,throughput256.FP128.div,3,1,nearest_even,1048576,3.311417580,3.306495667
12,throughput256.FP128.div,4,0,nearest_even,1048576,3.299254417,3.280382156
12,throughput256.FP128.div,4,1,toward_zero,1048576,2.471875191,2.468369484
12,throughput256.FP128.div,5,0,toward_zero,1048576,2.451045990,2.447513580
12,throughput256.FP128.div,5,1,nearest_even,1048576,3.321917534,3.314454079
12,throughput256.FP128.div,6,0,nearest_even,1048576,3.299903870,3.283495903
12,throughput256.FP128.div,6,1,toward_zero,1048576,2.436264992,2.433477402
12,throughput256.FP128.div,7,0,toward_zero,1048576,2.454877853,2.449946404
12,throughput256.FP128.div,7,1,nearest_even,1048576,3.327832222,3.308760643
12,throughput256.FP128.div,8,0,nearest_even,1048576,3.278701782,3.273739815
12,throughput256.FP128.div,8,1,toward_zero,1048576,2.470767021,2.466169357
12,exact_results.FP128.div,0,0,nearest_even,1048576,2.467173576,2.462990761
12,exact_results.FP128.div,0,1,toward_zero,1048576,2.466132164,2.450197220
12,exact_results.FP128.div,1,0,toward_zero,1048576,2.470603943,2.464691162
12,exact_results.FP128.div,1,1,nearest_even,1048576,2.466534615,2.459884644
12,exact_results.FP128.div,2,0,nearest_even,1048576,2.447404861,2.443089485
12,exact_results.FP128.div,2,1,toward_zero,1048576,2.457695961,2.439312935
12,exact_results.FP128.div,3,0,toward_zero,1048576,2.475113869,2.471179008
12,exact_results.FP128.div,3,1,nearest_even,1048576,2.461183548,2.456082344
12,exact_results.FP128.div,4,0,nearest_even,1048576,2.446650505,2.443488121
12,exact_results.FP128.div,4,1,toward_zero,1048576,2.463410378,2.446211815
12,exact_results.FP128.div,5,0,toward_zero,1048576,2.468101501,2.463277817
12,exact_results.FP128.div,5,1,nearest_even,1048576,2.459769249,2.455977440
12,exact_results.FP128.div,6,0,nearest_even,1048576,2.441118240,2.435684204
12,exact_results.FP128.div,6,1,toward_zero,1048576,2.463590622,2.447179794
12,exact_results.FP128.div,7,0,toward_zero,1048576,2.471436501,2.466687202
12,exact_results.FP128.div,7,1,nearest_even,1048576,2.440975189,2.438005447
12,exact_results.FP128.div,8,0,nearest_even,1048576,2.439484596,2.434508324
12,exact_results.FP128.div,8,1,toward_zero,1048576,2.461078644,2.443758965
12,halfway_ties.FP128.div,0,0,toward_zero,1048576,2.476031303,2.471188545
12,halfway_ties.FP128.div,0,1,nearest_even,1048576,3.332600594,3.327923775
12,halfway_ties.FP128.div,1,0,nearest_even,1048576,3.311359406,3.292563438
12,halfway_ties.FP128.div,1,1,toward_zero,1048576,2.428554535,2.425296783
12,halfway_ties.FP128.div,2,0,toward_zero,1048576,2.473843575,2.469208717
12,halfway_ties.FP128.div,2,1,nearest_even,1048576,3.333067894,3.327551842
12,halfway_ties.FP128.div,3,0,nearest_even,1048576,3.306917191,3.287287712
12,halfway_ties.FP128.div,3,1,toward_zero,1048576,2.431115150,2.428010941
12,halfway_ties.FP128.div,4,0,toward_zero,1048576,2.473814964,2.469592094
12,halfway_ties.FP128.div,4,1,nearest_even,1048576,3.356027603,3.335367203
12,halfway_ties.FP128.div,5,0,nearest_even,1048576,3.290893555,3.285169601
12,halfway_ties.FP128.div,5,1,toward_zero,1048576,2.431850433,2.427359581
12,halfway_ties.FP128.div,6,0,toward_zero,1048576,2.493621826,2.490269661
12,halfway_ties.FP128.div,6,1,nearest_even,1048576,3.348221779,3.328948021
12,halfway_ties.FP128.div,7,0,nearest_even,1048576,3.293722153,3.288808823
12,halfway_ties.FP128.div,7,1,toward_zero,1048576,2.445504189,2.433524132
12,halfway_ties.FP128.div,8,0,toward_zero,1048576,2.466534615,2.464280128
12,halfway_ties.FP128.div,8,1,nearest_even,1048576,3.349129677,3.328249931
12,exact_chain.FP128.div,0,0,nearest_even,1048576,4.105010033,4.099617004
12,exact_chain.FP128.div,0,1,toward_zero,1048576,4.070240974,4.058437347
12,exact_chain.FP128.div,1,0,toward_zero,1048576,4.080780029,4.067854881
12,exact_chain.FP128.div,1,1,nearest_even,1048576,4.071999550,4.064036369
12,exact_chain.FP128.div,2,0,nearest_even,1048576,4.080407143,4.059582710
12,exact_chain.FP128.div,2,1,toward_zero,1048576,4.049890518,4.038629532
12,exact_chain.FP128.div,3,0,toward_zero,1048576,4.059597015,4.047974586
12,exact_chain.FP128.div,3,1,nearest_even,1048576,4.078802109,4.068210602
12,exact_chain.FP128.div,4,0,nearest_even,1048576,4.062923431,4.055932999
12,exact_chain.FP128.div,4,1,toward_zero,1048576,4.062405586,4.043712616
12,exact_chain.FP128.div,5,0,toward_zero,1048576,4.064737320,4.056887627
12,exact_chain.FP128.div,5,1,nearest_even,1048576,4.087602615,4.066787720
12,exact_chain.FP128.div,6,0,nearest_even,1048576,4.066295624,4.059305191
12,exact_chain.FP128.div,6,1,toward_zero,1048576,4.058498383,4.052045822
12,exact_chain.FP128.div,7,0,toward_zero,1048576,4.139302254,4.077909470
12,exact_chain.FP128.div,7,1,nearest_even,1048576,4.051724434,4.045643806
12,exact_chain.FP128.div,8,0,nearest_even,1048576,4.087191582,4.062715530
12,exact_chain.FP128.div,8,1,toward_zero,1048576,4.056559563,4.034301758
12,inexact_chain.FP128.div,0,0,nearest_even,1048576,5.406494141,5.397110939
12,inexact_chain.FP128.div,0,1,toward_zero,1048576,4.119676590,4.075818062
12,inexact_chain.FP128.div,1,0,toward_zero,1048576,4.076355934,4.069251060
12,inexact_chain.FP128.div,1,1,nearest_even,1048576,5.470232964,5.418619156
12,inexact_chain.FP128.div,2,0,nearest_even,1048576,5.403349876,5.394655228
12,inexact_chain.FP128.div,2,1,toward_zero,1048576,4.102699280,4.055446625
12,inexact_chain.FP128.div,3,0,toward_zero,1048576,4.064336777,4.056068420
12,inexact_chain.FP128.div,3,1,nearest_even,1048576,5.447340012,5.401784897
12,inexact_chain.FP128.div,4,0,nearest_even,1048576,5.412244797,5.401458740
12,inexact_chain.FP128.div,4,1,toward_zero,1048576,4.102832794,4.059046745
12,inexact_chain.FP128.div,5,0,toward_zero,1048576,4.072295189,4.065132141
12,inexact_chain.FP128.div,5,1,nearest_even,1048576,5.465675354,5.418704033
12,inexact_chain.FP128.div,6,0,nearest_even,1048576,5.403875351,5.393555641
12,inexact_chain.FP128.div,6,1,toward_zero,1048576,4.063285828,4.056143761
12,inexact_chain.FP128.div,7,0,toward_zero,1048576,4.125620842,4.081366539
12,inexact_chain.FP128.div,7,1,nearest_even,1048576,5.400941849,5.391656876
12,inexact_chain.FP128.div,8,0,nearest_even,1048576,5.450493813,5.401527405
12,inexact_chain.FP128.div,8,1,toward_zero,1048576,4.062377930,4.055541992
12,throughput4096.FP128.mul_div,0,0,nearest_even,1048576,5.002884865,4.953348160
12,throughput4096.FP128.mul_div,0,1,toward_zero,1048576,3.239289284,3.232169151
12,throughput4096.FP128.mul_div,1,0,toward_zero,1048576,3.292546272,3.252540588
12,throughput4096.FP128.mul_div,1,1,nearest_even,1048576,4.976016045,4.967190742
12,throughput4096.FP128.mul_div,2,0,nearest_even,1048576,4.995881081,4.949302673
12,throughput4096.FP128.mul_div,2,1,toward_zero,1048576,3.239661217,3.234088898
12,throughput4096.FP128.mul_div,3,0,toward_zero,1048576,3.243388176,3.237912178
12,throughput4096.FP128.mul_div,3,1,nearest_even,1048576,5.032791138,4.984740257
12,throughput4096.FP128.mul_div,4,0,nearest_even,1048576,4.931529999,4.923131943
12,throughput4096.FP128.mul_div,4,1,toward_zero,1048576,3.229580879,3.224994659
12,throughput4096.FP128.mul_div,5,0,toward_zero,1048576,3.318907738,3.273664474
12,throughput4096.FP128.mul_div,5,1,nearest_even,1048576,4.970398903,4.962841988
12,throughput4096.FP128.mul_div,6,0,nearest_even,1048576,5.004728317,4.955285072
12,throughput4096.FP128.mul_div,6,1,toward_zero,1048576,3.253916740,3.247484207
12,throughput4096.FP128.mul_div,7,0,toward_zero,1048576,3.252178192,3.248574257
12,throughput4096.FP128.mul_div,7,1,nearest_even,1048576,5.031471252,4.985075951
12,throughput4096.FP128.mul_div,8,0,nearest_even,1048576,4.947600365,4.937539101
12,throughput4096.FP128.mul_div,8,1,toward_zero,1048576,3.270475388,3.224525452
12,throughput256.FP128.mul_div,0,0,toward_zero,1048576,3.246216774,3.241342545
12,throughput256.FP128.mul_div,0,1,nearest_even,1048576,5.020837784,4.973054886
12,throughput256.FP128.mul_div,1,0,nearest_even,1048576,4.938351631,4.930843353
12,throughput256.FP128.mul_div,1,1,toward_zero,1048576,3.223475456,3.211111069
12,throughput256.FP128.mul_div,2,0,toward_zero,1048576,3.299684525,3.256713867
12,throughput256.FP128.mul_div,2,1,nearest_even,1048576,4.958559990,4.948579788
12,throughput256.FP128.mul_div,3,0,nearest_even,1048576,4.981987953,4.935392380
12,throughput256.FP128.mul_div,3,1,toward_zero,1048576,3.225988388,3.220064163
12,throughput256.FP128.mul_div,4,0,toward_zero,1048576,3.237119675,3.232522011
12,throughput256.FP128.mul_div,4,1,nearest_even,1048576,5.013394356,4.966432571
12,throughput256.FP128.mul_div,5,0,nearest_even,1048576,4.996549606,4.988055229
12,throughput256.FP128.mul_div,5,1,toward_zero,1048576,3.335476875,3.292744637
12,throughput256.FP128.mul_div,6,0,toward_zero,1048576,3.269615173,3.264147758
12,throughput256.FP128.mul_div,6,1,nearest_even,1048576,4.965334892,4.955094337
12,throughput256.FP128.mul_div,7,0,nearest_even,1048576,5.010164261,4.966579437
12,throughput256.FP128.mul_div,7,1,toward_zero,1048576,3.261914253,3.256761551
12,throughput256.FP128.mul_div,8,0,toward_zero,1048576,3.297668457,3.254555702
12,throughput256.FP128.mul_div,8,1,nearest_even,1048576,5.002883911,4.994190216
12,exact_results.FP128.mul_div,0,0,nearest_even,1048576,3.473015785,3.467748642
12,exact_results.FP128.mul_div,0,1,toward_zero,1048576,3.338829994,3.292555809
12,exact_results.FP128.mul_div,1,0,toward_zero,1048576,3.251528740,3.240070343
12,exact_results.FP128.mul_div,1,1,nearest_even,1048576,3.391600609,3.385280609
12,exact_results.FP128.mul_div,2,0,nearest_even,1048576,3.483267784,3.439763069
12,exact_results.FP128.mul_div,2,1,toward_zero,1048576,3.273408890,3.267938614
12,exact_results.FP128.mul_div,3,0,toward_zero,1048576,3.282505035,3.277783394
12,exact_results.FP128.mul_div,3,1,nearest_even,1048576,3.455588341,3.411425591
12,exact_results.FP128.mul_div,4,0,nearest_even,1048576,3.398355484,3.391483307
12,exact_results.FP128.mul_div,4,1,toward_zero,1048576,3.246874809,3.240987778
12,exact_results.FP128.mul_div,5,0,toward_zero,1048576,3.323044777,3.281299591
12,exact_results.FP128.mul_div,5,1,nearest_even,1048576,3.410785675,3.400362015
12,exact_results.FP128.mul_div,6,0,nearest_even,1048576,3.401518822,3.394827843
12,exact_results.FP128.mul_div,6,1,toward_zero,1048576,3.299693108,3.258757591
12,exact_results.FP128.mul_div,7,0,toward_zero,1048576,3.268306732,3.263878822
12,exact_results.FP128.mul_div,7,1,nearest_even,1048576,3.406782150,3.399538994
12,exact_results.FP128.mul_div,8,0,nearest_even,1048576,3.451460838,3.406949997
12,exact_results.FP128.mul_div,8,1,toward_zero,1048576,3.250133514,3.245401382
12,halfway_ties.FP128.mul_div,0,0,toward_zero,1048576,3.350352287,3.345898628
12,halfway_ties.FP128.mul_div,0,1,nearest_even,1048576,5.055760384,5.006592751
12,halfway_ties.FP128.mul_div,1,0,nearest_even,1048576,4.964723587,4.956746101
12,halfway_ties.FP128.mul_div,1,1,toward_zero,1048576,3.284559250,3.237939835
12,halfway_ties.FP128.mul_div,2,0,toward_zero,1048576,3.250840187,3.244846344
12,halfway_ties.FP128.mul_div,2,1,nearest_even,1048576,5.021105766,4.975435257
12,halfway_ties.FP128.mul_div,3,0,nearest_even,1048576,4.952597618,4.944871902
12,halfway_ties.FP128.mul_div,3,1,toward_zero,1048576,3.228253365,3.222012520
12,halfway_ties.FP128.mul_div,4,0,toward_zero,1048576,3.325901985,3.282157898
12,halfway_ties.FP128.mul_div,4,1,nearest_even,1048576,4.965563774,4.958026886
12,halfway_ties.FP128.mul_div,5,0,nearest_even,1048576,4.995450020,4.945844650
12,halfway_ties.FP128.mul_div,5,1,toward_zero,1048576,3.223580360,3.218876839
12,halfway_ties.FP128.mul_div,6,0,toward_zero,1048576,3.266930580,3.261807442
12,halfway_ties.FP128.mul_div,6,1,nearest_even,1048576,5.053170204,5.004681587
12,halfway_ties.FP128.mul_div,7,0,nearest_even,1048576,4.971324921,4.963099480
12,halfway_ties.FP128.mul_div,7,1,toward_zero,1048576,3.293148994,3.252256393
12,halfway_ties.FP128.mul_div,8,0,toward_zero,1048576,3.252120972,3.245773315
12,halfway_ties.FP128.mul_div,8,1,nearest_even,1048576,4.981778145,4.973612785
12,exact_chain.FP128.mul_div,0,0,toward_zero,1048576,3.925936699,3.881304741
12,exact_chain.FP128.mul_div,0,1,nearest_even,1048576,3.891291618,3.884494781
12,exact_chain.FP128.mul_div,1,0,nearest_even,1048576,3.868398666,3.862195015
12,exact_chain.FP128.mul_div,1,1,toward_zero,1048576,3.956311226,3.912248611
12,exact_chain.FP128.mul_div,2,0,toward_zero,1048576,3.910314560,3.904443741
12,exact_chain.FP128.mul_div,2,1,nearest_even,1048576,3.936418533,3.892894745
12,exact_chain.FP128.mul_div,3,0,nearest_even,1048576,3.868560791,3.862556458
12,exact_chain.FP128.mul_div,3,1,toward_zero,1048576,3.906435966,3.898540497
12,exact_chain.FP128.mul_div,4,0,toward_zero,1048576,3.948094368,3.907875061
12,exact_chain.FP128.mul_div,4,1,nearest_even,1048576,3.847301483,3.840504646
12,exact_chain.FP128.mul_div,5,0,nearest_even,1048576,3.922019958,3.875514030
12,exact_chain.FP128.mul_div,5,1,toward_zero,1048576,3.920041084,3.913328171
12,exact_chain.FP128.mul_div,6,0,toward_zero,1048576,3.894550323,3.888897896
12,exact_chain.FP128.mul_div,6,1,nearest_even,1048576,3.933904648,3.891029358
12,exact_chain.FP128.mul_div,7,0,nearest_even,1048576,3.895428658,3.889175415
12,exact_chain.FP128.mul_div,7,1,toward_zero,1048576,3.904782295,3.898570061
12,exact_chain.FP128.mul_div,8,0,toward_zero,1048576,3.978964806,3.934914589
12,exact_chain.FP128.mul_div,8,1,nearest_even,1048576,3.874256134,3.866062164
12,inexact_chain.FP128.mul_div,0,0,toward_zero,1048576,3.949786186,3.907835960
12,inexact_chain.FP128.mul_div,0,1,nearest_even,1048576,5.120798111,5.113818169
12,inexact_chain.FP128.mul_div,1,0,nearest_even,1048576,5.137337685,5.090979576
12,inexact_chain.FP128.mul_div,1,1,toward_zero,1048576,3.893985748,3.887713432
12,inexact_chain.FP128.mul_div,2,0,toward_zero,1048576,3.912492752,3.905771255
12,inexact_chain.FP128.mul_div,2,1,nearest_even,1048576,5.166632652,5.123086929
12,inexact_chain.FP128.mul_div,3,0,nearest_even,1048576,5.111701965,5.103859901
12,inexact_chain.FP128.mul_div,3,1,toward_zero,1048576,3.937746048,3.896457672
12,inexact_chain.FP128.mul_div,4,0,toward_zero,1048576,3.902776718,3.896227837
12,inexact_chain.FP128.mul_div,4,1,nearest_even,1048576,5.196051598,5.150441170
12,inexact_chain.FP128.mul_div,5,0,nearest_even,1048576,5.118113518,5.109047890
12,inexact_chain.FP128.mul_div,5,1,toward_zero,1048576,3.942743301,3.902173996
12,inexact_chain.FP128.mul_div,6,0,toward_zero,1048576,3.899432182,3.893476486
12,inexact_chain.FP128.mul_div,6,1,nearest_even,1048576,5.113958359,5.105954170
12,inexact_chain.FP128.mul_div,7,0,nearest_even,1048576,5.133114815,5.086612701
12,inexact_chain.FP128.mul_div,7,1,toward_zero,1048576,3.915818214,3.909984589
12,inexact_chain.FP128.mul_div,8,0,toward_zero,1048576,3.963811874,3.919146538
12,inexact_chain.FP128.mul_div,8,1,nearest_even,1048576,5.134959221,5.126751900
12,wide_product.FP128.mul,0,0,toward_zero,1048576,6.042683601,5.992852211
12,wide_product.FP128.mul,0,1,nearest_even,1048576,6.652176857,6.599156380
12,wide_product.FP128.mul,1,0,nearest_even,1048576,6.581596375,6.567700386
12,wide_product.FP128.mul,1,1,toward_zero,1048576,5.982450485,5.933634758
12,wide_product.FP128.mul,2,0,toward_zero,1048576,5.978629112,5.966386795
12,wide_product.FP128.mul,2,1,nearest_even,1048576,6.635197639,6.584115982
12,wide_product.FP128.mul,3,0,nearest_even,1048576,6.624505997,6.579416275
12,wide_product.FP128.mul,3,1,toward_zero,1048576,5.935375214,5.923870087
12,wide_product.FP128.mul,4,0,toward_zero,1048576,5.980271339,5.933289528
12,wide_product.FP128.mul,4,1,nearest_even,1048576,6.635332108,6.584679604
12,wide_product.FP128.mul,5,0,nearest_even,1048576,6.579675674,6.568387985
12,wide_product.FP128.mul,5,1,toward_zero,1048576,5.985412598,5.936281204
12,wide_product.FP128.mul,6,0,toward_zero,1048576,5.932518005,5.923497200
12,wide_product.FP128.mul,6,1,nearest_even,1048576,6.638580322,6.588723183
12,wide_product.FP128.mul,7,0,nearest_even,1048576,6.629952431,6.581580162
12,wide_product.FP128.mul,7,1,toward_zero,1048576,5.937553406,5.927491188
12,wide_product.FP128.mul,8,0,toward_zero,1048576,5.990046501,5.938762665
12,wide_product.FP128.mul,8,1,nearest_even,1048576,6.634949684,6.585139275
12,native_by64.FP128.div,0,0,toward_zero,1048576,3.955441475,3.950133324
12,native_by64.FP128.div,0,1,nearest_even,1048576,6.436193466,6.386247635
12,native_by64.FP128.div,1,0,nearest_even,1048576,6.387091637,6.370378494
12,native_by64.FP128.div,1,1,toward_zero,1048576,4.058604240,4.012364388
12,native_by64.FP128.div,2,0,toward_zero,1048576,3.963869095,3.956124306
12,native_by64.FP128.div,2,1,nearest_even,1048576,6.434453964,6.384231567
12,native_by64.FP128.div,3,0,nearest_even,1048576,6.379381180,6.369319916
12,native_by64.FP128.div,3,1,toward_zero,1048576,4.002881050,3.956735611
12,native_by64.FP128.div,4,0,toward_zero,1048576,3.979653358,3.974060059
12,native_by64.FP128.div,4,1,nearest_even,1048576,6.421106339,6.372556686
12,native_by64.FP128.div,5,0,nearest_even,1048576,6.388248444,6.370578766
12,native_by64.FP128.div,5,1,toward_zero,1048576,3.991023064,3.945131302
12,native_by64.FP128.div,6,0,toward_zero,1048576,3.962502480,3.956678391
12,native_by64.FP128.div,6,1,nearest_even,1048576,6.422128677,6.377062798
12,native_by64.FP128.div,7,0,nearest_even,1048576,6.378396988,6.368589401
12,native_by64.FP128.div,7,1,toward_zero,1048576,3.991826057,3.946151733
12,native_by64.FP128.div,8,0,toward_zero,1048576,3.955718994,3.948530197
12,native_by64.FP128.div,8,1,nearest_even,1048576,6.417647362,6.368874550
12,native_by128.FP128.div,0,0,nearest_even,1048576,10.045555115,9.990934372
12,native_by128.FP128.div,0,1,toward_zero,1048576,5.956958771,5.946475983
12,native_by128.FP128.div,1,0,toward_zero,1048576,5.946792603,5.898738861
12,native_by128.FP128.div,1,1,nearest_even,1048576,10.005271912,9.948973656
12,native_by128.FP128.div,2,0,nearest_even,1048576,9.969909668,9.920161247
12,native_by128.FP128.div,2,1,toward_zero,1048576,5.922924042,5.880899429
12,native_by128.FP128.div,3,0,toward_zero,1048576,5.874052048,5.865614891
12,native_by128.FP128.div,3,1,nearest_even,1048576,10.025384903,9.968661308
12,native_by128.FP128.div,4,0,nearest_even,1048576,10.007957458,9.953066826
12,native_by128.FP128.div,4,1,toward_zero,1048576,5.984982491,5.935715675
12,native_by128.FP128.div,5,0,toward_zero,1048576,5.906051636,5.886990547
12,native_by128.FP128.div,5,1,nearest_even,1048576,10.070759773,10.014618874
12,native_by128.FP128.div,6,0,nearest_even,1048576,10.016613960,9.959609032
12,native_by128.FP128.div,6,1,toward_zero,1048576,5.989645004,5.937067032
12,native_by128.FP128.div,7,0,toward_zero,1048576,5.888872147,5.878014565
12,native_by128.FP128.div,7,1,nearest_even,1048576,10.021305084,9.965985298
12,native_by128.FP128.div,8,0,nearest_even,1048576,9.995821953,9.934579849
12,native_by128.FP128.div,8,1,toward_zero,1048576,5.972924232,5.914993286
12,wide_by64.FP128.div,0,0,toward_zero,1048576,6.589937210,6.527848244
12,wide_by64.FP128.div,0,1,nearest_even,1048576,8.003707886,7.944938660
12,wide_by64.FP128.div,1,0,nearest_even,1048576,7.908485413,7.894832611
12,wide_by64.FP128.div,1,1,toward_zero,1048576,6.505780220,6.454631805
12,wide_by64.FP128.div,2,0,toward_zero,1048576,6.510833740,6.460602760
12,wide_by64.FP128.div,2,1,nearest_even,1048576,7.926295280,7.913262367
12,wide_by64.FP128.div,3,0,nearest_even,1048576,7.966148376,7.913819313
12,wide_by64.FP128.div,3,1,toward_zero,1048576,6.497973442,6.449220657
12,wide_by64.FP128.div,4,0,toward_zero,1048576,6.453868866,6.440298080
12,wide_by64.FP128.div,4,1,nearest_even,1048576,7.956622124,7.904298782
12,wide_by64.FP128.div,5,0,nearest_even,1048576,7.946197510,7.894184113
12,wide_by64.FP128.div,5,1,toward_zero,1048576,6.494103432,6.443605423
12,wide_by64.FP128.div,6,0,toward_zero,1048576,6.457490921,6.445426941
12,wide_by64.FP128.div,6,1,nearest_even,1048576,7.963912010,7.911379814
12,wide_by64.FP128.div,7,0,nearest_even,1048576,7.960176468,7.904067993
12,wide_by64.FP128.div,7,1,toward_zero,1048576,6.436460495,6.427428246
12,wide_by64.FP128.div,8,0,toward_zero,1048576,6.507385254,6.456809044
12,wide_by64.FP128.div,8,1,nearest_even,1048576,7.969463348,7.915052414
12,wide_by128.FP128.div,0,0,toward_zero,1048576,12.503518105,12.442431450
12,wide_by128.FP128.div,0,1,nearest_even,1048576,13.756539345,13.657094955
12,wide_by128.FP128.div,1,0,nearest_even,1048576,13.698599815,13.634554863
12,wide_by128.FP128.div,1,1,toward_zero,1048576,12.389577866,12.329395294
12,wide_by128.FP128.div,2,0,toward_zero,1048576,12.349868774,12.290929794
12,wide_by128.FP128.div,2,1,nearest_even,1048576,13.779203415,13.678876877
12,wide_by128.FP128.div,3,0,nearest_even,1048576,13.687182426,13.627245903
12,wide_by128.FP128.div,3,1,toward_zero,1048576,12.376164436,12.317071915
12,wide_by128.FP128.div,4,0,toward_zero,1048576,12.359547615,12.265562057
12,wide_by128.FP128.div,4,1,nearest_even,1048576,13.684926987,13.630230904
12,wide_by128.FP128.div,5,0,nearest_even,1048576,13.704227448,13.644292831
12,wide_by128.FP128.div,5,1,toward_zero,1048576,12.357378960,12.297634125
12,wide_by128.FP128.div,6,0,toward_zero,1048576,12.320354462,12.223571777
12,wide_by128.FP128.div,6,1,nearest_even,1048576,13.698131561,13.635972023
12,wide_by128.FP128.div,7,0,nearest_even,1048576,13.698082924,13.642078400
12,wide_by128.FP128.div,7,1,toward_zero,1048576,12.408046722,12.313437462
12,wide_by128.FP128.div,8,0,toward_zero,1048576,12.297175407,12.236192703
12,wide_by128.FP128.div,8,1,nearest_even,1048576,13.706597328,13.643948555
12,wide_product.FP128.mul_div,0,0,toward_zero,1048576,12.358955383,12.259749413
12,wide_product.FP128.mul_div,0,1,nearest_even,1048576,13.308653831,13.247208595
12,wide_product.FP128.mul_div,1,0,nearest_even,1048576,13.326760292,13.262596130
12,wide_product.FP128.mul_div,1,1,toward_zero,1048576,12.204608917,12.142638206
12,wide_product.FP128.mul_div,2,0,toward_zero,1048576,12.259223938,12.164656639
12,wide_product.FP128.mul_div,2,1,nearest_even,1048576,13.338731766,13.280937195
12,wide_product.FP128.mul_div,3,0,nearest_even,1048576,13.310392380,13.249952316
12,wide_product.FP128.mul_div,3,1,toward_zero,1048576,12.240630150,12.183175087
12,wide_product.FP128.mul_div,4,0,toward_zero,1048576,12.332746506,12.233338356
12,wide_product.FP128.mul_div,4,1,nearest_even,1048576,13.297187805,13.240489960
12,wide_product.FP128.mul_div,5,0,nearest_even,1048576,13.306818962,13.246457100
12,wide_product.FP128.mul_div,5,1,toward_zero,1048576,12.213503838,12.154830933
12,wide_product.FP128.mul_div,6,0,toward_zero,1048576,12.254312515,12.154776573
12,wide_product.FP128.mul_div,6,1,nearest_even,1048576,13.355749130,13.290435791
12,wide_product.FP128.mul_div,7,0,nearest_even,1048576,13.333667755,13.270987511
12,wide_product.FP128.mul_div,7,1,toward_zero,1048576,12.285489082,12.220695496
12,wide_product.FP128.mul_div,8,0,toward_zero,1048576,12.266055107,12.166213036
12,wide_product.FP128.mul_div,8,1,nearest_even,1048576,13.345686913,13.275059700
12,throughput4096.FP64.mul_wide,0,0,toward_zero,1048576,2.583024979,2.577188492
12,throughput4096.FP64.mul_wide,0,1,nearest_even,1048576,2.488242149,2.446056366
12,throughput4096.FP64.mul_wide,1,0,nearest_even,1048576,2.431783676,2.426681519
12,throughput4096.FP64.mul_wide,1,1,toward_zero,1048576,2.571846008,2.563428879
12,throughput4096.FP64.mul_wide,2,0,toward_zero,1048576,2.561870575,2.558651924
12,throughput4096.FP64.mul_wide,2,1,nearest_even,1048576,2.452087402,2.408928871
12,throughput4096.FP64.mul_wide,3,0,nearest_even,1048576,2.417404175,2.413755417
12,throughput4096.FP64.mul_wide,3,1,toward_zero,1048576,2.578190804,2.573029518
12,throughput4096.FP64.mul_wide,4,0,toward_zero,1048576,2.562902451,2.558277130
12,throughput4096.FP64.mul_wide,4,1,nearest_even,1048576,2.454438210,2.413610458
12,throughput4096.FP64.mul_wide,5,0,nearest_even,1048576,2.417242050,2.412723541
12,throughput4096.FP64.mul_wide,5,1,toward_zero,1048576,2.558650017,2.553672791
12,throughput4096.FP64.mul_wide,6,0,toward_zero,1048576,2.560447693,2.556578636
12,throughput4096.FP64.mul_wide,6,1,nearest_even,1048576,2.423098564,2.405012131
12,throughput4096.FP64.mul_wide,7,0,nearest_even,1048576,2.454228401,2.420183182
12,throughput4096.FP64.mul_wide,7,1,toward_zero,1048576,2.558965683,2.555147171
12,throughput4096.FP64.mul_wide,8,0,toward_zero,1048576,2.539398193,2.534400940
12,throughput4096.FP64.mul_wide,8,1,nearest_even,1048576,2.397205353,2.394444466
12,fullrange.FP64.mul_wide,0,0,toward_zero,1048576,2.491213799,2.486924171
12,fullrange.FP64.mul_wide,0,1,nearest_even,1048576,2.968326569,2.963436127
12,fullrange.FP64.mul_wide,1,0,nearest_even,1048576,2.949485779,2.944793701
12,fullrange.FP64.mul_wide,1,1,toward_zero,1048576,2.540716171,2.499050140
12,fullrange.FP64.mul_wide,2,0,toward_zero,1048576,2.500232697,2.495160103
12,fullrange.FP64.mul_wide,2,1,nearest_even,1048576,2.962632179,2.957139015
12,fullrange.FP64.mul_wide,3,0,nearest_even,1048576,2.951625824,2.946702957
12,fullrange.FP64.mul_wide,3,1,toward_zero,1048576,2.540228844,2.498600006
12,fullrange.FP64.mul_wide,4,0,toward_zero,1048576,2.498456955,2.491032600
12,fullrange.FP64.mul_wide,4,1,nearest_even,1048576,2.976601601,2.967275620
12,fullrange.FP64.mul_wide,5,0,nearest_even,1048576,3.004750252,2.961765289
12,fullrange.FP64.mul_wide,5,1,toward_zero,1048576,2.490545273,2.487527847
12,fullrange.FP64.mul_wide,6,0,toward_zero,1048576,2.500797272,2.496794701
12,fullrange.FP64.mul_wide,6,1,nearest_even,1048576,2.967247963,2.962821960
12,fullrange.FP64.mul_wide,7,0,nearest_even,1048576,3.007826805,2.965237617
12,fullrange.FP64.mul_wide,7,1,toward_zero,1048576,2.493105888,2.488482475
12,fullrange.FP64.mul_wide,8,0,toward_zero,1048576,2.500768661,2.495877266
12,fullrange.FP64.mul_wide,8,1,nearest_even,1048576,2.966368675,2.960835457
12,throughput4096.FP64.quantize4,0,0,nearest_even,1048576,3.315754890,3.268006325
12,throughput4096.FP64.quantize4,0,1,toward_zero,1048576,3.202131271,3.190205574
12,throughput4096.FP64.quantize4,1,0,toward_zero,1048576,3.184731483,3.179714203
12,throughput4096.FP64.quantize4,1,1,nearest_even,1048576,3.269777298,3.226903915
12,throughput4096.FP64.quantize4,2,0,nearest_even,1048576,3.222472191,3.217626572
12,throughput4096.FP64.quantize4,2,1,toward_zero,1048576,3.168517113,3.163960457
12,throughput4096.FP64.quantize4,3,0,toward_zero,1048576,3.210805893,3.169699669
12,throughput4096.FP64.quantize4,3,1,nearest_even,1048576,3.209573746,3.204841614
12,throughput4096.FP64.quantize4,4,0,nearest_even,1048576,3.227297783,3.212820053
12,throughput4096.FP64.quantize4,4,1,toward_zero,1048576,3.223303795,3.179262161
12,throughput4096.FP64.quantize4,5,0,toward_zero,1048576,3.161915779,3.156372070
12,throughput4096.FP64.quantize4,5,1,nearest_even,1048576,3.210480690,3.204479218
12,throughput4096.FP64.quantize4,6,0,nearest_even,1048576,3.287529945,3.246261597
12,throughput4096.FP64.quantize4,6,1,toward_zero,1048576,3.170056343,3.164053917
12,throughput4096.FP64.quantize4,7,0,toward_zero,1048576,3.160471916,3.153839111
12,throughput4096.FP64.quantize4,7,1,nearest_even,1048576,3.238438606,3.225584030
12,throughput4096.FP64.quantize4,8,0,nearest_even,1048576,3.262812614,3.226480484
12,throughput4096.FP64.quantize4,8,1,toward_zero,1048576,3.168469429,3.163507462
12,throughput4096.FP128.quantize4,0,0,toward_zero,1048576,5.743430138,5.693656921
12,throughput4096.FP128.quantize4,0,1,nearest_even,1048576,6.105925560,6.096188545
12,throughput4096.FP128.quantize4,1,0,nearest_even,1048576,6.472194672,6.422161102
12,throughput4096.FP128.quantize4,1,1,toward_zero,1048576,5.743955612,5.698330879
12,throughput4096.FP128.quantize4,2,0,toward_zero,1048576,5.666782379,5.656815529
12,throughput4096.FP128.quantize4,2,1,nearest_even,1048576,6.327155113,6.281976700
12,throughput4096.FP128.quantize4,3,0,nearest_even,1048576,6.071548462,6.053203583
12,throughput4096.FP128.quantize4,3,1,toward_zero,1048576,5.716323853,5.669992447
12,throughput4096.FP128.quantize4,4,0,toward_zero,1048576,5.672600746,5.663025856
12,throughput4096.FP128.quantize4,4,1,nearest_even,1048576,6.221633911,6.174192429
12,throughput4096.FP128.quantize4,5,0,nearest_even,1048576,6.136261940,6.088696480
12,throughput4096.FP128.quantize4,5,1,toward_zero,1048576,5.680502892,5.670222282
12,throughput4096.FP128.quantize4,6,0,toward_zero,1048576,5.722878456,5.672858238
12,throughput4096.FP128.quantize4,6,1,nearest_even,1048576,6.061755180,6.047007561
12,throughput4096.FP128.quantize4,7,0,nearest_even,1048576,6.118633270,6.070522308
12,throughput4096.FP128.quantize4,7,1,toward_zero,1048576,5.736292839,5.691138268
12,throughput4096.FP128.quantize4,8,0,toward_zero,1048576,5.674340248,5.663503647
12,throughput4096.FP128.quantize4,8,1,nearest_even,1048576,6.474508286,6.425164223
12,parse_extra_digit.FP64,0,0,toward_zero,1048576,34.055940628,33.873740196
12,parse_extra_digit.FP64,0,1,nearest_even,1048576,34.727654457,34.499018669
12,parse_extra_digit.FP64,1,0,nearest_even,1048576,34.735175133,34.561532974
12,parse_extra_digit.FP64,1,1,toward_zero,1048576,34.074944496,33.895792961
12,parse_extra_digit.FP64,2,0,toward_zero,1048576,34.186724663,33.963892937
12,parse_extra_digit.FP64,2,1,nearest_even,1048576,34.585805893,34.423185349
12,parse_extra_digit.FP64,3,0,nearest_even,1048576,34.595484734,34.412068367
12,parse_extra_digit.FP64,3,1,toward_zero,1048576,34.095821381,33.927063942
12,parse_extra_digit.FP64,4,0,toward_zero,1048576,34.093576431,33.915114403
12,parse_extra_digit.FP64,4,1,nearest_even,1048576,34.666275024,34.455327988
12,parse_extra_digit.FP64,5,0,nearest_even,1048576,34.573193550,34.398968697
12,parse_extra_digit.FP64,5,1,toward_zero,1048576,34.077706337,33.899596214
12,parse_extra_digit.FP64,6,0,toward_zero,1048576,34.115610123,33.909417152
12,parse_extra_digit.FP64,6,1,nearest_even,1048576,34.678362846,34.490145683
12,parse_extra_digit.FP64,7,0,nearest_even,1048576,34.706997871,34.494852066
12,parse_extra_digit.FP64,7,1,toward_zero,1048576,34.062906265,33.888520241
12,parse_extra_digit.FP64,8,0,toward_zero,1048576,34.106217384,33.933256149
12,parse_extra_digit.FP64,8,1,nearest_even,1048576,34.695713043,34.485298157
12,format_2digits.FP64,0,0,nearest_even,1048576,17.390818596,17.304330826
12,format_2digits.FP64,0,1,toward_zero,1048576,16.183909416,16.099845886
12,format_2digits.FP64,1,0,toward_zero,1048576,16.231949806,16.126894951
12,format_2digits.FP64,1,1,nearest_even,1048576,17.401539803,17.334665298
12,format_2digits.FP64,2,0,nearest_even,1048576,17.421499252,17.317718506
12,format_2digits.FP64,2,1,toward_zero,1048576,16.215448380,16.107942581
12,format_2digits.FP64,3,0,toward_zero,1048576,16.230257988,16.167312622
12,format_2digits.FP64,3,1,nearest_even,1048576,17.463511467,17.356293678
12,format_2digits.FP64,4,0,nearest_even,1048576,17.415079117,17.308589935
12,format_2digits.FP64,4,1,toward_zero,1048576,16.156419754,16.087319374
12,format_2digits.FP64,5,0,toward_zero,1048576,16.219270706,16.116777420
12,format_2digits.FP64,5,1,nearest_even,1048576,17.440771103,17.333277702
12,format_2digits.FP64,6,0,nearest_even,1048576,17.364304543,17.296674728
12,format_2digits.FP64,6,1,toward_zero,1048576,16.211559296,16.103557587
12,format_2digits.FP64,7,0,toward_zero,1048576,16.200065613,16.100907326
12,format_2digits.FP64,7,1,nearest_even,1048576,17.371509552,17.306571960
12,format_2digits.FP64,8,0,nearest_even,1048576,17.425111771,17.322361946
12,format_2digits.FP64,8,1,toward_zero,1048576,16.219500542,16.114253998
12,parse_extra_digit.FP128,0,0,toward_zero,1048576,34.369373322,34.195682526
12,parse_extra_digit.FP128,0,1,nearest_even,1048576,34.750480652,34.568315506
12,parse_extra_digit.FP128,1,0,nearest_even,1048576,34.793372154,34.578214645
12,parse_extra_digit.FP128,1,1,toward_zero,1048576,34.252155304,34.074153900
12,parse_extra_digit.FP128,2,0,toward_zero,1048576,34.326672554,34.128725052
12,parse_extra_digit.FP128,2,1,nearest_even,1048576,34.759978294,34.579666138
12,parse_extra_digit.FP128,3,0,nearest_even,1048576,34.751665115,34.564385414
12,parse_extra_digit.FP128,3,1,toward_zero,1048576,34.315302849,34.104182243
12,parse_extra_digit.FP128,4,0,toward_zero,1048576,34.278784752,34.115294456
12,parse_extra_digit.FP128,4,1,nearest_even,1048576,34.755191803,34.548683167
12,parse_extra_digit.FP128,5,0,nearest_even,1048576,34.738384247,34.554774284
12,parse_extra_digit.FP128,5,1,toward_zero,1048576,34.250980377,34.077838898
12,parse_extra_digit.FP128,6,0,toward_zero,1048576,34.307229042,34.105667114
12,parse_extra_digit.FP128,6,1,nearest_even,1048576,34.743438721,34.549659729
12,parse_extra_digit.FP128,7,0,nearest_even,1048576,34.752382278,34.549777031
12,parse_extra_digit.FP128,7,1,toward_zero,1048576,34.238425255,34.079397202
12,parse_extra_digit.FP128,8,0,toward_zero,1048576,34.239639282,34.080150604
12,parse_extra_digit.FP128,8,1,nearest_even,1048576,34.790619850,34.577857018
12,format_2digits.FP128,0,0,toward_zero,1048576,15.936718941,15.875393867
12,format_2digits.FP128,0,1,nearest_even,1048576,17.245883942,17.139924049
12,format_2digits.FP128,1,0,nearest_even,1048576,17.221960068,17.114190102
12,format_2digits.FP128,1,1,toward_zero,1048576,15.983366013,15.914502144
12,format_2digits.FP128,2,0,toward_zero,1048576,16.068306923,15.956767082
12,format_2digits.FP128,2,1,nearest_even,1048576,17.276936531,17.164868355
12,format_2digits.FP128,3,0,nearest_even,1048576,17.197231293,17.129790306
12,format_2digits.FP128,3,1,toward_zero,1048576,16.018984795,15.917308807
12,format_2digits.FP128,4,0,toward_zero,1048576,15.978435516,15.908947945
12,format_2digits.FP128,4,1,nearest_even,1048576,17.222111702,17.119573593
12,format_2digits.FP128,5,0,nearest_even,1048576,17.224070549,17.118963242
12,format_2digits.FP128,5,1,toward_zero,1048576,15.958073616,15.886095047
12,format_2digits.FP128,6,0,toward_zero,1048576,16.032801628,15.927202225
12,format_2digits.FP128,6,1,nearest_even,1048576,17.259146690,17.147746086
12,format_2digits.FP128,7,0,nearest_even,1048576,17.193964005,17.125676155
12,format_2digits.FP128,7,1,toward_zero,1048576,16.017417908,15.911002159
12,format_2digits.FP128,8,0,toward_zero,1048576,16.038601875,15.931073189
12,format_2digits.FP128,8,1,nearest_even,1048576,17.234447479,17.166317940
12,throughput4096.FP64.mul,0,0,toward_zero,1048576,2.552105904,2.549821854
12,throughput4096.FP64.mul,0,1,nearest_even,1048576,2.734658241,2.717746735
12,throughput4096.FP64.mul,1,0,nearest_even,1048576,2.729947090,2.714956284
12,throughput4096.FP64.mul,1,1,toward_zero,1048576,2.518491745,2.512722015
12,throughput4096.FP64.mul,2,0,toward_zero,1048576,2.512701988,2.508509636
12,throughput4096.FP64.mul,2,1,nearest_even,1048576,2.706442833,2.693121910
12,throughput4096.FP64.mul,3,0,nearest_even,1048576,2.699324608,2.693651199
12,throughput4096.FP64.mul,3,1,toward_zero,1048576,2.515071869,2.509979248
12,throughput4096.FP64.mul,4,0,toward_zero,1048576,2.512817383,2.509559631
12,throughput4096.FP64.mul,4,1,nearest_even,1048576,2.700222015,2.690250397
12,throughput4096.FP64.mul,5,0,nearest_even,1048576,2.694203377,2.689502716
12,throughput4096.FP64.mul,5,1,toward_zero,1048576,2.514622688,2.508164406
12,throughput4096.FP64.mul,6,0,toward_zero,1048576,2.516103745,2.506426811
12,throughput4096.FP64.mul,6,1,nearest_even,1048576,2.701684952,2.696525574
12,throughput4096.FP64.mul,7,0,nearest_even,1048576,2.695110321,2.689425468
12,throughput4096.FP64.mul,7,1,toward_zero,1048576,2.475372314,2.469917297
12,throughput4096.FP64.mul,8,0,toward_zero,1048576,2.487076759,2.478391647
12,throughput4096.FP64.mul,8,1,nearest_even,1048576,2.704561234,2.700214386
12,throughput256.FP64.mul,0,0,toward_zero,1048576,2.461383820,2.456893921
12,throughput256.FP64.mul,0,1,nearest_even,1048576,2.715930939,2.713284492
12,throughput256.FP64.mul,1,0,nearest_even,1048576,2.733979225,2.724109650
12,throughput256.FP64.mul,1,1,toward_zero,1048576,2.512282372,2.507132530
12,throughput256.FP64.mul,2,0,toward_zero,1048576,2.510581017,2.505296707
12,throughput256.FP64.mul,2,1,nearest_even,1048576,2.727950096,2.724700928
12,throughput256.FP64.mul,3,0,nearest_even,1048576,2.743686676,2.733242989
12,throughput256.FP64.mul,3,1,toward_zero,1048576,2.468779564,2.463870049
12,throughput256.FP64.mul,4,0,toward_zero,1048576,2.467203140,2.461679459
12,throughput256.FP64.mul,4,1,nearest_even,1048576,2.724768639,2.721157074
12,throughput256.FP64.mul,5,0,nearest_even,1048576,2.734104156,2.723486900
12,throughput256.FP64.mul,5,1,toward_zero,1048576,2.494815826,2.489359856
12,throughput256.FP64.mul,6,0,toward_zero,1048576,2.489178658,2.484392166
12,throughput256.FP64.mul,6,1,nearest_even,1048576,2.731438637,2.727903366
12,throughput256.FP64.mul,7,0,nearest_even,1048576,2.734418869,2.721733093
12,throughput256.FP64.mul,7,1,toward_zero,1048576,2.517422676,2.509617805
12,throughput256.FP64.mul,8,0,toward_zero,1048576,2.489169121,2.485147476
12,throughput256.FP64.mul,8,1,nearest_even,1048576,2.743057251,2.737678528
12,exact_results.FP64.mul,0,0,nearest_even,1048576,2.544051170,2.532718658
12,exact_results.FP64.mul,0,1,toward_zero,1048576,2.618883133,2.615061760
12,exact_results.FP64.mul,1,0,toward_zero,1048576,2.617355347,2.612406731
12,exact_results.FP64.mul,1,1,nearest_even,1048576,2.649238586,2.637325287
12,exact_results.FP64.mul,2,0,nearest_even,1048576,2.565626144,2.561001778
12,exact_results.FP64.mul,2,1,toward_zero,1048576,2.494902611,2.491893768
12,exact_results.FP64.mul,3,0,toward_zero,1048576,2.498828888,2.493613243
12,exact_results.FP64.mul,3,1,nearest_even,1048576,2.562243462,2.554063797
12,exact_results.FP64.mul,4,0,nearest_even,1048576,2.561784744,2.557399750
12,exact_results.FP64.mul,4,1,toward_zero,1048576,2.499603271,2.493576050
12,exact_results.FP64.mul,5,0,toward_zero,1048576,2.495236397,2.491980553
12,exact_results.FP64.mul,5,1,nearest_even,1048576,2.576259613,2.565119743
12,exact_results.FP64.mul,6,0,nearest_even,1048576,2.551418304,2.546383858
12,exact_results.FP64.mul,6,1,toward_zero,1048576,2.493794441,2.490449905
12,exact_results.FP64.mul,7,0,toward_zero,1048576,2.634467125,2.628932953
12,exact_results.FP64.mul,7,1,nearest_even,1048576,2.624683380,2.613486290
12,exact_results.FP64.mul,8,0,nearest_even,1048576,2.555631638,2.550252914
12,exact_results.FP64.mul,8,1,toward_zero,1048576,2.495131493,2.492438316
12,halfway_ties.FP64.mul,0,0,toward_zero,1048576,2.499201775,2.495916367
12,halfway_ties.FP64.mul,0,1,nearest_even,1048576,2.638805389,2.629058838
12,halfway_ties.FP64.mul,1,0,nearest_even,1048576,2.624310493,2.619198799
12,halfway_ties.FP64.mul,1,1,toward_zero,1048576,2.626508713,2.621472359
12,halfway_ties.FP64.mul,2,0,toward_zero,1048576,2.613017082,2.609883308
12,halfway_ties.FP64.mul,2,1,nearest_even,1048576,2.634428978,2.624505043
12,halfway_ties.FP64.mul,3,0,nearest_even,1048576,2.632460594,2.628273964
12,halfway_ties.FP64.mul,3,1,toward_zero,1048576,2.627282143,2.622200966
12,halfway_ties.FP64.mul,4,0,toward_zero,1048576,2.565176964,2.562426567
12,halfway_ties.FP64.mul,4,1,nearest_even,1048576,2.636569977,2.625830650
12,halfway_ties.FP64.mul,5,0,nearest_even,1048576,2.619132042,2.614232063
12,halfway_ties.FP64.mul,5,1,toward_zero,1048576,2.628810883,2.622994423
12,halfway_ties.FP64.mul,6,0,toward_zero,1048576,2.613217354,2.608870506
12,halfway_ties.FP64.mul,6,1,nearest_even,1048576,2.638480186,2.628132820
12,halfway_ties.FP64.mul,7,0,nearest_even,1048576,2.629012108,2.624252319
12,halfway_ties.FP64.mul,7,1,toward_zero,1048576,2.666399002,2.661172867
12,halfway_ties.FP64.mul,8,0,toward_zero,1048576,2.672055244,2.665883064
12,halfway_ties.FP64.mul,8,1,nearest_even,1048576,2.620957375,2.611105919
12,exact_chain.FP64.mul,0,0,nearest_even,1048576,3.634164810,3.627282143
12,exact_chain.FP64.mul,0,1,toward_zero,1048576,3.682464600,3.675733566
12,exact_chain.FP64.mul,1,0,toward_zero,1048576,3.656351089,3.646554947
12,exact_chain.FP64.mul,1,1,nearest_even,1048576,3.686897278,3.681670189
12,exact_chain.FP64.mul,2,0,nearest_even,1048576,3.655109406,3.648224831
12,exact_chain.FP64.mul,2,1,toward_zero,1048576,3.676521301,3.664134026
12,exact_chain.FP64.mul,3,0,toward_zero,1048576,3.642229080,3.635835648
12,exact_chain.FP64.mul,3,1,nearest_even,1048576,3.693977356,3.687055588
12,exact_chain.FP64.mul,4,0,nearest_even,1048576,3.708089828,3.696020126
12,exact_chain.FP64.mul,4,1,toward_zero,1048576,3.666689873,3.662271500
12,exact_chain.FP64.mul,5,0,toward_zero,1048576,3.645353317,3.639636993
12,exact_chain.FP64.mul,5,1,nearest_even,1048576,3.661721230,3.650852203
12,exact_chain.FP64.mul,6,0,nearest_even,1048576,3.655797005,3.650124550
12,exact_chain.FP64.mul,6,1,toward_zero,1048576,3.683104515,3.671846390
12,exact_chain.FP64.mul,7,0,toward_zero,1048576,3.645258904,3.638557434
12,exact_chain.FP64.mul,7,1,nearest_even,1048576,3.666661263,3.662645340
12,exact_chain.FP64.mul,8,0,nearest_even,1048576,3.669201851,3.656031609
12,exact_chain.FP64.mul,8,1,toward_zero,1048576,3.642086029,3.634458542
12,inexact_chain.FP64.mul,0,0,nearest_even,1048576,4.943387985,4.934905052
12,inexact_chain.FP64.mul,0,1,toward_zero,1048576,3.670023918,3.657990456
12,inexact_chain.FP64.mul,1,0,toward_zero,1048576,3.671648026,3.665139198
12,inexact_chain.FP64.mul,1,1,nearest_even,1048576,4.893368721,4.880233765
12,inexact_chain.FP64.mul,2,0,nearest_even,1048576,4.866376877,4.858343124
12,inexact_chain.FP64.mul,2,1,toward_zero,1048576,3.690097809,3.683806419
12,inexact_chain.FP64.mul,3,0,toward_zero,1048576,3.679139137,3.668807030
12,inexact_chain.FP64.mul,3,1,nearest_even,1048576,4.932104111,4.924300194
12,inexact_chain.FP64.mul,4,0,nearest_even,1048576,4.905789375,4.892185211
12,inexact_chain.FP64.mul,4,1,toward_zero,1048576,3.683744431,3.676744461
12,inexact_chain.FP64.mul,5,0,toward_zero,1048576,3.660488129,3.653270721
12,inexact_chain.FP64.mul,5,1,nearest_even,1048576,4.916395187,4.902131081
12,inexact_chain.FP64.mul,6,0,nearest_even,1048576,4.914703369,4.904370308
12,inexact_chain.FP64.mul,6,1,toward_zero,1048576,3.687441826,3.675103188
12,inexact_chain.FP64.mul,7,0,toward_zero,1048576,3.653627396,3.646945000
12,inexact_chain.FP64.mul,7,1,nearest_even,1048576,4.947896957,4.934378624
12,inexact_chain.FP64.mul,8,0,nearest_even,1048576,4.920083046,4.911697388
12,inexact_chain.FP64.mul,8,1,toward_zero,1048576,3.682043076,3.668844223
12,throughput4096.FP64.div,0,0,toward_zero,1048576,2.384325981,2.380132675
12,throughput4096.FP64.div,0,1,nearest_even,1048576,2.452631950,2.447501183
12,throughput4096.FP64.div,1,0,nearest_even,1048576,2.468779564,2.465160370
12,throughput4096.FP64.div,1,1,toward_zero,1048576,2.419276237,2.408041954
12,throughput4096.FP64.div,2,0,toward_zero,1048576,2.391310692,2.387585640
12,throughput4096.FP64.div,2,1,nearest_even,1048576,2.459445000,2.454353333
12,throughput4096.FP64.div,3,0,nearest_even,1048576,2.460934639,2.457878113
12,throughput4096.FP64.div,3,1,toward_zero,1048576,2.412627220,2.407745361
12,throughput4096.FP64.div,4,0,toward_zero,1048576,2.402631760,2.394159317
12,throughput4096.FP64.div,4,1,nearest_even,1048576,2.454438210,2.448887825
12,throughput4096.FP64.div,5,0,nearest_even,1048576,2.469276428,2.465160370
12,throughput4096.FP64.div,5,1,toward_zero,1048576,2.408269882,2.404783249
12,throughput4096.FP64.div,6,0,toward_zero,1048576,2.412167549,2.401116371
12,throughput4096.FP64.div,6,1,nearest_even,1048576,2.457026482,2.454860687
12,throughput4096.FP64.div,7,0,nearest_even,1048576,2.485385895,2.480456352
12,throughput4096.FP64.div,7,1,toward_zero,1048576,2.398887634,2.395964622
12,throughput4096.FP64.div,8,0,toward_zero,1048576,2.401083946,2.390482903
12,throughput4096.FP64.div,8,1,nearest_even,1048576,2.457648277,2.454581261
12,throughput256.FP64.div,0,0,nearest_even,1048576,2.460294724,2.457114220
12,throughput256.FP64.div,0,1,toward_zero,1048576,2.402966499,2.398564339
12,throughput256.FP64.div,1,0,toward_zero,1048576,2.390841484,2.382205009
12,throughput256.FP64.div,1,1,nearest_even,1048576,2.438166618,2.433638573
12,throughput256.FP64.div,2,0,nearest_even,1048576,2.455832481,2.452995300
12,throughput256.FP64.div,2,1,toward_zero,1048576,2.409913063,2.405700684
12,throughput256.FP64.div,3,0,toward_zero,1048576,2.403023720,2.394866943
12,throughput256.FP64.div,3,1,nearest_even,1048576,2.449449539,2.445142746
12,throughput256.FP64.div,4,0,nearest_even,1048576,2.461116791,2.458060265
12,throughput256.FP64.div,4,1,toward_zero,1048576,2.397807121,2.393039703
12,throughput256.FP64.div,5,0,toward_zero,1048576,2.404714584,2.394845009
12,throughput256.FP64.div,5,1,nearest_even,1048576,2.445543289,2.441712379
12,throughput256.FP64.div,6,0,nearest_even,1048576,2.448723793,2.443985939
12,throughput256.FP64.div,6,1,toward_zero,1048576,2.401772499,2.398516655
12,throughput256.FP64.div,7,0,toward_zero,1048576,2.394482613,2.390584946
12,throughput256.FP64.div,7,1,nearest_even,1048576,2.449985504,2.441483498
12,throughput256.FP64.div,8,0,nearest_even,1048576,2.448801041,2.444347382
12,throughput256.FP64.div,8,1,toward_zero,1048576,2.408795357,2.406427383
12,exact_results.FP64.div,0,0,toward_zero,1048576,2.531659126,2.525429726
12,exact_results.FP64.div,0,1,nearest_even,1048576,2.546287537,2.537428856
12,exact_results.FP64.div,1,0,nearest_even,1048576,2.546200752,2.540649414
12,exact_results.FP64.div,1,1,toward_zero,1048576,2.535748482,2.529585838
12,exact_results.FP64.div,2,0,toward_zero,1048576,2.529164314,2.526510239
12,exact_results.FP64.div,2,1,nearest_even,1048576,2.552000046,2.542057991
12,exact_results.FP64.div,3,0,nearest_even,1048576,2.539905548,2.534793854
12,exact_results.FP64.div,3,1,toward_zero,1048576,2.509119034,2.505681992
12,exact_results.FP64.div,4,0,toward_zero,1048576,2.507351875,2.502136230
12,exact_results.FP64.div,4,1,nearest_even,1048576,2.555077553,2.545974731
12,exact_results.FP64.div,5,0,nearest_even,1048576,2.533398628,2.528102875
12,exact_results.FP64.div,5,1,toward_zero,1048576,2.514030457,2.508095741
12,exact_results.FP64.div,6,0,toward_zero,1048576,2.506826401,2.503053665
12,exact_results.FP64.div,6,1,nearest_even,1048576,2.538767815,2.527408600
12,exact_results.FP64.div,7,0,nearest_even,1048576,2.532710075,2.527246475
12,exact_results.FP64.div,7,1,toward_zero,1048576,2.506644249,2.503778458
12,exact_results.FP64.div,8,0,toward_zero,1048576,2.513705254,2.509548187
12,exact_results.FP64.div,8,1,nearest_even,1048576,2.546630859,2.537830353
12,halfway_ties.FP64.div,0,0,toward_zero,1048576,2.538156509,2.534209251
12,halfway_ties.FP64.div,0,1,nearest_even,1048576,2.502851486,2.497607231
12,halfway_ties.FP64.div,1,0,nearest_even,1048576,2.502985001,2.493744850
12,halfway_ties.FP64.div,1,1,toward_zero,1048576,2.534219742,2.529863358
12,halfway_ties.FP64.div,2,0,toward_zero,1048576,2.518626213,2.515581131
12,halfway_ties.FP64.div,2,1,nearest_even,1048576,2.475725174,2.470633507
12,halfway_ties.FP64.div,3,0,nearest_even,1048576,2.485041618,2.481019974
12,halfway_ties.FP64.div,3,1,toward_zero,1048576,2.544137001,2.535043716
12,halfway_ties.FP64.div,4,0,toward_zero,1048576,2.526241302,2.521265030
12,halfway_ties.FP64.div,4,1,nearest_even,1048576,2.491042137,2.485722542
12,halfway_ties.FP64.div,5,0,nearest_even,1048576,2.488080025,2.484574318
12,halfway_ties.FP64.div,5,1,toward_zero,1048576,2.542790413,2.532415390
12,halfway_ties.FP64.div,6,0,toward_zero,1048576,2.525352478,2.520775795
12,halfway_ties.FP64.div,6,1,nearest_even,1048576,2.477130890,2.474199295
12,halfway_ties.FP64.div,7,0,nearest_even,1048576,2.490908623,2.486543655
12,halfway_ties.FP64.div,7,1,toward_zero,1048576,2.544997215,2.535556793
12,halfway_ties.FP64.div,8,0,toward_zero,1048576,2.526145935,2.519334793
12,halfway_ties.FP64.div,8,1,nearest_even,1048576,2.481678963,2.475878716
12,exact_chain.FP64.div,0,0,toward_zero,1048576,3.809388161,3.801625252
12,exact_chain.FP64.div,0,1,nearest_even,1048576,3.817118645,3.804072380
12,exact_chain.FP64.div,1,0,nearest_even,1048576,3.812369347,3.805372238
12,exact_chain.FP64.div,1,1,toward_zero,1048576,3.812111855,3.799802780
12,exact_chain.FP64.div,2,0,toward_zero,1048576,3.795887947,3.789175987
12,exact_chain.FP64.div,2,1,nearest_even,1048576,3.811653137,3.803527832
12,exact_chain.FP64.div,3,0,nearest_even,1048576,3.818083763,3.806176186
12,exact_chain.FP64.div,3,1,toward_zero,1048576,3.793470383,3.787752151
12,exact_chain.FP64.div,4,0,toward_zero,1048576,3.794692993,3.788612366
12,exact_chain.FP64.div,4,1,nearest_even,1048576,3.813859940,3.801875114
12,exact_chain.FP64.div,5,0,nearest_even,1048576,3.805709839,3.799238205
12,exact_chain.FP64.div,5,1,toward_zero,1048576,3.790603638,3.777740479
12,exact_chain.FP64.div,6,0,toward_zero,1048576,3.791884422,3.785336494
12,exact_chain.FP64.div,6,1,nearest_even,1048576,3.804506302,3.798720360
12,exact_chain.FP64.div,7,0,nearest_even,1048576,3.805384636,3.794162750
12,exact_chain.FP64.div,7,1,toward_zero,1048576,3.790833473,3.785155296
12,exact_chain.FP64.div,8,0,toward_zero,1048576,3.789085388,3.783308983
12,exact_chain.FP64.div,8,1,nearest_even,1048576,3.810975075,3.799715042
12,inexact_chain.FP64.div,0,0,toward_zero,1048576,3.789505005,3.783740044
12,inexact_chain.FP64.div,0,1,nearest_even,1048576,5.112887383,5.099599838
12,inexact_chain.FP64.div,1,0,nearest_even,1048576,5.108099937,5.097667694
12,inexact_chain.FP64.div,1,1,toward_zero,1048576,3.786973953,3.780491829
12,inexact_chain.FP64.div,2,0,toward_zero,1048576,3.801878929,3.790304184
12,inexact_chain.FP64.div,2,1,nearest_even,1048576,5.099233627,5.090705872
12,inexact_chain.FP64.div,3,0,nearest_even,1048576,5.102663994,5.087358475
12,inexact_chain.FP64.div,3,1,toward_zero,1048576,3.778746605,3.772915840
12,inexact_chain.FP64.div,4,0,toward_zero,1048576,3.793594360,3.781562805
12,inexact_chain.FP64.div,4,1,nearest_even,1048576,5.102644920,5.087327957
12,inexact_chain.FP64.div,5,0,nearest_even,1048576,5.101603508,5.086690903
12,inexact_chain.FP64.div,5,1,toward_zero,1048576,3.772231102,3.765338898
12,inexact_chain.FP64.div,6,0,toward_zero,1048576,3.780657768,3.773946762
12,inexact_chain.FP64.div,6,1,nearest_even,1048576,5.100322723,5.086385727
12,inexact_chain.FP64.div,7,0,nearest_even,1048576,5.098221779,5.087738037
12,inexact_chain.FP64.div,7,1,toward_zero,1048576,3.795028687,3.783423424
12,inexact_chain.FP64.div,8,0,toward_zero,1048576,3.796881676,3.790122986
12,inexact_chain.FP64.div,8,1,nearest_even,1048576,5.100189209,5.088017464
12,throughput4096.FP64.mul_div,0,0,nearest_even,1048576,2.430178642,2.427389145
12,throughput4096.FP64.mul_div,0,1,toward_zero,1048576,2.553509712,2.549354553
12,throughput4096.FP64.mul_div,1,0,toward_zero,1048576,2.534468651,2.531610489
12,throughput4096.FP64.mul_div,1,1,nearest_even,1048576,2.439789772,2.429195404
12,throughput4096.FP64.mul_div,2,0,nearest_even,1048576,2.447815895,2.442667961
12,throughput4096.FP64.mul_div,2,1,toward_zero,1048576,2.556319237,2.553071022
12,throughput4096.FP64.mul_div,3,0,toward_zero,1048576,2.543315887,2.539352417
12,throughput4096.FP64.mul_div,3,1,nearest_even,1048576,2.449555397,2.440907478
12,throughput4096.FP64.mul_div,4,0,nearest_even,1048576,2.445513725,2.441158295
12,throughput4096.FP64.mul_div,4,1,toward_zero,1048576,2.557522774,2.550616264
12,throughput4096.FP64.mul_div,5,0,toward_zero,1048576,2.544586182,2.540564537
12,throughput4096.FP64.mul_div,5,1,nearest_even,1048576,2.447520256,2.438158989
12,throughput4096.FP64.mul_div,6,0,nearest_even,1048576,2.450129509,2.444867134
12,throughput4096.FP64.mul_div,6,1,toward_zero,1048576,2.553529739,2.550598145
12,throughput4096.FP64.mul_div,7,0,toward_zero,1048576,2.547137260,2.542522430
12,throughput4096.FP64.mul_div,7,1,nearest_even,1048576,2.448180199,2.438931465
12,throughput4096.FP64.mul_div,8,0,nearest_even,1048576,2.453501701,2.448991776
12,throughput4096.FP64.mul_div,8,1,toward_zero,1048576,2.553825378,2.548686028
12,throughput256.FP64.mul_div,0,0,nearest_even,1048576,2.415808678,2.412435532
12,throughput256.FP64.mul_div,0,1,toward_zero,1048576,2.549573898,2.538905144
12,throughput256.FP64.mul_div,1,0,toward_zero,1048576,2.536894798,2.530130386
12,throughput256.FP64.mul_div,1,1,nearest_even,1048576,2.414805412,2.410956383
12,throughput256.FP64.mul_div,2,0,nearest_even,1048576,2.429462433,2.424619675
12,throughput256.FP64.mul_div,2,1,toward_zero,1048576,2.549240112,2.540897369
12,throughput256.FP64.mul_div,3,0,toward_zero,1048576,2.538433075,2.533837318
12,throughput256.FP64.mul_div,3,1,nearest_even,1048576,2.412406921,2.407632828
12,throughput256.FP64.mul_div,4,0,nearest_even,1048576,2.423193932,2.419125557
12,throughput256.FP64.mul_div,4,1,toward_zero,1048576,2.546745300,2.541806221
12,throughput256.FP64.mul_div,5,0,toward_zero,1048576,2.540104866,2.530322075
12,throughput256.FP64.mul_div,5,1,nearest_even,1048576,2.413362503,2.408641815
12,throughput256.FP64.mul_div,6,0,nearest_even,1048576,2.426165581,2.421227455
12,throughput256.FP64.mul_div,6,1,toward_zero,1048576,2.530216217,2.527876854
12,throughput256.FP64.mul_div,7,0,toward_zero,1048576,2.541806221,2.531581879
12,throughput256.FP64.mul_div,7,1,nearest_even,1048576,2.414356232,2.410478592
12,throughput256.FP64.mul_div,8,0,nearest_even,1048576,2.430226326,2.425297737
12,throughput256.FP64.mul_div,8,1,toward_zero,1048576,2.562281609,2.557676315
12,exact_results.FP64.mul_div,0,0,nearest_even,1048576,2.589894295,2.578706741
12,exact_results.FP64.mul_div,0,1,toward_zero,1048576,2.562108994,2.557400703
12,exact_results.FP64.mul_div,1,0,toward_zero,1048576,2.558000565,2.554361343
12,exact_results.FP64.mul_div,1,1,nearest_even,1048576,2.553405762,2.542733192
12,exact_results.FP64.mul_div,2,0,nearest_even,1048576,2.544700623,2.540104866
12,exact_results.FP64.mul_div,2,1,toward_zero,1048576,2.550730705,2.547159195
12,exact_results.FP64.mul_div,3,0,toward_zero,1048576,2.549220085,2.544482231
12,exact_results.FP64.mul_div,3,1,nearest_even,1048576,2.547348022,2.535901070
12,exact_results.FP64.mul_div,4,0,nearest_even,1048576,2.543314934,2.540069580
12,exact_results.FP64.mul_div,4,1,toward_zero,1048576,2.541776657,2.536635399
12,exact_results.FP64.mul_div,5,0,toward_zero,1048576,2.548570633,2.543554306
12,exact_results.FP64.mul_div,5,1,nearest_even,1048576,2.545932770,2.537249565
12,exact_results.FP64.mul_div,6,0,nearest_even,1048576,2.541644096,2.537051201
12,exact_results.FP64.mul_div,6,1,toward_zero,1048576,2.550328255,2.544864655
12,exact_results.FP64.mul_div,7,0,toward_zero,1048576,2.540525436,2.537574768
12,exact_results.FP64.mul_div,7,1,nearest_even,1048576,2.548743248,2.537630081
12,exact_results.FP64.mul_div,8,0,nearest_even,1048576,2.541156769,2.536522865
12,exact_results.FP64.mul_div,8,1,toward_zero,1048576,2.544414520,2.541472435
12,halfway_ties.FP64.mul_div,0,0,nearest_even,1048576,2.471292496,2.466401100
12,halfway_ties.FP64.mul_div,0,1,toward_zero,1048576,2.580473900,2.570156097
12,halfway_ties.FP64.mul_div,1,0,toward_zero,1048576,2.555220604,2.551992416
12,halfway_ties.FP64.mul_div,1,1,nearest_even,1048576,2.442313194,2.438023567
12,halfway_ties.FP64.mul_div,2,0,nearest_even,1048576,2.458154678,2.454478264
12,halfway_ties.FP64.mul_div,2,1,toward_zero,1048576,2.581027985,2.569392204
12,halfway_ties.FP64.mul_div,3,0,toward_zero,1048576,2.562997818,2.558557510
12,halfway_ties.FP64.mul_div,3,1,nearest_even,1048576,2.442484856,2.439066887
12,halfway_ties.FP64.mul_div,4,0,nearest_even,1048576,2.458823204,2.453358650
12,halfway_ties.FP64.mul_div,4,1,toward_zero,1048576,2.581257820,2.570105553
12,halfway_ties.FP64.mul_div,5,0,toward_zero,1048576,2.563848495,2.560103416
12,halfway_ties.FP64.mul_div,5,1,nearest_even,1048576,2.447510719,2.441521645
12,halfway_ties.FP64.mul_div,6,0,nearest_even,1048576,2.458937645,2.455215454
12,halfway_ties.FP64.mul_div,6,1,toward_zero,1048576,2.591863632,2.581211090
12,halfway_ties.FP64.mul_div,7,0,toward_zero,1048576,2.558487892,2.553357124
12,halfway_ties.FP64.mul_div,7,1,nearest_even,1048576,2.443077087,2.439313889
12,halfway_ties.FP64.mul_div,8,0,nearest_even,1048576,2.461021423,2.455939293
12,halfway_ties.FP64.mul_div,8,1,toward_zero,1048576,2.581945419,2.572381020
12,exact_chain.FP64.mul_div,0,0,nearest_even,1048576,3.689372063,3.677424431
12,exact_chain.FP64.mul_div,0,1,toward_zero,1048576,3.635655403,3.628981590
12,exact_chain.FP64.mul_div,1,0,toward_zero,1048576,3.631135941,3.624638557
12,exact_chain.FP64.mul_div,1,1,nearest_even,1048576,3.658119202,3.644785881
12,exact_chain.FP64.mul_div,2,0,nearest_even,1048576,3.665839195,3.659442902
12,exact_chain.FP64.mul_div,2,1,toward_zero,1048576,3.632693291,3.627302170
12,exact_chain.FP64.mul_div,3,0,toward_zero,1048576,3.642420769,3.630683899
12,exact_chain.FP64.mul_div,3,1,nearest_even,1048576,3.676836967,3.667172432
12,exact_chain.FP64.mul_div,4,0,nearest_even,1048576,3.683744431,3.671146393
12,exact_chain.FP64.mul_div,4,1,toward_zero,1048576,3.644761086,3.637698174
12,exact_chain.FP64.mul_div,5,0,toward_zero,1048576,3.630065918,3.624434471
12,exact_chain.FP64.mul_div,5,1,nearest_even,1048576,3.677591324,3.664854050
12,exact_chain.FP64.mul_div,6,0,nearest_even,1048576,3.668495178,3.661536217
12,exact_chain.FP64.mul_div,6,1,toward_zero,1048576,3.633152962,3.625952721
12,exact_chain.FP64.mul_div,7,0,toward_zero,1048576,3.642448425,3.630338669
12,exact_chain.FP64.mul_div,7,1,nearest_even,1048576,3.672966003,3.665423393
12,exact_chain.FP64.mul_div,8,0,nearest_even,1048576,3.654812813,3.648466110
12,exact_chain.FP64.mul_div,8,1,toward_zero,1048576,3.639276505,3.629194260
12,inexact_chain.FP64.mul_div,0,0,nearest_even,1048576,5.058081627,5.045941353
12,inexact_chain.FP64.mul_div,0,1,toward_zero,1048576,3.648248672,3.633987427
12,inexact_chain.FP64.mul_div,1,0,toward_zero,1048576,3.634910583,3.627893448
12,inexact_chain.FP64.mul_div,1,1,nearest_even,1048576,5.057671547,5.049026489
12,inexact_chain.FP64.mul_div,2,0,nearest_even,1048576,5.056094170,5.042174339
12,inexact_chain.FP64.mul_div,2,1,toward_zero,1048576,3.631108284,3.625659943
12,inexact_chain.FP64.mul_div,3,0,toward_zero,1048576,3.641627312,3.630560875
12,inexact_chain.FP64.mul_div,3,1,nearest_even,1048576,5.056486130,5.045432091
12,inexact_chain.FP64.mul_div,4,0,nearest_even,1048576,5.065114021,5.047083855
12,inexact_chain.FP64.mul_div,4,1,toward_zero,1048576,3.632034302,3.624876022
12,inexact_chain.FP64.mul_div,5,0,toward_zero,1048576,3.641885757,3.632423401
12,inexact_chain.FP64.mul_div,5,1,nearest_even,1048576,5.058979988,5.045472145
12,inexact_chain.FP64.mul_div,6,0,nearest_even,1048576,5.053151131,5.045663834
12,inexact_chain.FP64.mul_div,6,1,toward_zero,1048576,3.637031555,3.626441956
12,inexact_chain.FP64.mul_div,7,0,toward_zero,1048576,3.653388977,3.646743774
12,inexact_chain.FP64.mul_div,7,1,nearest_even,1048576,5.058607101,5.045556068
12,inexact_chain.FP64.mul_div,8,0,nearest_even,1048576,5.048680305,5.038180351
12,inexact_chain.FP64.mul_div,8,1,toward_zero,1048576,3.629903793,3.624090195
12,throughput4096.FP128.mul,0,0,toward_zero,1048576,2.739100456,2.728315353
12,throughput4096.FP128.mul,0,1,nearest_even,1048576,2.624167442,2.618214607
12,throughput4096.FP128.mul,1,0,nearest_even,1048576,2.638289452,2.635108948
12,throughput4096.FP128.mul,1,1,toward_zero,1048576,2.764974594,2.754177094
12,throughput4096.FP128.mul,2,0,toward_zero,1048576,2.737266541,2.732384682
12,throughput4096.FP128.mul,2,1,nearest_even,1048576,2.628754616,2.624635696
12,throughput4096.FP128.mul,3,0,nearest_even,1048576,2.648942947,2.645291328
12,throughput4096.FP128.mul,3,1,toward_zero,1048576,2.759375572,2.747911453
12,throughput4096.FP128.mul,4,0,toward_zero,1048576,2.717966080,2.715986252
12,throughput4096.FP128.mul,4,1,nearest_even,1048576,2.625820160,2.619763374
12,throughput4096.FP128.mul,5,0,nearest_even,1048576,2.643066406,2.637102127
12,throughput4096.FP128.mul,5,1,toward_zero,1048576,2.766130447,2.755398750
12,throughput4096.FP128.mul,6,0,toward_zero,1048576,2.748291969,2.743686676
12,throughput4096.FP128.mul,6,1,nearest_even,1048576,2.627100945,2.622487068
12,throughput4096.FP128.mul,7,0,nearest_even,1048576,2.637515068,2.632354736
12,throughput4096.FP128.mul,7,1,toward_zero,1048576,2.769647598,2.754283905
12,throughput4096.FP128.mul,8,0,toward_zero,1048576,2.743973732,2.739951134
12,throughput4096.FP128.mul,8,1,nearest_even,1048576,2.643095970,2.635853767
12,throughput256.FP128.mul,0,0,nearest_even,1048576,2.660876274,2.649078369
12,throughput256.FP128.mul,0,1,toward_zero,1048576,2.742329597,2.735305786
12,throughput256.FP128.mul,1,0,toward_zero,1048576,2.737467766,2.733435631
12,throughput256.FP128.mul,1,1,nearest_even,1048576,2.627023697,2.623165131
12,throughput256.FP128.mul,2,0,nearest_even,1048576,2.653308868,2.642990112
12,throughput256.FP128.mul,2,1,toward_zero,1048576,2.751894951,2.746992111
12,throughput256.FP128.mul,3,0,toward_zero,1048576,2.742473602,2.737314224
12,throughput256.FP128.mul,3,1,nearest_even,1048576,2.628572464,2.626048088
12,throughput256.FP128.mul,4,0,nearest_even,1048576,2.649333954,2.639473915
12,throughput256.FP128.mul,4,1,toward_zero,1048576,2.747393608,2.743181229
12,throughput256.FP128.mul,5,0,toward_zero,1048576,2.772418976,2.766798973
12,throughput256.FP128.mul,5,1,nearest_even,1048576,2.630922318,2.626137733
12,throughput256.FP128.mul,6,0,nearest_even,1048576,2.653987885,2.643820763
12,throughput256.FP128.mul,6,1,toward_zero,1048576,2.739655495,2.736531258
12,throughput256.FP128.mul,7,0,toward_zero,1048576,2.718796730,2.714382172
12,throughput256.FP128.mul,7,1,nearest_even,1048576,2.629623413,2.622363091
12,throughput256.FP128.mul,8,0,nearest_even,1048576,2.647089005,2.643104553
12,throughput256.FP128.mul,8,1,toward_zero,1048576,2.754493713,2.747374535
12,exact_results.FP128.mul,0,0,toward_zero,1048576,2.754379272,2.748769760
12,exact_results.FP128.mul,0,1,nearest_even,1048576,2.648799896,2.636700630
12,exact_results.FP128.mul,1,0,nearest_even,1048576,2.637410164,2.632090569
12,exact_results.FP128.mul,1,1,toward_zero,1048576,2.727778435,2.698903084
12,exact_results.FP128.mul,2,0,toward_zero,1048576,2.722876549,2.718760490
12,exact_results.FP128.mul,2,1,nearest_even,1048576,2.638624191,2.627578735
12,exact_results.FP128.mul,3,0,nearest_even,1048576,2.635403633,2.630723953
12,exact_results.FP128.mul,3,1,toward_zero,1048576,2.708086014,2.702746391
12,exact_results.FP128.mul,4,0,toward_zero,1048576,2.699696541,2.693895340
12,exact_results.FP128.mul,4,1,nearest_even,1048576,2.636884689,2.626937866
12,exact_results.FP128.mul,5,0,nearest_even,1048576,2.627856255,2.622524261
12,exact_results.FP128.mul,5,1,toward_zero,1048576,2.713054657,2.708764076
12,exact_results.FP128.mul,6,0,toward_zero,1048576,2.714478493,2.703994751
12,exact_results.FP128.mul,6,1,nearest_even,1048576,2.632049561,2.626815796
12,exact_results.FP128.mul,7,0,nearest_even,1048576,2.630225182,2.627043724
12,exact_results.FP128.mul,7,1,toward_zero,1048576,2.718711853,2.713273048
12,exact_results.FP128.mul,8,0,toward_zero,1048576,2.727826118,2.714658737
12,exact_results.FP128.mul,8,1,nearest_even,1048576,2.633033752,2.628056526
12,halfway_ties.FP128.mul,0,0,nearest_even,1048576,2.647290230,2.642694473
12,halfway_ties.FP128.mul,0,1,toward_zero,1048576,2.754073143,2.748905182
12,halfway_ties.FP128.mul,1,0,toward_zero,1048576,2.734580994,2.723449707
12,halfway_ties.FP128.mul,1,1,nearest_even,1048576,2.628046036,2.622956276
12,halfway_ties.FP128.mul,2,0,nearest_even,1048576,2.642904282,2.638182640
12,halfway_ties.FP128.mul,2,1,toward_zero,1048576,2.739416122,2.736961365
12,halfway_ties.FP128.mul,3,0,toward_zero,1048576,2.736128807,2.726423264
12,halfway_ties.FP128.mul,3,1,nearest_even,1048576,2.634592056,2.628678322
12,halfway_ties.FP128.mul,4,0,nearest_even,1048576,2.645809174,2.640717506
12,halfway_ties.FP128.mul,4,1,toward_zero,1048576,2.747623444,2.735883713
12,halfway_ties.FP128.mul,5,0,toward_zero,1048576,2.725542068,2.719808578
12,halfway_ties.FP128.mul,5,1,nearest_even,1048576,2.629231453,2.624740601
12,halfway_ties.FP128.mul,6,0,nearest_even,1048576,2.645111084,2.639867783
12,halfway_ties.FP128.mul,6,1,toward_zero,1048576,2.755047798,2.740420341
12,halfway_ties.FP128.mul,7,0,toward_zero,1048576,2.726058960,2.720842361
12,halfway_ties.FP128.mul,7,1,nearest_even,1048576,2.630904198,2.625563622
12,halfway_ties.FP128.mul,8,0,nearest_even,1048576,2.640534401,2.637037277
12,halfway_ties.FP128.mul,8,1,toward_zero,1048576,2.749171257,2.739319801
12,exact_chain.FP128.mul,0,0,toward_zero,1048576,3.702720642,3.689568520
12,exact_chain.FP128.mul,0,1,nearest_even,1048576,3.697340965,3.690369606
12,exact_chain.FP128.mul,1,0,nearest_even,1048576,3.705032349,3.693342209
12,exact_chain.FP128.mul,1,1,toward_zero,1048576,3.693202972,3.686607361
12,exact_chain.FP128.mul,2,0,toward_zero,1048576,3.674954414,3.668531418
12,exact_chain.FP128.mul,2,1,nearest_even,1048576,3.711854935,3.700855255
12,exact_chain.FP128.mul,3,0,nearest_even,1048576,3.714615822,3.703299522
12,exact_chain.FP128.mul,3,1,toward_zero,1048576,3.684614182,3.677731514
12,exact_chain.FP128.mul,4,0,toward_zero,1048576,3.677867889,3.665656090
12,exact_chain.FP128.mul,4,1,nearest_even,1048576,3.708395004,3.699536324
12,exact_chain.FP128.mul,5,0,nearest_even,1048576,3.712360382,3.705813408
12,exact_chain.FP128.mul,5,1,toward_zero,1048576,3.688712120,3.676267624
12,exact_chain.FP128.mul,6,0,toward_zero,1048576,3.669813156,3.663494110
12,exact_chain.FP128.mul,6,1,nearest_even,1048576,3.716555595,3.705937386
12,exact_chain.FP128.mul,7,0,nearest_even,1048576,3.707421303,3.700491905
12,exact_chain.FP128.mul,7,1,toward_zero,1048576,3.667301178,3.660361290
12,exact_chain.FP128.mul,8,0,toward_zero,1048576,3.689783096,3.676623344
12,exact_chain.FP128.mul,8,1,nearest_even,1048576,3.709952354,3.702867508
12,inexact_chain.FP128.mul,0,0,toward_zero,1048576,3.710039139,3.703853607
12,inexact_chain.FP128.mul,0,1,nearest_even,1048576,5.131347656,5.116985321
12,inexact_chain.FP128.mul,1,0,nearest_even,1048576,5.128834724,5.117134094
12,inexact_chain.FP128.mul,1,1,toward_zero,1048576,3.680686951,3.670956612
12,inexact_chain.FP128.mul,2,0,toward_zero,1048576,3.660899162,3.655336380
12,inexact_chain.FP128.mul,2,1,nearest_even,1048576,5.135064125,5.118758202
12,inexact_chain.FP128.mul,3,0,nearest_even,1048576,5.124285698,5.116365433
12,inexact_chain.FP128.mul,3,1,toward_zero,1048576,3.662199020,3.656290054
12,inexact_chain.FP128.mul,4,0,toward_zero,1048576,3.684098244,3.673184395
12,inexact_chain.FP128.mul,4,1,nearest_even,1048576,4.886985779,4.879411697
12,inexact_chain.FP128.mul,5,0,nearest_even,1048576,5.114397049,5.101614952
12,inexact_chain.FP128.mul,5,1,toward_zero,1048576,3.665437698,3.658058167
12,inexact_chain.FP128.mul,6,0,toward_zero,1048576,3.675824165,3.669323921
12,inexact_chain.FP128.mul,6,1,nearest_even,1048576,5.129703522,5.116301537
12,inexact_chain.FP128.mul,7,0,nearest_even,1048576,5.133306503,5.118735313
12,inexact_chain.FP128.mul,7,1,toward_zero,1048576,3.656790733,3.650557518
12,inexact_chain.FP128.mul,8,0,toward_zero,1048576,3.669469833,3.663592339
12,inexact_chain.FP128.mul,8,1,nearest_even,1048576,5.136697769,5.119767189
12,throughput4096.FP128.div,0,0,nearest_even,1048576,3.240961075,3.234119415
12,throughput4096.FP128.div,0,1,toward_zero,1048576,2.596315384,2.590268135
12,throughput4096.FP128.div,1,0,toward_zero,1048576,2.650528908,2.641834259
12,throughput4096.FP128.div,1,1,nearest_even,1048576,3.323150635,3.318130493
12,throughput4096.FP128.div,2,0,nearest_even,1048576,3.285591125,3.280192375
12,throughput4096.FP128.div,2,1,toward_zero,1048576,2.620430946,2.608822823
12,throughput4096.FP128.div,3,0,toward_zero,1048576,2.647777557,2.642065048
12,throughput4096.FP128.div,3,1,nearest_even,1048576,3.332609177,3.325985909
12,throughput4096.FP128.div,4,0,nearest_even,1048576,3.299570084,3.291751862
12,throughput4096.FP128.div,4,1,toward_zero,1048576,2.622886658,2.613924026
12,throughput4096.FP128.div,5,0,toward_zero,1048576,2.650356293,2.644098282
12,throughput4096.FP128.div,5,1,nearest_even,1048576,3.334014893,3.327515602
12,throughput4096.FP128.div,6,0,nearest_even,1048576,3.310519218,3.300293922
12,throughput4096.FP128.div,6,1,toward_zero,1048576,2.607389450,2.602591515
12,throughput4096.FP128.div,7,0,toward_zero,1048576,2.650032043,2.645254135
12,throughput4096.FP128.div,7,1,nearest_even,1048576,3.333326340,3.328088760
12,throughput4096.FP128.div,8,0,nearest_even,1048576,3.314474106,3.302146912
12,throughput4096.FP128.div,8,1,toward_zero,1048576,2.611077309,2.608728409
12,throughput256.FP128.div,0,0,toward_zero,1048576,2.649190903,2.645599365
12,throughput256.FP128.div,0,1,nearest_even,1048576,3.342345238,3.329550743
12,throughput256.FP128.div,1,0,nearest_even,1048576,3.298748016,3.293339729
12,throughput256.FP128.div,1,1,toward_zero,1048576,2.608545303,2.603509903
12,throughput256.FP128.div,2,0,toward_zero,1048576,2.647739410,2.644355774
12,throughput256.FP128.div,2,1,nearest_even,1048576,3.336899757,3.325680733
12,throughput256.FP128.div,3,0,nearest_even,1048576,3.296110153,3.289086342
12,throughput256.FP128.div,3,1,toward_zero,1048576,2.608354568,2.604399681
12,throughput256.FP128.div,4,0,toward_zero,1048576,2.558068275,2.548055649
12,throughput256.FP128.div,4,1,nearest_even,1048576,3.332934380,3.326958656
12,throughput256.FP128.div,5,0,nearest_even,1048576,3.293750763,3.289210320
12,throughput256.FP128.div,5,1,toward_zero,1048576,2.614985466,2.604625702
12,throughput256.FP128.div,6,0,toward_zero,1048576,2.648168564,2.643582344
12,throughput256.FP128.div,6,1,nearest_even,1048576,3.330431938,3.325700760
12,throughput256.FP128.div,7,0,nearest_even,1048576,3.297830582,3.291444778
12,throughput256.FP128.div,7,1,toward_zero,1048576,2.618500710,2.609588623
12,throughput256.FP128.div,8,0,toward_zero,1048576,2.651484489,2.646726608
12,throughput256.FP128.div,8,1,nearest_even,1048576,3.335103035,3.329379082
12,exact_results.FP128.div,0,0,toward_zero,1048576,2.656366348,2.645254135
12,exact_results.FP128.div,0,1,nearest_even,1048576,2.468636513,2.463619232
12,exact_results.FP128.div,1,0,nearest_even,1048576,2.439084053,2.435569763
12,exact_results.FP128.div,1,1,toward_zero,1048576,2.628896713,2.624128342
12,exact_results.FP128.div,2,0,toward_zero,1048576,2.658124924,2.646727562
12,exact_results.FP128.div,2,1,nearest_even,1048576,2.462311745,2.459063530
12,exact_results.FP128.div,3,0,nearest_even,1048576,2.447185516,2.442743301
12,exact_results.FP128.div,3,1,toward_zero,1048576,2.628648758,2.624081612
12,exact_results.FP128.div,4,0,toward_zero,1048576,2.657570839,2.647741318
12,exact_results.FP128.div,4,1,nearest_even,1048576,2.461469650,2.456494331
12,exact_results.FP128.div,5,0,nearest_even,1048576,2.443546295,2.438790321
12,exact_results.FP128.div,5,1,toward_zero,1048576,2.627464294,2.623498917
12,exact_results.FP128.div,6,0,toward_zero,1048576,2.576689720,2.566028595
12,exact_results.FP128.div,6,1,nearest_even,1048576,2.465866089,2.461624146
12,exact_results.FP128.div,7,0,nearest_even,1048576,2.446545601,2.443650246
12,exact_results.FP128.div,7,1,toward_zero,1048576,2.624816895,2.619771957
12,exact_results.FP128.div,8,0,toward_zero,1048576,2.585958481,2.575201988
12,exact_results.FP128.div,8,1,nearest_even,1048576,2.457170486,2.453989029
12,halfway_ties.FP128.div,0,0,nearest_even,1048576,3.321201324,3.315829277
12,halfway_ties.FP128.div,0,1,toward_zero,1048576,2.617469788,2.613018036
12,halfway_ties.FP128.div,1,0,toward_zero,1048576,2.668376923,2.657256126
12,halfway_ties.FP128.div,1,1,nearest_even,1048576,3.339393616,3.334546089
12,halfway_ties.FP128.div,2,0,nearest_even,1048576,3.302512169,3.296917915
12,halfway_ties.FP128.div,2,1,toward_zero,1048576,2.626269341,2.616497993
12,halfway_ties.FP128.div,3,0,toward_zero,1048576,2.650652885,2.647213936
12,halfway_ties.FP128.div,3,1,nearest_even,1048576,3.340167046,3.333362579
12,halfway_ties.FP128.div,4,0,nearest_even,1048576,3.309917450,3.299968719
12,halfway_ties.FP128.div,4,1,toward_zero,1048576,2.612482071,2.607666969
12,halfway_ties.FP128.div,5,0,toward_zero,1048576,2.651284218,2.646821976
12,halfway_ties.FP128.div,5,1,nearest_even,1048576,3.334787369,3.330669403
12,halfway_ties.FP128.div,6,0,nearest_even,1048576,3.313281059,3.300253868
12,halfway_ties.FP128.div,6,1,toward_zero,1048576,2.614258766,2.609405518
12,halfway_ties.FP128.div,7,0,toward_zero,1048576,2.648541451,2.645741463
12,halfway_ties.FP128.div,7,1,nearest_even,1048576,3.353410721,3.341723442
12,halfway_ties.FP128.div,8,0,nearest_even,1048576,3.300151825,3.295496941
12,halfway_ties.FP128.div,8,1,toward_zero,1048576,2.608287811,2.604436874
12,exact_chain.FP128.div,0,0,nearest_even,1048576,4.106405258,4.093494415
12,exact_chain.FP128.div,0,1,toward_zero,1048576,4.063133240,4.055913925
12,exact_chain.FP128.div,1,0,toward_zero,1048576,4.080408096,4.067370415
12,exact_chain.FP128.div,1,1,nearest_even,1048576,4.083006859,4.068644524
12,exact_chain.FP128.div,2,0,nearest_even,1048576,4.066678047,4.059038162
12,exact_chain.FP128.div,2,1,toward_zero,1048576,4.052803993,4.039469719
12,exact_chain.FP128.div,3,0,toward_zero,1048576,4.056234360,4.046873093
12,exact_chain.FP128.div,3,1,nearest_even,1048576,4.057839394,4.050812721
12,exact_chain.FP128.div,4,0,nearest_even,1048576,4.065454483,4.052885056
12,exact_chain.FP128.div,4,1,toward_zero,1048576,4.045704842,4.039604187
12,exact_chain.FP128.div,5,0,toward_zero,1048576,4.058470726,4.050229073
12,exact_chain.FP128.div,5,1,nearest_even,1048576,4.076701164,4.065267563
12,exact_chain.FP128.div,6,0,nearest_even,1048576,4.059243202,4.053258896
12,exact_chain.FP128.div,6,1,toward_zero,1048576,4.050893784,4.039145470
12,exact_chain.FP128.div,7,0,toward_zero,1048576,4.061174393,4.052168846
12,exact_chain.FP128.div,7,1,nearest_even,1048576,4.068989754,4.061800957
12,exact_chain.FP128.div,8,0,nearest_even,1048576,4.052125931,4.040960312
12,exact_chain.FP128.div,8,1,toward_zero,1048576,4.046173096,4.038552284
12,inexact_chain.FP128.div,0,0,toward_zero,1048576,4.079624176,4.066623688
12,inexact_chain.FP128.div,0,1,nearest_even,1048576,5.428966522,5.419356346
12,inexact_chain.FP128.div,1,0,nearest_even,1048576,5.417376518,5.402233124
12,inexact_chain.FP128.div,1,1,toward_zero,1048576,4.051313400,4.044058800
12,inexact_chain.FP128.div,2,0,toward_zero,1048576,4.084955215,4.072835922
12,inexact_chain.FP128.div,2,1,nearest_even,1048576,5.394836426,5.377714157
12,inexact_chain.FP128.div,3,0,nearest_even,1048576,5.364978790,5.349567413
12,inexact_chain.FP128.div,3,1,toward_zero,1048576,4.053606033,4.048058510
12,inexact_chain.FP128.div,4,0,toward_zero,1048576,4.080589294,4.072576523
12,inexact_chain.FP128.div,4,1,nearest_even,1048576,5.376883507,5.364108086
12,inexact_chain.FP128.div,5,0,nearest_even,1048576,5.365743637,5.349009514
12,inexact_chain.FP128.div,5,1,toward_zero,1048576,4.052335739,4.046634674
12,inexact_chain.FP128.div,6,0,toward_zero,1048576,4.072572708,4.066407204
12,inexact_chain.FP128.div,6,1,nearest_even,1048576,5.377581596,5.362677574
12,inexact_chain.FP128.div,7,0,nearest_even,1048576,5.358013153,5.348945618
12,inexact_chain.FP128.div,7,1,toward_zero,1048576,4.057256699,4.045929909
12,inexact_chain.FP128.div,8,0,toward_zero,1048576,4.071951866,4.066463470
12,inexact_chain.FP128.div,8,1,nearest_even,1048576,5.378794670,5.364052773
12,throughput4096.FP128.mul_div,0,0,toward_zero,1048576,3.125884056,3.118057251
12,throughput4096.FP128.mul_div,0,1,nearest_even,1048576,4.710730553,4.697215080
12,throughput4096.FP128.mul_div,1,0,nearest_even,1048576,4.689528465,4.681647301
12,throughput4096.FP128.mul_div,1,1,toward_zero,1048576,3.133193016,3.129570007
12,throughput4096.FP128.mul_div,2,0,toward_zero,1048576,3.173351288,3.163194656
12,throughput4096.FP128.mul_div,2,1,nearest_even,1048576,4.718660355,4.710955620
12,throughput4096.FP128.mul_div,3,0,nearest_even,1048576,4.721536636,4.707128525
12,throughput4096.FP128.mul_div,3,1,toward_zero,1048576,3.125024796,3.119529724
12,throughput4096.FP128.mul_div,4,0,toward_zero,1048576,3.151080132,3.145270348
12,throughput4096.FP128.mul_div,4,1,nearest_even,1048576,4.732534409,4.719619751
12,throughput4096.FP128.mul_div,5,0,nearest_even,1048576,4.691076279,4.681889534
12,throughput4096.FP128.mul_div,5,1,toward_zero,1048576,3.131130219,3.127171516
12,throughput4096.FP128.mul_div,6,0,toward_zero,1048576,3.158379555,3.146338463
12,throughput4096.FP128.mul_div,6,1,nearest_even,1048576,4.714342117,4.705181122
12,throughput4096.FP128.mul_div,7,0,nearest_even,1048576,4.708924294,4.691491127
12,throughput4096.FP128.mul_div,7,1,toward_zero,1048576,3.125798225,3.120580673
12,throughput4096.FP128.mul_div,8,0,toward_zero,1048576,3.152503967,3.146388054
12,throughput4096.FP128.mul_div,8,1,nearest_even,1048576,4.727231026,4.714410782
12,throughput256.FP128.mul_div,0,0,toward_zero,1048576,3.122205734,3.117121696
12,throughput256.FP128.mul_div,0,1,nearest_even,1048576,4.705141068,4.696391106
12,throughput256.FP128.mul_div,1,0,nearest_even,1048576,4.712612152,4.699363708
12,throughput256.FP128.mul_div,1,1,toward_zero,1048576,3.129343033,3.124765396
12,throughput256.FP128.mul_div,2,0,toward_zero,1048576,3.143589020,3.133163452
12,throughput256.FP128.mul_div,2,1,nearest_even,1048576,4.709536552,4.701406479
12,throughput256.FP128.mul_div,3,0,nearest_even,1048576,4.683977127,4.671881676
12,throughput256.FP128.mul_div,3,1,toward_zero,1048576,3.163119316,3.152188301
12,throughput256.FP128.mul_div,4,0,toward_zero,1048576,3.150669098,3.146072388
12,throughput256.FP128.mul_div,4,1,nearest_even,1048576,4.743722916,4.728859901
12,throughput256.FP128.mul_div,5,0,nearest_even,1048576,4.714657784,4.705078125
12,throughput256.FP128.mul_div,5,1,toward_zero,1048576,3.167561531,3.161883354
12,throughput256.FP128.mul_div,6,0,toward_zero,1048576,3.144143105,3.133412361
12,throughput256.FP128.mul_div,6,1,nearest_even,1048576,4.704386711,4.696763992
12,throughput256.FP128.mul_div,7,0,nearest_even,1048576,4.727145195,4.713208199
12,throughput256.FP128.mul_div,7,1,toward_zero,1048576,3.119397163,3.113030434
12,throughput256.FP128.mul_div,8,0,toward_zero,1048576,3.215020180,3.210402489
12,throughput256.FP128.mul_div,8,1,nearest_even,1048576,4.715182304,4.702114105
12,exact_results.FP128.mul_div,0,0,nearest_even,1048576,3.248681068,3.243511200
12,exact_results.FP128.mul_div,0,1,toward_zero,1048576,3.158475876,3.153161049
12,exact_results.FP128.mul_div,1,0,toward_zero,1048576,3.161370277,3.147447586
12,exact_results.FP128.mul_div,1,1,nearest_even,1048576,3.256917000,3.251400948
12,exact_results.FP128.mul_div,2,0,nearest_even,1048576,3.252713203,3.247752190
12,exact_results.FP128.mul_div,2,1,toward_zero,1048576,3.166300774,3.153856277
12,exact_results.FP128.mul_div,3,0,toward_zero,1048576,3.156726837,3.152081490
12,exact_results.FP128.mul_div,3,1,nearest_even,1048576,3.254537582,3.248735428
12,exact_results.FP128.mul_div,4,0,nearest_even,1048576,3.264303207,3.254280090
12,exact_results.FP128.mul_div,4,1,toward_zero,1048576,3.150918007,3.146348953
12,exact_results.FP128.mul_div,5,0,toward_zero,1048576,3.164532661,3.157728195
12,exact_results.FP128.mul_div,5,1,nearest_even,1048576,3.259755135,3.250102043
12,exact_results.FP128.mul_div,6,0,nearest_even,1048576,3.253640175,3.248754501
12,exact_results.FP128.mul_div,6,1,toward_zero,1048576,3.158360481,3.152941704
12,exact_results.FP128.mul_div,7,0,toward_zero,1048576,3.146617889,3.142403603
12,exact_results.FP128.mul_div,7,1,nearest_even,1048576,3.276667595,3.265592575
12,exact_results.FP128.mul_div,8,0,nearest_even,1048576,3.312295914,3.305431366
12,exact_results.FP128.mul_div,8,1,toward_zero,1048576,3.162411690,3.157660484
12,halfway_ties.FP128.mul_div,0,0,nearest_even,1048576,4.768326759,4.752335548
12,halfway_ties.FP128.mul_div,0,1,toward_zero,1048576,3.161016464,3.154279709
12,halfway_ties.FP128.mul_div,1,0,toward_zero,1048576,3.168641090,3.155463219
12,halfway_ties.FP128.mul_div,1,1,nearest_even,1048576,4.742567062,4.731027603
12,halfway_ties.FP128.mul_div,2,0,nearest_even,1048576,4.709860802,4.692847252
12,halfway_ties.FP128.mul_div,2,1,toward_zero,1048576,3.150010109,3.144237518
12,halfway_ties.FP128.mul_div,3,0,toward_zero,1048576,3.149637222,3.143893242
12,halfway_ties.FP128.mul_div,3,1,nearest_even,1048576,4.733145714,4.718349457
12,halfway_ties.FP128.mul_div,4,0,nearest_even,1048576,4.696025848,4.687486649
12,halfway_ties.FP128.mul_div,4,1,toward_zero,1048576,3.127985954,3.122739792
12,halfway_ties.FP128.mul_div,5,0,toward_zero,1048576,3.151605606,3.139460564
12,halfway_ties.FP128.mul_div,5,1,nearest_even,1048576,4.719158173,4.709435463
12,halfway_ties.FP128.mul_div,6,0,nearest_even,1048576,4.727002144,4.712492943
12,halfway_ties.FP128.mul_div,6,1,toward_zero,1048576,3.169167519,3.163985252
12,halfway_ties.FP128.mul_div,7,0,toward_zero,1048576,3.163128853,3.156784058
12,halfway_ties.FP128.mul_div,7,1,nearest_even,1048576,4.740732193,4.726299286
12,halfway_ties.FP128.mul_div,8,0,nearest_even,1048576,4.727326393,4.717898369
12,halfway_ties.FP128.mul_div,8,1,toward_zero,1048576,3.125072479,3.118897438
12,exact_chain.FP128.mul_div,0,0,toward_zero,1048576,3.909866333,3.898116112
12,exact_chain.FP128.mul_div,0,1,nearest_even,1048576,3.889877319,3.883415222
12,exact_chain.FP128.mul_div,1,0,nearest_even,1048576,3.889590263,3.881361008
12,exact_chain.FP128.mul_div,1,1,toward_zero,1048576,3.953779221,3.939358711
12,exact_chain.FP128.mul_div,2,0,toward_zero,1048576,3.920739174,3.913351059
12,exact_chain.FP128.mul_div,2,1,nearest_even,1048576,3.884268761,3.871950150
12,exact_chain.FP128.mul_div,3,0,nearest_even,1048576,3.883026123,3.876037598
12,exact_chain.FP128.mul_div,3,1,toward_zero,1048576,3.898820877,3.892729759
12,exact_chain.FP128.mul_div,4,0,toward_zero,1048576,3.948467255,3.936717033
12,exact_chain.FP128.mul_div,4,1,nearest_even,1048576,3.884116173,3.877336502
12,exact_chain.FP128.mul_div,5,0,nearest_even,1048576,3.885749817,3.872865677
12,exact_chain.FP128.mul_div,5,1,toward_zero,1048576,3.923777580,3.917199135
12,exact_chain.FP128.mul_div,6,0,toward_zero,1048576,3.932797432,3.921461105
12,exact_chain.FP128.mul_div,6,1,nearest_even,1048576,3.896087646,3.883775711
12,exact_chain.FP128.mul_div,7,0,nearest_even,1048576,3.874848366,3.867172241
12,exact_chain.FP128.mul_div,7,1,toward_zero,1048576,3.910525322,3.904856682
12,exact_chain.FP128.mul_div,8,0,toward_zero,1048576,3.934880257,3.922256470
12,exact_chain.FP128.mul_div,8,1,nearest_even,1048576,3.885186195,3.878044128
12,inexact_chain.FP128.mul_div,0,0,nearest_even,1048576,5.106543541,5.092402458
12,inexact_chain.FP128.mul_div,0,1,toward_zero,1048576,3.915876389,3.907941818
12,inexact_chain.FP128.mul_div,1,0,toward_zero,1048576,3.923109055,3.916711807
12,inexact_chain.FP128.mul_div,1,1,nearest_even,1048576,5.148545265,5.132716179
12,inexact_chain.FP128.mul_div,2,0,nearest_even,1048576,5.123551369,5.109401703
12,inexact_chain.FP128.mul_div,2,1,toward_zero,1048576,3.906415939,3.897487640
12,inexact_chain.FP128.mul_div,3,0,toward_zero,1048576,3.930953026,3.923477173
12,inexact_chain.FP128.mul_div,3,1,nearest_even,1048576,5.108444214,5.095049858
12,inexact_chain.FP128.mul_div,4,0,nearest_even,1048576,5.079312325,5.071516037
12,inexact_chain.FP128.mul_div,4,1,toward_zero,1048576,3.920596123,3.909652710
12,inexact_chain.FP128.mul_div,5,0,toward_zero,1048576,3.922918320,3.911829948
12,inexact_chain.FP128.mul_div,5,1,nearest_even,1048576,5.156064987,5.143958092
12,inexact_chain.FP128.mul_div,6,0,nearest_even,1048576,5.074831009,5.067038536
12,inexact_chain.FP128.mul_div,6,1,toward_zero,1048576,3.918694496,3.911651611
12,inexact_chain.FP128.mul_div,7,0,toward_zero,1048576,3.938052177,3.917602539
12,inexact_chain.FP128.mul_div,7,1,nearest_even,1048576,5.145889282,5.138476372
12,inexact_chain.FP128.mul_div,8,0,nearest_even,1048576,5.086030006,5.073075294
12,inexact_chain.FP128.mul_div,8,1,toward_zero,1048576,3.890115738,3.883289337
12,wide_product.FP128.mul,0,0,nearest_even,1048576,6.669671059,6.650249481
12,wide_product.FP128.mul,0,1,toward_zero,1048576,5.968969345,5.952543259
12,wide_product.FP128.mul,1,0,toward_zero,1048576,5.950031281,5.939893723
12,wide_product.FP128.mul,1,1,nearest_even,1048576,6.607632637,6.589904785
12,wide_product.FP128.mul,2,0,nearest_even,1048576,6.598087311,6.586482048
12,wide_product.FP128.mul,2,1,toward_zero,1048576,5.957914352,5.941648483
12,wide_product.FP128.mul,3,0,toward_zero,1048576,5.967535973,5.951223373
12,wide_product.FP128.mul,3,1,nearest_even,1048576,6.589975357,6.576443672
12,wide_product.FP128.mul,4,0,nearest_even,1048576,6.604976654,6.589239120
12,wide_product.FP128.mul,4,1,toward_zero,1048576,5.964239120,5.946447372
12,wide_product.FP128.mul,5,0,toward_zero,1048576,5.950222969,5.940619469
12,wide_product.FP128.mul,5,1,nearest_even,1048576,6.601231575,6.584403038
12,wide_product.FP128.mul,6,0,nearest_even,1048576,6.595451355,6.582642555
12,wide_product.FP128.mul,6,1,toward_zero,1048576,5.958391190,5.942728996
12,wide_product.FP128.mul,7,0,toward_zero,1048576,5.952610970,5.937905312
12,wide_product.FP128.mul,7,1,nearest_even,1048576,6.595307350,6.583702087
12,wide_product.FP128.mul,8,0,nearest_even,1048576,6.601938248,6.584323883
12,wide_product.FP128.mul,8,1,toward_zero,1048576,5.943027496,5.933670044
12,native_by64.FP128.div,0,0,toward_zero,1048576,4.042083740,4.034656525
12,native_by64.FP128.div,0,1,nearest_even,1048576,6.369902611,6.350081444
12,native_by64.FP128.div,1,0,nearest_even,1048576,6.349389076,6.337643623
12,native_by64.FP128.div,1,1,toward_zero,1048576,4.045073509,4.032438278
12,native_by64.FP128.div,2,0,toward_zero,1048576,3.975717545,3.969195366
12,native_by64.FP128.div,2,1,nearest_even,1048576,6.359459877,6.342428207
12,native_by64.FP128.div,3,0,nearest_even,1048576,6.336451530,6.325603485
12,native_by64.FP128.div,3,1,toward_zero,1048576,3.972592354,3.959705353
12,native_by64.FP128.div,4,0,toward_zero,1048576,3.957591057,3.949998856
12,native_by64.FP128.div,4,1,nearest_even,1048576,6.355867386,6.340079308
12,native_by64.FP128.div,5,0,nearest_even,1048576,6.342155457,6.331497192
12,native_by64.FP128.div,5,1,toward_zero,1048576,3.975697517,3.964437485
12,native_by64.FP128.div,6,0,toward_zero,1048576,3.987545967,3.977547646
12,native_by64.FP128.div,6,1,nearest_even,1048576,6.352541924,6.332462311
12,native_by64.FP128.div,7,0,nearest_even,1048576,6.344142914,6.331058502
12,native_by64.FP128.div,7,1,toward_zero,1048576,4.000902176,3.986875534
12,native_by64.FP128.div,8,0,toward_zero,1048576,3.968569756,3.961839676
12,native_by64.FP128.div,8,1,nearest_even,1048576,6.360003471,6.342961311
12,native_by128.FP128.div,0,0,toward_zero,1048576,6.075647354,6.065878868
12,native_by128.FP128.div,0,1,nearest_even,1048576,10.032092094,10.004827499
12,native_by128.FP128.div,1,0,nearest_even,1048576,9.988885880,9.966799736
12,native_by128.FP128.div,1,1,toward_zero,1048576,6.052591324,6.035400391
12,native_by128.FP128.div,2,0,toward_zero,1048576,6.082508087,6.066474915
12,native_by128.FP128.div,2,1,nearest_even,1048576,10.046251297,10.023591995
12,native_by128.FP128.div,3,0,nearest_even,1048576,9.968916893,9.945604324
12,native_by128.FP128.div,3,1,toward_zero,1048576,6.066503525,6.054423332
12,native_by128.FP128.div,4,0,toward_zero,1048576,6.072398186,6.055206299
12,native_by128.FP128.div,4,1,nearest_even,1048576,10.032092094,10.012433052
12,native_by128.FP128.div,5,0,nearest_even,1048576,9.959361076,9.935114861
12,native_by128.FP128.div,5,1,toward_zero,1048576,6.065232277,6.055685997
12,native_by128.FP128.div,6,0,toward_zero,1048576,6.061095238,6.044125557
12,native_by128.FP128.div,6,1,nearest_even,1048576,10.056217194,10.032528877
12,native_by128.FP128.div,7,0,nearest_even,1048576,10.015170097,9.992137909
12,native_by128.FP128.div,7,1,toward_zero,1048576,6.052400589,6.040141106
12,native_by128.FP128.div,8,0,toward_zero,1048576,6.058209419,6.042289734
12,native_by128.FP128.div,8,1,nearest_even,1048576,9.998354912,9.975121498
12,wide_by64.FP128.div,0,0,toward_zero,1048576,6.528586388,6.512396812
12,wide_by64.FP128.div,0,1,nearest_even,1048576,7.961580276,7.938956261
12,wide_by64.FP128.div,1,0,nearest_even,1048576,7.928282738,7.916082382
12,wide_by64.FP128.div,1,1,toward_zero,1048576,6.455187798,6.437652588
12,wide_by64.FP128.div,2,0,toward_zero,1048576,6.466127396,6.448207855
12,wide_by64.FP128.div,2,1,nearest_even,1048576,7.924622536,7.908945084
12,wide_by64.FP128.div,3,0,nearest_even,1048576,7.929076195,7.910255432
12,wide_by64.FP128.div,3,1,toward_zero,1048576,6.464723587,6.447127342
12,wide_by64.FP128.div,4,0,toward_zero,1048576,6.454089165,6.441196442
12,wide_by64.FP128.div,4,1,nearest_even,1048576,7.938506126,7.919980049
12,wide_by64.FP128.div,5,0,nearest_even,1048576,7.922836304,7.903519630
12,wide_by64.FP128.div,5,1,toward_zero,1048576,6.460252762,6.445453644
12,wide_by64.FP128.div,6,0,toward_zero,1048576,6.450897217,6.439589500
12,wide_by64.FP128.div,6,1,nearest_even,1048576,7.927050591,7.908379555
12,wide_by64.FP128.div,7,0,nearest_even,1048576,7.916854858,7.894556046
12,wide_by64.FP128.div,7,1,toward_zero,1048576,6.442107201,6.432479858
12,wide_by64.FP128.div,8,0,toward_zero,1048576,6.462554932,6.445105553
12,wide_by64.FP128.div,8,1,nearest_even,1048576,7.935658455,7.911742210
12,wide_by128.FP128.div,0,0,toward_zero,1048576,12.450919151,12.425949097
12,wide_by128.FP128.div,0,1,nearest_even,1048576,13.704638481,13.671017647
12,wide_by128.FP128.div,1,0,nearest_even,1048576,13.665760994,13.633540154
12,wide_by128.FP128.div,1,1,toward_zero,1048576,12.342245102,12.312304497
12,wide_by128.FP128.div,2,0,toward_zero,1048576,12.296715736,12.269540787
12,wide_by128.FP128.div,2,1,nearest_even,1048576,13.727407455,13.689868927
12,wide_by128.FP128.div,3,0,nearest_even,1048576,13.702182770,13.672630310
12,wide_by128.FP128.div,3,1,toward_zero,1048576,12.354005814,12.327164650
12,wide_by128.FP128.div,4,0,toward_zero,1048576,12.313274384,12.281014442
12,wide_by128.FP128.div,4,1,nearest_even,1048576,13.721989632,13.688098907
12,wide_by128.FP128.div,5,0,nearest_even,1048576,13.698150635,13.666867256
12,wide_by128.FP128.div,5,1,toward_zero,1048576,12.324329376,12.300102234
12,wide_by128.FP128.div,6,0,toward_zero,1048576,12.327099800,12.295174599
12,wide_by128.FP128.div,6,1,nearest_even,1048576,13.696364403,13.666573524
12,wide_by128.FP128.div,7,0,nearest_even,1048576,13.689436913,13.658874512
12,wide_by128.FP128.div,7,1,toward_zero,1048576,12.349506378,12.316176414
12,wide_by128.FP128.div,8,0,toward_zero,1048576,12.296582222,12.270389557
12,wide_by128.FP128.div,8,1,nearest_even,1048576,13.705488205,13.676539421
12,wide_product.FP128.mul_div,0,0,toward_zero,1048576,12.090220451,12.064775467
12,wide_product.FP128.mul_div,0,1,nearest_even,1048576,13.110288620,13.076066971
12,wide_product.FP128.mul_div,1,0,nearest_even,1048576,13.141914368,13.113520622
12,wide_product.FP128.mul_div,1,1,toward_zero,1048576,12.001782417,11.972500801
12,wide_product.FP128.mul_div,2,0,toward_zero,1048576,12.001829147,11.964290619
12,wide_product.FP128.mul_div,2,1,nearest_even,1048576,13.099472046,13.062849998
12,wide_product.FP128.mul_div,3,0,nearest_even,1048576,13.084509850,13.056204796
12,wide_product.FP128.mul_div,3,1,toward_zero,1048576,12.001953125,11.974459648
12,wide_product.FP128.mul_div,4,0,toward_zero,1048576,11.994520187,11.968981743
12,wide_product.FP128.mul_div,4,1,nearest_even,1048576,13.115544319,13.079535484
12,wide_product.FP128.mul_div,5,0,nearest_even,1048576,13.131519318,13.097066879
12,wide_product.FP128.mul_div,5,1,toward_zero,1048576,12.004915237,11.975228310
12,wide_product.FP128.mul_div,6,0,toward_zero,1048576,11.993545532,11.966539383
12,wide_product.FP128.mul_div,6,1,nearest_even,1048576,13.121448517,13.084155083
12,wide_product.FP128.mul_div,7,0,nearest_even,1048576,13.152912140,13.117794037
12,wide_product.FP128.mul_div,7,1,toward_zero,1048576,12.017709732,11.989233017
12,wide_product.FP128.mul_div,8,0,toward_zero,1048576,12.003158569,11.976829529
12,wide_product.FP128.mul_div,8,1,nearest_even,1048576,13.110508919,13.071356773
12,throughput4096.FP64.mul_wide,0,0,nearest_even,1048576,2.438567162,2.434324265
12,throughput4096.FP64.mul_wide,0,1,toward_zero,1048576,2.584409714,2.581447601
12,throughput4096.FP64.mul_wide,1,0,toward_zero,1048576,2.591682434,2.587536812
12,throughput4096.FP64.mul_wide,1,1,nearest_even,1048576,2.431755066,2.420405388
12,throughput4096.FP64.mul_wide,2,0,nearest_even,1048576,2.426012993,2.422975540
12,throughput4096.FP64.mul_wide,2,1,toward_zero,1048576,2.584801674,2.577360153
12,throughput4096.FP64.mul_wide,3,0,toward_zero,1048576,2.564097404,2.559692383
12,throughput4096.FP64.mul_wide,3,1,nearest_even,1048576,2.415760040,2.406379700
12,throughput4096.FP64.mul_wide,4,0,nearest_even,1048576,2.428114891,2.422775269
12,throughput4096.FP64.mul_wide,4,1,toward_zero,1048576,2.556004524,2.552363396
12,throughput4096.FP64.mul_wide,5,0,toward_zero,1048576,2.544376373,2.539925575
12,throughput4096.FP64.mul_wide,5,1,nearest_even,1048576,2.414756775,2.404075623
12,throughput4096.FP64.mul_wide,6,0,nearest_even,1048576,2.419018745,2.415608406
12,throughput4096.FP64.mul_wide,6,1,toward_zero,1048576,2.563094139,2.557581902
12,throughput4096.FP64.mul_wide,7,0,toward_zero,1048576,2.543458939,2.539694786
12,throughput4096.FP64.mul_wide,7,1,nearest_even,1048576,2.402317047,2.397368431
12,throughput4096.FP64.mul_wide,8,0,nearest_even,1048576,2.428659439,2.419105530
12,throughput4096.FP64.mul_wide,8,1,toward_zero,1048576,2.558803558,2.553789139
12,fullrange.FP64.mul_wide,0,0,toward_zero,1048576,2.478085518,2.474771500
12,fullrange.FP64.mul_wide,0,1,nearest_even,1048576,2.993676186,2.975607872
12,fullrange.FP64.mul_wide,1,0,nearest_even,1048576,2.956135750,2.950650215
12,fullrange.FP64.mul_wide,1,1,toward_zero,1048576,2.489885330,2.486321449
12,fullrange.FP64.mul_wide,2,0,toward_zero,1048576,2.500463486,2.496421814
12,fullrange.FP64.mul_wide,2,1,nearest_even,1048576,2.978025436,2.967619896
12,fullrange.FP64.mul_wide,3,0,nearest_even,1048576,2.955380440,2.950135231
12,fullrange.FP64.mul_wide,3,1,toward_zero,1048576,2.493296623,2.488368034
12,fullrange.FP64.mul_wide,4,0,toward_zero,1048576,2.491395950,2.489227295
12,fullrange.FP64.mul_wide,4,1,nearest_even,1048576,2.977432251,2.966213226
12,fullrange.FP64.mul_wide,5,0,nearest_even,1048576,2.968718529,2.961754799
12,fullrange.FP64.mul_wide,5,1,toward_zero,1048576,2.490822792,2.487345695
12,fullrange.FP64.mul_wide,6,0,toward_zero,1048576,2.517813683,2.506617546
12,fullrange.FP64.mul_wide,6,1,nearest_even,1048576,2.979268074,2.973629951
12,fullrange.FP64.mul_wide,7,0,nearest_even,1048576,2.967638969,2.961974144
12,fullrange.FP64.mul_wide,7,1,toward_zero,1048576,2.499076843,2.494510651
12,fullrange.FP64.mul_wide,8,0,toward_zero,1048576,2.519266129,2.510569572
12,fullrange.FP64.mul_wide,8,1,nearest_even,1048576,2.974480629,2.969328880
12,throughput4096.FP64.quantize4,0,0,nearest_even,1048576,3.275176048,3.270463943
12,throughput4096.FP64.quantize4,0,1,toward_zero,1048576,3.209143639,3.196797371
12,throughput4096.FP64.quantize4,1,0,toward_zero,1048576,3.181550026,3.176532745
12,throughput4096.FP64.quantize4,1,1,nearest_even,1048576,3.225453377,3.220560074
12,throughput4096.FP64.quantize4,2,0,nearest_even,1048576,3.239757538,3.227716446
12,throughput4096.FP64.quantize4,2,1,toward_zero,1048576,3.183307648,3.178653717
12,throughput4096.FP64.quantize4,3,0,toward_zero,1048576,3.175090790,3.169109344
12,throughput4096.FP64.quantize4,3,1,nearest_even,1048576,3.221565247,3.215669632
12,throughput4096.FP64.quantize4,4,0,nearest_even,1048576,3.237521172,3.227353096
12,throughput4096.FP64.quantize4,4,1,toward_zero,1048576,3.190751076,3.184584618
12,throughput4096.FP64.quantize4,5,0,toward_zero,1048576,3.163892746,3.159037590
12,throughput4096.FP64.quantize4,5,1,nearest_even,1048576,3.228902817,3.219144821
12,throughput4096.FP64.quantize4,6,0,nearest_even,1048576,3.245366096,3.240176201
12,throughput4096.FP64.quantize4,6,1,toward_zero,1048576,3.170580864,3.164666176
12,throughput4096.FP64.quantize4,7,0,toward_zero,1048576,3.157510757,3.146274567
12,throughput4096.FP64.quantize4,7,1,nearest_even,1048576,3.216242790,3.209171295
12,throughput4096.FP64.quantize4,8,0,nearest_even,1048576,3.251891136,3.246071815
12,throughput4096.FP64.quantize4,8,1,toward_zero,1048576,3.159125328,3.149100304
12,throughput4096.FP128.quantize4,0,0,toward_zero,1048576,5.720279694,5.711609840
12,throughput4096.FP128.quantize4,0,1,nearest_even,1048576,6.097249985,6.082512856
12,throughput4096.FP128.quantize4,1,0,nearest_even,1048576,6.066513062,6.055618286
12,throughput4096.FP128.quantize4,1,1,toward_zero,1048576,5.724521637,5.706902504
12,throughput4096.FP128.quantize4,2,0,toward_zero,1048576,5.721368790,5.698158264
12,throughput4096.FP128.quantize4,2,1,nearest_even,1048576,6.077767372,6.068639755
12,throughput4096.FP128.quantize4,3,0,nearest_even,1048576,6.079162598,6.061741829
12,throughput4096.FP128.quantize4,3,1,toward_zero,1048576,5.682777405,5.672705650
12,throughput4096.FP128.quantize4,4,0,toward_zero,1048576,5.708221436,5.692436218
12,throughput4096.FP128.quantize4,4,1,nearest_even,1048576,6.066006660,6.055359840
12,throughput4096.FP128.quantize4,5,0,nearest_even,1048576,6.074796677,6.059498787
12,throughput4096.FP128.quantize4,5,1,toward_zero,1048576,5.697339058,5.680942535
12,throughput4096.FP128.quantize4,6,0,toward_zero,1048576,5.708746910,5.698035240
12,throughput4096.FP128.quantize4,6,1,nearest_even,1048576,6.074882507,6.055691719
12,throughput4096.FP128.quantize4,7,0,nearest_even,1048576,6.074691772,6.063272476
12,throughput4096.FP128.quantize4,7,1,toward_zero,1048576,5.717928886,5.703203201
12,throughput4096.FP128.quantize4,8,0,toward_zero,1048576,5.708345413,5.696352959
12,throughput4096.FP128.quantize4,8,1,nearest_even,1048576,6.073850632,6.057309151
12,parse_extra_digit.FP64,0,0,toward_zero,1048576,33.884032249,33.792774200
12,parse_extra_digit.FP64,0,1,nearest_even,1048576,34.401305199,34.322341919
12,parse_extra_digit.FP64,1,0,nearest_even,1048576,34.415932655,34.338723183
12,parse_extra_digit.FP64,1,1,toward_zero,1048576,33.832532883,33.743300438
12,parse_extra_digit.FP64,2,0,toward_zero,1048576,33.857575417,33.777492523
12,parse_extra_digit.FP64,2,1,nearest_even,1048576,34.383475304,34.303137779
12,parse_extra_digit.FP64,3,0,nearest_even,1048576,34.339208603,34.249670029
12,parse_extra_digit.FP64,3,1,toward_zero,1048576,33.862505913,33.783546448
12,parse_extra_digit.FP64,4,0,toward_zero,1048576,33.914168358,33.831584930
12,parse_extra_digit.FP64,4,1,nearest_even,1048576,34.478391647,34.388066292
12,parse_extra_digit.FP64,5,0,nearest_even,1048576,34.535997391,34.448920250
12,parse_extra_digit.FP64,5,1,toward_zero,1048576,33.973856926,33.886585236
12,parse_extra_digit.FP64,6,0,toward_zero,1048576,33.965648651,33.889682770
12,parse_extra_digit.FP64,6,1,nearest_even,1048576,34.391357422,34.309393883
12,parse_extra_digit.FP64,7,0,nearest_even,1048576,34.445915222,34.364809990
12,parse_extra_digit.FP64,7,1,toward_zero,1048576,34.094884872,34.010733604
12,parse_extra_digit.FP64,8,0,toward_zero,1048576,33.972289085,33.886970520
12,parse_extra_digit.FP64,8,1,nearest_even,1048576,34.418723106,34.337602615
12,format_2digits.FP64,0,0,toward_zero,1048576,16.156295776,16.120485306
12,format_2digits.FP64,0,1,nearest_even,1048576,17.458944321,17.415790558
12,format_2digits.FP64,1,0,nearest_even,1048576,17.413348198,17.372317314
12,format_2digits.FP64,1,1,toward_zero,1048576,16.155970573,16.123350143
12,format_2digits.FP64,2,0,toward_zero,1048576,16.188074112,16.148475647
12,format_2digits.FP64,2,1,nearest_even,1048576,17.425129890,17.384600639
12,format_2digits.FP64,3,0,nearest_even,1048576,17.382172585,17.341588974
12,format_2digits.FP64,3,1,toward_zero,1048576,16.218324661,16.174798965
12,format_2digits.FP64,4,0,toward_zero,1048576,16.192918777,16.152460098
12,format_2digits.FP64,4,1,nearest_even,1048576,17.379018784,17.342926025
12,format_2digits.FP64,5,0,nearest_even,1048576,17.395711899,17.350191116
12,format_2digits.FP64,5,1,toward_zero,1048576,16.194791794,16.155389786
12,format_2digits.FP64,6,0,toward_zero,1048576,16.200782776,16.151671410
12,format_2digits.FP64,6,1,nearest_even,1048576,17.457463264,17.413239479
12,format_2digits.FP64,7,0,nearest_even,1048576,17.411323547,17.367247581
12,format_2digits.FP64,7,1,toward_zero,1048576,16.207470894,16.174524307
12,format_2digits.FP64,8,0,toward_zero,1048576,16.190855026,16.152604103
12,format_2digits.FP64,8,1,nearest_even,1048576,17.409010887,17.367090225
12,parse_extra_digit.FP128,0,0,nearest_even,1048576,34.712825775,34.632401466
12,parse_extra_digit.FP128,0,1,toward_zero,1048576,34.286887169,34.209152222
12,parse_extra_digit.FP128,1,0,toward_zero,1048576,34.369421005,34.284114838
12,parse_extra_digit.FP128,1,1,nearest_even,1048576,34.723631859,34.644864082
12,parse_extra_digit.FP128,2,0,nearest_even,1048576,34.728332520,34.645359039
12,parse_extra_digit.FP128,2,1,toward_zero,1048576,34.305088997,34.209446907
12,parse_extra_digit.FP128,3,0,toward_zero,1048576,34.215083122,34.139688492
12,parse_extra_digit.FP128,3,1,nearest_even,1048576,34.641470909,34.556921005
12,parse_extra_digit.FP128,4,0,nearest_even,1048576,34.742511749,34.661642075
12,parse_extra_digit.FP128,4,1,toward_zero,1048576,34.244722366,34.162514687
12,parse_extra_digit.FP128,5,0,toward_zero,1048576,34.208728790,34.126249313
12,parse_extra_digit.FP128,5,1,nearest_even,1048576,34.650901794,34.569851875
12,parse_extra_digit.FP128,6,0,nearest_even,1048576,34.682775497,34.602556229
12,parse_extra_digit.FP128,6,1,toward_zero,1048576,34.226415634,34.148726463
12,parse_extra_digit.FP128,7,0,toward_zero,1048576,34.267127991,34.188796997
12,parse_extra_digit.FP128,7,1,nearest_even,1048576,34.687515259,34.601706505
12,parse_extra_digit.FP128,8,0,nearest_even,1048576,34.645809174,34.555327415
12,parse_extra_digit.FP128,8,1,toward_zero,1048576,34.237813950,34.155427933
12,format_2digits.FP128,0,0,nearest_even,1048576,17.303995132,17.266107559
12,format_2digits.FP128,0,1,toward_zero,1048576,16.047152519,16.006187439
12,format_2digits.FP128,1,0,toward_zero,1048576,16.178204536,16.136614799
12,format_2digits.FP128,1,1,nearest_even,1048576,17.314314842,17.272906303
12,format_2digits.FP128,2,0,nearest_even,1048576,17.259566307,17.216225624
12,format_2digits.FP128,2,1,toward_zero,1048576,16.066061020,16.024203300
12,format_2digits.FP128,3,0,toward_zero,1048576,16.087434769,16.047189713
12,format_2digits.FP128,3,1,nearest_even,1048576,17.307320595,17.258005142
12,format_2digits.FP128,4,0,nearest_even,1048576,17.277958870,17.235348701
12,format_2digits.FP128,4,1,toward_zero,1048576,16.064657211,16.027194977
12,format_2digits.FP128,5,0,toward_zero,1048576,16.069853783,16.028907776
12,format_2digits.FP128,5,1,nearest_even,1048576,17.253040314,17.210968018
12,format_2digits.FP128,6,0,nearest_even,1048576,17.237581253,17.189737320
12,format_2digits.FP128,6,1,toward_zero,1048576,16.023618698,15.977456093
12,format_2digits.FP128,7,0,toward_zero,1048576,16.048127174,16.009192467
12,format_2digits.FP128,7,1,nearest_even,1048576,17.260636330,17.204402924
12,format_2digits.FP128,8,0,nearest_even,1048576,17.410961151,17.357117653
12,format_2digits.FP128,8,1,toward_zero,1048576,16.309543610,16.260664940
12,throughput4096.FP64.mul,0,0,nearest_even,1048576,2.724271774,2.718951225
12,throughput4096.FP64.mul,0,1,toward_zero,1048576,2.545895576,2.539463997
12,throughput4096.FP64.mul,1,0,toward_zero,1048576,2.525820732,2.522822380
12,throughput4096.FP64.mul,1,1,nearest_even,1048576,2.750126839,2.725123405
12,throughput4096.FP64.mul,2,0,nearest_even,1048576,2.716208458,2.706853867
12,throughput4096.FP64.mul,2,1,toward_zero,1048576,2.606376648,2.601741791
12,throughput4096.FP64.mul,3,0,toward_zero,1048576,2.543765068,2.536456108
12,throughput4096.FP64.mul,3,1,nearest_even,1048576,2.707493782,2.691116333
12,throughput4096.FP64.mul,4,0,nearest_even,1048576,2.700040817,2.695559502
12,throughput4096.FP64.mul,4,1,toward_zero,1048576,2.510180473,2.504592896
12,throughput4096.FP64.mul,5,0,toward_zero,1048576,2.525342941,2.522104263
12,throughput4096.FP64.mul,5,1,nearest_even,1048576,2.733683586,2.711792946
12,throughput4096.FP64.mul,6,0,nearest_even,1048576,2.718357086,2.711776733
12,throughput4096.FP64.mul,6,1,toward_zero,1048576,2.539493561,2.533876419
12,throughput4096.FP64.mul,7,0,toward_zero,1048576,2.500243187,2.495761871
12,throughput4096.FP64.mul,7,1,nearest_even,1048576,2.714287758,2.698195457
12,throughput4096.FP64.mul,8,0,nearest_even,1048576,2.708449364,2.702449799
12,throughput4096.FP64.mul,8,1,toward_zero,1048576,2.548876762,2.543956757
12,throughput256.FP64.mul,0,0,toward_zero,1048576,2.498303413,2.493843079
12,throughput256.FP64.mul,0,1,nearest_even,1048576,2.751703262,2.734792709
12,throughput256.FP64.mul,1,0,nearest_even,1048576,2.748301506,2.742817879
12,throughput256.FP64.mul,1,1,toward_zero,1048576,2.535642624,2.528736115
12,throughput256.FP64.mul,2,0,toward_zero,1048576,2.482080460,2.469086647
12,throughput256.FP64.mul,2,1,nearest_even,1048576,2.749696732,2.743822098
12,throughput256.FP64.mul,3,0,nearest_even,1048576,2.747069359,2.740098000
12,throughput256.FP64.mul,3,1,toward_zero,1048576,2.520451546,2.515730858
12,throughput256.FP64.mul,4,0,toward_zero,1048576,2.488280296,2.472851753
12,throughput256.FP64.mul,4,1,nearest_even,1048576,2.726565361,2.721302032
12,throughput256.FP64.mul,5,0,nearest_even,1048576,2.736425400,2.730187416
12,throughput256.FP64.mul,5,1,toward_zero,1048576,2.471617699,2.466114998
12,throughput256.FP64.mul,6,0,toward_zero,1048576,2.491853714,2.479421616
12,throughput256.FP64.mul,6,1,nearest_even,1048576,2.728179932,2.722063065
12,throughput256.FP64.mul,7,0,nearest_even,1048576,2.723422050,2.718568802
12,throughput256.FP64.mul,7,1,toward_zero,1048576,2.510180473,2.503931999
12,throughput256.FP64.mul,8,0,toward_zero,1048576,2.467097282,2.455019951
12,throughput256.FP64.mul,8,1,nearest_even,1048576,2.730893135,2.724607468
12,exact_results.FP64.mul,0,0,nearest_even,1048576,2.573268890,2.567489624
12,exact_results.FP64.mul,0,1,toward_zero,1048576,2.499038696,2.494863510
12,exact_results.FP64.mul,1,0,toward_zero,1048576,2.522877693,2.505918503
12,exact_results.FP64.mul,1,1,nearest_even,1048576,2.552993774,2.548102379
12,exact_results.FP64.mul,2,0,nearest_even,1048576,2.553318977,2.545868874
12,exact_results.FP64.mul,2,1,toward_zero,1048576,2.506807327,2.501829147
12,exact_results.FP64.mul,3,0,toward_zero,1048576,2.490831375,2.476185799
12,exact_results.FP64.mul,3,1,nearest_even,1048576,2.562491417,2.557229042
12,exact_results.FP64.mul,4,0,nearest_even,1048576,2.551905632,2.546773911
12,exact_results.FP64.mul,4,1,toward_zero,1048576,2.569189072,2.562749863
12,exact_results.FP64.mul,5,0,toward_zero,1048576,2.534257889,2.520107269
12,exact_results.FP64.mul,5,1,nearest_even,1048576,2.571473122,2.566143036
12,exact_results.FP64.mul,6,0,nearest_even,1048576,2.570364952,2.563695908
12,exact_results.FP64.mul,6,1,toward_zero,1048576,2.499927521,2.496230125
12,exact_results.FP64.mul,7,0,toward_zero,1048576,2.512779236,2.497385025
12,exact_results.FP64.mul,7,1,nearest_even,1048576,2.566466331,2.560782433
12,exact_results.FP64.mul,8,0,nearest_even,1048576,2.547099113,2.543814659
12,exact_results.FP64.mul,8,1,toward_zero,1048576,2.476776123,2.468026161
12,halfway_ties.FP64.mul,0,0,toward_zero,1048576,2.534534454,2.517498016
12,halfway_ties.FP64.mul,0,1,nearest_even,1048576,2.627138138,2.622486115
12,halfway_ties.FP64.mul,1,0,nearest_even,1048576,2.644834518,2.636062622
12,halfway_ties.FP64.mul,1,1,toward_zero,1048576,2.502717972,2.498408318
12,halfway_ties.FP64.mul,2,0,toward_zero,1048576,2.513247490,2.499042511
12,halfway_ties.FP64.mul,2,1,nearest_even,1048576,2.649287224,2.644471169
12,halfway_ties.FP64.mul,3,0,nearest_even,1048576,2.642560005,2.637802124
12,halfway_ties.FP64.mul,3,1,toward_zero,1048576,2.527282715,2.511212349
12,halfway_ties.FP64.mul,4,0,toward_zero,1048576,2.499602318,2.495256424
12,halfway_ties.FP64.mul,4,1,nearest_even,1048576,2.616638184,2.613771439
12,halfway_ties.FP64.mul,5,0,nearest_even,1048576,2.646190643,2.640241623
12,halfway_ties.FP64.mul,5,1,toward_zero,1048576,2.511766434,2.498676300
12,halfway_ties.FP64.mul,6,0,toward_zero,1048576,2.515406609,2.509198189
12,halfway_ties.FP64.mul,6,1,nearest_even,1048576,2.625227928,2.622437477
12,halfway_ties.FP64.mul,7,0,nearest_even,1048576,2.630291939,2.626049995
12,halfway_ties.FP64.mul,7,1,toward_zero,1048576,2.523824692,2.508422852
12,halfway_ties.FP64.mul,8,0,toward_zero,1048576,2.498914719,2.496326447
12,halfway_ties.FP64.mul,8,1,nearest_even,1048576,2.656797409,2.651034355
12,exact_chain.FP64.mul,0,0,nearest_even,1048576,3.642038345,3.635883331
12,exact_chain.FP64.mul,0,1,toward_zero,1048576,3.703628540,3.688644409
12,exact_chain.FP64.mul,1,0,toward_zero,1048576,3.704401016,3.695513725
12,exact_chain.FP64.mul,1,1,nearest_even,1048576,3.675278664,3.665928841
12,exact_chain.FP64.mul,2,0,nearest_even,1048576,3.674008369,3.658164024
12,exact_chain.FP64.mul,2,1,toward_zero,1048576,3.687069893,3.679386139
12,exact_chain.FP64.mul,3,0,toward_zero,1048576,3.691913605,3.683294296
12,exact_chain.FP64.mul,3,1,nearest_even,1048576,3.649605751,3.630743027
12,exact_chain.FP64.mul,4,0,nearest_even,1048576,3.658070564,3.652142525
12,exact_chain.FP64.mul,4,1,toward_zero,1048576,3.686936378,3.676563263
12,exact_chain.FP64.mul,5,0,toward_zero,1048576,3.701401711,3.683667183
12,exact_chain.FP64.mul,5,1,nearest_even,1048576,3.641732216,3.634888649
12,exact_chain.FP64.mul,6,0,nearest_even,1048576,3.674610138,3.658008575
12,exact_chain.FP64.mul,6,1,toward_zero,1048576,3.692114830,3.684073448
12,exact_chain.FP64.mul,7,0,toward_zero,1048576,3.684948921,3.677980423
12,exact_chain.FP64.mul,7,1,nearest_even,1048576,3.661520004,3.646620750
12,exact_chain.FP64.mul,8,0,nearest_even,1048576,3.640175819,3.633512497
12,exact_chain.FP64.mul,8,1,toward_zero,1048576,3.688655853,3.682382584
12,inexact_chain.FP64.mul,0,0,toward_zero,1048576,3.713974953,3.696058273
12,inexact_chain.FP64.mul,0,1,nearest_even,1048576,4.917551994,4.904766083
12,inexact_chain.FP64.mul,1,0,nearest_even,1048576,4.939785004,4.916073799
12,inexact_chain.FP64.mul,1,1,toward_zero,1048576,3.690527916,3.679814339
12,inexact_chain.FP64.mul,2,0,toward_zero,1048576,3.685646057,3.678437233
12,inexact_chain.FP64.mul,2,1,nearest_even,1048576,4.928653717,4.909432411
12,inexact_chain.FP64.mul,3,0,nearest_even,1048576,4.918841362,4.906869888
12,inexact_chain.FP64.mul,3,1,toward_zero,1048576,3.694923401,3.678069115
12,inexact_chain.FP64.mul,4,0,toward_zero,1048576,3.686620712,3.679853439
12,inexact_chain.FP64.mul,4,1,nearest_even,1048576,4.924249649,4.907531738
12,inexact_chain.FP64.mul,5,0,nearest_even,1048576,4.906333923,4.893779755
12,inexact_chain.FP64.mul,5,1,toward_zero,1048576,3.692210197,3.684571266
12,inexact_chain.FP64.mul,6,0,toward_zero,1048576,3.700590134,3.683265686
12,inexact_chain.FP64.mul,6,1,nearest_even,1048576,4.913069725,4.903622627
12,inexact_chain.FP64.mul,7,0,nearest_even,1048576,4.930803299,4.910809517
12,inexact_chain.FP64.mul,7,1,toward_zero,1048576,3.686066628,3.677531242
12,inexact_chain.FP64.mul,8,0,toward_zero,1048576,3.686381340,3.677542686
12,inexact_chain.FP64.mul,8,1,nearest_even,1048576,4.929341316,4.909021378
12,throughput4096.FP64.div,0,0,toward_zero,1048576,2.387412071,2.383247375
12,throughput4096.FP64.div,0,1,nearest_even,1048576,2.515138626,2.502966881
12,throughput4096.FP64.div,1,0,nearest_even,1048576,2.486198425,2.469879150
12,throughput4096.FP64.div,1,1,toward_zero,1048576,2.414375305,2.409197807
12,throughput4096.FP64.div,2,0,toward_zero,1048576,2.409081459,2.400474548
12,throughput4096.FP64.div,2,1,nearest_even,1048576,2.450931549,2.446078300
12,throughput4096.FP64.div,3,0,nearest_even,1048576,2.529585838,2.514698982
12,throughput4096.FP64.div,3,1,toward_zero,1048576,2.414499283,2.410735130
12,throughput4096.FP64.div,4,0,toward_zero,1048576,2.411594391,2.403846741
12,throughput4096.FP64.div,4,1,nearest_even,1048576,2.517365456,2.511794090
12,throughput4096.FP64.div,5,0,nearest_even,1048576,2.545149803,2.529556274
12,throughput4096.FP64.div,5,1,toward_zero,1048576,2.421464920,2.412876129
12,throughput4096.FP64.div,6,0,toward_zero,1048576,2.414776802,2.409817696
12,throughput4096.FP64.div,6,1,nearest_even,1048576,2.471282959,2.466390610
12,throughput4096.FP64.div,7,0,nearest_even,1048576,2.536015511,2.518836975
12,throughput4096.FP64.div,7,1,toward_zero,1048576,2.401160240,2.396489143
12,throughput4096.FP64.div,8,0,toward_zero,1048576,2.402891159,2.395210266
12,throughput4096.FP64.div,8,1,nearest_even,1048576,2.509720802,2.504656792
12,throughput256.FP64.div,0,0,nearest_even,1048576,2.489512444,2.473557472
12,throughput256.FP64.div,0,1,toward_zero,1048576,2.421990395,2.417960167
12,throughput256.FP64.div,1,0,toward_zero,1048576,2.414891243,2.409684181
12,throughput256.FP64.div,1,1,nearest_even,1048576,2.448065758,2.441540718
12,throughput256.FP64.div,2,0,nearest_even,1048576,2.491318703,2.475737572
12,throughput256.FP64.div,2,1,toward_zero,1048576,2.437287331,2.426693916
12,throughput256.FP64.div,3,0,toward_zero,1048576,2.407438278,2.403759003
12,throughput256.FP64.div,3,1,nearest_even,1048576,2.491672516,2.486961365
12,throughput256.FP64.div,4,0,nearest_even,1048576,2.459472656,2.454611778
12,throughput256.FP64.div,4,1,toward_zero,1048576,2.429939270,2.412426949
12,throughput256.FP64.div,5,0,toward_zero,1048576,2.420470238,2.412541389
12,throughput256.FP64.div,5,1,nearest_even,1048576,2.454714775,2.444138527
12,throughput256.FP64.div,6,0,nearest_even,1048576,2.460715294,2.452033997
12,throughput256.FP64.div,6,1,toward_zero,1048576,2.426308632,2.410918236
12,throughput256.FP64.div,7,0,toward_zero,1048576,2.402278900,2.394159317
12,throughput256.FP64.div,7,1,nearest_even,1048576,2.489178658,2.486217499
12,throughput256.FP64.div,8,0,nearest_even,1048576,2.465846062,2.459360123
12,throughput256.FP64.div,8,1,toward_zero,1048576,2.419983864,2.407935143
12,exact_results.FP64.div,0,0,nearest_even,1048576,2.600977898,2.595896721
12,exact_results.FP64.div,0,1,toward_zero,1048576,2.537047386,2.532299995
12,exact_results.FP64.div,1,0,toward_zero,1048576,2.525390625,2.520549774
12,exact_results.FP64.div,1,1,nearest_even,1048576,2.559520721,2.540524483
12,exact_results.FP64.div,2,0,nearest_even,1048576,2.542790413,2.540183067
12,exact_results.FP64.div,2,1,toward_zero,1048576,2.520050049,2.514470100
12,exact_results.FP64.div,3,0,toward_zero,1048576,2.520775795,2.510879517
12,exact_results.FP64.div,3,1,nearest_even,1048576,2.541261673,2.529062271
12,exact_results.FP64.div,4,0,nearest_even,1048576,2.549851418,2.543441772
12,exact_results.FP64.div,4,1,toward_zero,1048576,2.516562462,2.510208130
12,exact_results.FP64.div,5,0,toward_zero,1048576,2.519830704,2.512187958
12,exact_results.FP64.div,5,1,nearest_even,1048576,2.564508438,2.551296234
12,exact_results.FP64.div,6,0,nearest_even,1048576,2.562654495,2.555184364
12,exact_results.FP64.div,6,1,toward_zero,1048576,2.518731117,2.513946533
12,exact_results.FP64.div,7,0,toward_zero,1048576,2.520356178,2.515903473
12,exact_results.FP64.div,7,1,nearest_even,1048576,2.565406799,2.550425529
12,exact_results.FP64.div,8,0,nearest_even,1048576,2.539599419,2.535423279
12,exact_results.FP64.div,8,1,toward_zero,1048576,2.523174286,2.515397072
12,halfway_ties.FP64.div,0,0,nearest_even,1048576,2.528505325,2.525134087
12,halfway_ties.FP64.div,0,1,toward_zero,1048576,2.556099892,2.541788101
12,halfway_ties.FP64.div,1,0,toward_zero,1048576,2.528812408,2.523108482
12,halfway_ties.FP64.div,1,1,nearest_even,1048576,2.481668472,2.476825714
12,halfway_ties.FP64.div,2,0,nearest_even,1048576,2.490888596,2.484535217
12,halfway_ties.FP64.div,2,1,toward_zero,1048576,2.543812752,2.534888268
12,halfway_ties.FP64.div,3,0,toward_zero,1048576,2.524950981,2.520058632
12,halfway_ties.FP64.div,3,1,nearest_even,1048576,2.474435806,2.469783783
12,halfway_ties.FP64.div,4,0,nearest_even,1048576,2.488615036,2.485185623
12,halfway_ties.FP64.div,4,1,toward_zero,1048576,2.558689117,2.547874451
12,halfway_ties.FP64.div,5,0,toward_zero,1048576,2.541222572,2.537228584
12,halfway_ties.FP64.div,5,1,nearest_even,1048576,2.468378067,2.465285301
12,halfway_ties.FP64.div,6,0,nearest_even,1048576,2.483713150,2.479051590
12,halfway_ties.FP64.div,6,1,toward_zero,1048576,2.550348282,2.539466858
12,halfway_ties.FP64.div,7,0,toward_zero,1048576,2.522237778,2.518666267
12,halfway_ties.FP64.div,7,1,nearest_even,1048576,2.480139732,2.474787712
12,halfway_ties.FP64.div,8,0,nearest_even,1048576,2.492045403,2.489418983
12,halfway_ties.FP64.div,8,1,toward_zero,1048576,2.548446655,2.538213730
12,exact_chain.FP64.div,0,0,toward_zero,1048576,3.805174828,3.793010712
12,exact_chain.FP64.div,0,1,nearest_even,1048576,3.807506561,3.800881386
12,exact_chain.FP64.div,1,0,nearest_even,1048576,3.820920944,3.804119110
12,exact_chain.FP64.div,1,1,toward_zero,1048576,3.798000336,3.784238815
12,exact_chain.FP64.div,2,0,toward_zero,1048576,3.795075417,3.789137840
12,exact_chain.FP64.div,2,1,nearest_even,1048576,3.811367035,3.798445702
12,exact_chain.FP64.div,3,0,nearest_even,1048576,3.808051109,3.801873207
12,exact_chain.FP64.div,3,1,toward_zero,1048576,3.795935631,3.788784981
12,exact_chain.FP64.div,4,0,toward_zero,1048576,3.811548233,3.791423798
12,exact_chain.FP64.div,4,1,nearest_even,1048576,3.811243057,3.804883957
12,exact_chain.FP64.div,5,0,nearest_even,1048576,3.820309639,3.803835869
12,exact_chain.FP64.div,5,1,toward_zero,1048576,3.794808388,3.783300400
12,exact_chain.FP64.div,6,0,toward_zero,1048576,3.785329819,3.779746056
12,exact_chain.FP64.div,6,1,nearest_even,1048576,3.814146996,3.801177979
12,exact_chain.FP64.div,7,0,nearest_even,1048576,3.810459137,3.800633430
12,exact_chain.FP64.div,7,1,toward_zero,1048576,3.787355423,3.779708862
12,exact_chain.FP64.div,8,0,toward_zero,1048576,3.805671692,3.793067932
12,exact_chain.FP64.div,8,1,nearest_even,1048576,3.811491013,3.801091194
12,inexact_chain.FP64.div,0,0,toward_zero,1048576,3.799958229,3.788459778
12,inexact_chain.FP64.div,0,1,nearest_even,1048576,5.109294891,5.099827766
12,inexact_chain.FP64.div,1,0,nearest_even,1048576,5.117703438,5.104681015
12,inexact_chain.FP64.div,1,1,toward_zero,1048576,3.802126884,3.793821335
12,inexact_chain.FP64.div,2,0,toward_zero,1048576,3.798764229,3.792826653
12,inexact_chain.FP64.div,2,1,nearest_even,1048576,5.117511749,5.101707458
12,inexact_chain.FP64.div,3,0,nearest_even,1048576,5.114722252,5.101163864
12,inexact_chain.FP64.div,3,1,toward_zero,1048576,3.800397873,3.787496567
12,inexact_chain.FP64.div,4,0,toward_zero,1048576,3.789515495,3.784505844
12,inexact_chain.FP64.div,4,1,nearest_even,1048576,5.115180969,5.101375580
12,inexact_chain.FP64.div,5,0,nearest_even,1048576,5.102587700,5.094647408
12,inexact_chain.FP64.div,5,1,toward_zero,1048576,3.803063393,3.793065071
12,inexact_chain.FP64.div,6,0,toward_zero,1048576,3.804850578,3.794145584
12,inexact_chain.FP64.div,6,1,nearest_even,1048576,5.113079071,5.096895218
12,inexact_chain.FP64.div,7,0,nearest_even,1048576,5.109839439,5.096484184
12,inexact_chain.FP64.div,7,1,toward_zero,1048576,3.792257309,3.785707474
12,inexact_chain.FP64.div,8,0,toward_zero,1048576,3.795543671,3.779716492
12,inexact_chain.FP64.div,8,1,nearest_even,1048576,5.102005005,5.093255043
12,throughput4096.FP64.mul_div,0,0,toward_zero,1048576,2.538461685,2.533798218
12,throughput4096.FP64.mul_div,0,1,nearest_even,1048576,2.442418098,2.433429718
12,throughput4096.FP64.mul_div,1,0,nearest_even,1048576,2.456492424,2.452259064
12,throughput4096.FP64.mul_div,1,1,toward_zero,1048576,2.556949615,2.552037239
12,throughput4096.FP64.mul_div,2,0,toward_zero,1048576,2.540669441,2.537545204
12,throughput4096.FP64.mul_div,2,1,nearest_even,1048576,2.449793816,2.436131477
12,throughput4096.FP64.mul_div,3,0,nearest_even,1048576,2.452584267,2.449738503
12,throughput4096.FP64.mul_div,3,1,toward_zero,1048576,2.557886124,2.553377151
12,throughput4096.FP64.mul_div,4,0,toward_zero,1048576,2.545292854,2.540938377
12,throughput4096.FP64.mul_div,4,1,nearest_even,1048576,2.445877075,2.437709808
12,throughput4096.FP64.mul_div,5,0,nearest_even,1048576,2.457533836,2.448677063
12,throughput4096.FP64.mul_div,5,1,toward_zero,1048576,2.557398796,2.551619530
12,throughput4096.FP64.mul_div,6,0,toward_zero,1048576,2.552221298,2.548820496
12,throughput4096.FP64.mul_div,6,1,nearest_even,1048576,2.448677063,2.439151764
12,throughput4096.FP64.mul_div,7,0,nearest_even,1048576,2.448408127,2.445552826
12,throughput4096.FP64.mul_div,7,1,toward_zero,1048576,2.560093880,2.552402496
12,throughput4096.FP64.mul_div,8,0,toward_zero,1048576,2.548819542,2.543305397
12,throughput4096.FP64.mul_div,8,1,nearest_even,1048576,2.449230194,2.440354347
12,throughput256.FP64.mul_div,0,0,toward_zero,1048576,2.549430847,2.545035362
12,throughput256.FP64.mul_div,0,1,nearest_even,1048576,2.416257858,2.411968231
12,throughput256.FP64.mul_div,1,0,nearest_even,1048576,2.430215836,2.426950455
12,throughput256.FP64.mul_div,1,1,toward_zero,1048576,2.546764374,2.530493736
12,throughput256.FP64.mul_div,2,0,toward_zero,1048576,2.522964478,2.519373894
12,throughput256.FP64.mul_div,2,1,nearest_even,1048576,2.412778854,2.407697678
12,throughput256.FP64.mul_div,3,0,nearest_even,1048576,2.433513641,2.425469398
12,throughput256.FP64.mul_div,3,1,toward_zero,1048576,2.543306351,2.540124893
12,throughput256.FP64.mul_div,4,0,toward_zero,1048576,2.536723137,2.527397156
12,throughput256.FP64.mul_div,4,1,nearest_even,1048576,2.411127090,2.408002853
12,throughput256.FP64.mul_div,5,0,nearest_even,1048576,2.435117722,2.427428246
12,throughput256.FP64.mul_div,5,1,toward_zero,1048576,2.559988976,2.552068710
12,throughput256.FP64.mul_div,6,0,toward_zero,1048576,2.546621323,2.538012505
12,throughput256.FP64.mul_div,6,1,nearest_even,1048576,2.415435791,2.410361290
12,throughput256.FP64.mul_div,7,0,nearest_even,1048576,2.429471970,2.426070213
12,throughput256.FP64.mul_div,7,1,toward_zero,1048576,2.564699173,2.556567192
12,throughput256.FP64.mul_div,8,0,toward_zero,1048576,2.539244652,2.529215813
12,throughput256.FP64.mul_div,8,1,nearest_even,1048576,2.408317566,2.405339241
12,exact_results.FP64.mul_div,0,0,toward_zero,1048576,2.595025063,2.590182304
12,exact_results.FP64.mul_div,0,1,nearest_even,1048576,2.570412636,2.563610077
12,exact_results.FP64.mul_div,1,0,nearest_even,1048576,2.563570976,2.554121971
12,exact_results.FP64.mul_div,1,1,toward_zero,1048576,2.556377411,2.552182198
12,exact_results.FP64.mul_div,2,0,toward_zero,1048576,2.547892570,2.545294762
12,exact_results.FP64.mul_div,2,1,nearest_even,1048576,2.550280571,2.540669441
12,exact_results.FP64.mul_div,3,0,nearest_even,1048576,2.548962593,2.541645050
12,exact_results.FP64.mul_div,3,1,toward_zero,1048576,2.546192169,2.542733192
12,exact_results.FP64.mul_div,4,0,toward_zero,1048576,2.544586182,2.539827347
12,exact_results.FP64.mul_div,4,1,nearest_even,1048576,2.552182198,2.541922569
12,exact_results.FP64.mul_div,5,0,nearest_even,1048576,2.543544769,2.536811829
12,exact_results.FP64.mul_div,5,1,toward_zero,1048576,2.548666000,2.543582916
12,exact_results.FP64.mul_div,6,0,toward_zero,1048576,2.548551559,2.543738365
12,exact_results.FP64.mul_div,6,1,nearest_even,1048576,2.548780441,2.539121628
12,exact_results.FP64.mul_div,7,0,nearest_even,1048576,2.541634560,2.537182808
12,exact_results.FP64.mul_div,7,1,toward_zero,1048576,2.547653198,2.542721748
12,exact_results.FP64.mul_div,8,0,toward_zero,1048576,2.554361343,2.547521591
12,exact_results.FP64.mul_div,8,1,nearest_even,1048576,2.553491592,2.542734146
12,halfway_ties.FP64.mul_div,0,0,toward_zero,1048576,2.582231522,2.578095436
12,halfway_ties.FP64.mul_div,0,1,nearest_even,1048576,2.458355904,2.451581001
12,halfway_ties.FP64.mul_div,1,0,nearest_even,1048576,2.459874153,2.454592705
12,halfway_ties.FP64.mul_div,1,1,toward_zero,1048576,2.587677956,2.577331543
12,halfway_ties.FP64.mul_div,2,0,toward_zero,1048576,2.564173698,2.560285568
12,halfway_ties.FP64.mul_div,2,1,nearest_even,1048576,2.452393532,2.440622330
12,halfway_ties.FP64.mul_div,3,0,nearest_even,1048576,2.464527130,2.457687378
12,halfway_ties.FP64.mul_div,3,1,toward_zero,1048576,2.582796097,2.570411682
12,halfway_ties.FP64.mul_div,4,0,toward_zero,1048576,2.562845230,2.558306694
12,halfway_ties.FP64.mul_div,4,1,nearest_even,1048576,2.447443962,2.444299698
12,halfway_ties.FP64.mul_div,5,0,nearest_even,1048576,2.465301514,2.457266808
12,halfway_ties.FP64.mul_div,5,1,toward_zero,1048576,2.581640244,2.572324753
12,halfway_ties.FP64.mul_div,6,0,toward_zero,1048576,2.563724518,2.561347008
12,halfway_ties.FP64.mul_div,6,1,nearest_even,1048576,2.442484856,2.437946320
12,halfway_ties.FP64.mul_div,7,0,nearest_even,1048576,2.461833000,2.457994461
12,halfway_ties.FP64.mul_div,7,1,toward_zero,1048576,2.589530945,2.579395294
12,halfway_ties.FP64.mul_div,8,0,toward_zero,1048576,2.583091736,2.577627182
12,halfway_ties.FP64.mul_div,8,1,nearest_even,1048576,2.451055527,2.448275566
12,exact_chain.FP64.mul_div,0,0,nearest_even,1048576,3.687968254,3.682641983
12,exact_chain.FP64.mul_div,0,1,toward_zero,1048576,3.671276093,3.656347275
12,exact_chain.FP64.mul_div,1,0,toward_zero,1048576,3.642429352,3.636387825
12,exact_chain.FP64.mul_div,1,1,nearest_even,1048576,3.693843842,3.687515259
12,exact_chain.FP64.mul_div,2,0,nearest_even,1048576,3.712245941,3.702289581
12,exact_chain.FP64.mul_div,2,1,toward_zero,1048576,3.658119202,3.647223473
12,exact_chain.FP64.mul_div,3,0,toward_zero,1048576,3.642592430,3.635422707
12,exact_chain.FP64.mul_div,3,1,nearest_even,1048576,3.691540718,3.679946899
12,exact_chain.FP64.mul_div,4,0,nearest_even,1048576,3.683926582,3.677350044
12,exact_chain.FP64.mul_div,4,1,toward_zero,1048576,3.688302040,3.681954384
12,exact_chain.FP64.mul_div,5,0,toward_zero,1048576,3.646443367,3.634937286
12,exact_chain.FP64.mul_div,5,1,nearest_even,1048576,3.690375328,3.680575371
12,exact_chain.FP64.mul_div,6,0,nearest_even,1048576,3.676196098,3.664604187
12,exact_chain.FP64.mul_div,6,1,toward_zero,1048576,3.639821053,3.630919456
12,exact_chain.FP64.mul_div,7,0,toward_zero,1048576,3.647302628,3.638203621
12,exact_chain.FP64.mul_div,7,1,nearest_even,1048576,3.652939796,3.641540527
12,exact_chain.FP64.mul_div,8,0,nearest_even,1048576,3.683945656,3.671471596
12,exact_chain.FP64.mul_div,8,1,toward_zero,1048576,3.640232086,3.632587433
12,inexact_chain.FP64.mul_div,0,0,toward_zero,1048576,3.645898819,3.632021904
12,inexact_chain.FP64.mul_div,0,1,nearest_even,1048576,5.059143066,5.050145149
12,inexact_chain.FP64.mul_div,1,0,nearest_even,1048576,5.068419456,5.052054405
12,inexact_chain.FP64.mul_div,1,1,toward_zero,1048576,3.635244370,3.628332138
12,inexact_chain.FP64.mul_div,2,0,toward_zero,1048576,3.631948471,3.626298904
12,inexact_chain.FP64.mul_div,2,1,nearest_even,1048576,5.064474106,5.048127174
12,inexact_chain.FP64.mul_div,3,0,nearest_even,1048576,5.058530807,5.049618721
12,inexact_chain.FP64.mul_div,3,1,toward_zero,1048576,3.639152527,3.626681328
12,inexact_chain.FP64.mul_div,4,0,toward_zero,1048576,3.639649391,3.628746033
12,inexact_chain.FP64.mul_div,4,1,nearest_even,1048576,5.068860054,5.055445671
12,inexact_chain.FP64.mul_div,5,0,nearest_even,1048576,5.054393768,5.043491364
12,inexact_chain.FP64.mul_div,5,1,toward_zero,1048576,3.637509346,3.626010895
12,inexact_chain.FP64.mul_div,6,0,toward_zero,1048576,3.648142815,3.636511803
12,inexact_chain.FP64.mul_div,6,1,nearest_even,1048576,5.056151390,5.047964096
12,inexact_chain.FP64.mul_div,7,0,nearest_even,1048576,5.064980507,5.048262596
12,inexact_chain.FP64.mul_div,7,1,toward_zero,1048576,3.632541656,3.626833916
12,inexact_chain.FP64.mul_div,8,0,toward_zero,1048576,3.634107590,3.628045082
12,inexact_chain.FP64.mul_div,8,1,nearest_even,1048576,5.061635971,5.049319267
12,throughput4096.FP128.mul,0,0,toward_zero,1048576,2.718816757,2.714402199
12,throughput4096.FP128.mul,0,1,nearest_even,1048576,2.644738197,2.627474785
12,throughput4096.FP128.mul,1,0,nearest_even,1048576,2.641747475,2.638431549
12,throughput4096.FP128.mul,1,1,toward_zero,1048576,2.752009392,2.747756958
12,throughput4096.FP128.mul,2,0,toward_zero,1048576,2.725867271,2.721130371
12,throughput4096.FP128.mul,2,1,nearest_even,1048576,2.639970779,2.629801750
12,throughput4096.FP128.mul,3,0,nearest_even,1048576,2.638899803,2.634305954
12,throughput4096.FP128.mul,3,1,toward_zero,1048576,2.741633415,2.737037659
12,throughput4096.FP128.mul,4,0,toward_zero,1048576,2.724663734,2.722101212
12,throughput4096.FP128.mul,4,1,nearest_even,1048576,2.633215904,2.624236107
12,throughput4096.FP128.mul,5,0,nearest_even,1048576,2.635413170,2.631458282
12,throughput4096.FP128.mul,5,1,toward_zero,1048576,2.752114296,2.747489929
12,throughput4096.FP128.mul,6,0,toward_zero,1048576,2.729191780,2.724443436
12,throughput4096.FP128.mul,6,1,nearest_even,1048576,2.631009102,2.622007370
12,throughput4096.FP128.mul,7,0,nearest_even,1048576,2.652506828,2.646764755
12,throughput4096.FP128.mul,7,1,toward_zero,1048576,2.752592087,2.747517586
12,throughput4096.FP128.mul,8,0,toward_zero,1048576,2.755333900,2.744851112
12,throughput4096.FP128.mul,8,1,nearest_even,1048576,2.623938560,2.618885040
12,throughput256.FP128.mul,0,0,nearest_even,1048576,2.643075943,2.638863564
12,throughput256.FP128.mul,0,1,toward_zero,1048576,2.732556343,2.729002953
12,throughput256.FP128.mul,1,0,toward_zero,1048576,2.735996246,2.725732803
12,throughput256.FP128.mul,1,1,nearest_even,1048576,2.629498482,2.624740601
12,throughput256.FP128.mul,2,0,nearest_even,1048576,2.641442299,2.637294769
12,throughput256.FP128.mul,2,1,toward_zero,1048576,2.735431671,2.731352806
12,throughput256.FP128.mul,3,0,toward_zero,1048576,2.736349106,2.725915909
12,throughput256.FP128.mul,3,1,nearest_even,1048576,2.630721092,2.627857208
12,throughput256.FP128.mul,4,0,nearest_even,1048576,2.641976357,2.637457848
12,throughput256.FP128.mul,4,1,toward_zero,1048576,2.734428406,2.729507446
12,throughput256.FP128.mul,5,0,toward_zero,1048576,2.732107162,2.719274521
12,throughput256.FP128.mul,5,1,nearest_even,1048576,2.627635002,2.622314453
12,throughput256.FP128.mul,6,0,nearest_even,1048576,2.639474869,2.636464119
12,throughput256.FP128.mul,6,1,toward_zero,1048576,2.786501884,2.781218529
12,throughput256.FP128.mul,7,0,toward_zero,1048576,2.739196777,2.728429794
12,throughput256.FP128.mul,7,1,nearest_even,1048576,2.618425369,2.614174843
12,throughput256.FP128.mul,8,0,nearest_even,1048576,2.658048630,2.652030945
12,throughput256.FP128.mul,8,1,toward_zero,1048576,2.755152702,2.745089531
12,exact_results.FP128.mul,0,0,nearest_even,1048576,2.658688545,2.653663635
12,exact_results.FP128.mul,0,1,toward_zero,1048576,2.704045296,2.698656082
12,exact_results.FP128.mul,1,0,toward_zero,1048576,2.706012726,2.701656342
12,exact_results.FP128.mul,1,1,nearest_even,1048576,2.635987282,2.626936913
12,exact_results.FP128.mul,2,0,nearest_even,1048576,2.594996452,2.589780807
12,exact_results.FP128.mul,2,1,toward_zero,1048576,2.720402718,2.714888573
12,exact_results.FP128.mul,3,0,toward_zero,1048576,2.720153809,2.712291718
12,exact_results.FP128.mul,3,1,nearest_even,1048576,2.635537148,2.625363350
12,exact_results.FP128.mul,4,0,nearest_even,1048576,2.624033928,2.621490479
12,exact_results.FP128.mul,4,1,toward_zero,1048576,2.713771820,2.709718704
12,exact_results.FP128.mul,5,0,toward_zero,1048576,2.712424278,2.701686859
12,exact_results.FP128.mul,5,1,nearest_even,1048576,2.631706238,2.627607346
12,exact_results.FP128.mul,6,0,nearest_even,1048576,2.628209114,2.623700142
12,exact_results.FP128.mul,6,1,toward_zero,1048576,2.709022522,2.706069946
12,exact_results.FP128.mul,7,0,toward_zero,1048576,2.722523689,2.706002235
12,exact_results.FP128.mul,7,1,nearest_even,1048576,2.801426888,2.796094894
12,exact_results.FP128.mul,8,0,nearest_even,1048576,2.805620193,2.800354958
12,exact_results.FP128.mul,8,1,toward_zero,1048576,2.706728935,2.701839447
12,halfway_ties.FP128.mul,0,0,toward_zero,1048576,2.743400574,2.734502792
12,halfway_ties.FP128.mul,0,1,nearest_even,1048576,2.629126549,2.625486374
12,halfway_ties.FP128.mul,1,0,nearest_even,1048576,2.638996124,2.633934021
12,halfway_ties.FP128.mul,1,1,toward_zero,1048576,2.740400314,2.735633850
12,halfway_ties.FP128.mul,2,0,toward_zero,1048576,2.737294197,2.726917267
12,halfway_ties.FP128.mul,2,1,nearest_even,1048576,2.631676674,2.627531052
12,halfway_ties.FP128.mul,3,0,nearest_even,1048576,2.652946472,2.650174141
12,halfway_ties.FP128.mul,3,1,toward_zero,1048576,2.749285698,2.739453316
12,halfway_ties.FP128.mul,4,0,toward_zero,1048576,2.717793465,2.713016510
12,halfway_ties.FP128.mul,4,1,nearest_even,1048576,2.635700226,2.627262115
12,halfway_ties.FP128.mul,5,0,nearest_even,1048576,2.645980835,2.639906883
12,halfway_ties.FP128.mul,5,1,toward_zero,1048576,2.730061531,2.721816063
12,halfway_ties.FP128.mul,6,0,toward_zero,1048576,2.738250732,2.733788490
12,halfway_ties.FP128.mul,6,1,nearest_even,1048576,2.638164520,2.630207062
12,halfway_ties.FP128.mul,7,0,nearest_even,1048576,2.636340141,2.632719994
12,halfway_ties.FP128.mul,7,1,toward_zero,1048576,2.736711502,2.726242065
12,halfway_ties.FP128.mul,8,0,toward_zero,1048576,2.724367142,2.719819069
12,halfway_ties.FP128.mul,8,1,nearest_even,1048576,2.624921799,2.622399330
12,exact_chain.FP128.mul,0,0,nearest_even,1048576,3.741693497,3.727894783
12,exact_chain.FP128.mul,0,1,toward_zero,1048576,3.685254097,3.672093391
12,exact_chain.FP128.mul,1,0,toward_zero,1048576,3.681479454,3.676070213
12,exact_chain.FP128.mul,1,1,nearest_even,1048576,3.719803810,3.708976746
12,exact_chain.FP128.mul,2,0,nearest_even,1048576,3.720624924,3.708059311
12,exact_chain.FP128.mul,2,1,toward_zero,1048576,3.705194473,3.697880745
12,exact_chain.FP128.mul,3,0,toward_zero,1048576,3.674810410,3.663677216
12,exact_chain.FP128.mul,3,1,nearest_even,1048576,3.696633339,3.690154076
12,exact_chain.FP128.mul,4,0,nearest_even,1048576,3.697016716,3.689970970
12,exact_chain.FP128.mul,4,1,toward_zero,1048576,3.680581093,3.668396950
12,exact_chain.FP128.mul,5,0,toward_zero,1048576,3.667243004,3.661402702
12,exact_chain.FP128.mul,5,1,nearest_even,1048576,3.710651398,3.704303741
12,exact_chain.FP128.mul,6,0,nearest_even,1048576,3.721743584,3.709270477
12,exact_chain.FP128.mul,6,1,toward_zero,1048576,3.658835411,3.652791977
12,exact_chain.FP128.mul,7,0,toward_zero,1048576,3.684117317,3.675856590
12,exact_chain.FP128.mul,7,1,nearest_even,1048576,3.719097137,3.707435608
12,exact_chain.FP128.mul,8,0,nearest_even,1048576,3.714653969,3.701140404
12,exact_chain.FP128.mul,8,1,toward_zero,1048576,3.671982765,3.660081863
12,inexact_chain.FP128.mul,0,0,nearest_even,1048576,4.907919884,4.900337219
12,inexact_chain.FP128.mul,0,1,toward_zero,1048576,3.701497078,3.695148468
12,inexact_chain.FP128.mul,1,0,toward_zero,1048576,3.676827431,3.664429665
12,inexact_chain.FP128.mul,1,1,nearest_even,1048576,5.127257347,5.116433144
12,inexact_chain.FP128.mul,2,0,nearest_even,1048576,5.137634277,5.122301102
12,inexact_chain.FP128.mul,2,1,toward_zero,1048576,3.673090935,3.659872055
12,inexact_chain.FP128.mul,3,0,toward_zero,1048576,3.675938606,3.664163589
12,inexact_chain.FP128.mul,3,1,nearest_even,1048576,5.110928535,5.096920013
12,inexact_chain.FP128.mul,4,0,nearest_even,1048576,5.123703003,5.115880013
12,inexact_chain.FP128.mul,4,1,toward_zero,1048576,3.672317505,3.657896996
12,inexact_chain.FP128.mul,5,0,toward_zero,1048576,3.672298431,3.665503502
12,inexact_chain.FP128.mul,5,1,nearest_even,1048576,5.132904053,5.119209290
12,inexact_chain.FP128.mul,6,0,nearest_even,1048576,5.131911278,5.120904922
12,inexact_chain.FP128.mul,6,1,toward_zero,1048576,3.675785065,3.663837433
12,inexact_chain.FP128.mul,7,0,toward_zero,1048576,3.660756111,3.656558990
12,inexact_chain.FP128.mul,7,1,nearest_even,1048576,5.132331848,5.118974686
12,inexact_chain.FP128.mul,8,0,nearest_even,1048576,5.132532120,5.118621826
12,inexact_chain.FP128.mul,8,1,toward_zero,1048576,3.670330048,3.664459229
12,throughput4096.FP128.div,0,0,nearest_even,1048576,3.252149582,3.238532066
12,throughput4096.FP128.div,0,1,toward_zero,1048576,2.602669716,2.597776413
12,throughput4096.FP128.div,1,0,toward_zero,1048576,2.645771027,2.641157150
12,throughput4096.FP128.div,1,1,nearest_even,1048576,3.321946144,3.316604614
12,throughput4096.FP128.div,2,0,nearest_even,1048576,3.285772324,3.275718689
12,throughput4096.FP128.div,2,1,toward_zero,1048576,2.608956337,2.599794388
12,throughput4096.FP128.div,3,0,toward_zero,1048576,2.647528648,2.643515587
12,throughput4096.FP128.div,3,1,nearest_even,1048576,3.338925362,3.329062462
12,throughput4096.FP128.div,4,0,nearest_even,1048576,3.304585457,3.295180321
12,throughput4096.FP128.div,4,1,toward_zero,1048576,2.612242699,2.606081963
12,throughput4096.FP128.div,5,0,toward_zero,1048576,2.660198212,2.651150703
12,throughput4096.FP128.div,5,1,nearest_even,1048576,3.337615967,3.331281662
12,throughput4096.FP128.div,6,0,nearest_even,1048576,3.300888062,3.296319962
12,throughput4096.FP128.div,6,1,toward_zero,1048576,2.613150597,2.608277321
12,throughput4096.FP128.div,7,0,toward_zero,1048576,2.661564827,2.651894569
12,throughput4096.FP128.div,7,1,nearest_even,1048576,3.336039543,3.331851959
12,throughput4096.FP128.div,8,0,nearest_even,1048576,3.309763908,3.296918869
12,throughput4096.FP128.div,8,1,toward_zero,1048576,2.620928764,2.610342979
12,throughput256.FP128.div,0,0,nearest_even,1048576,3.337577820,3.331429482
12,throughput256.FP128.div,0,1,toward_zero,1048576,2.623192787,2.614632607
12,throughput256.FP128.div,1,0,toward_zero,1048576,2.649687767,2.644518852
12,throughput256.FP128.div,1,1,nearest_even,1048576,3.348661423,3.337546349
12,throughput256.FP128.div,2,0,nearest_even,1048576,3.300792694,3.295239449
12,throughput256.FP128.div,2,1,toward_zero,1048576,2.609902382,2.601734161
12,throughput256.FP128.div,3,0,toward_zero,1048576,2.656424522,2.648131371
12,throughput256.FP128.div,3,1,nearest_even,1048576,3.330364227,3.324715614
12,throughput256.FP128.div,4,0,nearest_even,1048576,3.302722931,3.297781944
12,throughput256.FP128.div,4,1,toward_zero,1048576,2.631227493,2.614239693
12,throughput256.FP128.div,5,0,toward_zero,1048576,2.649220467,2.645053864
12,throughput256.FP128.div,5,1,nearest_even,1048576,3.339259148,3.332790375
12,throughput256.FP128.div,6,0,nearest_even,1048576,3.306105614,3.297179222
12,throughput256.FP128.div,6,1,toward_zero,1048576,2.490707397,2.481926918
12,throughput256.FP128.div,7,0,toward_zero,1048576,2.645570755,2.641253471
12,throughput256.FP128.div,7,1,nearest_even,1048576,3.334883690,3.325814247
12,throughput256.FP128.div,8,0,nearest_even,1048576,3.310242653,3.299318314
12,throughput256.FP128.div,8,1,toward_zero,1048576,2.609845161,2.605996132
12,exact_results.FP128.div,0,0,toward_zero,1048576,2.656959534,2.649038315
12,exact_results.FP128.div,0,1,nearest_even,1048576,2.466714859,2.461739540
12,exact_results.FP128.div,1,0,nearest_even,1048576,2.452833176,2.443768501
12,exact_results.FP128.div,1,1,toward_zero,1048576,2.631114006,2.625849724
12,exact_results.FP128.div,2,0,toward_zero,1048576,2.645417213,2.640228271
12,exact_results.FP128.div,2,1,nearest_even,1048576,2.471138954,2.463496208
12,exact_results.FP128.div,3,0,nearest_even,1048576,2.463199615,2.454582214
12,exact_results.FP128.div,3,1,toward_zero,1048576,2.628161430,2.622170448
12,exact_results.FP128.div,4,0,toward_zero,1048576,2.655200958,2.647286415
12,exact_results.FP128.div,4,1,nearest_even,1048576,2.458813667,2.455345154
12,exact_results.FP128.div,5,0,nearest_even,1048576,2.460151672,2.449440002
12,exact_results.FP128.div,5,1,toward_zero,1048576,2.627855301,2.622686386
12,exact_results.FP128.div,6,0,toward_zero,1048576,2.651216507,2.645045280
12,exact_results.FP128.div,6,1,nearest_even,1048576,2.468091965,2.462542534
12,exact_results.FP128.div,7,0,nearest_even,1048576,2.444089890,2.435292244
12,exact_results.FP128.div,7,1,toward_zero,1048576,2.624301910,2.619340897
12,exact_results.FP128.div,8,0,toward_zero,1048576,2.654742241,2.646593094
12,exact_results.FP128.div,8,1,nearest_even,1048576,2.463362694,2.457812309
12,halfway_ties.FP128.div,0,0,toward_zero,1048576,2.656491280,2.645580292
12,halfway_ties.FP128.div,0,1,nearest_even,1048576,3.341132164,3.331556320
12,halfway_ties.FP128.div,1,0,nearest_even,1048576,3.306010246,3.298887253
12,halfway_ties.FP128.div,1,1,toward_zero,1048576,2.623948097,2.613417625
12,halfway_ties.FP128.div,2,0,toward_zero,1048576,2.651465416,2.647854805
12,halfway_ties.FP128.div,2,1,nearest_even,1048576,3.335925102,3.327247620
12,halfway_ties.FP128.div,3,0,nearest_even,1048576,3.316996574,3.305203438
12,halfway_ties.FP128.div,3,1,toward_zero,1048576,2.611364365,2.607694626
12,halfway_ties.FP128.div,4,0,toward_zero,1048576,2.655248642,2.650156975
12,halfway_ties.FP128.div,4,1,nearest_even,1048576,3.345346451,3.332617760
12,halfway_ties.FP128.div,5,0,nearest_even,1048576,3.313920021,3.305033684
12,halfway_ties.FP128.div,5,1,toward_zero,1048576,2.608612061,2.604095459
12,halfway_ties.FP128.div,6,0,toward_zero,1048576,2.657504082,2.649342537
12,halfway_ties.FP128.div,6,1,nearest_even,1048576,3.351737976,3.340508461
12,halfway_ties.FP128.div,7,0,nearest_even,1048576,3.305455208,3.298707008
12,halfway_ties.FP128.div,7,1,toward_zero,1048576,2.609826088,2.606943130
12,halfway_ties.FP128.div,8,0,toward_zero,1048576,2.653251648,2.648541451
12,halfway_ties.FP128.div,8,1,nearest_even,1048576,3.358904839,3.345953941
12,exact_chain.FP128.div,0,0,toward_zero,1048576,4.094987869,4.085534096
12,exact_chain.FP128.div,0,1,nearest_even,1048576,4.074846268,4.067962646
12,exact_chain.FP128.div,1,0,nearest_even,1048576,4.069888115,4.058751106
12,exact_chain.FP128.div,1,1,toward_zero,1048576,4.071521759,4.064674377
12,exact_chain.FP128.div,2,0,toward_zero,1048576,4.101312637,4.084474564
12,exact_chain.FP128.div,2,1,nearest_even,1048576,4.061155319,4.054980278
12,exact_chain.FP128.div,3,0,nearest_even,1048576,4.047357559,4.041019440
12,exact_chain.FP128.div,3,1,toward_zero,1048576,4.074493408,4.062124252
12,exact_chain.FP128.div,4,0,toward_zero,1048576,4.084362984,4.077478409
12,exact_chain.FP128.div,4,1,nearest_even,1048576,4.075945854,4.064017296
12,exact_chain.FP128.div,5,0,nearest_even,1048576,4.064059258,4.057175636
12,exact_chain.FP128.div,5,1,toward_zero,1048576,4.074168205,4.064253807
12,exact_chain.FP128.div,6,0,toward_zero,1048576,4.098542213,4.085886002
12,exact_chain.FP128.div,6,1,nearest_even,1048576,4.074483871,4.067169189
12,exact_chain.FP128.div,7,0,nearest_even,1048576,4.063314438,4.050332069
12,exact_chain.FP128.div,7,1,toward_zero,1048576,4.058546066,4.050239563
12,exact_chain.FP128.div,8,0,toward_zero,1048576,4.053195953,4.043722153
12,exact_chain.FP128.div,8,1,nearest_even,1048576,4.084707260,4.071949005
12,inexact_chain.FP128.div,0,0,toward_zero,1048576,4.087926865,4.076773643
12,inexact_chain.FP128.div,0,1,nearest_even,1048576,5.432033539,5.413412094
12,inexact_chain.FP128.div,1,0,nearest_even,1048576,5.424284935,5.406674385
12,inexact_chain.FP128.div,1,1,toward_zero,1048576,4.075725555,4.063997269
12,inexact_chain.FP128.div,2,0,toward_zero,1048576,4.084267616,4.077270508
12,inexact_chain.FP128.div,2,1,nearest_even,1048576,5.426090240,5.409692764
12,inexact_chain.FP128.div,3,0,nearest_even,1048576,5.418312073,5.404887199
12,inexact_chain.FP128.div,3,1,toward_zero,1048576,4.070288658,4.059172630
12,inexact_chain.FP128.div,4,0,toward_zero,1048576,4.092168808,4.082820892
12,inexact_chain.FP128.div,4,1,nearest_even,1048576,5.428728104,5.412789345
12,inexact_chain.FP128.div,5,0,nearest_even,1048576,5.415025711,5.403769493
12,inexact_chain.FP128.div,5,1,toward_zero,1048576,4.065970421,4.054109573
12,inexact_chain.FP128.div,6,0,toward_zero,1048576,4.081094742,4.074328423
12,inexact_chain.FP128.div,6,1,nearest_even,1048576,5.416258812,5.403551102
12,inexact_chain.FP128.div,7,0,nearest_even,1048576,5.412646294,5.397846222
12,inexact_chain.FP128.div,7,1,toward_zero,1048576,4.064412117,4.057905197
12,inexact_chain.FP128.div,8,0,toward_zero,1048576,4.092265129,4.079207420
12,inexact_chain.FP128.div,8,1,nearest_even,1048576,5.413143158,5.403580666
12,throughput4096.FP128.mul_div,0,0,toward_zero,1048576,3.127680779,3.117448807
12,throughput4096.FP128.mul_div,0,1,nearest_even,1048576,4.711829185,4.702353477
12,throughput4096.FP128.mul_div,1,0,nearest_even,1048576,4.690732956,4.677489281
12,throughput4096.FP128.mul_div,1,1,toward_zero,1048576,3.117877960,3.112363815
12,throughput4096.FP128.mul_div,2,0,toward_zero,1048576,3.156965256,3.150629044
12,throughput4096.FP128.mul_div,2,1,nearest_even,1048576,4.740933418,4.727704048
12,throughput4096.FP128.mul_div,3,0,nearest_even,1048576,4.697688103,4.689386368
12,throughput4096.FP128.mul_div,3,1,toward_zero,1048576,3.141076088,3.133268356
12,throughput4096.FP128.mul_div,4,0,toward_zero,1048576,3.147640228,3.136134148
12,throughput4096.FP128.mul_div,4,1,nearest_even,1048576,4.711160660,4.702803612
12,throughput4096.FP128.mul_div,5,0,nearest_even,1048576,4.699924469,4.686539650
12,throughput4096.FP128.mul_div,5,1,toward_zero,1048576,3.149149895,3.140760422
12,throughput4096.FP128.mul_div,6,0,toward_zero,1048576,3.201615334,3.196290970
12,throughput4096.FP128.mul_div,6,1,nearest_even,1048576,4.738534927,4.726058960
12,throughput4096.FP128.mul_div,7,0,nearest_even,1048576,4.697716713,4.690468788
12,throughput4096.FP128.mul_div,7,1,toward_zero,1048576,3.146713257,3.130985260
12,throughput4096.FP128.mul_div,8,0,toward_zero,1048576,3.155694962,3.149951935
12,throughput4096.FP128.mul_div,8,1,nearest_even,1048576,4.708121300,4.696914673
12,throughput256.FP128.mul_div,0,0,nearest_even,1048576,4.689728737,4.677428246
12,throughput256.FP128.mul_div,0,1,toward_zero,1048576,3.118527412,3.114416122
12,throughput256.FP128.mul_div,1,0,toward_zero,1048576,3.141382217,3.136325836
12,throughput256.FP128.mul_div,1,1,nearest_even,1048576,4.715785027,4.701406479
12,throughput256.FP128.mul_div,2,0,nearest_even,1048576,4.676591873,4.668206215
12,throughput256.FP128.mul_div,2,1,toward_zero,1048576,3.184674263,3.170292854
12,throughput256.FP128.mul_div,3,0,toward_zero,1048576,3.134435654,3.129857063
12,throughput256.FP128.mul_div,3,1,nearest_even,1048576,4.723600388,4.716444969
12,throughput256.FP128.mul_div,4,0,nearest_even,1048576,4.701691628,4.685327530
12,throughput256.FP128.mul_div,4,1,toward_zero,1048576,3.113768578,3.108894348
12,throughput256.FP128.mul_div,5,0,toward_zero,1048576,3.148978233,3.138865471
12,throughput256.FP128.mul_div,5,1,nearest_even,1048576,4.738219261,4.727884293
12,throughput256.FP128.mul_div,6,0,nearest_even,1048576,4.729219437,4.718587875
12,throughput256.FP128.mul_div,6,1,toward_zero,1048576,3.131884575,3.121639252
12,throughput256.FP128.mul_div,7,0,toward_zero,1048576,3.156477928,3.150895119
12,throughput256.FP128.mul_div,7,1,nearest_even,1048576,4.745719910,4.732041359
12,throughput256.FP128.mul_div,8,0,nearest_even,1048576,4.675225258,4.665780067
12,throughput256.FP128.mul_div,8,1,toward_zero,1048576,3.131760597,3.123847008
12,exact_results.FP128.mul_div,0,0,toward_zero,1048576,3.169109344,3.155223846
12,exact_results.FP128.mul_div,0,1,nearest_even,1048576,3.254557610,3.248432159
12,exact_results.FP128.mul_div,1,0,nearest_even,1048576,3.257051468,3.249585152
12,exact_results.FP128.mul_div,1,1,toward_zero,1048576,3.155092239,3.142536163
12,exact_results.FP128.mul_div,2,0,toward_zero,1048576,3.141057968,3.136078835
12,exact_results.FP128.mul_div,2,1,nearest_even,1048576,3.263051033,3.253087044
12,exact_results.FP128.mul_div,3,0,nearest_even,1048576,3.263061523,3.250800133
12,exact_results.FP128.mul_div,3,1,toward_zero,1048576,3.148643494,3.141857147
12,exact_results.FP128.mul_div,4,0,toward_zero,1048576,3.145519257,3.137693405
12,exact_results.FP128.mul_div,4,1,nearest_even,1048576,3.268660545,3.254850388
12,exact_results.FP128.mul_div,5,0,nearest_even,1048576,3.248547554,3.242011070
12,exact_results.FP128.mul_div,5,1,toward_zero,1048576,3.203478813,3.198650360
12,exact_results.FP128.mul_div,6,0,toward_zero,1048576,3.194190979,3.189862251
12,exact_results.FP128.mul_div,6,1,nearest_even,1048576,3.257967949,3.244923592
12,exact_results.FP128.mul_div,7,0,nearest_even,1048576,3.250581741,3.245470047
12,exact_results.FP128.mul_div,7,1,toward_zero,1048576,3.208837509,3.199098587
12,exact_results.FP128.mul_div,8,0,toward_zero,1048576,3.191305161,3.179903984
12,exact_results.FP128.mul_div,8,1,nearest_even,1048576,3.310872078,3.305693626
12,halfway_ties.FP128.mul_div,0,0,nearest_even,1048576,4.770400047,4.753881454
12,halfway_ties.FP128.mul_div,0,1,toward_zero,1048576,3.195031166,3.188177109
12,halfway_ties.FP128.mul_div,1,0,toward_zero,1048576,3.159258842,3.151334763
12,halfway_ties.FP128.mul_div,1,1,nearest_even,1048576,4.729592323,4.712402344
12,halfway_ties.FP128.mul_div,2,0,nearest_even,1048576,4.687655449,4.679871559
12,halfway_ties.FP128.mul_div,2,1,toward_zero,1048576,3.131330490,3.125147820
12,halfway_ties.FP128.mul_div,3,0,toward_zero,1048576,3.213950157,3.204411507
12,halfway_ties.FP128.mul_div,3,1,nearest_even,1048576,4.741841316,4.734037399
12,halfway_ties.FP128.mul_div,4,0,nearest_even,1048576,4.703077316,4.690169334
12,halfway_ties.FP128.mul_div,4,1,toward_zero,1048576,3.128234863,3.118475914
12,halfway_ties.FP128.mul_div,5,0,toward_zero,1048576,3.147878647,3.143700600
12,halfway_ties.FP128.mul_div,5,1,nearest_even,1048576,4.722980499,4.710283279
12,halfway_ties.FP128.mul_div,6,0,nearest_even,1048576,4.698968887,4.681916237
12,halfway_ties.FP128.mul_div,6,1,toward_zero,1048576,3.149226189,3.139642715
12,halfway_ties.FP128.mul_div,7,0,toward_zero,1048576,3.144611359,3.140137672
12,halfway_ties.FP128.mul_div,7,1,nearest_even,1048576,4.718890190,4.706864357
12,halfway_ties.FP128.mul_div,8,0,nearest_even,1048576,4.713749886,4.699020386
12,halfway_ties.FP128.mul_div,8,1,toward_zero,1048576,3.166462898,3.157415390
12,exact_chain.FP128.mul_div,0,0,toward_zero,1048576,3.898543358,3.889681816
12,exact_chain.FP128.mul_div,0,1,nearest_even,1048576,3.892074585,3.878330231
12,exact_chain.FP128.mul_div,1,0,nearest_even,1048576,3.885500908,3.877621651
12,exact_chain.FP128.mul_div,1,1,toward_zero,1048576,3.910553932,3.903564453
12,exact_chain.FP128.mul_div,2,0,toward_zero,1048576,3.938960075,3.926763535
12,exact_chain.FP128.mul_div,2,1,nearest_even,1048576,3.880628586,3.874298096
12,exact_chain.FP128.mul_div,3,0,nearest_even,1048576,3.904399872,3.892815590
12,exact_chain.FP128.mul_div,3,1,toward_zero,1048576,3.911757469,3.905331612
12,exact_chain.FP128.mul_div,4,0,toward_zero,1048576,3.918531418,3.912909508
12,exact_chain.FP128.mul_div,4,1,nearest_even,1048576,3.884976387,3.872646332
12,exact_chain.FP128.mul_div,5,0,nearest_even,1048576,3.878478050,3.872741699
12,exact_chain.FP128.mul_div,5,1,toward_zero,1048576,3.914480209,3.902103424
12,exact_chain.FP128.mul_div,6,0,toward_zero,1048576,3.905001640,3.894764900
12,exact_chain.FP128.mul_div,6,1,nearest_even,1048576,3.892963409,3.885505676
12,exact_chain.FP128.mul_div,7,0,nearest_even,1048576,3.890842438,3.875055313
12,exact_chain.FP128.mul_div,7,1,toward_zero,1048576,3.918283463,3.912995338
12,exact_chain.FP128.mul_div,8,0,toward_zero,1048576,3.906731606,3.900478363
12,exact_chain.FP128.mul_div,8,1,nearest_even,1048576,3.904104233,3.888249397
12,inexact_chain.FP128.mul_div,0,0,nearest_even,1048576,5.068295479,5.060576439
12,inexact_chain.FP128.mul_div,0,1,toward_zero,1048576,3.922115326,3.908571243
12,inexact_chain.FP128.mul_div,1,0,toward_zero,1048576,3.917556763,3.911627769
12,inexact_chain.FP128.mul_div,1,1,nearest_even,1048576,5.149768829,5.133688927
12,inexact_chain.FP128.mul_div,2,0,nearest_even,1048576,5.077048302,5.068277359
12,inexact_chain.FP128.mul_div,2,1,toward_zero,1048576,3.914117813,3.899266243
12,inexact_chain.FP128.mul_div,3,0,toward_zero,1048576,3.903244972,3.895558357
12,inexact_chain.FP128.mul_div,3,1,nearest_even,1048576,5.165447235,5.156791687
12,inexact_chain.FP128.mul_div,4,0,nearest_even,1048576,5.114311218,5.100800514
12,inexact_chain.FP128.mul_div,4,1,toward_zero,1048576,3.923050880,3.917723656
12,inexact_chain.FP128.mul_div,5,0,toward_zero,1048576,3.920939445,3.903498650
12,inexact_chain.FP128.mul_div,5,1,nearest_even,1048576,5.111004829,5.101737976
12,inexact_chain.FP128.mul_div,6,0,nearest_even,1048576,5.093156815,5.078922272
12,inexact_chain.FP128.mul_div,6,1,toward_zero,1048576,3.905375481,3.898376465
12,inexact_chain.FP128.mul_div,7,0,toward_zero,1048576,3.924073219,3.917228699
12,inexact_chain.FP128.mul_div,7,1,nearest_even,1048576,5.141513824,5.126495361
12,inexact_chain.FP128.mul_div,8,0,nearest_even,1048576,5.101174355,5.094009399
12,inexact_chain.FP128.mul_div,8,1,toward_zero,1048576,3.908241272,3.896533012
12,wide_product.FP128.mul,0,0,toward_zero,1048576,6.003613472,5.984263420
12,wide_product.FP128.mul,0,1,nearest_even,1048576,6.724667549,6.713923454
12,wide_product.FP128.mul,1,0,nearest_even,1048576,6.600868225,6.583717346
12,wide_product.FP128.mul,1,1,toward_zero,1048576,5.937085152,5.927165985
12,wide_product.FP128.mul,2,0,toward_zero,1048576,5.946343422,5.931138039
12,wide_product.FP128.mul,2,1,nearest_even,1048576,6.589403152,6.573174477
12,wide_product.FP128.mul,3,0,nearest_even,1048576,6.584816933,6.571235657
12,wide_product.FP128.mul,3,1,toward_zero,1048576,5.951636314,5.930756569
12,wide_product.FP128.mul,4,0,toward_zero,1048576,5.944049835,5.928477287
12,wide_product.FP128.mul,4,1,nearest_even,1048576,6.591925621,6.576622963
12,wide_product.FP128.mul,5,0,nearest_even,1048576,6.594313622,6.573962212
12,wide_product.FP128.mul,5,1,toward_zero,1048576,5.937333107,5.924430847
12,wide_product.FP128.mul,6,0,toward_zero,1048576,5.948589325,5.932287216
12,wide_product.FP128.mul,6,1,nearest_even,1048576,6.596940994,6.566735268
12,wide_product.FP128.mul,7,0,nearest_even,1048576,6.577670097,6.565807343
12,wide_product.FP128.mul,7,1,toward_zero,1048576,5.962347031,5.940464020
12,wide_product.FP128.mul,8,0,toward_zero,1048576,5.936779022,5.928063393
12,wide_product.FP128.mul,8,1,nearest_even,1048576,6.589097023,6.573635101
12,native_by64.FP128.div,0,0,toward_zero,1048576,4.023624420,4.011447906
12,native_by64.FP128.div,0,1,nearest_even,1048576,6.373810768,6.357667923
12,native_by64.FP128.div,1,0,nearest_even,1048576,6.349474907,6.332623482
12,native_by64.FP128.div,1,1,toward_zero,1048576,3.972152710,3.962660789
12,native_by64.FP128.div,2,0,toward_zero,1048576,4.043698311,4.031658173
12,native_by64.FP128.div,2,1,nearest_even,1048576,6.358561516,6.345775604
12,native_by64.FP128.div,3,0,nearest_even,1048576,6.348089218,6.332935333
12,native_by64.FP128.div,3,1,toward_zero,1048576,4.014393806,4.003947258
12,native_by64.FP128.div,4,0,toward_zero,1048576,4.058785439,4.044764519
12,native_by64.FP128.div,4,1,nearest_even,1048576,6.343712807,6.329882622
12,native_by64.FP128.div,5,0,nearest_even,1048576,6.351262093,6.333894730
12,native_by64.FP128.div,5,1,toward_zero,1048576,4.001036644,3.993512154
12,native_by64.FP128.div,6,0,toward_zero,1048576,4.015283585,3.998728752
12,native_by64.FP128.div,6,1,nearest_even,1048576,6.337349892,6.324536324
12,native_by64.FP128.div,7,0,nearest_even,1048576,6.351959229,6.333609581
12,native_by64.FP128.div,7,1,toward_zero,1048576,3.972649574,3.963862419
12,native_by64.FP128.div,8,0,toward_zero,1048576,4.025037766,4.011276245
12,native_by64.FP128.div,8,1,nearest_even,1048576,6.337521553,6.325883865
12,native_by128.FP128.div,0,0,toward_zero,1048576,6.167668343,6.152675629
12,native_by128.FP128.div,0,1,nearest_even,1048576,10.039859772,10.016386986
12,native_by128.FP128.div,1,0,nearest_even,1048576,9.989544868,9.968126297
12,native_by128.FP128.div,1,1,toward_zero,1048576,6.139481544,6.119146347
12,native_by128.FP128.div,2,0,toward_zero,1048576,6.120706558,6.110340118
12,native_by128.FP128.div,2,1,nearest_even,1048576,10.022670746,9.992176056
12,native_by128.FP128.div,3,0,nearest_even,1048576,9.986057281,9.957331657
12,native_by128.FP128.div,3,1,toward_zero,1048576,6.163626671,6.148183823
12,native_by128.FP128.div,4,0,toward_zero,1048576,6.137981415,6.127390862
12,native_by128.FP128.div,4,1,nearest_even,1048576,10.019459724,9.984071732
12,native_by128.FP128.div,5,0,nearest_even,1048576,9.979416847,9.954712868
12,native_by128.FP128.div,5,1,toward_zero,1048576,6.140064240,6.122060776
12,native_by128.FP128.div,6,0,toward_zero,1048576,6.164524078,6.144103050
12,native_by128.FP128.div,6,1,nearest_even,1048576,10.028050423,10.001921654
12,native_by128.FP128.div,7,0,nearest_even,1048576,10.031327248,9.999806404
12,native_by128.FP128.div,7,1,toward_zero,1048576,6.091488838,6.078989983
12,native_by128.FP128.div,8,0,toward_zero,1048576,6.118643761,6.101326942
12,native_by128.FP128.div,8,1,nearest_even,1048576,10.020673752,9.991154671
12,wide_by64.FP128.div,0,0,toward_zero,1048576,6.510433197,6.495671272
12,wide_by64.FP128.div,0,1,nearest_even,1048576,7.959506989,7.926791191
12,wide_by64.FP128.div,1,0,nearest_even,1048576,7.912249565,7.891055107
12,wide_by64.FP128.div,1,1,toward_zero,1048576,6.461647034,6.437956810
12,wide_by64.FP128.div,2,0,toward_zero,1048576,6.445547104,6.433238983
12,wide_by64.FP128.div,2,1,nearest_even,1048576,7.929218292,7.904408455
12,wide_by64.FP128.div,3,0,nearest_even,1048576,7.914523125,7.891037941
12,wide_by64.FP128.div,3,1,toward_zero,1048576,6.442957878,6.426853180
12,wide_by64.FP128.div,4,0,toward_zero,1048576,6.456458092,6.437404633
12,wide_by64.FP128.div,4,1,nearest_even,1048576,7.940588951,7.918451309
12,wide_by64.FP128.div,5,0,nearest_even,1048576,7.921011925,7.898204803
12,wide_by64.FP128.div,5,1,toward_zero,1048576,6.446521759,6.436075211
12,wide_by64.FP128.div,6,0,toward_zero,1048576,6.464656830,6.447836876
12,wide_by64.FP128.div,6,1,nearest_even,1048576,7.925874710,7.903008461
12,wide_by64.FP128.div,7,0,nearest_even,1048576,7.908207893,7.891659737
12,wide_by64.FP128.div,7,1,toward_zero,1048576,6.461589813,6.442369461
12,wide_by64.FP128.div,8,0,toward_zero,1048576,6.457824707,6.441414833
12,wide_by64.FP128.div,8,1,nearest_even,1048576,7.927556038,7.903088570
12,wide_by128.FP128.div,0,0,nearest_even,1048576,13.784649849,13.751885414
12,wide_by128.FP128.div,0,1,toward_zero,1048576,12.361000061,12.328651428
12,wide_by128.FP128.div,1,0,toward_zero,1048576,12.269752502,12.236812592
12,wide_by128.FP128.div,1,1,nearest_even,1048576,13.678582191,13.646879196
12,wide_by128.FP128.div,2,0,nearest_even,1048576,13.670499802,13.640553474
12,wide_by128.FP128.div,2,1,toward_zero,1048576,12.326707840,12.294774055
12,wide_by128.FP128.div,3,0,toward_zero,1048576,12.296639442,12.261027336
12,wide_by128.FP128.div,3,1,nearest_even,1048576,13.740832329,13.699345589
12,wide_by128.FP128.div,4,0,nearest_even,1048576,13.737362862,13.697032928
12,wide_by128.FP128.div,4,1,toward_zero,1048576,12.360646248,12.321817398
12,wide_by128.FP128.div,5,0,toward_zero,1048576,12.305783272,12.275222778
12,wide_by128.FP128.div,5,1,nearest_even,1048576,13.712740898,13.681238174
12,wide_by128.FP128.div,6,0,nearest_even,1048576,13.693239212,13.660894394
12,wide_by128.FP128.div,6,1,toward_zero,1048576,12.334743500,12.296966553
12,wide_by128.FP128.div,7,0,toward_zero,1048576,12.281945229,12.247324944
12,wide_by128.FP128.div,7,1,nearest_even,1048576,13.685644150,13.654119492
12,wide_by128.FP128.div,8,0,nearest_even,1048576,13.731811523,13.689124107
12,wide_by128.FP128.div,8,1,toward_zero,1048576,12.334772110,12.306156158
12,wide_product.FP128.mul_div,0,0,nearest_even,1048576,13.209513664,13.175236702
12,wide_product.FP128.mul_div,0,1,toward_zero,1048576,12.014966965,11.986541748
12,wide_product.FP128.mul_div,1,0,toward_zero,1048576,12.050930977,12.019478798
12,wide_product.FP128.mul_div,1,1,nearest_even,1048576,13.147351265,13.117932320
12,wide_product.FP128.mul_div,2,0,nearest_even,1048576,13.107403755,13.075979233
12,wide_product.FP128.mul_div,2,1,toward_zero,1048576,12.023356438,11.987066269
12,wide_product.FP128.mul_div,3,0,toward_zero,1048576,12.037927628,12.004474640
12,wide_product.FP128.mul_div,3,1,nearest_even,1048576,13.110297203,13.079587936
12,wide_product.FP128.mul_div,4,0,nearest_even,1048576,13.105731010,13.074526787
12,wide_product.FP128.mul_div,4,1,toward_zero,1048576,12.007285118,11.975587845
12,wide_product.FP128.mul_div,5,0,toward_zero,1048576,12.040631294,12.004009247
12,wide_product.FP128.mul_div,5,1,nearest_even,1048576,13.152443886,13.125896454
12,wide_product.FP128.mul_div,6,0,nearest_even,1048576,13.135226250,13.097594261
12,wide_product.FP128.mul_div,6,1,toward_zero,1048576,12.008470535,11.979660034
12,wide_product.FP128.mul_div,7,0,toward_zero,1048576,12.000166893,11.974252701
12,wide_product.FP128.mul_div,7,1,nearest_even,1048576,13.165151596,13.119459152
12,wide_product.FP128.mul_div,8,0,nearest_even,1048576,13.169929504,13.134880066
12,wide_product.FP128.mul_div,8,1,toward_zero,1048576,12.022983551,11.989708900
12,throughput4096.FP64.mul_wide,0,0,nearest_even,1048576,2.449355125,2.438556671
12,throughput4096.FP64.mul_wide,0,1,toward_zero,1048576,2.571588516,2.568588257
12,throughput4096.FP64.mul_wide,1,0,toward_zero,1048576,2.563781738,2.558707237
12,throughput4096.FP64.mul_wide,1,1,nearest_even,1048576,2.422220230,2.413325310
12,throughput4096.FP64.mul_wide,2,0,nearest_even,1048576,2.434860229,2.425935745
12,throughput4096.FP64.mul_wide,2,1,toward_zero,1048576,2.580349922,2.576453209
12,throughput4096.FP64.mul_wide,3,0,toward_zero,1048576,2.560170174,2.557035446
12,throughput4096.FP64.mul_wide,3,1,nearest_even,1048576,2.407094955,2.401698112
12,throughput4096.FP64.mul_wide,4,0,nearest_even,1048576,2.428305626,2.419136047
12,throughput4096.FP64.mul_wide,4,1,toward_zero,1048576,2.563924789,2.554274559
12,throughput4096.FP64.mul_wide,5,0,toward_zero,1048576,2.544730186,2.539827347
12,throughput4096.FP64.mul_wide,5,1,nearest_even,1048576,2.412014961,2.402290344
12,throughput4096.FP64.mul_wide,6,0,nearest_even,1048576,2.423748016,2.415456772
12,throughput4096.FP64.mul_wide,6,1,toward_zero,1048576,2.575944901,2.565256119
12,throughput4096.FP64.mul_wide,7,0,toward_zero,1048576,2.551971436,2.548923492
12,throughput4096.FP64.mul_wide,7,1,nearest_even,1048576,2.405173302,2.400683403
12,throughput4096.FP64.mul_wide,8,0,nearest_even,1048576,2.415732384,2.412676811
12,throughput4096.FP64.mul_wide,8,1,toward_zero,1048576,2.567890167,2.557026863
12,fullrange.FP64.mul_wide,0,0,toward_zero,1048576,2.488194466,2.485472679
12,fullrange.FP64.mul_wide,0,1,nearest_even,1048576,2.961706161,2.957147598
12,fullrange.FP64.mul_wide,1,0,nearest_even,1048576,2.968289375,2.953574181
12,fullrange.FP64.mul_wide,1,1,toward_zero,1048576,2.487440109,2.483915329
12,fullrange.FP64.mul_wide,2,0,toward_zero,1048576,2.500643730,2.495063782
12,fullrange.FP64.mul_wide,2,1,nearest_even,1048576,2.969551086,2.964255333
12,fullrange.FP64.mul_wide,3,0,nearest_even,1048576,2.971346855,2.957521439
12,fullrange.FP64.mul_wide,3,1,toward_zero,1048576,2.497768402,2.488694191
12,fullrange.FP64.mul_wide,4,0,toward_zero,1048576,2.499392509,2.495839119
12,fullrange.FP64.mul_wide,4,1,nearest_even,1048576,2.967046738,2.962174416
12,fullrange.FP64.mul_wide,5,0,nearest_even,1048576,2.966684341,2.955541611
12,fullrange.FP64.mul_wide,5,1,toward_zero,1048576,2.493353844,2.487573624
12,fullrange.FP64.mul_wide,6,0,toward_zero,1048576,2.505077362,2.497022629
12,fullrange.FP64.mul_wide,6,1,nearest_even,1048576,2.975693703,2.964400291
12,fullrange.FP64.mul_wide,7,0,nearest_even,1048576,2.956766129,2.952398300
12,fullrange.FP64.mul_wide,7,1,toward_zero,1048576,2.497987747,2.492687225
12,fullrange.FP64.mul_wide,8,0,toward_zero,1048576,2.503329277,2.500157356
12,fullrange.FP64.mul_wide,8,1,nearest_even,1048576,2.978178978,2.967736244
12,throughput4096.FP64.quantize4,0,0,nearest_even,1048576,3.257653236,3.252673149
12,throughput4096.FP64.quantize4,0,1,toward_zero,1048576,3.203888893,3.192038536
12,throughput4096.FP64.quantize4,1,0,toward_zero,1048576,3.181254387,3.170358658
12,throughput4096.FP64.quantize4,1,1,nearest_even,1048576,3.220819473,3.215801239
12,throughput4096.FP64.quantize4,2,0,nearest_even,1048576,3.230202675,3.223358154
12,throughput4096.FP64.quantize4,2,1,toward_zero,1048576,3.189222336,3.174345970
12,throughput4096.FP64.quantize4,3,0,toward_zero,1048576,3.170782089,3.161149979
12,throughput4096.FP64.quantize4,3,1,nearest_even,1048576,3.214370728,3.207376480
12,throughput4096.FP64.quantize4,4,0,nearest_even,1048576,3.225253105,3.220522881
12,throughput4096.FP64.quantize4,4,1,toward_zero,1048576,3.186556816,3.171764374
12,throughput4096.FP64.quantize4,5,0,toward_zero,1048576,3.168040276,3.156563759
12,throughput4096.FP64.quantize4,5,1,nearest_even,1048576,3.215975761,3.211004257
12,throughput4096.FP64.quantize4,6,0,nearest_even,1048576,3.235754013,3.220645905
12,throughput4096.FP64.quantize4,6,1,toward_zero,1048576,3.175186157,3.169324875
12,throughput4096.FP64.quantize4,7,0,toward_zero,1048576,3.162622452,3.156717300
12,throughput4096.FP64.quantize4,7,1,nearest_even,1048576,3.225176811,3.213009834
12,throughput4096.FP64.quantize4,8,0,nearest_even,1048576,3.232973099,3.224134445
12,throughput4096.FP64.quantize4,8,1,toward_zero,1048576,3.144965172,3.139957428
12,throughput4096.FP128.quantize4,0,0,toward_zero,1048576,5.704418182,5.689225197
12,throughput4096.FP128.quantize4,0,1,nearest_even,1048576,6.087542534,6.064455032
12,throughput4096.FP128.quantize4,1,0,nearest_even,1048576,6.061123848,6.048146248
12,throughput4096.FP128.quantize4,1,1,toward_zero,1048576,5.716811180,5.694544792
12,throughput4096.FP128.quantize4,2,0,toward_zero,1048576,5.696545601,5.686656952
12,throughput4096.FP128.quantize4,2,1,nearest_even,1048576,6.071051598,6.051960945
12,throughput4096.FP128.quantize4,3,0,nearest_even,1048576,6.057760239,6.046588898
12,throughput4096.FP128.quantize4,3,1,toward_zero,1048576,5.709750175,5.691002846
12,throughput4096.FP128.quantize4,4,0,toward_zero,1048576,5.704771996,5.689597130
12,throughput4096.FP128.quantize4,4,1,nearest_even,1048576,6.064736366,6.044188499
12,throughput4096.FP128.quantize4,5,0,nearest_even,1048576,6.071069717,6.055322647
12,throughput4096.FP128.quantize4,5,1,toward_zero,1048576,5.678764343,5.664108276
12,throughput4096.FP128.quantize4,6,0,toward_zero,1048576,5.711479187,5.690611839
12,throughput4096.FP128.quantize4,6,1,nearest_even,1048576,6.069541931,6.052121162
12,throughput4096.FP128.quantize4,7,0,nearest_even,1048576,6.079191208,6.062459946
12,throughput4096.FP128.quantize4,7,1,toward_zero,1048576,5.726326942,5.705441475
12,throughput4096.FP128.quantize4,8,0,toward_zero,1048576,5.702660561,5.689731598
12,throughput4096.FP128.quantize4,8,1,nearest_even,1048576,6.072245598,6.053497314
12,parse_extra_digit.FP64,0,0,nearest_even,1048576,34.426232338,34.333455086
12,parse_extra_digit.FP64,0,1,toward_zero,1048576,33.835150719,33.737956047
12,parse_extra_digit.FP64,1,0,toward_zero,1048576,33.933554649,33.841097832
12,parse_extra_digit.FP64,1,1,nearest_even,1048576,34.490248680,34.400521278
12,parse_extra_digit.FP64,2,0,nearest_even,1048576,34.552258492,34.450893402
12,parse_extra_digit.FP64,2,1,toward_zero,1048576,34.041867256,33.925203323
12,parse_extra_digit.FP64,3,0,toward_zero,1048576,33.976397514,33.866617203
12,parse_extra_digit.FP64,3,1,nearest_even,1048576,34.614727020,34.515935898
12,parse_extra_digit.FP64,4,0,nearest_even,1048576,34.540946007,34.439732552
12,parse_extra_digit.FP64,4,1,toward_zero,1048576,34.024705887,33.926357269
12,parse_extra_digit.FP64,5,0,toward_zero,1048576,34.004746437,33.924537659
12,parse_extra_digit.FP64,5,1,nearest_even,1048576,34.603443146,34.491245270
12,parse_extra_digit.FP64,6,0,nearest_even,1048576,34.566867828,34.468611717
12,parse_extra_digit.FP64,6,1,toward_zero,1048576,34.034938812,33.924535751
12,parse_extra_digit.FP64,7,0,toward_zero,1048576,42.738183975,42.566404343
12,parse_extra_digit.FP64,7,1,nearest_even,1048576,52.237974167,51.942222595
12,parse_extra_digit.FP64,8,0,nearest_even,1048576,50.956383705,50.640744209
12,parse_extra_digit.FP64,8,1,toward_zero,1048576,53.578258514,53.311539650
12,format_2digits.FP64,0,0,nearest_even,1048576,25.524871826,25.415556908
12,format_2digits.FP64,0,1,toward_zero,1048576,24.722276688,24.607764244
12,format_2digits.FP64,1,0,toward_zero,1048576,24.805727959,24.702909470
12,format_2digits.FP64,1,1,nearest_even,1048576,25.671898842,25.560308456
12,format_2digits.FP64,2,0,nearest_even,1048576,25.706935883,25.615579605
12,format_2digits.FP64,2,1,toward_zero,1048576,24.770643234,24.671001434
12,format_2digits.FP64,3,0,toward_zero,1048576,24.729338646,24.644133568
12,format_2digits.FP64,3,1,nearest_even,1048576,25.660997391,25.564725876
12,format_2digits.FP64,4,0,nearest_even,1048576,23.848634720,23.769778252
12,format_2digits.FP64,4,1,toward_zero,1048576,19.554708481,19.480987549
12,format_2digits.FP64,5,0,toward_zero,1048576,20.471308708,20.403736115
12,format_2digits.FP64,5,1,nearest_even,1048576,20.607482910,20.531523705
12,format_2digits.FP64,6,0,nearest_even,1048576,21.683656693,21.609973907
12,format_2digits.FP64,6,1,toward_zero,1048576,20.771842003,20.698734283
12,format_2digits.FP64,7,0,toward_zero,1048576,21.658327103,21.585917473
12,format_2digits.FP64,7,1,nearest_even,1048576,20.053730965,19.987740517
12,format_2digits.FP64,8,0,nearest_even,1048576,22.231598854,22.156565666
12,format_2digits.FP64,8,1,toward_zero,1048576,20.528512955,20.455349922
12,parse_extra_digit.FP128,0,0,nearest_even,1048576,42.203702927,42.056755066
12,parse_extra_digit.FP128,0,1,toward_zero,1048576,43.810029984,43.665342331
12,parse_extra_digit.FP128,1,0,toward_zero,1048576,40.420330048,40.248326302
12,parse_extra_digit.FP128,1,1,nearest_even,1048576,44.286931992,44.118762970
12,parse_extra_digit.FP128,2,0,nearest_even,1048576,42.291998863,42.141977310
12,parse_extra_digit.FP128,2,1,toward_zero,1048576,44.427367210,44.271013260
12,parse_extra_digit.FP128,3,0,toward_zero,1048576,44.027483940,43.877256393
12,parse_extra_digit.FP128,3,1,nearest_even,1048576,44.308248520,44.141820908
12,parse_extra_digit.FP128,4,0,nearest_even,1048576,46.034112930,45.884542465
12,parse_extra_digit.FP128,4,1,toward_zero,1048576,44.053339005,43.897598267
12,parse_extra_digit.FP128,5,0,toward_zero,1048576,43.073046684,42.933598518
12,parse_extra_digit.FP128,5,1,nearest_even,1048576,44.085844040,43.950429916
12,parse_extra_digit.FP128,6,0,nearest_even,1048576,41.116723061,40.968191147
12,parse_extra_digit.FP128,6,1,toward_zero,1048576,40.642018318,40.508496284
12,parse_extra_digit.FP128,7,0,toward_zero,1048576,40.727466583,40.583206177
12,parse_extra_digit.FP128,7,1,nearest_even,1048576,44.419761658,44.281519890
12,parse_extra_digit.FP128,8,0,nearest_even,1048576,40.631001472,40.489566803
12,parse_extra_digit.FP128,8,1,toward_zero,1048576,46.410300255,46.234352112
12,format_2digits.FP128,0,0,toward_zero,1048576,19.654879570,19.588513374
12,format_2digits.FP128,0,1,nearest_even,1048576,21.177495956,21.100905418
12,format_2digits.FP128,1,0,nearest_even,1048576,20.465547562,20.400798798
12,format_2digits.FP128,1,1,toward_zero,1048576,18.369104385,18.310004234
12,format_2digits.FP128,2,0,toward_zero,1048576,17.175944328,17.124021530
12,format_2digits.FP128,2,1,nearest_even,1048576,19.447705269,19.388202667
12,format_2digits.FP128,3,0,nearest_even,1048576,20.307837486,20.234742165
12,format_2digits.FP128,3,1,toward_zero,1048576,17.370534897,17.315680504
12,format_2digits.FP128,4,0,toward_zero,1048576,18.494166374,18.429149628
12,format_2digits.FP128,4,1,nearest_even,1048576,18.468444824,18.407151222
12,format_2digits.FP128,5,0,nearest_even,1048576,20.008556366,19.936989784
12,format_2digits.FP128,5,1,toward_zero,1048576,17.388363838,17.330048561
12,format_2digits.FP128,6,0,toward_zero,1048576,20.666568756,20.598823547
12,format_2digits.FP128,6,1,nearest_even,1048576,17.572291374,17.523597717
12,format_2digits.FP128,7,0,nearest_even,1048576,19.852910995,19.785018921
12,format_2digits.FP128,7,1,toward_zero,1048576,19.658300400,19.596062660
12,format_2digits.FP128,8,0,toward_zero,1048576,17.064602852,17.008076668
12,format_2digits.FP128,8,1,nearest_even,1048576,18.016967773,17.960169792
