digits,workload,pair_index,order_slot,mode,iterations,ns_per_op,cpu_ns_per_op
12,throughput4096.FP64.mul,0,0,nearest_even,1048576,2.737247467,2.732624054
12,throughput4096.FP64.mul,0,1,toward_zero,1048576,2.534133911,2.528506279
12,throughput4096.FP64.mul,1,0,toward_zero,1048576,2.523747444,2.515272141
12,throughput4096.FP64.mul,1,1,nearest_even,1048576,2.757005692,2.711886406
12,throughput4096.FP64.mul,2,0,nearest_even,1048576,2.692808151,2.684020042
12,throughput4096.FP64.mul,2,1,toward_zero,1048576,2.478678703,2.472879410
12,throughput4096.FP64.mul,3,0,toward_zero,1048576,2.470565796,2.467929840
12,throughput4096.FP64.mul,3,1,nearest_even,1048576,2.753280640,2.708506584
12,throughput4096.FP64.mul,4,0,nearest_even,1048576,2.685212135,2.680225372
12,throughput4096.FP64.mul,4,1,toward_zero,1048576,2.515176773,2.509922981
12,throughput4096.FP64.mul,5,0,toward_zero,1048576,2.510017395,2.506865501
12,throughput4096.FP64.mul,5,1,nearest_even,1048576,2.741030693,2.697307587
12,throughput4096.FP64.mul,6,0,nearest_even,1048576,2.700671196,2.695532799
12,throughput4096.FP64.mul,6,1,toward_zero,1048576,2.526079178,2.507352829
12,throughput4096.FP64.mul,7,0,toward_zero,1048576,2.508451462,2.504878044
12,throughput4096.FP64.mul,7,1,nearest_even,1048576,2.751302719,2.705390930
12,throughput4096.FP64.mul,8,0,nearest_even,1048576,2.690993309,2.685547829
12,throughput4096.FP64.mul,8,1,toward_zero,1048576,2.474942207,2.470298767
12,throughput256.FP64.mul,0,0,nearest_even,1048576,2.715873718,2.710581779
12,throughput256.FP64.mul,0,1,toward_zero,1048576,2.537229538,2.495731354
12,throughput256.FP64.mul,1,0,toward_zero,1048576,2.493277550,2.488929749
12,throughput256.FP64.mul,1,1,nearest_even,1048576,2.734504700,2.730751991
12,throughput256.FP64.mul,2,0,nearest_even,1048576,2.753719330,2.749021530
12,throughput256.FP64.mul,2,1,toward_zero,1048576,2.529662132,2.494359016
12,throughput256.FP64.mul,3,0,toward_zero,1048576,2.497501373,2.492810249
12,throughput256.FP64.mul,3,1,nearest_even,1048576,2.739300728,2.733596802
12,throughput256.FP64.mul,4,0,nearest_even,1048576,2.771109581,2.738079071
12,throughput256.FP64.mul,4,1,toward_zero,1048576,2.514947891,2.512473106
12,throughput256.FP64.mul,5,0,toward_zero,1048576,2.517345428,2.512540817
12,throughput256.FP64.mul,5,1,nearest_even,1048576,2.728667259,2.723993301
12,throughput256.FP64.mul,6,0,nearest_even,1048576,2.747996330,2.711994171
12,throughput256.FP64.mul,6,1,toward_zero,1048576,2.500663757,2.497808456
12,throughput256.FP64.mul,7,0,toward_zero,1048576,2.498590469,2.493814468
12,throughput256.FP64.mul,7,1,nearest_even,1048576,2.724224091,2.720088005
12,throughput256.FP64.mul,8,0,nearest_even,1048576,2.768577576,2.726401329
12,throughput256.FP64.mul,8,1,toward_zero,1048576,2.506797791,2.503635406
12,exact_results.FP64.mul,0,0,nearest_even,1048576,2.572916031,2.562179565
12,exact_results.FP64.mul,0,1,toward_zero,1048576,2.467498779,2.464070320
12,exact_results.FP64.mul,1,0,toward_zero,1048576,2.534935951,2.492972374
12,exact_results.FP64.mul,1,1,nearest_even,1048576,2.550749779,2.545839310
12,exact_results.FP64.mul,2,0,nearest_even,1048576,2.531124115,2.527884483
12,exact_results.FP64.mul,2,1,toward_zero,1048576,2.618062019,2.612854958
12,exact_results.FP64.mul,3,0,toward_zero,1048576,2.665127754,2.619685173
12,exact_results.FP64.mul,3,1,nearest_even,1048576,2.635260582,2.631859779
12,exact_results.FP64.mul,4,0,nearest_even,1048576,2.631706238,2.626700401
12,exact_results.FP64.mul,4,1,toward_zero,1048576,2.575457573,2.569746017
12,exact_results.FP64.mul,5,0,toward_zero,1048576,2.647232056,2.604951859
12,exact_results.FP64.mul,5,1,nearest_even,1048576,2.642942429,2.639837265
12,exact_results.FP64.mul,6,0,nearest_even,1048576,2.643544197,2.639847755
12,exact_results.FP64.mul,6,1,toward_zero,1048576,2.617994308,2.612932205
12,exact_results.FP64.mul,7,0,toward_zero,1048576,2.621119499,2.578592300
12,exact_results.FP64.mul,7,1,nearest_even,1048576,2.622438431,2.619438171
12,exact_results.FP64.mul,8,0,nearest_even,1048576,2.641672134,2.636866570
12,exact_results.FP64.mul,8,1,toward_zero,1048576,2.619830132,2.615654945
12,halfway_ties.FP64.mul,0,0,nearest_even,1048576,2.638957977,2.636169434
12,halfway_ties.FP64.mul,0,1,toward_zero,1048576,2.619112968,2.614144325
12,halfway_ties.FP64.mul,1,0,toward_zero,1048576,2.617469788,2.611611366
12,halfway_ties.FP64.mul,1,1,nearest_even,1048576,2.685212135,2.639750481
12,halfway_ties.FP64.mul,2,0,nearest_even,1048576,2.638747215,2.633921623
12,halfway_ties.FP64.mul,2,1,toward_zero,1048576,2.641184807,2.637457848
12,halfway_ties.FP64.mul,3,0,toward_zero,1048576,2.616332054,2.611288071
12,halfway_ties.FP64.mul,3,1,nearest_even,1048576,2.670680046,2.626920700
12,halfway_ties.FP64.mul,4,0,nearest_even,1048576,2.625295639,2.620089531
12,halfway_ties.FP64.mul,4,1,toward_zero,1048576,2.663685799,2.660387993
12,halfway_ties.FP64.mul,5,0,toward_zero,1048576,2.617335320,2.612175941
12,halfway_ties.FP64.mul,5,1,nearest_even,1048576,2.672399521,2.630558014
12,halfway_ties.FP64.mul,6,0,nearest_even,1048576,2.621912003,2.618274689
12,halfway_ties.FP64.mul,6,1,toward_zero,1048576,2.586101532,2.583179474
12,halfway_ties.FP64.mul,7,0,toward_zero,1048576,2.603691101,2.599020958
12,halfway_ties.FP64.mul,7,1,nearest_even,1048576,2.680760384,2.638367653
12,halfway_ties.FP64.mul,8,0,nearest_even,1048576,2.633320808,2.628354073
12,halfway_ties.FP64.mul,8,1,toward_zero,1048576,2.495656967,2.492942810
12,exact_chain.FP64.mul,0,0,nearest_even,1048576,3.648583412,3.641816139
12,exact_chain.FP64.mul,0,1,toward_zero,1048576,3.749567032,3.705919266
12,exact_chain.FP64.mul,1,0,toward_zero,1048576,3.664673805,3.658288956
12,exact_chain.FP64.mul,1,1,nearest_even,1048576,3.707220078,3.702247620
12,exact_chain.FP64.mul,2,0,nearest_even,1048576,3.743910789,3.700330734
12,exact_chain.FP64.mul,2,1,toward_zero,1048576,3.658730507,3.651896477
12,exact_chain.FP64.mul,3,0,toward_zero,1048576,3.686333656,3.644902229
12,exact_chain.FP64.mul,3,1,nearest_even,1048576,3.657679558,3.651628494
12,exact_chain.FP64.mul,4,0,nearest_even,1048576,3.691589355,3.685931206
12,exact_chain.FP64.mul,4,1,toward_zero,1048576,3.714481354,3.672694206
12,exact_chain.FP64.mul,5,0,toward_zero,1048576,3.666097641,3.659425735
12,exact_chain.FP64.mul,5,1,nearest_even,1048576,3.689935684,3.685471535
12,exact_chain.FP64.mul,6,0,nearest_even,1048576,3.721132278,3.678208351
12,exact_chain.FP64.mul,6,1,toward_zero,1048576,3.656389236,3.650347710
12,exact_chain.FP64.mul,7,0,toward_zero,1048576,3.648870468,3.643305779
12,exact_chain.FP64.mul,7,1,nearest_even,1048576,3.742267609,3.699018478
12,exact_chain.FP64.mul,8,0,nearest_even,1048576,3.692123413,3.685853004
12,exact_chain.FP64.mul,8,1,toward_zero,1048576,3.715255737,3.670298576
12,inexact_chain.FP64.mul,0,0,nearest_even,1048576,4.988294601,4.940502167
12,inexact_chain.FP64.mul,0,1,toward_zero,1048576,3.638952255,3.634259224
12,inexact_chain.FP64.mul,1,0,toward_zero,1048576,3.703579903,3.660417557
12,inexact_chain.FP64.mul,1,1,nearest_even,1048576,4.907318115,4.899523735
12,inexact_chain.FP64.mul,2,0,nearest_even,1048576,4.982360840,4.938202858
12,inexact_chain.FP64.mul,2,1,toward_zero,1048576,3.661224365,3.657006264
12,inexact_chain.FP64.mul,3,0,toward_zero,1048576,3.659208298,3.653042793
12,inexact_chain.FP64.mul,3,1,nearest_even,1048576,4.966175079,4.919081688
12,inexact_chain.FP64.mul,4,0,nearest_even,1048576,4.934387207,4.926486969
12,inexact_chain.FP64.mul,4,1,toward_zero,1048576,3.722880363,3.680156708
12,inexact_chain.FP64.mul,5,0,toward_zero,1048576,3.644140244,3.638893127
12,inexact_chain.FP64.mul,5,1,nearest_even,1048576,4.968630791,4.921783447
12,inexact_chain.FP64.mul,6,0,nearest_even,1048576,4.946788788,4.938364983
12,inexact_chain.FP64.mul,6,1,toward_zero,1048576,3.663813591,3.658173561
12,inexact_chain.FP64.mul,7,0,toward_zero,1048576,3.723988533,3.682403564
12,inexact_chain.FP64.mul,7,1,nearest_even,1048576,4.915353775,4.906824112
12,inexact_chain.FP64.mul,8,0,nearest_even,1048576,4.960289001,4.916025162
12,inexact_chain.FP64.mul,8,1,toward_zero,1048576,3.650121689,3.643928528
12,throughput4096.FP64.div,0,0,toward_zero,1048576,2.387173653,2.382806778
12,throughput4096.FP64.div,0,1,nearest_even,1048576,2.498188972,2.458633423
12,throughput4096.FP64.div,1,0,nearest_even,1048576,2.472725868,2.467040062
12,throughput4096.FP64.div,1,1,toward_zero,1048576,2.405508041,2.400512695
12,throughput4096.FP64.div,2,0,toward_zero,1048576,2.392714500,2.389561653
12,throughput4096.FP64.div,2,1,nearest_even,1048576,2.505048752,2.464540482
12,throughput4096.FP64.div,3,0,nearest_even,1048576,2.470538139,2.466247559
12,throughput4096.FP64.div,3,1,toward_zero,1048576,2.406473160,2.401534081
12,throughput4096.FP64.div,4,0,toward_zero,1048576,2.398141861,2.394568443
12,throughput4096.FP64.div,4,1,nearest_even,1048576,2.504561424,2.463821411
12,throughput4096.FP64.div,5,0,nearest_even,1048576,2.471683502,2.466859818
12,throughput4096.FP64.div,5,1,toward_zero,1048576,2.402480125,2.399422646
12,throughput4096.FP64.div,6,0,toward_zero,1048576,2.396048546,2.391055107
12,throughput4096.FP64.div,6,1,nearest_even,1048576,2.487105370,2.464641571
12,throughput4096.FP64.div,7,0,nearest_even,1048576,2.488748550,2.467567444
12,throughput4096.FP64.div,7,1,toward_zero,1048576,2.406845093,2.403311729
12,throughput4096.FP64.div,8,0,toward_zero,1048576,2.400664330,2.396622658
12,throughput4096.FP64.div,8,1,nearest_even,1048576,2.458651543,2.455957413
12,throughput256.FP64.div,0,0,toward_zero,1048576,2.500262260,2.460945129
12,throughput256.FP64.div,0,1,nearest_even,1048576,2.446364403,2.441969872
12,throughput256.FP64.div,1,0,nearest_even,1048576,2.445848465,2.442362785
12,throughput256.FP64.div,1,1,toward_zero,1048576,2.406272888,2.401334763
12,throughput256.FP64.div,2,0,toward_zero,1048576,2.443277359,2.403302193
12,throughput256.FP64.div,2,1,nearest_even,1048576,2.431239128,2.426939964
12,throughput256.FP64.div,3,0,nearest_even,1048576,2.451704979,2.448868752
12,throughput256.FP64.div,3,1,toward_zero,1048576,2.422974586,2.418024063
12,throughput256.FP64.div,4,0,toward_zero,1048576,2.466963768,2.424439430
12,throughput256.FP64.div,4,1,nearest_even,1048576,2.432434082,2.429117203
12,throughput256.FP64.div,5,0,nearest_even,1048576,2.452116013,2.447883606
12,throughput256.FP64.div,5,1,toward_zero,1048576,2.408527374,2.405517578
12,throughput256.FP64.div,6,0,toward_zero,1048576,2.450644493,2.409656525
12,throughput256.FP64.div,6,1,nearest_even,1048576,2.436733246,2.433972359
12,throughput256.FP64.div,7,0,nearest_even,1048576,2.452852249,2.448562622
12,throughput256.FP64.div,7,1,toward_zero,1048576,2.412473679,2.408759117
12,throughput256.FP64.div,8,0,toward_zero,1048576,2.449316978,2.411386490
12,throughput256.FP64.div,8,1,nearest_even,1048576,2.438978195,2.433322906
12,exact_results.FP64.div,0,0,nearest_even,1048576,2.591748238,2.587401390
12,exact_results.FP64.div,0,1,toward_zero,1048576,2.537793159,2.532021523
12,exact_results.FP64.div,1,0,toward_zero,1048576,2.571493149,2.529406548
12,exact_results.FP64.div,1,1,nearest_even,1048576,2.532528877,2.526928902
12,exact_results.FP64.div,2,0,nearest_even,1048576,2.533215523,2.528688431
12,exact_results.FP64.div,2,1,toward_zero,1048576,2.510868073,2.508192062
12,exact_results.FP64.div,3,0,toward_zero,1048576,2.558154106,2.514823914
12,exact_results.FP64.div,3,1,nearest_even,1048576,2.532307625,2.526823997
12,exact_results.FP64.div,4,0,nearest_even,1048576,2.534497261,2.530981064
12,exact_results.FP64.div,4,1,toward_zero,1048576,2.507953644,2.502279282
12,exact_results.FP64.div,5,0,toward_zero,1048576,2.561813354,2.519830704
12,exact_results.FP64.div,5,1,nearest_even,1048576,2.528533936,2.524874687
12,exact_results.FP64.div,6,0,nearest_even,1048576,2.530770302,2.525765419
12,exact_results.FP64.div,6,1,toward_zero,1048576,2.504752159,2.502126694
12,exact_results.FP64.div,7,0,toward_zero,1048576,2.557131767,2.512675285
12,exact_results.FP64.div,7,1,nearest_even,1048576,2.529708862,2.524828911
12,exact_results.FP64.div,8,0,nearest_even,1048576,2.544663429,2.541413307
12,exact_results.FP64.div,8,1,toward_zero,1048576,2.511717796,2.507114410
12,halfway_ties.FP64.div,0,0,nearest_even,1048576,2.542321205,2.500370026
12,halfway_ties.FP64.div,0,1,toward_zero,1048576,2.534305573,2.529738426
12,halfway_ties.FP64.div,1,0,toward_zero,1048576,2.524216652,2.520298958
12,halfway_ties.FP64.div,1,1,nearest_even,1048576,2.472267151,2.469190598
12,halfway_ties.FP64.div,2,0,nearest_even,1048576,2.549870491,2.505969048
12,halfway_ties.FP64.div,2,1,toward_zero,1048576,2.531124115,2.526881218
12,halfway_ties.FP64.div,3,0,toward_zero,1048576,2.516562462,2.512617111
12,halfway_ties.FP64.div,3,1,nearest_even,1048576,2.478553772,2.473567963
12,halfway_ties.FP64.div,4,0,nearest_even,1048576,2.537745476,2.493068695
12,halfway_ties.FP64.div,4,1,toward_zero,1048576,2.525820732,2.521426201
12,halfway_ties.FP64.div,5,0,toward_zero,1048576,2.516084671,2.511183739
12,halfway_ties.FP64.div,5,1,nearest_even,1048576,2.468187332,2.464930534
12,halfway_ties.FP64.div,6,0,nearest_even,1048576,2.542082787,2.499379158
12,halfway_ties.FP64.div,6,1,toward_zero,1048576,2.536885262,2.531812668
12,halfway_ties.FP64.div,7,0,toward_zero,1048576,2.516237259,2.511147499
12,halfway_ties.FP64.div,7,1,nearest_even,1048576,2.484458923,2.479549408
12,halfway_ties.FP64.div,8,0,nearest_even,1048576,2.549937248,2.503170013
12,halfway_ties.FP64.div,8,1,toward_zero,1048576,2.529060364,2.523033142
12,exact_chain.FP64.div,0,0,nearest_even,1048576,3.808863640,3.801598549
12,exact_chain.FP64.div,0,1,toward_zero,1048576,3.798515320,3.792195320
12,exact_chain.FP64.div,1,0,toward_zero,1048576,3.845601082,3.802659035
12,exact_chain.FP64.div,1,1,nearest_even,1048576,3.809742928,3.803233147
12,exact_chain.FP64.div,2,0,nearest_even,1048576,3.855938911,3.811973572
12,exact_chain.FP64.div,2,1,toward_zero,1048576,3.789084435,3.782518387
12,exact_chain.FP64.div,3,0,toward_zero,1048576,3.784049988,3.777909279
12,exact_chain.FP64.div,3,1,nearest_even,1048576,3.848323822,3.805441856
12,exact_chain.FP64.div,4,0,nearest_even,1048576,3.804544449,3.798157692
12,exact_chain.FP64.div,4,1,toward_zero,1048576,3.784479141,3.778045654
12,exact_chain.FP64.div,5,0,toward_zero,1048576,3.841216087,3.797366142
12,exact_chain.FP64.div,5,1,nearest_even,1048576,3.801018715,3.794757843
12,exact_chain.FP64.div,6,0,nearest_even,1048576,3.849823952,3.808958054
12,exact_chain.FP64.div,6,1,toward_zero,1048576,3.809484482,3.803021431
12,exact_chain.FP64.div,7,0,toward_zero,1048576,3.783648491,3.777510643
12,exact_chain.FP64.div,7,1,nearest_even,1048576,3.849184036,3.805389404
12,exact_chain.FP64.div,8,0,nearest_even,1048576,3.805212975,3.798243523
12,exact_chain.FP64.div,8,1,toward_zero,1048576,3.782148361,3.776451111
12,inexact_chain.FP64.div,0,0,nearest_even,1048576,5.152501106,5.107964516
12,inexact_chain.FP64.div,0,1,toward_zero,1048576,3.790986061,3.784712791
12,inexact_chain.FP64.div,1,0,toward_zero,1048576,3.839352608,3.796800613
12,inexact_chain.FP64.div,1,1,nearest_even,1048576,5.099282265,5.089834213
12,inexact_chain.FP64.div,2,0,nearest_even,1048576,5.145077705,5.101684570
12,inexact_chain.FP64.div,2,1,toward_zero,1048576,3.776855469,3.771185875
12,inexact_chain.FP64.div,3,0,toward_zero,1048576,3.789687157,3.783607483
12,inexact_chain.FP64.div,3,1,nearest_even,1048576,5.147819519,5.100638390
12,inexact_chain.FP64.div,4,0,nearest_even,1048576,5.095498085,5.086147308
12,inexact_chain.FP64.div,4,1,toward_zero,1048576,3.833456993,3.791183472
12,inexact_chain.FP64.div,5,0,toward_zero,1048576,3.786896706,3.780961037
12,inexact_chain.FP64.div,5,1,nearest_even,1048576,5.143624306,5.099587440
12,inexact_chain.FP64.div,6,0,nearest_even,1048576,5.095450401,5.087156296
12,inexact_chain.FP64.div,6,1,toward_zero,1048576,3.784872055,3.778486252
12,inexact_chain.FP64.div,7,0,toward_zero,1048576,3.834183693,3.792510986
12,inexact_chain.FP64.div,7,1,nearest_even,1048576,5.095679283,5.086038589
12,inexact_chain.FP64.div,8,0,nearest_even,1048576,5.147370338,5.100440025
12,inexact_chain.FP64.div,8,1,toward_zero,1048576,3.789887428,3.783758163
12,throughput4096.FP64.mul_div,0,0,toward_zero,1048576,2.581439018,2.539401054
12,throughput4096.FP64.mul_div,0,1,nearest_even,1048576,2.433647156,2.428413391
12,throughput4096.FP64.mul_div,1,0,nearest_even,1048576,2.448925018,2.444064140
12,throughput4096.FP64.mul_div,1,1,toward_zero,1048576,2.549794197,2.546756744
12,throughput4096.FP64.mul_div,2,0,toward_zero,1048576,2.589015961,2.547874451
12,throughput4096.FP64.mul_div,2,1,nearest_even,1048576,2.435223579,2.430302620
12,throughput4096.FP64.mul_div,3,0,nearest_even,1048576,2.449842453,2.446603775
12,throughput4096.FP64.mul_div,3,1,toward_zero,1048576,2.550997734,2.546019554
12,throughput4096.FP64.mul_div,4,0,toward_zero,1048576,2.587296486,2.546049118
12,throughput4096.FP64.mul_div,4,1,nearest_even,1048576,2.436685562,2.430688858
12,throughput4096.FP64.mul_div,5,0,nearest_even,1048576,2.452374458,2.447587967
12,throughput4096.FP64.mul_div,5,1,toward_zero,1048576,2.549267769,2.546001434
12,throughput4096.FP64.mul_div,6,0,toward_zero,1048576,2.586436272,2.546370506
12,throughput4096.FP64.mul_div,6,1,nearest_even,1048576,2.438395500,2.432921410
12,throughput4096.FP64.mul_div,7,0,nearest_even,1048576,2.450941086,2.447109222
12,throughput4096.FP64.mul_div,7,1,toward_zero,1048576,2.550682068,2.545763016
12,throughput4096.FP64.mul_div,8,0,toward_zero,1048576,2.556501389,2.539935112
12,throughput4096.FP64.mul_div,8,1,nearest_even,1048576,2.465206146,2.437977791
12,throughput256.FP64.mul_div,0,0,nearest_even,1048576,2.423814774,2.419021606
12,throughput256.FP64.mul_div,0,1,toward_zero,1048576,2.533493042,2.531344414
12,throughput256.FP64.mul_div,1,0,toward_zero,1048576,2.530110359,2.525201797
12,throughput256.FP64.mul_div,1,1,nearest_even,1048576,2.458470345,2.419631958
12,throughput256.FP64.mul_div,2,0,nearest_even,1048576,2.425401688,2.421961784
12,throughput256.FP64.mul_div,2,1,toward_zero,1048576,2.526318550,2.521350861
12,throughput256.FP64.mul_div,3,0,toward_zero,1048576,2.537467957,2.534182549
12,throughput256.FP64.mul_div,3,1,nearest_even,1048576,2.459454536,2.416025162
12,throughput256.FP64.mul_div,4,0,nearest_even,1048576,2.422668457,2.418118477
12,throughput256.FP64.mul_div,4,1,toward_zero,1048576,2.544576645,2.541931152
12,throughput256.FP64.mul_div,5,0,toward_zero,1048576,2.522190094,2.517270088
12,throughput256.FP64.mul_div,5,1,nearest_even,1048576,2.460371017,2.418759346
12,throughput256.FP64.mul_div,6,0,nearest_even,1048576,2.422533989,2.418426514
12,throughput256.FP64.mul_div,6,1,toward_zero,1048576,2.541949272,2.536771774
12,throughput256.FP64.mul_div,7,0,toward_zero,1048576,2.525218964,2.521550179
12,throughput256.FP64.mul_div,7,1,nearest_even,1048576,2.455078125,2.415416718
12,throughput256.FP64.mul_div,8,0,nearest_even,1048576,2.420002937,2.417119980
12,throughput256.FP64.mul_div,8,1,toward_zero,1048576,2.554896355,2.550844193
12,exact_results.FP64.mul_div,0,0,toward_zero,1048576,2.569150925,2.566839218
12,exact_results.FP64.mul_div,0,1,nearest_even,1048576,2.604187965,2.563429832
12,exact_results.FP64.mul_div,1,0,nearest_even,1048576,2.543497086,2.538919449
12,exact_results.FP64.mul_div,1,1,toward_zero,1048576,2.550194740,2.546727180
12,exact_results.FP64.mul_div,2,0,toward_zero,1048576,2.544414520,2.541768074
12,exact_results.FP64.mul_div,2,1,nearest_even,1048576,2.586646080,2.544299126
12,exact_results.FP64.mul_div,3,0,nearest_even,1048576,2.538423538,2.533732414
12,exact_results.FP64.mul_div,3,1,toward_zero,1048576,2.543458939,2.540889740
12,exact_results.FP64.mul_div,4,0,toward_zero,1048576,2.544633865,2.539542198
12,exact_results.FP64.mul_div,4,1,nearest_even,1048576,2.589741707,2.548008919
12,exact_results.FP64.mul_div,5,0,nearest_even,1048576,2.537018776,2.533962250
12,exact_results.FP64.mul_div,5,1,toward_zero,1048576,2.543191910,2.538568497
12,exact_results.FP64.mul_div,6,0,toward_zero,1048576,2.545742989,2.540650368
12,exact_results.FP64.mul_div,6,1,nearest_even,1048576,2.586502075,2.545043945
12,exact_results.FP64.mul_div,7,0,nearest_even,1048576,2.540439606,2.535451889
12,exact_results.FP64.mul_div,7,1,toward_zero,1048576,2.545646667,2.540660858
12,exact_results.FP64.mul_div,8,0,toward_zero,1048576,2.540841103,2.537860870
12,exact_results.FP64.mul_div,8,1,nearest_even,1048576,2.586407661,2.544795990
12,halfway_ties.FP64.mul_div,0,0,toward_zero,1048576,2.569839478,2.565503120
12,halfway_ties.FP64.mul_div,0,1,nearest_even,1048576,2.446813583,2.443279266
12,halfway_ties.FP64.mul_div,1,0,nearest_even,1048576,2.505249977,2.462836266
12,halfway_ties.FP64.mul_div,1,1,toward_zero,1048576,2.564679146,2.561031342
12,halfway_ties.FP64.mul_div,2,0,toward_zero,1048576,2.556253433,2.551264763
12,halfway_ties.FP64.mul_div,2,1,nearest_even,1048576,2.442523956,2.437584877
12,halfway_ties.FP64.mul_div,3,0,nearest_even,1048576,2.504284859,2.464621544
12,halfway_ties.FP64.mul_div,3,1,toward_zero,1048576,2.568931580,2.563189507
12,halfway_ties.FP64.mul_div,4,0,toward_zero,1048576,2.550902367,2.546365738
12,halfway_ties.FP64.mul_div,4,1,nearest_even,1048576,2.437306404,2.434278488
12,halfway_ties.FP64.mul_div,5,0,nearest_even,1048576,2.507734299,2.466245651
12,halfway_ties.FP64.mul_div,5,1,toward_zero,1048576,2.567995071,2.563124657
12,halfway_ties.FP64.mul_div,6,0,toward_zero,1048576,2.555670738,2.552422523
12,halfway_ties.FP64.mul_div,6,1,nearest_even,1048576,2.439254761,2.433735847
12,halfway_ties.FP64.mul_div,7,0,nearest_even,1048576,2.507848740,2.466906548
12,halfway_ties.FP64.mul_div,7,1,toward_zero,1048576,2.568969727,2.564250946
12,halfway_ties.FP64.mul_div,8,0,toward_zero,1048576,2.553366661,2.548818588
12,halfway_ties.FP64.mul_div,8,1,nearest_even,1048576,2.435882568,2.432444572
12,exact_chain.FP64.mul_div,0,0,nearest_even,1048576,3.661061287,3.654397011
12,exact_chain.FP64.mul_div,0,1,toward_zero,1048576,3.681766510,3.638363838
12,exact_chain.FP64.mul_div,1,0,toward_zero,1048576,3.642325401,3.635116577
12,exact_chain.FP64.mul_div,1,1,nearest_even,1048576,3.726558685,3.685691833
12,exact_chain.FP64.mul_div,2,0,nearest_even,1048576,3.662543297,3.658133507
12,exact_chain.FP64.mul_div,2,1,toward_zero,1048576,3.633955002,3.627577782
12,exact_chain.FP64.mul_div,3,0,toward_zero,1048576,3.686228752,3.642254829
12,exact_chain.FP64.mul_div,3,1,nearest_even,1048576,3.653437614,3.647728920
12,exact_chain.FP64.mul_div,4,0,nearest_even,1048576,3.666669846,3.660054207
12,exact_chain.FP64.mul_div,4,1,toward_zero,1048576,3.689343452,3.646622658
12,exact_chain.FP64.mul_div,5,0,toward_zero,1048576,3.627219200,3.622344017
12,exact_chain.FP64.mul_div,5,1,nearest_even,1048576,3.671811104,3.665491104
12,exact_chain.FP64.mul_div,6,0,nearest_even,1048576,3.727972984,3.683319092
12,exact_chain.FP64.mul_div,6,1,toward_zero,1048576,3.629894257,3.624254227
12,exact_chain.FP64.mul_div,7,0,toward_zero,1048576,3.645334244,3.635298729
12,exact_chain.FP64.mul_div,7,1,nearest_even,1048576,3.760125160,3.721291542
12,exact_chain.FP64.mul_div,8,0,nearest_even,1048576,3.645975113,3.640028000
12,exact_chain.FP64.mul_div,8,1,toward_zero,1048576,3.695171356,3.654054642
12,inexact_chain.FP64.mul_div,0,0,toward_zero,1048576,3.631967545,3.624120712
12,inexact_chain.FP64.mul_div,0,1,nearest_even,1048576,5.053887367,5.046007156
12,inexact_chain.FP64.mul_div,1,0,nearest_even,1048576,5.105148315,5.058588982
12,inexact_chain.FP64.mul_div,1,1,toward_zero,1048576,3.629465103,3.622084618
12,inexact_chain.FP64.mul_div,2,0,toward_zero,1048576,3.676893234,3.636551857
12,inexact_chain.FP64.mul_div,2,1,nearest_even,1048576,5.050256729,5.040179253
12,inexact_chain.FP64.mul_div,3,0,nearest_even,1048576,5.093386650,5.051918983
12,inexact_chain.FP64.mul_div,3,1,toward_zero,1048576,3.628098488,3.621856689
12,inexact_chain.FP64.mul_div,4,0,toward_zero,1048576,3.631232262,3.624665260
12,inexact_chain.FP64.mul_div,4,1,nearest_even,1048576,5.096482277,5.052533150
12,inexact_chain.FP64.mul_div,5,0,nearest_even,1048576,5.046540260,5.037436485
12,inexact_chain.FP64.mul_div,5,1,toward_zero,1048576,3.686582565,3.646533012
12,inexact_chain.FP64.mul_div,6,0,toward_zero,1048576,3.649453163,3.642626762
12,inexact_chain.FP64.mul_div,6,1,nearest_even,1048576,5.094303131,5.048174858
12,inexact_chain.FP64.mul_div,7,0,nearest_even,1048576,5.048356056,5.039155006
12,inexact_chain.FP64.mul_div,7,1,toward_zero,1048576,3.648678780,3.642626762
12,inexact_chain.FP64.mul_div,8,0,toward_zero,1048576,3.679788589,3.639036179
12,inexact_chain.FP64.mul_div,8,1,nearest_even,1048576,5.052081108,5.041601181
12,throughput4096.FP128.mul,0,0,toward_zero,1048576,2.765461922,2.723986626
12,throughput4096.FP128.mul,0,1,nearest_even,1048576,2.604886055,2.600051880
12,throughput4096.FP128.mul,1,0,nearest_even,1048576,2.632766724,2.628867149
12,throughput4096.FP128.mul,1,1,toward_zero,1048576,2.753376007,2.748359680
12,throughput4096.FP128.mul,2,0,toward_zero,1048576,2.780234337,2.738653183
12,throughput4096.FP128.mul,2,1,nearest_even,1048576,2.620594025,2.616381645
12,throughput4096.FP128.mul,3,0,nearest_even,1048576,2.629899979,2.625152588
12,throughput4096.FP128.mul,3,1,toward_zero,1048576,2.751703262,2.746943474
12,throughput4096.FP128.mul,4,0,toward_zero,1048576,2.781236649,2.739386559
12,throughput4096.FP128.mul,4,1,nearest_even,1048576,2.615663528,2.611001015
12,throughput4096.FP128.mul,5,0,nearest_even,1048576,2.656748772,2.630376816
12,throughput4096.FP128.mul,5,1,toward_zero,1048576,2.744537354,2.740581512
12,throughput4096.FP128.mul,6,0,toward_zero,1048576,2.787810326,2.749707222
12,throughput4096.FP128.mul,6,1,nearest_even,1048576,2.619752884,2.615110397
12,throughput4096.FP128.mul,7,0,nearest_even,1048576,2.638222694,2.632308960
12,throughput4096.FP128.mul,7,1,toward_zero,1048576,2.808134079,2.764355659
12,throughput4096.FP128.mul,8,0,toward_zero,1048576,2.749009132,2.745809555
12,throughput4096.FP128.mul,8,1,nearest_even,1048576,2.628906250,2.622917175
12,throughput256.FP128.mul,0,0,nearest_even,1048576,2.644652367,2.639895439
12,throughput256.FP128.mul,0,1,toward_zero,1048576,2.775857925,2.741546631
12,throughput256.FP128.mul,1,0,toward_zero,1048576,2.728905678,2.724139214
12,throughput256.FP128.mul,1,1,nearest_even,1048576,2.621846199,2.617555618
12,throughput256.FP128.mul,2,0,nearest_even,1048576,2.629193306,2.626049995
12,throughput256.FP128.mul,2,1,toward_zero,1048576,2.786071777,2.750375748
12,throughput256.FP128.mul,3,0,toward_zero,1048576,2.734304428,2.729947090
12,throughput256.FP128.mul,3,1,nearest_even,1048576,2.619256020,2.614603043
12,throughput256.FP128.mul,4,0,nearest_even,1048576,2.636732101,2.632288933
12,throughput256.FP128.mul,4,1,toward_zero,1048576,2.799046516,2.764420509
12,throughput256.FP128.mul,5,0,toward_zero,1048576,2.749734879,2.746831894
12,throughput256.FP128.mul,5,1,nearest_even,1048576,2.620202065,2.615512848
12,throughput256.FP128.mul,6,0,nearest_even,1048576,2.678514481,2.641997337
12,throughput256.FP128.mul,6,1,toward_zero,1048576,2.738068581,2.733845711
12,throughput256.FP128.mul,7,0,toward_zero,1048576,2.739071846,2.732222557
12,throughput256.FP128.mul,7,1,nearest_even,1048576,2.624789238,2.618138313
12,throughput256.FP128.mul,8,0,nearest_even,1048576,2.678217888,2.639424324
12,throughput256.FP128.mul,8,1,toward_zero,1048576,2.744785309,2.740000725
12,exact_results.FP128.mul,0,0,nearest_even,1048576,2.634782791,2.629547119
12,exact_results.FP128.mul,0,1,toward_zero,1048576,2.714832306,2.711544991
12,exact_results.FP128.mul,1,0,toward_zero,1048576,2.765223503,2.720438957
12,exact_results.FP128.mul,1,1,nearest_even,1048576,2.622199059,2.617325783
12,exact_results.FP128.mul,2,0,nearest_even,1048576,2.619810104,2.615072250
12,exact_results.FP128.mul,2,1,toward_zero,1048576,2.718653679,2.713428497
12,exact_results.FP128.mul,3,0,toward_zero,1048576,2.774883270,2.727539062
12,exact_results.FP128.mul,3,1,nearest_even,1048576,2.711727142,2.707140923
12,exact_results.FP128.mul,4,0,nearest_even,1048576,2.621481895,2.616714478
12,exact_results.FP128.mul,4,1,toward_zero,1048576,2.755535126,2.711831093
12,exact_results.FP128.mul,5,0,toward_zero,1048576,2.718759537,2.713466644
12,exact_results.FP128.mul,5,1,nearest_even,1048576,2.795128822,2.790486336
12,exact_results.FP128.mul,6,0,nearest_even,1048576,2.791288376,2.786684036
12,exact_results.FP128.mul,6,1,toward_zero,1048576,2.755391121,2.712778091
12,exact_results.FP128.mul,7,0,toward_zero,1048576,2.705698013,2.700432777
12,exact_results.FP128.mul,7,1,nearest_even,1048576,2.610256195,2.607569695
12,exact_results.FP128.mul,8,0,nearest_even,1048576,2.623928070,2.619209290
12,exact_results.FP128.mul,8,1,toward_zero,1048576,2.750280380,2.709779739
12,halfway_ties.FP128.mul,0,0,toward_zero,1048576,2.728581429,2.725925446
12,halfway_ties.FP128.mul,0,1,nearest_even,1048576,2.632030487,2.622189522
12,halfway_ties.FP128.mul,1,0,nearest_even,1048576,2.690419197,2.648289680
12,halfway_ties.FP128.mul,1,1,toward_zero,1048576,2.728887558,2.723717690
12,halfway_ties.FP128.mul,2,0,toward_zero,1048576,2.719284058,2.713770866
12,halfway_ties.FP128.mul,2,1,nearest_even,1048576,2.620852470,2.617813110
12,halfway_ties.FP128.mul,3,0,nearest_even,1048576,2.689272881,2.645289421
12,halfway_ties.FP128.mul,3,1,toward_zero,1048576,2.714908600,2.709750175
12,halfway_ties.FP128.mul,4,0,toward_zero,1048576,2.715013504,2.710168839
12,halfway_ties.FP128.mul,4,1,nearest_even,1048576,2.622505188,2.617852211
12,halfway_ties.FP128.mul,5,0,nearest_even,1048576,2.689187050,2.647307396
12,halfway_ties.FP128.mul,5,1,toward_zero,1048576,2.720010757,2.717113495
12,halfway_ties.FP128.mul,6,0,toward_zero,1048576,2.697605133,2.692463875
12,halfway_ties.FP128.mul,6,1,nearest_even,1048576,2.622246742,2.617553711
12,halfway_ties.FP128.mul,7,0,nearest_even,1048576,2.687477112,2.642483711
12,halfway_ties.FP128.mul,7,1,toward_zero,1048576,2.722408295,2.718662262
12,halfway_ties.FP128.mul,8,0,toward_zero,1048576,2.711478233,2.708238602
12,halfway_ties.FP128.mul,8,1,nearest_even,1048576,2.661239624,2.630531311
12,exact_chain.FP128.mul,0,0,nearest_even,1048576,3.766840935,3.724311829
12,exact_chain.FP128.mul,0,1,toward_zero,1048576,3.666049004,3.658850670
12,exact_chain.FP128.mul,1,0,toward_zero,1048576,3.709904671,3.704064369
12,exact_chain.FP128.mul,1,1,nearest_even,1048576,3.759379387,3.715140343
12,exact_chain.FP128.mul,2,0,nearest_even,1048576,3.711147308,3.705035210
12,exact_chain.FP128.mul,2,1,toward_zero,1048576,3.730228424,3.686760902
12,exact_chain.FP128.mul,3,0,toward_zero,1048576,3.672431946,3.668252945
12,exact_chain.FP128.mul,3,1,nearest_even,1048576,3.693748474,3.687868118
12,exact_chain.FP128.mul,4,0,nearest_even,1048576,3.756837845,3.711687088
12,exact_chain.FP128.mul,4,1,toward_zero,1048576,3.674658775,3.667747498
12,exact_chain.FP128.mul,5,0,toward_zero,1048576,3.694847107,3.688622475
12,exact_chain.FP128.mul,5,1,nearest_even,1048576,3.759570122,3.717794418
12,exact_chain.FP128.mul,6,0,nearest_even,1048576,3.712628365,3.705795288
12,exact_chain.FP128.mul,6,1,toward_zero,1048576,3.666163445,3.660275459
12,exact_chain.FP128.mul,7,0,toward_zero,1048576,3.717453957,3.674235344
12,exact_chain.FP128.mul,7,1,nearest_even,1048576,3.709809303,3.704944611
12,exact_chain.FP128.mul,8,0,nearest_even,1048576,3.759427071,3.715106010
12,exact_chain.FP128.mul,8,1,toward_zero,1048576,3.663765907,3.657725334
12,inexact_chain.FP128.mul,0,0,nearest_even,1048576,5.126626968,5.116739273
12,inexact_chain.FP128.mul,0,1,toward_zero,1048576,3.730352402,3.689473152
12,inexact_chain.FP128.mul,1,0,toward_zero,1048576,3.664147377,3.660322189
12,inexact_chain.FP128.mul,1,1,nearest_even,1048576,5.179427147,5.132186890
12,inexact_chain.FP128.mul,2,0,nearest_even,1048576,5.121801376,5.113691330
12,inexact_chain.FP128.mul,2,1,toward_zero,1048576,3.664816856,3.658965111
12,inexact_chain.FP128.mul,3,0,toward_zero,1048576,3.720988274,3.676642418
12,inexact_chain.FP128.mul,3,1,nearest_even,1048576,5.123397827,5.115440369
12,inexact_chain.FP128.mul,4,0,nearest_even,1048576,5.169507980,5.123618126
12,inexact_chain.FP128.mul,4,1,toward_zero,1048576,3.661043167,3.655393600
12,inexact_chain.FP128.mul,5,0,toward_zero,1048576,3.713020325,3.670438766
12,inexact_chain.FP128.mul,5,1,nearest_even,1048576,5.124955177,5.117121696
12,inexact_chain.FP128.mul,6,0,nearest_even,1048576,5.169202805,5.123166084
12,inexact_chain.FP128.mul,6,1,toward_zero,1048576,3.652749062,3.646038055
12,inexact_chain.FP128.mul,7,0,toward_zero,1048576,3.671830177,3.665255547
12,inexact_chain.FP128.mul,7,1,nearest_even,1048576,5.169623375,5.125434875
12,inexact_chain.FP128.mul,8,0,nearest_even,1048576,5.122060776,5.112034798
12,inexact_chain.FP128.mul,8,1,toward_zero,1048576,3.708175659,3.667261124
12,throughput4096.FP128.div,0,0,toward_zero,1048576,2.385978699,2.380906105
12,throughput4096.FP128.div,0,1,nearest_even,1048576,3.299483299,3.294543266
12,throughput4096.FP128.div,1,0,nearest_even,1048576,3.315496445,3.270996094
12,throughput4096.FP128.div,1,1,toward_zero,1048576,2.430675507,2.427466393
12,throughput4096.FP128.div,2,0,toward_zero,1048576,2.455594063,2.451344490
12,throughput4096.FP128.div,2,1,nearest_even,1048576,3.303372383,3.298908234
12,throughput4096.FP128.div,3,0,nearest_even,1048576,3.325386047,3.281355858
12,throughput4096.FP128.div,3,1,toward_zero,1048576,2.469543457,2.466571808
12,throughput4096.FP128.div,4,0,toward_zero,1048576,2.484717369,2.479862213
12,throughput4096.FP128.div,4,1,nearest_even,1048576,3.353868484,3.311387062
12,throughput4096.FP128.div,5,0,nearest_even,1048576,3.280182838,3.275088310
12,throughput4096.FP128.div,5,1,toward_zero,1048576,2.466705322,2.461472511
12,throughput4096.FP128.div,6,0,toward_zero,1048576,2.446804047,2.444186211
12,throughput4096.FP128.div,6,1,nearest_even,1048576,3.364293098,3.322249413
12,throughput4096.FP128.div,7,0,nearest_even,1048576,3.282944679,3.277667999
12,throughput4096.FP128.div,7,1,toward_zero,1048576,2.468463898,2.463085175
12,throughput4096.FP128.div,8,0,toward_zero,1048576,2.499871254,2.459935188
12,throughput4096.FP128.div,8,1,nearest_even,1048576,3.309859276,3.302175522
12,throughput256.FP128.div,0,0,nearest_even,1048576,3.278234482,3.272613525
12,throughput256.FP128.div,0,1,toward_zero,1048576,2.424493790,2.420126915
12,throughput256.FP128.div,1,0,toward_zero,1048576,2.502641678,2.462081909
12,throughput256.FP128.div,1,1,nearest_even,1048576,3.301451683,3.295727730
12,throughput256.FP128.div,2,0,nearest_even,1048576,3.275988579,3.270739555
12,throughput256.FP128.div,2,1,toward_zero,1048576,2.470757484,2.430130959
12,throughput256.FP128.div,3,0,toward_zero,1048576,2.447243690,2.442151070
12,throughput256.FP128.div,3,1,nearest_even,1048576,3.311522484,3.306655884
12,throughput256.FP128.div,4,0,nearest_even,1048576,3.272414207,3.268392563
12,throughput256.FP128.div,4,1,toward_zero,1048576,2.468406677,2.427014351
12,throughput256.FP128.div,5,0,toward_zero,1048576,2.449679375,2.445190430
12,throughput256.FP128.div,5,1,nearest_even,1048576,3.309276581,3.304352760
12,throughput256.FP128.div,6,0,nearest_even,1048576,3.325520515,3.281595230
12,throughput256.FP128.div,6,1,toward_zero,1048576,2.448150635,2.445401192
12,throughput256.FP128.div,7,0,toward_zero,1048576,2.456749916,2.447619438
12,throughput256.FP128.div,7,1,nearest_even,1048576,3.316596031,3.310544968
12,throughput256.FP128.div,8,0,nearest_even,1048576,3.331397057,3.286771774
12,throughput256.FP128.div,8,1,toward_zero,1048576,2.445628166,2.442839622
12,exact_results.FP128.div,0,0,nearest_even,1048576,2.467202187,2.464050293
12,exact_results.FP128.div,0,1,toward_zero,1048576,2.454161644,2.449584007
12,exact_results.FP128.div,1,0,toward_zero,1048576,2.525391579,2.481927872
12,exact_results.FP128.div,1,1,nearest_even,1048576,2.453100204,2.449411392
12,exact_results.FP128.div,2,0,nearest_even,1048576,2.433073997,2.428028107
12,exact_results.FP128.div,2,1,toward_zero,1048576,2.438595772,2.434849739
12,exact_results.FP128.div,3,0,toward_zero,1048576,2.518683434,2.473780632
12,exact_results.FP128.div,3,1,nearest_even,1048576,2.451418877,2.446786880
12,exact_results.FP128.div,4,0,nearest_even,1048576,2.439360619,2.436809540
12,exact_results.FP128.div,4,1,toward_zero,1048576,2.444443703,2.439657211
12,exact_results.FP128.div,5,0,toward_zero,1048576,2.519686699,2.477437973
12,exact_results.FP128.div,5,1,nearest_even,1048576,2.444481850,2.439735413
12,exact_results.FP128.div,6,0,nearest_even,1048576,2.444872856,2.442190170
12,exact_results.FP128.div,6,1,toward_zero,1048576,2.450778008,2.446166039
12,exact_results.FP128.div,7,0,toward_zero,1048576,2.552182198,2.508375168
12,exact_results.FP128.div,7,1,nearest_even,1048576,2.455822945,2.452872276
12,exact_results.FP128.div,8,0,nearest_even,1048576,2.435433388,2.430809975
12,exact_results.FP128.div,8,1,toward_zero,1048576,2.436896324,2.434250832
12,halfway_ties.FP128.div,0,0,toward_zero,1048576,2.518062592,2.474453926
12,halfway_ties.FP128.div,0,1,nearest_even,1048576,3.324688911,3.320119858
12,halfway_ties.FP128.div,1,0,nearest_even,1048576,3.293501854,3.287508965
12,halfway_ties.FP128.div,1,1,toward_zero,1048576,2.489398956,2.447235107
12,halfway_ties.FP128.div,2,0,toward_zero,1048576,2.464107513,2.459780693
12,halfway_ties.FP128.div,2,1,nearest_even,1048576,3.328605652,3.323386192
12,halfway_ties.FP128.div,3,0,nearest_even,1048576,3.288113594,3.282320976
12,halfway_ties.FP128.div,3,1,toward_zero,1048576,2.470805168,2.431012154
12,halfway_ties.FP128.div,4,0,toward_zero,1048576,2.493507385,2.488367081
12,halfway_ties.FP128.div,4,1,nearest_even,1048576,3.325730324,3.321351051
12,halfway_ties.FP128.div,5,0,nearest_even,1048576,3.336030006,3.294037819
12,halfway_ties.FP128.div,5,1,toward_zero,1048576,2.423643112,2.420174599
12,halfway_ties.FP128.div,6,0,toward_zero,1048576,2.475124359,2.470357895
12,halfway_ties.FP128.div,6,1,nearest_even,1048576,3.329561234,3.323289871
12,halfway_ties.FP128.div,7,0,nearest_even,1048576,3.340759277,3.298848152
12,halfway_ties.FP128.div,7,1,toward_zero,1048576,2.424646378,2.419574738
12,halfway_ties.FP128.div,8,0,toward_zero,1048576,2.463294983,2.460371971
12,halfway_ties.FP128.div,8,1,nearest_even,1048576,3.374727249,3.332492828
12,exact_chain.FP128.div,0,0,nearest_even,1048576,4.149468422,4.104459763
12,exact_chain.FP128.div,0,1,toward_zero,1048576,4.060752869,4.055003166
12,exact_chain.FP128.div,1,0,toward_zero,1048576,4.110027313,4.066272736
12,exact_chain.FP128.div,1,1,nearest_even,1048576,4.076346397,4.064963341
12,exact_chain.FP128.div,2,0,nearest_even,1048576,4.061613083,4.054797173
12,exact_chain.FP128.div,2,1,toward_zero,1048576,4.091127396,4.047258377
12,exact_chain.FP128.div,3,0,toward_zero,1048576,4.049880028,4.041782379
12,exact_chain.FP128.div,3,1,nearest_even,1048576,4.117546082,4.072852135
12,exact_chain.FP128.div,4,0,nearest_even,1048576,4.061183929,4.055121422
12,exact_chain.FP128.div,4,1,toward_zero,1048576,4.038902283,4.032563210
12,exact_chain.FP128.div,5,0,toward_zero,1048576,4.092341423,4.047850609
12,exact_chain.FP128.div,5,1,nearest_even,1048576,4.069725990,4.061711311
12,exact_chain.FP128.div,6,0,nearest_even,1048576,4.102804184,4.057813644
12,exact_chain.FP128.div,6,1,toward_zero,1048576,4.039608955,4.033079147
12,exact_chain.FP128.div,7,0,toward_zero,1048576,4.049373627,4.041152000
12,exact_chain.FP128.div,7,1,nearest_even,1048576,4.113495827,4.071049690
12,exact_chain.FP128.div,8,0,nearest_even,1048576,4.063954353,4.057654381
12,exact_chain.FP128.div,8,1,toward_zero,1048576,4.102699280,4.059000015
12,inexact_chain.FP128.div,0,0,nearest_even,1048576,5.359255791,5.349328041
12,inexact_chain.FP128.div,0,1,toward_zero,1048576,4.089858055,4.045893669
12,inexact_chain.FP128.div,1,0,toward_zero,1048576,4.054533958,4.046911240
12,inexact_chain.FP128.div,1,1,nearest_even,1048576,5.442934990,5.399721146
12,inexact_chain.FP128.div,2,0,nearest_even,1048576,5.408987999,5.399651527
12,inexact_chain.FP128.div,2,1,toward_zero,1048576,4.068731308,4.038383484
12,inexact_chain.FP128.div,3,0,toward_zero,1048576,4.066370964,4.043476105
12,inexact_chain.FP128.div,3,1,nearest_even,1048576,5.408786774,5.399565697
12,inexact_chain.FP128.div,4,0,nearest_even,1048576,5.453272820,5.404504776
12,inexact_chain.FP128.div,4,1,toward_zero,1048576,4.037449837,4.031435013
12,inexact_chain.FP128.div,5,0,toward_zero,1048576,4.096708298,4.048452377
12,inexact_chain.FP128.div,5,1,nearest_even,1048576,5.407362938,5.397559166
12,inexact_chain.FP128.div,6,0,nearest_even,1048576,5.453818321,5.408538818
12,inexact_chain.FP128.div,6,1,toward_zero,1048576,4.037783623,4.030697823
12,inexact_chain.FP128.div,7,0,toward_zero,1048576,4.094730377,4.050095558
12,inexact_chain.FP128.div,7,1,nearest_even,1048576,5.402538300,5.392641068
12,inexact_chain.FP128.div,8,0,nearest_even,1048576,5.458920479,5.413208961
12,inexact_chain.FP128.div,8,1,toward_zero,1048576,4.036121368,4.029963493
12,throughput4096.FP128.mul_div,0,0,nearest_even,1048576,4.816472054,4.770852089
12,throughput4096.FP128.mul_div,0,1,toward_zero,1048576,3.113244057,3.108167648
12,throughput4096.FP128.mul_div,1,0,toward_zero,1048576,3.177278519,3.172748566
12,throughput4096.FP128.mul_div,1,1,nearest_even,1048576,4.807089806,4.760054588
12,throughput4096.FP128.mul_div,2,0,nearest_even,1048576,4.744248390,4.733959198
12,throughput4096.FP128.mul_div,2,1,toward_zero,1048576,3.193120956,3.147886276
12,throughput4096.FP128.mul_div,3,0,toward_zero,1048576,3.144612312,3.140011787
12,throughput4096.FP128.mul_div,3,1,nearest_even,1048576,4.787225723,4.779470444
12,throughput4096.FP128.mul_div,4,0,nearest_even,1048576,4.776647568,4.730242729
12,throughput4096.FP128.mul_div,4,1,toward_zero,1048576,3.164732933,3.160307884
12,throughput4096.FP128.mul_div,5,0,toward_zero,1048576,3.151643753,3.144829750
12,throughput4096.FP128.mul_div,5,1,nearest_even,1048576,4.813796997,4.770592690
12,throughput4096.FP128.mul_div,6,0,nearest_even,1048576,4.747850418,4.739828110
12,throughput4096.FP128.mul_div,6,1,toward_zero,1048576,3.180671692,3.138993263
12,throughput4096.FP128.mul_div,7,0,toward_zero,1048576,3.152646065,3.148259163
12,throughput4096.FP128.mul_div,7,1,nearest_even,1048576,4.837215424,4.828570366
12,throughput4096.FP128.mul_div,8,0,nearest_even,1048576,4.802675247,4.759632111
12,throughput4096.FP128.mul_div,8,1,toward_zero,1048576,3.123065948,3.116576195
12,throughput256.FP128.mul_div,0,0,toward_zero,1048576,3.179505348,3.139469147
12,throughput256.FP128.mul_div,0,1,nearest_even,1048576,4.716921806,4.707847595
12,throughput256.FP128.mul_div,1,0,nearest_even,1048576,4.731884003,4.723805428
12,throughput256.FP128.mul_div,1,1,toward_zero,1048576,3.162268639,3.121680260
12,throughput256.FP128.mul_div,2,0,toward_zero,1048576,3.153229713,3.147150993
12,throughput256.FP128.mul_div,2,1,nearest_even,1048576,4.741373062,4.696276665
12,throughput256.FP128.mul_div,3,0,nearest_even,1048576,4.669091225,4.657818794
12,throughput256.FP128.mul_div,3,1,toward_zero,1048576,3.108064651,3.103381157
12,throughput256.FP128.mul_div,4,0,toward_zero,1048576,3.181893349,3.141008377
12,throughput256.FP128.mul_div,4,1,nearest_even,1048576,4.735276222,4.726813316
12,throughput256.FP128.mul_div,5,0,nearest_even,1048576,4.750956535,4.709892273
12,throughput256.FP128.mul_div,5,1,toward_zero,1048576,3.102857590,3.098241806
12,throughput256.FP128.mul_div,6,0,toward_zero,1048576,3.128444672,3.122031212
12,throughput256.FP128.mul_div,6,1,nearest_even,1048576,4.746370316,4.700030327
12,throughput256.FP128.mul_div,7,0,nearest_even,1048576,4.664141655,4.655783653
12,throughput256.FP128.mul_div,7,1,toward_zero,1048576,3.115717888,3.109687805
12,throughput256.FP128.mul_div,8,0,toward_zero,1048576,3.174479485,3.131395340
12,throughput256.FP128.mul_div,8,1,nearest_even,1048576,4.691525459,4.682479858
12,exact_results.FP128.mul_div,0,0,nearest_even,1048576,3.323533058,3.283188820
12,exact_results.FP128.mul_div,0,1,toward_zero,1048576,3.140178680,3.132819176
12,exact_results.FP128.mul_div,1,0,toward_zero,1048576,3.145795822,3.140626907
12,exact_results.FP128.mul_div,1,1,nearest_even,1048576,3.277660370,3.251096725
12,exact_results.FP128.mul_div,2,0,nearest_even,1048576,3.264331818,3.243693352
12,exact_results.FP128.mul_div,2,1,toward_zero,1048576,3.143914223,3.139354706
12,exact_results.FP128.mul_div,3,0,toward_zero,1048576,3.135448456,3.130899429
12,exact_results.FP128.mul_div,3,1,nearest_even,1048576,3.290721893,3.245300293
12,exact_results.FP128.mul_div,4,0,nearest_even,1048576,3.244172096,3.238590240
12,exact_results.FP128.mul_div,4,1,toward_zero,1048576,3.153372765,3.148548126
12,exact_results.FP128.mul_div,5,0,toward_zero,1048576,3.187340736,3.142813683
12,exact_results.FP128.mul_div,5,1,nearest_even,1048576,3.242193222,3.236973763
12,exact_results.FP128.mul_div,6,0,nearest_even,1048576,3.246808052,3.239993095
12,exact_results.FP128.mul_div,6,1,toward_zero,1048576,3.191066742,3.149484634
12,exact_results.FP128.mul_div,7,0,toward_zero,1048576,3.172549248,3.167388916
12,exact_results.FP128.mul_div,7,1,nearest_even,1048576,3.268985748,3.262399673
12,exact_results.FP128.mul_div,8,0,nearest_even,1048576,3.335322380,3.292649269
12,exact_results.FP128.mul_div,8,1,toward_zero,1048576,3.159440041,3.154509544
12,halfway_ties.FP128.mul_div,0,0,toward_zero,1048576,3.189470291,3.162314415
12,halfway_ties.FP128.mul_div,0,1,nearest_even,1048576,4.792326927,4.746237755
12,halfway_ties.FP128.mul_div,1,0,nearest_even,1048576,4.746302605,4.736928940
12,halfway_ties.FP128.mul_div,1,1,toward_zero,1048576,3.223647118,3.180604935
12,halfway_ties.FP128.mul_div,2,0,toward_zero,1048576,3.140885353,3.136459351
12,halfway_ties.FP128.mul_div,2,1,nearest_even,1048576,4.711016655,4.702690125
12,halfway_ties.FP128.mul_div,3,0,nearest_even,1048576,4.733528137,4.688292503
12,halfway_ties.FP128.mul_div,3,1,toward_zero,1048576,3.174880028,3.169434547
12,halfway_ties.FP128.mul_div,4,0,toward_zero,1048576,3.155829430,3.149368286
12,halfway_ties.FP128.mul_div,4,1,nearest_even,1048576,4.752341270,4.710455894
12,halfway_ties.FP128.mul_div,5,0,nearest_even,1048576,4.688936234,4.680606842
12,halfway_ties.FP128.mul_div,5,1,toward_zero,1048576,3.180384636,3.138207436
12,halfway_ties.FP128.mul_div,6,0,toward_zero,1048576,3.140837669,3.136423111
12,halfway_ties.FP128.mul_div,6,1,nearest_even,1048576,4.761150360,4.753041267
12,halfway_ties.FP128.mul_div,7,0,nearest_even,1048576,4.773467064,4.725707054
12,halfway_ties.FP128.mul_div,7,1,toward_zero,1048576,3.129381180,3.122939110
12,halfway_ties.FP128.mul_div,8,0,toward_zero,1048576,3.252876282,3.208247185
12,halfway_ties.FP128.mul_div,8,1,nearest_even,1048576,4.751156807,4.742752075
12,exact_chain.FP128.mul_div,0,0,toward_zero,1048576,3.905202866,3.898196220
12,exact_chain.FP128.mul_div,0,1,nearest_even,1048576,3.935167313,3.894545555
12,exact_chain.FP128.mul_div,1,0,nearest_even,1048576,3.881383896,3.873294830
12,exact_chain.FP128.mul_div,1,1,toward_zero,1048576,3.912321091,3.905877113
12,exact_chain.FP128.mul_div,2,0,toward_zero,1048576,4.005613327,3.950074196
12,exact_chain.FP128.mul_div,2,1,nearest_even,1048576,3.888081551,3.881243706
12,exact_chain.FP128.mul_div,3,0,nearest_even,1048576,3.940278053,3.893087387
12,exact_chain.FP128.mul_div,3,1,toward_zero,1048576,3.937593460,3.931128502
12,exact_chain.FP128.mul_div,4,0,toward_zero,1048576,3.908174515,3.901433945
12,exact_chain.FP128.mul_div,4,1,nearest_even,1048576,3.932606697,3.886539459
12,exact_chain.FP128.mul_div,5,0,nearest_even,1048576,3.890623093,3.882440567
12,exact_chain.FP128.mul_div,5,1,toward_zero,1048576,3.964672089,3.919407845
12,exact_chain.FP128.mul_div,6,0,toward_zero,1048576,3.927236557,3.920180321
12,exact_chain.FP128.mul_div,6,1,nearest_even,1048576,3.883131981,3.875780106
12,exact_chain.FP128.mul_div,7,0,nearest_even,1048576,3.932921410,3.888086319
12,exact_chain.FP128.mul_div,7,1,toward_zero,1048576,3.916114807,3.909824371
12,exact_chain.FP128.mul_div,8,0,toward_zero,1048576,3.903388023,3.897258759
12,exact_chain.FP128.mul_div,8,1,nearest_even,1048576,3.937860489,3.893636703
12,inexact_chain.FP128.mul_div,0,0,toward_zero,1048576,3.908853531,3.902208328
12,inexact_chain.FP128.mul_div,0,1,nearest_even,1048576,5.177314758,5.129897118
12,inexact_chain.FP128.mul_div,1,0,nearest_even,1048576,5.136975288,5.129104614
12,inexact_chain.FP128.mul_div,1,1,toward_zero,1048576,3.964499474,3.919094086
12,inexact_chain.FP128.mul_div,2,0,toward_zero,1048576,3.902929306,3.897116661
12,inexact_chain.FP128.mul_div,2,1,nearest_even,1048576,5.153895378,5.128024101
12,inexact_chain.FP128.mul_div,3,0,nearest_even,1048576,5.081653595,5.052540779
12,inexact_chain.FP128.mul_div,3,1,toward_zero,1048576,3.902231216,3.895395279
12,inexact_chain.FP128.mul_div,4,0,toward_zero,1048576,3.975841522,3.932907104
12,inexact_chain.FP128.mul_div,4,1,nearest_even,1048576,5.102205276,5.092537880
12,inexact_chain.FP128.mul_div,5,0,nearest_even,1048576,5.156036377,5.109681129
12,inexact_chain.FP128.mul_div,5,1,toward_zero,1048576,3.895485878,3.889327049
12,inexact_chain.FP128.mul_div,6,0,toward_zero,1048576,3.973165512,3.928501129
12,inexact_chain.FP128.mul_div,6,1,nearest_even,1048576,5.142842293,5.132323265
12,inexact_chain.FP128.mul_div,7,0,nearest_even,1048576,5.164578438,5.119057655
12,inexact_chain.FP128.mul_div,7,1,toward_zero,1048576,3.901180267,3.895546913
12,inexact_chain.FP128.mul_div,8,0,toward_zero,1048576,3.913783073,3.907223701
12,inexact_chain.FP128.mul_div,8,1,nearest_even,1048576,5.178289413,5.130575180
12,wide_product.FP128.mul,0,0,toward_zero,1048576,6.071758270,6.019776344
12,wide_product.FP128.mul,0,1,nearest_even,1048576,6.590310097,6.579375267
12,wide_product.FP128.mul,1,0,nearest_even,1048576,6.636125565,6.586902618
12,wide_product.FP128.mul,1,1,toward_zero,1048576,5.935231209,5.923915863
12,wide_product.FP128.mul,2,0,toward_zero,1048576,5.980004311,5.932352066
12,wide_product.FP128.mul,2,1,nearest_even,1048576,6.746921539,6.652583122
12,wide_product.FP128.mul,3,0,nearest_even,1048576,6.733975410,6.716015816
12,wide_product.FP128.mul,3,1,toward_zero,1048576,5.997174263,5.940627098
12,wide_product.FP128.mul,4,0,toward_zero,1048576,6.084904671,6.028949738
12,wide_product.FP128.mul,4,1,nearest_even,1048576,6.733248711,6.719875336
12,wide_product.FP128.mul,5,0,nearest_even,1048576,6.778747559,6.719697952
12,wide_product.FP128.mul,5,1,toward_zero,1048576,6.000136375,5.990675926
12,wide_product.FP128.mul,6,0,toward_zero,1048576,6.022513390,5.967218399
12,wide_product.FP128.mul,6,1,nearest_even,1048576,6.870577812,6.816318512
12,wide_product.FP128.mul,7,0,nearest_even,1048576,6.747609138,6.736178398
12,wide_product.FP128.mul,7,1,toward_zero,1048576,5.969379425,5.945968628
12,wide_product.FP128.mul,8,0,toward_zero,1048576,5.941863060,5.926324844
12,wide_product.FP128.mul,8,1,nearest_even,1048576,6.573971748,6.563304901
12,native_by64.FP128.div,0,0,toward_zero,1048576,4.116600990,4.104222298
12,native_by64.FP128.div,0,1,nearest_even,1048576,6.381751060,6.365685463
12,native_by64.FP128.div,1,0,nearest_even,1048576,6.382744789,6.366757393
12,native_by64.FP128.div,1,1,toward_zero,1048576,3.931516647,3.925854683
12,native_by64.FP128.div,2,0,toward_zero,1048576,3.960620880,3.948377609
12,native_by64.FP128.div,2,1,nearest_even,1048576,6.378703117,6.367828369
12,native_by64.FP128.div,3,0,nearest_even,1048576,6.382457733,6.366334915
12,native_by64.FP128.div,3,1,toward_zero,1048576,3.941845894,3.933281898
12,native_by64.FP128.div,4,0,toward_zero,1048576,4.033407211,4.020370483
12,native_by64.FP128.div,4,1,nearest_even,1048576,6.351510048,6.337463379
12,native_by64.FP128.div,5,0,nearest_even,1048576,6.372645378,6.357534409
12,native_by64.FP128.div,5,1,toward_zero,1048576,3.953015327,3.946445465
12,native_by64.FP128.div,6,0,toward_zero,1048576,4.009817123,3.994289398
12,native_by64.FP128.div,6,1,nearest_even,1048576,6.382056236,6.372689247
12,native_by64.FP128.div,7,0,nearest_even,1048576,6.383279800,6.365122795
12,native_by64.FP128.div,7,1,toward_zero,1048576,3.936255455,3.929947853
12,native_by64.FP128.div,8,0,toward_zero,1048576,3.952489853,3.942011833
12,native_by64.FP128.div,8,1,nearest_even,1048576,6.380900383,6.369648933
12,native_by128.FP128.div,0,0,nearest_even,1048576,10.031088829,10.007759094
12,native_by128.FP128.div,0,1,toward_zero,1048576,5.927463531,5.906451225
12,native_by128.FP128.div,1,0,toward_zero,1048576,5.905152321,5.889921188
12,native_by128.FP128.div,1,1,nearest_even,1048576,10.002778053,9.980306625
12,native_by128.FP128.div,2,0,nearest_even,1048576,9.964406967,9.940160751
12,native_by128.FP128.div,2,1,toward_zero,1048576,5.910846710,5.900459290
12,native_by128.FP128.div,3,0,toward_zero,1048576,5.893907547,5.877051353
12,native_by128.FP128.div,3,1,nearest_even,1048576,10.035311699,10.011179924
12,native_by128.FP128.div,4,0,nearest_even,1048576,9.919345856,9.886062622
12,native_by128.FP128.div,4,1,toward_zero,1048576,5.875972748,5.866081238
12,native_by128.FP128.div,5,0,toward_zero,1048576,5.872351646,5.858325958
12,native_by128.FP128.div,5,1,nearest_even,1048576,9.998869896,9.975197792
12,native_by128.FP128.div,6,0,nearest_even,1048576,9.950150490,9.927872658
12,native_by128.FP128.div,6,1,toward_zero,1048576,5.905172348,5.888482094
12,native_by128.FP128.div,7,0,toward_zero,1048576,5.954875946,5.945899963
12,native_by128.FP128.div,7,1,nearest_even,1048576,9.954890251,9.931476593
12,native_by128.FP128.div,8,0,nearest_even,1048576,9.919900894,9.895302773
12,native_by128.FP128.div,8,1,toward_zero,1048576,5.924969673,5.909011841
12,wide_by64.FP128.div,0,0,toward_zero,1048576,6.494495392,6.480564117
12,wide_by64.FP128.div,0,1,nearest_even,1048576,7.944821358,7.924173355
12,wide_by64.FP128.div,1,0,nearest_even,1048576,7.921011925,7.901153564
12,wide_by64.FP128.div,1,1,toward_zero,1048576,6.456926346,6.439676285
12,wide_by64.FP128.div,2,0,toward_zero,1048576,6.444448471,6.432902336
12,wide_by64.FP128.div,2,1,nearest_even,1048576,7.922864914,7.903335571
12,wide_by64.FP128.div,3,0,nearest_even,1048576,7.912192345,7.894680023
12,wide_by64.FP128.div,3,1,toward_zero,1048576,6.445394516,6.434126854
12,wide_by64.FP128.div,4,0,toward_zero,1048576,6.450801849,6.433685303
12,wide_by64.FP128.div,4,1,nearest_even,1048576,7.915843010,7.897010803
12,wide_by64.FP128.div,5,0,nearest_even,1048576,7.919024467,7.899120331
12,wide_by64.FP128.div,5,1,toward_zero,1048576,6.436518669,6.425967216
12,wide_by64.FP128.div,6,0,toward_zero,1048576,6.455177307,6.439218521
12,wide_by64.FP128.div,6,1,nearest_even,1048576,7.915364265,7.898512840
12,wide_by64.FP128.div,7,0,nearest_even,1048576,7.898013115,7.884473801
12,wide_by64.FP128.div,7,1,toward_zero,1048576,6.453630447,6.437155724
12,wide_by64.FP128.div,8,0,toward_zero,1048576,6.451212883,6.434421539
12,wide_by64.FP128.div,8,1,nearest_even,1048576,7.906803131,7.893737793
12,wide_by128.FP128.div,0,0,toward_zero,1048576,12.516713142,12.486676216
12,wide_by128.FP128.div,0,1,nearest_even,1048576,13.685156822,13.652672768
12,wide_by128.FP128.div,1,0,nearest_even,1048576,13.661107063,13.627188683
12,wide_by128.FP128.div,1,1,toward_zero,1048576,12.377233505,12.350008011
12,wide_by128.FP128.div,2,0,toward_zero,1048576,12.320535660,12.292295456
12,wide_by128.FP128.div,2,1,nearest_even,1048576,13.678210258,13.648237228
12,wide_by128.FP128.div,3,0,nearest_even,1048576,13.686436653,13.651806831
12,wide_by128.FP128.div,3,1,toward_zero,1048576,12.346706390,12.322490692
12,wide_by128.FP128.div,4,0,toward_zero,1048576,12.323307037,12.295815468
12,wide_by128.FP128.div,4,1,nearest_even,1048576,13.688252449,13.660496712
12,wide_by128.FP128.div,5,0,nearest_even,1048576,13.668684006,13.632788658
12,wide_by128.FP128.div,5,1,toward_zero,1048576,12.345215797,12.320682526
12,wide_by128.FP128.div,6,0,toward_zero,1048576,12.299582481,12.272116661
12,wide_by128.FP128.div,6,1,nearest_even,1048576,13.698199272,13.661880493
12,wide_by128.FP128.div,7,0,nearest_even,1048576,13.680407524,13.650847435
12,wide_by128.FP128.div,7,1,toward_zero,1048576,12.339272499,12.313495636
12,wide_by128.FP128.div,8,0,toward_zero,1048576,12.290802002,12.262610435
12,wide_by128.FP128.div,8,1,nearest_even,1048576,13.718530655,13.677119255
12,wide_product.FP128.mul_div,0,0,toward_zero,1048576,12.238595009,12.203368187
12,wide_product.FP128.mul_div,0,1,nearest_even,1048576,13.196586609,13.163228989
12,wide_product.FP128.mul_div,1,0,nearest_even,1048576,13.282387733,13.242674828
12,wide_product.FP128.mul_div,1,1,toward_zero,1048576,12.106387138,12.072607994
12,wide_product.FP128.mul_div,2,0,toward_zero,1048576,12.108632088,12.077861786
12,wide_product.FP128.mul_div,2,1,nearest_even,1048576,13.267338753,13.235065460
12,wide_product.FP128.mul_div,3,0,nearest_even,1048576,13.202557564,13.159594536
12,wide_product.FP128.mul_div,3,1,toward_zero,1048576,12.071129799,12.040570259
12,wide_product.FP128.mul_div,4,0,toward_zero,1048576,12.094758987,12.060844421
12,wide_product.FP128.mul_div,4,1,nearest_even,1048576,13.222327232,13.190711021
12,wide_product.FP128.mul_div,5,0,nearest_even,1048576,13.319804192,13.275250435
12,wide_product.FP128.mul_div,5,1,toward_zero,1048576,12.080531120,12.047220230
12,wide_product.FP128.mul_div,6,0,toward_zero,1048576,12.138146400,12.103672028
12,wide_product.FP128.mul_div,6,1,nearest_even,1048576,13.172900200,13.136354446
12,wide_product.FP128.mul_div,7,0,nearest_even,1048576,13.177411079,13.137273788
12,wide_product.FP128.mul_div,7,1,toward_zero,1048576,12.190029144,12.151635170
12,wide_product.FP128.mul_div,8,0,toward_zero,1048576,12.087534904,12.055015564
12,wide_product.FP128.mul_div,8,1,nearest_even,1048576,13.263545990,13.228165627
12,throughput4096.FP64.mul_wide,0,0,toward_zero,1048576,2.594605446,2.578256607
12,throughput4096.FP64.mul_wide,0,1,nearest_even,1048576,2.429615021,2.424599648
12,throughput4096.FP64.mul_wide,1,0,nearest_even,1048576,2.454008102,2.450837135
12,throughput4096.FP64.mul_wide,1,1,toward_zero,1048576,2.581553459,2.575917244
12,throughput4096.FP64.mul_wide,2,0,toward_zero,1048576,2.570221901,2.559338570
12,throughput4096.FP64.mul_wide,2,1,nearest_even,1048576,2.432653427,2.427322388
12,throughput4096.FP64.mul_wide,3,0,nearest_even,1048576,2.427846909,2.422772408
12,throughput4096.FP64.mul_wide,3,1,toward_zero,1048576,2.563427925,2.560476303
12,throughput4096.FP64.mul_wide,4,0,toward_zero,1048576,2.558135033,2.544569016
12,throughput4096.FP64.mul_wide,4,1,nearest_even,1048576,2.401571274,2.399042130
12,throughput4096.FP64.mul_wide,5,0,nearest_even,1048576,2.448991776,2.444108963
12,throughput4096.FP64.mul_wide,5,1,toward_zero,1048576,2.571759224,2.565855980
12,throughput4096.FP64.mul_wide,6,0,toward_zero,1048576,2.578772545,2.565301895
12,throughput4096.FP64.mul_wide,6,1,nearest_even,1048576,2.589387894,2.584780693
12,throughput4096.FP64.mul_wide,7,0,nearest_even,1048576,2.432156563,2.427131653
12,throughput4096.FP64.mul_wide,7,1,toward_zero,1048576,2.567631721,2.563037872
12,throughput4096.FP64.mul_wide,8,0,toward_zero,1048576,2.570795059,2.555239677
12,throughput4096.FP64.mul_wide,8,1,nearest_even,1048576,2.414175034,2.409465790
12,fullrange.FP64.mul_wide,0,0,toward_zero,1048576,2.530569077,2.525182724
12,fullrange.FP64.mul_wide,0,1,nearest_even,1048576,2.966827393,2.962306976
12,fullrange.FP64.mul_wide,1,0,nearest_even,1048576,3.131645203,2.969645500
12,fullrange.FP64.mul_wide,1,1,toward_zero,1048576,2.497071266,2.491674423
12,fullrange.FP64.mul_wide,2,0,toward_zero,1048576,2.623765945,2.508202553
12,fullrange.FP64.mul_wide,2,1,nearest_even,1048576,3.139356613,2.976088524
12,fullrange.FP64.mul_wide,3,0,nearest_even,1048576,3.045290947,2.951921463
12,fullrange.FP64.mul_wide,3,1,toward_zero,1048576,2.509464264,2.494101524
12,fullrange.FP64.mul_wide,4,0,toward_zero,1048576,2.504848480,2.502164841
12,fullrange.FP64.mul_wide,4,1,nearest_even,1048576,3.062125206,2.969119072
12,fullrange.FP64.mul_wide,5,0,nearest_even,1048576,2.956278801,2.952027321
12,fullrange.FP64.mul_wide,5,1,toward_zero,1048576,2.544299126,2.541556358
12,fullrange.FP64.mul_wide,6,0,toward_zero,1048576,2.508669853,2.502994537
12,fullrange.FP64.mul_wide,6,1,nearest_even,1048576,2.988105774,2.974624634
12,fullrange.FP64.mul_wide,7,0,nearest_even,1048576,2.999600410,2.994285583
12,fullrange.FP64.mul_wide,7,1,toward_zero,1048576,2.499057770,2.494109154
12,fullrange.FP64.mul_wide,8,0,toward_zero,1048576,2.615347862,2.609081268
12,fullrange.FP64.mul_wide,8,1,nearest_even,1048576,2.995692253,2.979707718
12,throughput4096.FP64.quantize4,0,0,nearest_even,1048576,3.295709610,3.288704872
12,throughput4096.FP64.quantize4,0,1,toward_zero,1048576,3.179208755,3.174860954
12,throughput4096.FP64.quantize4,1,0,toward_zero,1048576,3.179438591,3.164235115
12,throughput4096.FP64.quantize4,1,1,nearest_even,1048576,3.231434822,3.226331711
12,throughput4096.FP64.quantize4,2,0,nearest_even,1048576,3.256592751,3.251786232
12,throughput4096.FP64.quantize4,2,1,toward_zero,1048576,3.189814568,3.175357819
12,throughput4096.FP64.quantize4,3,0,toward_zero,1048576,3.185256958,3.180480003
12,throughput4096.FP64.quantize4,3,1,nearest_even,1048576,3.259726524,3.253828049
12,throughput4096.FP64.quantize4,4,0,nearest_even,1048576,3.350629807,3.334901810
12,throughput4096.FP64.quantize4,4,1,toward_zero,1048576,3.171736717,3.166452408
12,throughput4096.FP64.quantize4,5,0,toward_zero,1048576,3.190005302,3.183342934
12,throughput4096.FP64.quantize4,5,1,nearest_even,1048576,3.239316940,3.223789215
12,throughput4096.FP64.quantize4,6,0,nearest_even,1048576,3.228521347,3.224065781
12,throughput4096.FP64.quantize4,6,1,toward_zero,1048576,3.201604843,3.195076942
12,throughput4096.FP64.quantize4,7,0,toward_zero,1048576,3.176724434,3.164110184
12,throughput4096.FP64.quantize4,7,1,nearest_even,1048576,3.238591194,3.233659744
12,throughput4096.FP64.quantize4,8,0,nearest_even,1048576,3.246196747,3.240463257
12,throughput4096.FP64.quantize4,8,1,toward_zero,1048576,3.211170197,3.198294640
12,throughput4096.FP128.quantize4,0,0,toward_zero,1048576,5.769027710,5.758287430
12,throughput4096.FP128.quantize4,0,1,nearest_even,1048576,6.162107468,6.140721321
12,throughput4096.FP128.quantize4,1,0,nearest_even,1048576,6.105849266,6.094255447
12,throughput4096.FP128.quantize4,1,1,toward_zero,1048576,5.763179779,5.741433144
12,throughput4096.FP128.quantize4,2,0,toward_zero,1048576,5.714823723,5.695981026
12,throughput4096.FP128.quantize4,2,1,nearest_even,1048576,6.187073708,6.176055908
12,throughput4096.FP128.quantize4,3,0,nearest_even,1048576,6.116436005,6.094685555
12,throughput4096.FP128.quantize4,3,1,toward_zero,1048576,5.728190422,5.717984200
12,throughput4096.FP128.quantize4,4,0,toward_zero,1048576,5.755459785,5.735239983
12,throughput4096.FP128.quantize4,4,1,nearest_even,1048576,6.113054276,6.102587700
12,throughput4096.FP128.quantize4,5,0,nearest_even,1048576,6.204482079,6.183289528
12,throughput4096.FP128.quantize4,5,1,toward_zero,1048576,5.757485390,5.736042976
12,throughput4096.FP128.quantize4,6,0,toward_zero,1048576,5.751819611,5.740410805
12,throughput4096.FP128.quantize4,6,1,nearest_even,1048576,6.099552155,6.081663132
12,throughput4096.FP128.quantize4,7,0,nearest_even,1048576,6.249350548,6.237586975
12,throughput4096.FP128.quantize4,7,1,toward_zero,1048576,5.759510994,5.740773201
12,throughput4096.FP128.quantize4,8,0,toward_zero,1048576,5.764422417,5.741357803
12,throughput4096.FP128.quantize4,8,1,nearest_even,1048576,6.124557495,6.113432884
12,parse_extra_digit.FP64,0,0,toward_zero,1048576,34.276644707,34.172437668
12,parse_extra_digit.FP64,0,1,nearest_even,1048576,34.773957253,34.678847313
12,parse_extra_digit.FP64,1,0,nearest_even,1048576,34.834102631,34.740564346
12,parse_extra_digit.FP64,1,1,toward_zero,1048576,34.227380753,34.124344826
12,parse_extra_digit.FP64,2,0,toward_zero,1048576,34.534659386,33.941061020
12,parse_extra_digit.FP64,2,1,nearest_even,1048576,35.438141823,34.471491814
12,parse_extra_digit.FP64,3,0,nearest_even,1048576,34.623030663,34.217737198
12,parse_extra_digit.FP64,3,1,toward_zero,1048576,33.834893227,33.755927086
12,parse_extra_digit.FP64,4,0,toward_zero,1048576,33.918210030,33.838520050
12,parse_extra_digit.FP64,4,1,nearest_even,1048576,34.466993332,34.388771057
12,parse_extra_digit.FP64,5,0,nearest_even,1048576,34.428831100,34.335759163
12,parse_extra_digit.FP64,5,1,toward_zero,1048576,33.932035446,33.855751991
12,parse_extra_digit.FP64,6,0,toward_zero,1048576,33.937500000,33.857777596
12,parse_extra_digit.FP64,6,1,nearest_even,1048576,34.468645096,34.338697433
12,parse_extra_digit.FP64,7,0,nearest_even,1048576,34.419975281,34.325874329
12,parse_extra_digit.FP64,7,1,toward_zero,1048576,33.910585403,33.836371422
12,parse_extra_digit.FP64,8,0,toward_zero,1048576,33.978203773,33.895520210
12,parse_extra_digit.FP64,8,1,nearest_even,1048576,34.404399872,34.327095032
12,format_2digits.FP64,0,0,nearest_even,1048576,17.136205673,17.096894264
12,format_2digits.FP64,0,1,toward_zero,1048576,15.911581039,15.874885559
12,format_2digits.FP64,1,0,toward_zero,1048576,15.934053421,15.894551277
12,format_2digits.FP64,1,1,nearest_even,1048576,17.160799980,17.115813255
12,format_2digits.FP64,2,0,nearest_even,1048576,17.125667572,17.090947151
12,format_2digits.FP64,2,1,toward_zero,1048576,15.938152313,15.896253586
12,format_2digits.FP64,3,0,toward_zero,1048576,15.949780464,15.895138741
12,format_2digits.FP64,3,1,nearest_even,1048576,17.150002480,17.108626366
12,format_2digits.FP64,4,0,nearest_even,1048576,17.128753662,17.088670731
12,format_2digits.FP64,4,1,toward_zero,1048576,15.919348717,15.885001183
12,format_2digits.FP64,5,0,toward_zero,1048576,15.944305420,15.907032967
12,format_2digits.FP64,5,1,nearest_even,1048576,17.181218147,17.138884544
12,format_2digits.FP64,6,0,nearest_even,1048576,17.129718781,17.089436531
12,format_2digits.FP64,6,1,toward_zero,1048576,15.959574699,15.922649384
12,format_2digits.FP64,7,0,toward_zero,1048576,15.943197250,15.909672737
12,format_2digits.FP64,7,1,nearest_even,1048576,17.175255775,17.132380486
12,format_2digits.FP64,8,0,nearest_even,1048576,17.150413513,17.100953102
12,format_2digits.FP64,8,1,toward_zero,1048576,15.933481216,15.901065826
12,parse_extra_digit.FP128,0,0,toward_zero,1048576,34.236610413,34.158628464
12,parse_extra_digit.FP128,0,1,nearest_even,1048576,34.694193840,34.597478867
12,parse_extra_digit.FP128,1,0,nearest_even,1048576,34.651484489,34.563537598
12,parse_extra_digit.FP128,1,1,toward_zero,1048576,34.210468292,34.135316849
12,parse_extra_digit.FP128,2,0,toward_zero,1048576,34.229052544,34.149736404
12,parse_extra_digit.FP128,2,1,nearest_even,1048576,34.644012451,34.564712524
12,parse_extra_digit.FP128,3,0,nearest_even,1048576,34.628667831,34.553236961
12,parse_extra_digit.FP128,3,1,toward_zero,1048576,34.228011131,34.145425797
12,parse_extra_digit.FP128,4,0,toward_zero,1048576,34.222458839,34.146507263
12,parse_extra_digit.FP128,4,1,nearest_even,1048576,34.620498657,34.546555519
12,parse_extra_digit.FP128,5,0,nearest_even,1048576,34.681362152,34.591507912
12,parse_extra_digit.FP128,5,1,toward_zero,1048576,34.235807419,34.158106804
12,parse_extra_digit.FP128,6,0,toward_zero,1048576,34.215083122,34.133789062
12,parse_extra_digit.FP128,6,1,nearest_even,1048576,34.670813560,34.579707146
12,parse_extra_digit.FP128,7,0,nearest_even,1048576,34.609807014,34.530191422
12,parse_extra_digit.FP128,7,1,toward_zero,1048576,34.201992989,34.104741096
12,parse_extra_digit.FP128,8,0,toward_zero,1048576,34.279749870,34.199660301
12,parse_extra_digit.FP128,8,1,nearest_even,1048576,34.638089180,34.554327011
12,format_2digits.FP128,0,0,toward_zero,1048576,15.983374596,15.949830055
12,format_2digits.FP128,0,1,nearest_even,1048576,17.193265915,17.148683548
12,format_2digits.FP128,1,0,nearest_even,1048576,17.186148643,17.143923759
12,format_2digits.FP128,1,1,toward_zero,1048576,16.064599991,16.034050941
12,format_2digits.FP128,2,0,toward_zero,1048576,16.031004906,15.991930962
12,format_2digits.FP128,2,1,nearest_even,1048576,17.150967598,17.115941048
12,format_2digits.FP128,3,0,nearest_even,1048576,17.167105675,17.124775887
12,format_2digits.FP128,3,1,toward_zero,1048576,16.067303658,16.026737213
12,format_2digits.FP128,4,0,toward_zero,1048576,16.051613808,16.016721725
12,format_2digits.FP128,4,1,nearest_even,1048576,17.181351662,17.141037941
12,format_2digits.FP128,5,0,nearest_even,1048576,17.166905403,17.125638008
12,format_2digits.FP128,5,1,toward_zero,1048576,16.002741814,15.966224670
12,format_2digits.FP128,6,0,toward_zero,1048576,16.023962975,15.984667778
12,format_2digits.FP128,6,1,nearest_even,1048576,17.152678490,17.110579491
12,format_2digits.FP128,7,0,nearest_even,1048576,17.200280190,17.157220840
12,format_2digits.FP128,7,1,toward_zero,1048576,16.037502289,15.997163773
12,format_2digits.FP128,8,0,toward_zero,1048576,16.062249184,16.029126167
12,format_2digits.FP128,8,1,nearest_even,1048576,17.174901962,17.132266998
12,throughput4096.FP64.mul,0,0,toward_zero,1048576,2.558660507,2.541399002
12,throughput4096.FP64.mul,0,1,nearest_even,1048576,2.719513893,2.713866234
12,throughput4096.FP64.mul,1,0,nearest_even,1048576,2.718816757,2.704148293
12,throughput4096.FP64.mul,1,1,toward_zero,1048576,2.499917984,2.496278763
12,throughput4096.FP64.mul,2,0,toward_zero,1048576,2.525869370,2.513666153
12,throughput4096.FP64.mul,2,1,nearest_even,1048576,2.691633224,2.685604095
12,throughput4096.FP64.mul,3,0,nearest_even,1048576,2.688174248,2.683053017
12,throughput4096.FP64.mul,3,1,toward_zero,1048576,2.586292267,2.582937241
12,throughput4096.FP64.mul,4,0,toward_zero,1048576,2.572830200,2.562596321
12,throughput4096.FP64.mul,4,1,nearest_even,1048576,2.691862106,2.686589241
12,throughput4096.FP64.mul,5,0,nearest_even,1048576,2.698703766,2.691890717
12,throughput4096.FP64.mul,5,1,toward_zero,1048576,2.542427063,2.539322853
12,throughput4096.FP64.mul,6,0,toward_zero,1048576,2.512415886,2.502386093
12,throughput4096.FP64.mul,6,1,nearest_even,1048576,2.711841583,2.705439568
12,throughput4096.FP64.mul,7,0,nearest_even,1048576,2.706212997,2.701238632
12,throughput4096.FP64.mul,7,1,toward_zero,1048576,2.620203018,2.616085052
12,throughput4096.FP64.mul,8,0,toward_zero,1048576,2.513198853,2.503741264
12,throughput4096.FP64.mul,8,1,nearest_even,1048576,2.689120293,2.684143066
12,throughput256.FP64.mul,0,0,toward_zero,1048576,2.487678528,2.484117508
12,throughput256.FP64.mul,0,1,nearest_even,1048576,2.738804817,2.731735229
12,throughput256.FP64.mul,1,0,nearest_even,1048576,2.735173225,2.724347115
12,throughput256.FP64.mul,1,1,toward_zero,1048576,2.605774879,2.601264000
12,throughput256.FP64.mul,2,0,toward_zero,1048576,2.489121437,2.482470512
12,throughput256.FP64.mul,2,1,nearest_even,1048576,2.720268250,2.716916084
12,throughput256.FP64.mul,3,0,nearest_even,1048576,2.720355034,2.710350037
12,throughput256.FP64.mul,3,1,toward_zero,1048576,2.479681015,2.475075722
12,throughput256.FP64.mul,4,0,toward_zero,1048576,2.593822479,2.589349747
12,throughput256.FP64.mul,4,1,nearest_even,1048576,2.758381844,2.749314308
12,throughput256.FP64.mul,5,0,nearest_even,1048576,2.741432190,2.737650871
12,throughput256.FP64.mul,5,1,toward_zero,1048576,2.494681358,2.490707397
12,throughput256.FP64.mul,6,0,toward_zero,1048576,2.519629478,2.514764786
12,throughput256.FP64.mul,6,1,nearest_even,1048576,2.713093758,2.704217911
12,throughput256.FP64.mul,7,0,nearest_even,1048576,2.730998993,2.726076126
12,throughput256.FP64.mul,7,1,toward_zero,1048576,2.594451904,2.588165283
12,throughput256.FP64.mul,8,0,toward_zero,1048576,2.596974373,2.591004372
12,throughput256.FP64.mul,8,1,nearest_even,1048576,2.723354340,2.712883949
12,exact_results.FP64.mul,0,0,nearest_even,1048576,2.628008842,2.622208595
12,exact_results.FP64.mul,0,1,toward_zero,1048576,2.542627335,2.523377419
12,exact_results.FP64.mul,1,0,toward_zero,1048576,2.500672340,2.496747971
12,exact_results.FP64.mul,1,1,nearest_even,1048576,2.571024895,2.560627937
12,exact_results.FP64.mul,2,0,nearest_even,1048576,2.515090942,2.511028290
12,exact_results.FP64.mul,2,1,toward_zero,1048576,2.613217354,2.610180855
12,exact_results.FP64.mul,3,0,toward_zero,1048576,2.603376389,2.599020958
12,exact_results.FP64.mul,3,1,nearest_even,1048576,2.540306091,2.530656815
12,exact_results.FP64.mul,4,0,nearest_even,1048576,2.534897804,2.531820297
12,exact_results.FP64.mul,4,1,toward_zero,1048576,2.599000931,2.593488693
12,exact_results.FP64.mul,5,0,toward_zero,1048576,2.610637665,2.605468750
12,exact_results.FP64.mul,5,1,nearest_even,1048576,2.545733452,2.535528183
12,exact_results.FP64.mul,6,0,nearest_even,1048576,2.531849861,2.528582573
12,exact_results.FP64.mul,6,1,toward_zero,1048576,2.608984947,2.603347778
12,exact_results.FP64.mul,7,0,toward_zero,1048576,2.604952812,2.599812508
12,exact_results.FP64.mul,7,1,nearest_even,1048576,2.539216995,2.530883789
12,exact_results.FP64.mul,8,0,nearest_even,1048576,2.536780357,2.531449318
12,exact_results.FP64.mul,8,1,toward_zero,1048576,2.609204292,2.604331017
12,halfway_ties.FP64.mul,0,0,toward_zero,1048576,2.611803055,2.607502937
12,halfway_ties.FP64.mul,0,1,nearest_even,1048576,2.633646011,2.622705460
12,halfway_ties.FP64.mul,1,0,nearest_even,1048576,2.631544113,2.627026558
12,halfway_ties.FP64.mul,1,1,toward_zero,1048576,2.549716949,2.546325684
12,halfway_ties.FP64.mul,2,0,toward_zero,1048576,2.566285133,2.556175232
12,halfway_ties.FP64.mul,2,1,nearest_even,1048576,2.613361359,2.609473228
12,halfway_ties.FP64.mul,3,0,nearest_even,1048576,2.622915268,2.619256020
12,halfway_ties.FP64.mul,3,1,toward_zero,1048576,2.611240387,2.603807449
12,halfway_ties.FP64.mul,4,0,toward_zero,1048576,2.524063110,2.513973236
12,halfway_ties.FP64.mul,4,1,nearest_even,1048576,2.586091995,2.580856323
12,halfway_ties.FP64.mul,5,0,nearest_even,1048576,2.604971886,2.602068901
12,halfway_ties.FP64.mul,5,1,toward_zero,1048576,2.510237694,2.505402565
12,halfway_ties.FP64.mul,6,0,toward_zero,1048576,2.505537033,2.495905876
12,halfway_ties.FP64.mul,6,1,nearest_even,1048576,2.586616516,2.583570480
12,halfway_ties.FP64.mul,7,0,nearest_even,1048576,2.602459908,2.597223282
12,halfway_ties.FP64.mul,7,1,toward_zero,1048576,2.604494095,2.598377228
12,halfway_ties.FP64.mul,8,0,toward_zero,1048576,2.576394081,2.567690849
12,halfway_ties.FP64.mul,8,1,nearest_even,1048576,2.590057373,2.584918022
12,exact_chain.FP64.mul,0,0,nearest_even,1048576,3.638914108,3.632511139
12,exact_chain.FP64.mul,0,1,toward_zero,1048576,3.674963951,3.670239449
12,exact_chain.FP64.mul,1,0,toward_zero,1048576,3.694512367,3.683492661
12,exact_chain.FP64.mul,1,1,nearest_even,1048576,3.697121620,3.690830231
12,exact_chain.FP64.mul,2,0,nearest_even,1048576,3.707917213,3.701323509
12,exact_chain.FP64.mul,2,1,toward_zero,1048576,3.686247826,3.675295830
12,exact_chain.FP64.mul,3,0,toward_zero,1048576,3.650991440,3.644699097
12,exact_chain.FP64.mul,3,1,nearest_even,1048576,3.706265450,3.695751190
12,exact_chain.FP64.mul,4,0,nearest_even,1048576,3.698697090,3.694681168
12,exact_chain.FP64.mul,4,1,toward_zero,1048576,3.697647095,3.691718102
12,exact_chain.FP64.mul,5,0,toward_zero,1048576,3.692716599,3.681121826
12,exact_chain.FP64.mul,5,1,nearest_even,1048576,3.684595108,3.677702904
12,exact_chain.FP64.mul,6,0,nearest_even,1048576,3.692888260,3.686933517
12,exact_chain.FP64.mul,6,1,toward_zero,1048576,3.686898232,3.675715446
12,exact_chain.FP64.mul,7,0,toward_zero,1048576,3.638006210,3.632452011
12,exact_chain.FP64.mul,7,1,nearest_even,1048576,3.707783699,3.701252937
12,exact_chain.FP64.mul,8,0,nearest_even,1048576,3.706045151,3.696152687
12,exact_chain.FP64.mul,8,1,toward_zero,1048576,3.671161652,3.665442467
12,inexact_chain.FP64.mul,0,0,nearest_even,1048576,4.904327393,4.891729355
12,inexact_chain.FP64.mul,0,1,toward_zero,1048576,3.648429871,3.642368317
12,inexact_chain.FP64.mul,1,0,toward_zero,1048576,3.643290520,3.637601852
12,inexact_chain.FP64.mul,1,1,nearest_even,1048576,4.915105820,4.903229713
12,inexact_chain.FP64.mul,2,0,nearest_even,1048576,4.871096611,4.858016968
12,inexact_chain.FP64.mul,2,1,toward_zero,1048576,3.693594933,3.680920601
12,inexact_chain.FP64.mul,3,0,toward_zero,1048576,3.665036201,3.649220467
12,inexact_chain.FP64.mul,3,1,nearest_even,1048576,4.910758018,4.902418137
12,inexact_chain.FP64.mul,4,0,nearest_even,1048576,4.932312965,4.919407845
12,inexact_chain.FP64.mul,4,1,toward_zero,1048576,3.636324883,3.629747391
12,inexact_chain.FP64.mul,5,0,toward_zero,1048576,3.642019272,3.630427361
12,inexact_chain.FP64.mul,5,1,nearest_even,1048576,4.879494667,4.872530937
12,inexact_chain.FP64.mul,6,0,nearest_even,1048576,4.923141479,4.909835815
12,inexact_chain.FP64.mul,6,1,toward_zero,1048576,3.665858269,3.659272194
12,inexact_chain.FP64.mul,7,0,toward_zero,1048576,3.662218094,3.655429840
12,inexact_chain.FP64.mul,7,1,nearest_even,1048576,4.933230400,4.919615746
12,inexact_chain.FP64.mul,8,0,nearest_even,1048576,4.925213814,4.917430878
12,inexact_chain.FP64.mul,8,1,toward_zero,1048576,3.686754227,3.675104141
12,throughput4096.FP64.div,0,0,toward_zero,1048576,2.388299942,2.383256912
12,throughput4096.FP64.div,0,1,nearest_even,1048576,2.454046249,2.448898315
12,throughput4096.FP64.div,1,0,nearest_even,1048576,2.467078209,2.464088440
12,throughput4096.FP64.div,1,1,toward_zero,1048576,2.418732643,2.408234596
12,throughput4096.FP64.div,2,0,toward_zero,1048576,2.398619652,2.395200729
12,throughput4096.FP64.div,2,1,nearest_even,1048576,2.458288193,2.453140259
12,throughput4096.FP64.div,3,0,nearest_even,1048576,2.464269638,2.460934639
12,throughput4096.FP64.div,3,1,toward_zero,1048576,2.419372559,2.409414291
12,throughput4096.FP64.div,4,0,toward_zero,1048576,2.399813652,2.396795273
12,throughput4096.FP64.div,4,1,nearest_even,1048576,2.454370499,2.450204849
12,throughput4096.FP64.div,5,0,nearest_even,1048576,2.476356506,2.462081909
12,throughput4096.FP64.div,5,1,toward_zero,1048576,2.421263695,2.412856102
12,throughput4096.FP64.div,6,0,toward_zero,1048576,2.405995369,2.401583672
12,throughput4096.FP64.div,6,1,nearest_even,1048576,2.451868057,2.448791504
12,throughput4096.FP64.div,7,0,nearest_even,1048576,2.479585648,2.475076675
12,throughput4096.FP64.div,7,1,toward_zero,1048576,2.419477463,2.409398079
12,throughput4096.FP64.div,8,0,toward_zero,1048576,2.405211449,2.400063515
12,throughput4096.FP64.div,8,1,nearest_even,1048576,2.461957932,2.458518982
12,throughput256.FP64.div,0,0,nearest_even,1048576,2.456338882,2.450979233
12,throughput256.FP64.div,0,1,toward_zero,1048576,2.417815208,2.412093163
12,throughput256.FP64.div,1,0,toward_zero,1048576,2.420871735,2.412590027
12,throughput256.FP64.div,1,1,nearest_even,1048576,2.439025879,2.434899330
12,throughput256.FP64.div,2,0,nearest_even,1048576,2.469266891,2.466095924
12,throughput256.FP64.div,2,1,toward_zero,1048576,2.423204422,2.418178558
12,throughput256.FP64.div,3,0,toward_zero,1048576,2.444548607,2.435959816
12,throughput256.FP64.div,3,1,nearest_even,1048576,2.441700935,2.437096596
12,throughput256.FP64.div,4,0,nearest_even,1048576,2.452995300,2.448526382
12,throughput256.FP64.div,4,1,toward_zero,1048576,2.453454018,2.450646400
12,throughput256.FP64.div,5,0,toward_zero,1048576,2.433426857,2.423041344
12,throughput256.FP64.div,5,1,nearest_even,1048576,2.443764687,2.440996170
12,throughput256.FP64.div,6,0,nearest_even,1048576,2.453310966,2.448038101
12,throughput256.FP64.div,6,1,toward_zero,1048576,2.420833588,2.417741776
12,throughput256.FP64.div,7,0,toward_zero,1048576,2.426815987,2.415645599
12,throughput256.FP64.div,7,1,nearest_even,1048576,2.439149857,2.436505318
12,throughput256.FP64.div,8,0,nearest_even,1048576,2.457199097,2.452108383
12,throughput256.FP64.div,8,1,toward_zero,1048576,2.416726112,2.412540436
12,exact_results.FP64.div,0,0,toward_zero,1048576,2.559720993,2.548842430
12,exact_results.FP64.div,0,1,nearest_even,1048576,2.487879753,2.484478951
12,exact_results.FP64.div,1,0,nearest_even,1048576,2.532011986,2.527589798
12,exact_results.FP64.div,1,1,toward_zero,1048576,2.532518387,2.528208733
12,exact_results.FP64.div,2,0,toward_zero,1048576,2.525858879,2.517290115
12,exact_results.FP64.div,2,1,nearest_even,1048576,2.568367958,2.564487457
12,exact_results.FP64.div,3,0,nearest_even,1048576,2.534267426,2.529099464
12,exact_results.FP64.div,3,1,toward_zero,1048576,2.510763168,2.506798744
12,exact_results.FP64.div,4,0,toward_zero,1048576,2.522323608,2.510772705
12,exact_results.FP64.div,4,1,nearest_even,1048576,2.546229362,2.541749954
12,exact_results.FP64.div,5,0,nearest_even,1048576,2.536894798,2.533617973
12,exact_results.FP64.div,5,1,toward_zero,1048576,2.515578270,2.510869026
12,exact_results.FP64.div,6,0,toward_zero,1048576,2.518654823,2.508689880
12,exact_results.FP64.div,6,1,nearest_even,1048576,2.533005714,2.530474663
12,exact_results.FP64.div,7,0,nearest_even,1048576,2.531735420,2.526175499
12,exact_results.FP64.div,7,1,toward_zero,1048576,2.514871597,2.509309769
12,exact_results.FP64.div,8,0,toward_zero,1048576,2.525782585,2.515808105
12,exact_results.FP64.div,8,1,nearest_even,1048576,2.535872459,2.530933380
12,halfway_ties.FP64.div,0,0,toward_zero,1048576,2.535499573,2.530262947
12,halfway_ties.FP64.div,0,1,nearest_even,1048576,2.490134239,2.483141899
12,halfway_ties.FP64.div,1,0,nearest_even,1048576,2.495904922,2.487067223
12,halfway_ties.FP64.div,1,1,toward_zero,1048576,2.557417870,2.552623749
12,halfway_ties.FP64.div,2,0,toward_zero,1048576,2.553978920,2.549049377
12,halfway_ties.FP64.div,2,1,nearest_even,1048576,2.481573105,2.479108810
12,halfway_ties.FP64.div,3,0,nearest_even,1048576,2.502899170,2.492763519
12,halfway_ties.FP64.div,3,1,toward_zero,1048576,2.531620979,2.526242256
12,halfway_ties.FP64.div,4,0,toward_zero,1048576,2.522457123,2.519877434
12,halfway_ties.FP64.div,4,1,nearest_even,1048576,2.474961281,2.469611168
12,halfway_ties.FP64.div,5,0,nearest_even,1048576,2.501399040,2.492648125
12,halfway_ties.FP64.div,5,1,toward_zero,1048576,2.538137436,2.533185959
12,halfway_ties.FP64.div,6,0,toward_zero,1048576,2.527999878,2.522697449
12,halfway_ties.FP64.div,6,1,nearest_even,1048576,2.476680756,2.473004341
12,halfway_ties.FP64.div,7,0,nearest_even,1048576,2.499258995,2.489302635
12,halfway_ties.FP64.div,7,1,toward_zero,1048576,2.535758018,2.531278610
12,halfway_ties.FP64.div,8,0,toward_zero,1048576,2.530789375,2.525000572
12,halfway_ties.FP64.div,8,1,nearest_even,1048576,2.480178833,2.473978996
12,exact_chain.FP64.div,0,0,toward_zero,1048576,3.814299583,3.802986145
12,exact_chain.FP64.div,0,1,nearest_even,1048576,3.812369347,3.805523872
12,exact_chain.FP64.div,1,0,nearest_even,1048576,3.808194160,3.802201271
12,exact_chain.FP64.div,1,1,toward_zero,1048576,3.814213753,3.801665306
12,exact_chain.FP64.div,2,0,toward_zero,1048576,3.800331116,3.792322159
12,exact_chain.FP64.div,2,1,nearest_even,1048576,3.808413506,3.802418709
12,exact_chain.FP64.div,3,0,nearest_even,1048576,3.812532425,3.801454544
12,exact_chain.FP64.div,3,1,toward_zero,1048576,3.794425964,3.788440704
12,exact_chain.FP64.div,4,0,toward_zero,1048576,3.804390907,3.790544510
12,exact_chain.FP64.div,4,1,nearest_even,1048576,3.810354233,3.804100037
12,exact_chain.FP64.div,5,0,nearest_even,1048576,3.810219765,3.804082870
12,exact_chain.FP64.div,5,1,toward_zero,1048576,3.803236008,3.791365623
12,exact_chain.FP64.div,6,0,toward_zero,1048576,3.786399841,3.779211044
12,exact_chain.FP64.div,6,1,nearest_even,1048576,3.804468155,3.797938347
12,exact_chain.FP64.div,7,0,nearest_even,1048576,3.813067436,3.801388741
12,exact_chain.FP64.div,7,1,toward_zero,1048576,3.786534309,3.779850006
12,exact_chain.FP64.div,8,0,toward_zero,1048576,3.803761482,3.792683601
12,exact_chain.FP64.div,8,1,nearest_even,1048576,3.805203438,3.798596382
12,inexact_chain.FP64.div,0,0,toward_zero,1048576,3.786973000,3.781417847
12,inexact_chain.FP64.div,0,1,nearest_even,1048576,5.113192558,5.100813866
12,inexact_chain.FP64.div,1,0,nearest_even,1048576,5.112037659,5.102389336
12,inexact_chain.FP64.div,1,1,toward_zero,1048576,3.798954964,3.787821770
12,inexact_chain.FP64.div,2,0,toward_zero,1048576,3.784918785,3.778828621
12,inexact_chain.FP64.div,2,1,nearest_even,1048576,5.099290848,5.092603683
12,inexact_chain.FP64.div,3,0,nearest_even,1048576,5.108434677,5.095957756
12,inexact_chain.FP64.div,3,1,toward_zero,1048576,3.778030396,3.772103310
12,inexact_chain.FP64.div,4,0,toward_zero,1048576,3.794560432,3.783337593
12,inexact_chain.FP64.div,4,1,nearest_even,1048576,5.101727486,5.092470169
12,inexact_chain.FP64.div,5,0,nearest_even,1048576,5.108941078,5.095907211
12,inexact_chain.FP64.div,5,1,toward_zero,1048576,3.781479836,3.777502060
12,inexact_chain.FP64.div,6,0,toward_zero,1048576,3.789199829,3.783346176
12,inexact_chain.FP64.div,6,1,nearest_even,1048576,5.142745972,5.127459526
12,inexact_chain.FP64.div,7,0,nearest_even,1048576,5.106648445,5.095957756
12,inexact_chain.FP64.div,7,1,toward_zero,1048576,3.787488937,3.775774002
12,inexact_chain.FP64.div,8,0,toward_zero,1048576,3.784499168,3.777950287
12,inexact_chain.FP64.div,8,1,nearest_even,1048576,5.109065056,5.094465256
12,throughput4096.FP64.mul_div,0,0,nearest_even,1048576,2.431488037,2.428975105
12,throughput4096.FP64.mul_div,0,1,toward_zero,1048576,2.547376633,2.542407990
12,throughput4096.FP64.mul_div,1,0,toward_zero,1048576,2.522199631,2.516734123
12,throughput4096.FP64.mul_div,1,1,nearest_even,1048576,2.442790985,2.433828354
12,throughput4096.FP64.mul_div,2,0,nearest_even,1048576,2.455890656,2.450550079
12,throughput4096.FP64.mul_div,2,1,toward_zero,1048576,2.541833878,2.537659645
12,throughput4096.FP64.mul_div,3,0,toward_zero,1048576,2.535891533,2.530435562
12,throughput4096.FP64.mul_div,3,1,nearest_even,1048576,2.455249786,2.443906784
12,throughput4096.FP64.mul_div,4,0,nearest_even,1048576,2.453195572,2.449202538
12,throughput4096.FP64.mul_div,4,1,toward_zero,1048576,2.543784142,2.539111137
12,throughput4096.FP64.mul_div,5,0,toward_zero,1048576,2.534592628,2.529846191
12,throughput4096.FP64.mul_div,5,1,nearest_even,1048576,2.453779221,2.444894791
12,throughput4096.FP64.mul_div,6,0,nearest_even,1048576,2.458899498,2.453416824
12,throughput4096.FP64.mul_div,6,1,toward_zero,1048576,2.542779922,2.539188385
12,throughput4096.FP64.mul_div,7,0,toward_zero,1048576,2.533713341,2.529145241
12,throughput4096.FP64.mul_div,7,1,nearest_even,1048576,2.452383995,2.441921234
12,throughput4096.FP64.mul_div,8,0,nearest_even,1048576,2.457524300,2.453558922
12,throughput4096.FP64.mul_div,8,1,toward_zero,1048576,2.542561531,2.538069725
12,throughput256.FP64.mul_div,0,0,nearest_even,1048576,2.420853615,2.417874336
12,throughput256.FP64.mul_div,0,1,toward_zero,1048576,2.535901070,2.526069641
12,throughput256.FP64.mul_div,1,0,toward_zero,1048576,2.547883034,2.543132782
12,throughput256.FP64.mul_div,1,1,nearest_even,1048576,2.417738914,2.414538383
12,throughput256.FP64.mul_div,2,0,nearest_even,1048576,2.428028107,2.423034668
12,throughput256.FP64.mul_div,2,1,toward_zero,1048576,2.552641869,2.541743279
12,throughput256.FP64.mul_div,3,0,toward_zero,1048576,2.532661438,2.528898239
12,throughput256.FP64.mul_div,3,1,nearest_even,1048576,2.414594650,2.410498619
12,throughput256.FP64.mul_div,4,0,nearest_even,1048576,2.429443359,2.426721573
12,throughput256.FP64.mul_div,4,1,toward_zero,1048576,2.560733795,2.552652359
12,throughput256.FP64.mul_div,5,0,toward_zero,1048576,2.537172318,2.532730103
12,throughput256.FP64.mul_div,5,1,nearest_even,1048576,2.414461136,2.410344124
12,throughput256.FP64.mul_div,6,0,nearest_even,1048576,2.430064201,2.424658775
12,throughput256.FP64.mul_div,6,1,toward_zero,1048576,2.549736977,2.542465210
12,throughput256.FP64.mul_div,7,0,toward_zero,1048576,2.539818764,2.535300255
12,throughput256.FP64.mul_div,7,1,nearest_even,1048576,2.417528152,2.412302017
12,throughput256.FP64.mul_div,8,0,nearest_even,1048576,2.428172112,2.424389839
12,throughput256.FP64.mul_div,8,1,toward_zero,1048576,2.553328514,2.541977882
12,exact_results.FP64.mul_div,0,0,nearest_even,1048576,2.578142166,2.572905540
12,exact_results.FP64.mul_div,0,1,toward_zero,1048576,2.554742813,2.549696922
12,exact_results.FP64.mul_div,1,0,toward_zero,1048576,2.541098595,2.537278175
12,exact_results.FP64.mul_div,1,1,nearest_even,1048576,2.560132027,2.548819542
12,exact_results.FP64.mul_div,2,0,nearest_even,1048576,2.549851418,2.545827866
12,exact_results.FP64.mul_div,2,1,toward_zero,1048576,2.547271729,2.542389870
12,exact_results.FP64.mul_div,3,0,toward_zero,1048576,2.546573639,2.543736458
12,exact_results.FP64.mul_div,3,1,nearest_even,1048576,2.548073769,2.538492203
12,exact_results.FP64.mul_div,4,0,nearest_even,1048576,2.545933723,2.539980888
12,exact_results.FP64.mul_div,4,1,toward_zero,1048576,2.533837318,2.530760765
12,exact_results.FP64.mul_div,5,0,toward_zero,1048576,2.530846596,2.526329041
12,exact_results.FP64.mul_div,5,1,nearest_even,1048576,2.546860695,2.536714554
12,exact_results.FP64.mul_div,6,0,nearest_even,1048576,2.541136742,2.537745476
12,exact_results.FP64.mul_div,6,1,toward_zero,1048576,2.533330917,2.529012680
12,exact_results.FP64.mul_div,7,0,toward_zero,1048576,2.535031319,2.531544685
12,exact_results.FP64.mul_div,7,1,nearest_even,1048576,2.548188210,2.537505150
12,exact_results.FP64.mul_div,8,0,nearest_even,1048576,2.540286064,2.535605431
12,exact_results.FP64.mul_div,8,1,toward_zero,1048576,2.544653893,2.537574768
12,halfway_ties.FP64.mul_div,0,0,nearest_even,1048576,2.469476700,2.464585304
12,halfway_ties.FP64.mul_div,0,1,toward_zero,1048576,2.582040787,2.572294235
12,halfway_ties.FP64.mul_div,1,0,toward_zero,1048576,2.545962334,2.542675972
12,halfway_ties.FP64.mul_div,1,1,nearest_even,1048576,2.453682899,2.449202538
12,halfway_ties.FP64.mul_div,2,0,nearest_even,1048576,2.457389832,2.453702927
12,halfway_ties.FP64.mul_div,2,1,toward_zero,1048576,2.580111504,2.568614960
12,halfway_ties.FP64.mul_div,3,0,toward_zero,1048576,2.566103935,2.561510086
12,halfway_ties.FP64.mul_div,3,1,nearest_even,1048576,2.443554878,2.440497398
12,halfway_ties.FP64.mul_div,4,0,nearest_even,1048576,2.458297729,2.453263283
12,halfway_ties.FP64.mul_div,4,1,toward_zero,1048576,2.577817917,2.568358421
12,halfway_ties.FP64.mul_div,5,0,toward_zero,1048576,2.560800552,2.557666779
12,halfway_ties.FP64.mul_div,5,1,nearest_even,1048576,2.443191528,2.438234329
12,halfway_ties.FP64.mul_div,6,0,nearest_even,1048576,2.460524559,2.456379890
12,halfway_ties.FP64.mul_div,6,1,toward_zero,1048576,2.568558693,2.560029030
12,halfway_ties.FP64.mul_div,7,0,toward_zero,1048576,2.540431023,2.535605431
12,halfway_ties.FP64.mul_div,7,1,nearest_even,1048576,2.438691139,2.432301521
12,halfway_ties.FP64.mul_div,8,0,nearest_even,1048576,2.459033966,2.454216957
12,halfway_ties.FP64.mul_div,8,1,toward_zero,1048576,2.573317528,2.563620567
12,exact_chain.FP64.mul_div,0,0,nearest_even,1048576,3.712360382,3.701061249
12,exact_chain.FP64.mul_div,0,1,toward_zero,1048576,3.635339737,3.628648758
12,exact_chain.FP64.mul_div,1,0,toward_zero,1048576,3.649291039,3.636922836
12,exact_chain.FP64.mul_div,1,1,nearest_even,1048576,3.669402122,3.663628578
12,exact_chain.FP64.mul_div,2,0,nearest_even,1048576,3.653398514,3.647386551
12,exact_chain.FP64.mul_div,2,1,toward_zero,1048576,3.666364670,3.655055046
12,exact_chain.FP64.mul_div,3,0,toward_zero,1048576,3.635703087,3.629701614
12,exact_chain.FP64.mul_div,3,1,nearest_even,1048576,3.661807060,3.655736923
12,exact_chain.FP64.mul_div,4,0,nearest_even,1048576,3.680466652,3.669067383
12,exact_chain.FP64.mul_div,4,1,toward_zero,1048576,3.640643120,3.633425713
12,exact_chain.FP64.mul_div,5,0,toward_zero,1048576,3.632980347,3.626594543
12,exact_chain.FP64.mul_div,5,1,nearest_even,1048576,3.659179688,3.649754524
12,exact_chain.FP64.mul_div,6,0,nearest_even,1048576,3.685235023,3.679165840
12,exact_chain.FP64.mul_div,6,1,toward_zero,1048576,3.635139465,3.628211021
12,exact_chain.FP64.mul_div,7,0,toward_zero,1048576,3.637098312,3.626201630
12,exact_chain.FP64.mul_div,7,1,nearest_even,1048576,3.638799667,3.633476257
12,exact_chain.FP64.mul_div,8,0,nearest_even,1048576,3.661232948,3.649374008
12,exact_chain.FP64.mul_div,8,1,toward_zero,1048576,3.660527229,3.655526161
12,inexact_chain.FP64.mul_div,0,0,nearest_even,1048576,5.053915977,5.044591904
12,inexact_chain.FP64.mul_div,0,1,toward_zero,1048576,3.652596474,3.642570496
12,inexact_chain.FP64.mul_div,1,0,toward_zero,1048576,3.638369560,3.630759239
12,inexact_chain.FP64.mul_div,1,1,nearest_even,1048576,5.067091942,5.050247192
12,inexact_chain.FP64.mul_div,2,0,nearest_even,1048576,5.056916237,5.046963692
12,inexact_chain.FP64.mul_div,2,1,toward_zero,1048576,3.659600258,3.652949333
12,inexact_chain.FP64.mul_div,3,0,toward_zero,1048576,3.652442932,3.643178940
12,inexact_chain.FP64.mul_div,3,1,nearest_even,1048576,5.054489136,5.044470787
12,inexact_chain.FP64.mul_div,4,0,nearest_even,1048576,5.054900169,5.041276932
12,inexact_chain.FP64.mul_div,4,1,toward_zero,1048576,3.628451347,3.622426987
12,inexact_chain.FP64.mul_div,5,0,toward_zero,1048576,3.626779556,3.620306969
12,inexact_chain.FP64.mul_div,5,1,nearest_even,1048576,5.060565948,5.046178818
12,inexact_chain.FP64.mul_div,6,0,nearest_even,1048576,5.045134544,5.035858154
12,inexact_chain.FP64.mul_div,6,1,toward_zero,1048576,3.658071518,3.646698952
12,inexact_chain.FP64.mul_div,7,0,toward_zero,1048576,3.692372322,3.686321259
12,inexact_chain.FP64.mul_div,7,1,nearest_even,1048576,5.055311203,5.043283463
12,inexact_chain.FP64.mul_div,8,0,nearest_even,1048576,5.045613289,5.036832809
12,inexact_chain.FP64.mul_div,8,1,toward_zero,1048576,3.633696556,3.623023987
12,throughput4096.FP128.mul,0,0,toward_zero,1048576,2.730740547,2.726267815
12,throughput4096.FP128.mul,0,1,nearest_even,1048576,2.630196571,2.625296593
12,throughput4096.FP128.mul,1,0,nearest_even,1048576,2.644452095,2.641471863
12,throughput4096.FP128.mul,1,1,toward_zero,1048576,2.763579369,2.754436493
12,throughput4096.FP128.mul,2,0,toward_zero,1048576,2.737619400,2.733367920
12,throughput4096.FP128.mul,2,1,nearest_even,1048576,2.622094154,2.617708206
12,throughput4096.FP128.mul,3,0,nearest_even,1048576,2.633645058,2.628695488
12,throughput4096.FP128.mul,3,1,toward_zero,1048576,2.766379356,2.755890846
12,throughput4096.FP128.mul,4,0,toward_zero,1048576,2.734887123,2.731984138
12,throughput4096.FP128.mul,4,1,nearest_even,1048576,2.616437912,2.611917496
12,throughput4096.FP128.mul,5,0,nearest_even,1048576,2.654341698,2.644049644
12,throughput4096.FP128.mul,5,1,toward_zero,1048576,2.756337166,2.750824928
12,throughput4096.FP128.mul,6,0,toward_zero,1048576,2.740104675,2.734889030
12,throughput4096.FP128.mul,6,1,nearest_even,1048576,2.620546341,2.617047310
12,throughput4096.FP128.mul,7,0,nearest_even,1048576,2.655200958,2.643460274
12,throughput4096.FP128.mul,7,1,toward_zero,1048576,2.754225731,2.749457359
12,throughput4096.FP128.mul,8,0,toward_zero,1048576,2.743410110,2.738070488
12,throughput4096.FP128.mul,8,1,nearest_even,1048576,2.622094154,2.617146492
12,throughput256.FP128.mul,0,0,nearest_even,1048576,2.647672653,2.636463165
12,throughput256.FP128.mul,0,1,toward_zero,1048576,2.744957924,2.741153717
12,throughput256.FP128.mul,1,0,toward_zero,1048576,2.737620354,2.734151840
12,throughput256.FP128.mul,1,1,nearest_even,1048576,2.622695923,2.618473053
12,throughput256.FP128.mul,2,0,nearest_even,1048576,2.646382332,2.635450363
12,throughput256.FP128.mul,2,1,toward_zero,1048576,2.741106987,2.736156464
12,throughput256.FP128.mul,3,0,toward_zero,1048576,2.736530304,2.727226257
12,throughput256.FP128.mul,3,1,nearest_even,1048576,2.625314713,2.616321564
12,throughput256.FP128.mul,4,0,nearest_even,1048576,2.638862610,2.633722305
12,throughput256.FP128.mul,4,1,toward_zero,1048576,2.740811348,2.736072540
12,throughput256.FP128.mul,5,0,toward_zero,1048576,2.730147362,2.725493431
12,throughput256.FP128.mul,5,1,nearest_even,1048576,2.636254311,2.623011589
12,throughput256.FP128.mul,6,0,nearest_even,1048576,2.631935120,2.628210068
12,throughput256.FP128.mul,6,1,toward_zero,1048576,2.739692688,2.735795975
12,throughput256.FP128.mul,7,0,toward_zero,1048576,2.726622581,2.722446442
12,throughput256.FP128.mul,7,1,nearest_even,1048576,2.631485939,2.621636391
12,throughput256.FP128.mul,8,0,nearest_even,1048576,2.632327080,2.627064705
12,throughput256.FP128.mul,8,1,toward_zero,1048576,2.745741844,2.740571022
12,exact_results.FP128.mul,0,0,toward_zero,1048576,2.705430031,2.700632095
12,exact_results.FP128.mul,0,1,nearest_even,1048576,2.655144691,2.645942688
12,exact_results.FP128.mul,1,0,nearest_even,1048576,2.636062622,2.632040024
12,exact_results.FP128.mul,1,1,toward_zero,1048576,2.710742950,2.708286285
12,exact_results.FP128.mul,2,0,toward_zero,1048576,2.726182938,2.715271950
12,exact_results.FP128.mul,2,1,nearest_even,1048576,2.772847176,2.768109322
12,exact_results.FP128.mul,3,0,nearest_even,1048576,2.797125816,2.791747093
12,exact_results.FP128.mul,3,1,toward_zero,1048576,2.706596375,2.701551437
12,exact_results.FP128.mul,4,0,toward_zero,1048576,2.715433121,2.704959869
12,exact_results.FP128.mul,4,1,nearest_even,1048576,2.773689270,2.768507957
12,exact_results.FP128.mul,5,0,nearest_even,1048576,2.786358833,2.781332970
12,exact_results.FP128.mul,5,1,toward_zero,1048576,2.703041077,2.699563980
12,exact_results.FP128.mul,6,0,toward_zero,1048576,2.717639923,2.706758499
12,exact_results.FP128.mul,6,1,nearest_even,1048576,2.759948730,2.754132271
12,exact_results.FP128.mul,7,0,nearest_even,1048576,2.792837143,2.788211823
12,exact_results.FP128.mul,7,1,toward_zero,1048576,2.711898804,2.706775665
12,exact_results.FP128.mul,8,0,toward_zero,1048576,2.722198486,2.711630821
12,exact_results.FP128.mul,8,1,nearest_even,1048576,2.628744125,2.623908997
12,halfway_ties.FP128.mul,0,0,nearest_even,1048576,2.632795334,2.628006935
12,halfway_ties.FP128.mul,0,1,toward_zero,1048576,2.738422394,2.728228569
12,halfway_ties.FP128.mul,1,0,toward_zero,1048576,2.727386475,2.722513199
12,halfway_ties.FP128.mul,1,1,nearest_even,1048576,2.628925323,2.625208855
12,halfway_ties.FP128.mul,2,0,nearest_even,1048576,2.641853333,2.637392998
12,halfway_ties.FP128.mul,2,1,toward_zero,1048576,2.735938072,2.726392746
12,halfway_ties.FP128.mul,3,0,toward_zero,1048576,2.703031540,2.698463440
12,halfway_ties.FP128.mul,3,1,nearest_even,1048576,2.629393578,2.624234200
12,halfway_ties.FP128.mul,4,0,nearest_even,1048576,2.639942169,2.636798859
12,halfway_ties.FP128.mul,4,1,toward_zero,1048576,2.734390259,2.724445343
12,halfway_ties.FP128.mul,5,0,toward_zero,1048576,2.734217644,2.729851723
12,halfway_ties.FP128.mul,5,1,nearest_even,1048576,2.630063057,2.625255585
12,halfway_ties.FP128.mul,6,0,nearest_even,1048576,2.648932457,2.639873505
12,halfway_ties.FP128.mul,6,1,toward_zero,1048576,2.743763924,2.736444473
12,halfway_ties.FP128.mul,7,0,toward_zero,1048576,2.731008530,2.727615356
12,halfway_ties.FP128.mul,7,1,nearest_even,1048576,2.632155418,2.626297951
12,halfway_ties.FP128.mul,8,0,nearest_even,1048576,2.654207230,2.645323753
12,halfway_ties.FP128.mul,8,1,toward_zero,1048576,2.707379341,2.702687263
12,exact_chain.FP128.mul,0,0,toward_zero,1048576,3.715045929,3.708840370
12,exact_chain.FP128.mul,0,1,nearest_even,1048576,3.704211235,3.697116852
12,exact_chain.FP128.mul,1,0,nearest_even,1048576,3.714825630,3.704790115
12,exact_chain.FP128.mul,1,1,toward_zero,1048576,3.678355217,3.670777321
12,exact_chain.FP128.mul,2,0,toward_zero,1048576,3.658759117,3.653443336
12,exact_chain.FP128.mul,2,1,nearest_even,1048576,3.720205307,3.708649635
12,exact_chain.FP128.mul,3,0,nearest_even,1048576,3.710201263,3.704273224
12,exact_chain.FP128.mul,3,1,toward_zero,1048576,3.711491585,3.700624466
12,exact_chain.FP128.mul,4,0,toward_zero,1048576,3.668055534,3.660739899
12,exact_chain.FP128.mul,4,1,nearest_even,1048576,3.695764542,3.688681602
12,exact_chain.FP128.mul,5,0,nearest_even,1048576,3.707440376,3.695787430
12,exact_chain.FP128.mul,5,1,toward_zero,1048576,3.671141624,3.665120125
12,exact_chain.FP128.mul,6,0,toward_zero,1048576,3.669306755,3.662129402
12,exact_chain.FP128.mul,6,1,nearest_even,1048576,3.712733269,3.702016830
12,exact_chain.FP128.mul,7,0,nearest_even,1048576,3.709475517,3.703223228
12,exact_chain.FP128.mul,7,1,toward_zero,1048576,3.687222481,3.679641724
12,exact_chain.FP128.mul,8,0,toward_zero,1048576,3.677792549,3.666236877
12,exact_chain.FP128.mul,8,1,nearest_even,1048576,3.712350845,3.705451012
12,inexact_chain.FP128.mul,0,0,toward_zero,1048576,3.681058884,3.668436050
12,inexact_chain.FP128.mul,0,1,nearest_even,1048576,4.942088127,4.931034088
12,inexact_chain.FP128.mul,1,0,nearest_even,1048576,5.164443970,5.151480675
12,inexact_chain.FP128.mul,1,1,toward_zero,1048576,3.898284912,3.866121292
12,inexact_chain.FP128.mul,2,0,toward_zero,1048576,3.888788223,3.871394157
12,inexact_chain.FP128.mul,2,1,nearest_even,1048576,5.245325089,5.210127831
12,inexact_chain.FP128.mul,3,0,nearest_even,1048576,5.218351364,5.203084946
12,inexact_chain.FP128.mul,3,1,toward_zero,1048576,3.799709320,3.777796745
12,inexact_chain.FP128.mul,4,0,toward_zero,1048576,3.725688934,3.720909119
12,inexact_chain.FP128.mul,4,1,nearest_even,1048576,4.906190872,4.892579079
12,inexact_chain.FP128.mul,5,0,nearest_even,1048576,5.149873734,5.141085625
12,inexact_chain.FP128.mul,5,1,toward_zero,1048576,3.779874802,3.774225235
12,inexact_chain.FP128.mul,6,0,toward_zero,1048576,3.740756989,3.728554726
12,inexact_chain.FP128.mul,6,1,nearest_even,1048576,5.101517677,5.091150284
12,inexact_chain.FP128.mul,7,0,nearest_even,1048576,5.154383659,5.141208649
12,inexact_chain.FP128.mul,7,1,toward_zero,1048576,3.740566254,3.733634949
12,inexact_chain.FP128.mul,8,0,toward_zero,1048576,3.766717911,3.754579544
12,inexact_chain.FP128.mul,8,1,nearest_even,1048576,5.166996002,5.157136917
12,throughput4096.FP128.div,0,0,nearest_even,1048576,3.254940033,3.239039421
12,throughput4096.FP128.div,0,1,toward_zero,1048576,2.441061020,2.432900429
12,throughput4096.FP128.div,1,0,toward_zero,1048576,2.462444305,2.457746506
12,throughput4096.FP128.div,1,1,nearest_even,1048576,3.326371193,3.321171761
12,throughput4096.FP128.div,2,0,nearest_even,1048576,3.292690277,3.280572891
12,throughput4096.FP128.div,2,1,toward_zero,1048576,2.437649727,2.434726715
12,throughput4096.FP128.div,3,0,toward_zero,1048576,2.459788322,2.456130028
12,throughput4096.FP128.div,3,1,nearest_even,1048576,3.328557968,3.324074745
12,throughput4096.FP128.div,4,0,nearest_even,1048576,3.299817085,3.287795067
12,throughput4096.FP128.div,4,1,toward_zero,1048576,2.478267670,2.474581718
12,throughput4096.FP128.div,5,0,toward_zero,1048576,2.467671394,2.461245537
12,throughput4096.FP128.div,5,1,nearest_even,1048576,3.333985329,3.328372002
12,throughput4096.FP128.div,6,0,nearest_even,1048576,3.300859451,3.288627625
12,throughput4096.FP128.div,6,1,toward_zero,1048576,2.476346970,2.465856552
12,throughput4096.FP128.div,7,0,toward_zero,1048576,2.460581779,2.455823898
12,throughput4096.FP128.div,7,1,nearest_even,1048576,3.347257614,3.335274696
12,throughput4096.FP128.div,8,0,nearest_even,1048576,3.294314384,3.289297104
12,throughput4096.FP128.div,8,1,toward_zero,1048576,2.433550835,2.427142143
12,throughput256.FP128.div,0,0,toward_zero,1048576,2.466801643,2.463438988
12,throughput256.FP128.div,0,1,nearest_even,1048576,3.342364311,3.329703331
12,throughput256.FP128.div,1,0,nearest_even,1048576,3.291639328,3.285464287
12,throughput256.FP128.div,1,1,toward_zero,1048576,2.524244308,2.518436432
12,throughput256.FP128.div,2,0,toward_zero,1048576,2.477645874,2.465653419
12,throughput256.FP128.div,2,1,nearest_even,1048576,3.325195312,3.320829391
12,throughput256.FP128.div,3,0,nearest_even,1048576,3.290980339,3.285828590
12,throughput256.FP128.div,3,1,toward_zero,1048576,2.419363022,2.414682388
12,throughput256.FP128.div,4,0,toward_zero,1048576,2.474378586,2.464568138
12,throughput256.FP128.div,4,1,nearest_even,1048576,3.328127861,3.324457169
12,throughput256.FP128.div,5,0,nearest_even,1048576,3.283575058,3.276969910
12,throughput256.FP128.div,5,1,toward_zero,1048576,2.498169899,2.489609718
12,throughput256.FP128.div,6,0,toward_zero,1048576,2.471340179,2.466459274
12,throughput256.FP128.div,6,1,nearest_even,1048576,3.326398849,3.321638107
12,throughput256.FP128.div,7,0,nearest_even,1048576,3.288973808,3.283258438
12,throughput256.FP128.div,7,1,toward_zero,1048576,2.432041168,2.422802925
12,throughput256.FP128.div,8,0,toward_zero,1048576,2.471130371,2.461011887
12,throughput256.FP128.div,8,1,nearest_even,1048576,3.324803352,3.319527626
12,exact_results.FP128.div,0,0,toward_zero,1048576,2.485519409,2.471253395
12,exact_results.FP128.div,0,1,nearest_even,1048576,2.467947960,2.463918686
12,exact_results.FP128.div,1,0,nearest_even,1048576,2.443621635,2.438091278
12,exact_results.FP128.div,1,1,toward_zero,1048576,2.447626114,2.444016457
12,exact_results.FP128.div,2,0,toward_zero,1048576,2.493879318,2.481545448
12,exact_results.FP128.div,2,1,nearest_even,1048576,2.470719337,2.467308998
12,exact_results.FP128.div,3,0,nearest_even,1048576,2.442838669,2.435949326
12,exact_results.FP128.div,3,1,toward_zero,1048576,2.454514503,2.449975967
12,exact_results.FP128.div,4,0,toward_zero,1048576,2.487916946,2.478104591
12,exact_results.FP128.div,4,1,nearest_even,1048576,2.468463898,2.462493896
12,exact_results.FP128.div,5,0,nearest_even,1048576,2.450425148,2.447243690
12,exact_results.FP128.div,5,1,toward_zero,1048576,2.448255539,2.444128990
12,exact_results.FP128.div,6,0,toward_zero,1048576,2.487363815,2.476730347
12,exact_results.FP128.div,6,1,nearest_even,1048576,2.470232010,2.467451096
12,exact_results.FP128.div,7,0,nearest_even,1048576,2.434506416,2.428909302
12,exact_results.FP128.div,7,1,toward_zero,1048576,2.470164299,2.465657234
12,exact_results.FP128.div,8,0,toward_zero,1048576,2.493764877,2.488806725
12,exact_results.FP128.div,8,1,nearest_even,1048576,2.477033615,2.467615128
12,halfway_ties.FP128.div,0,0,nearest_even,1048576,3.319031715,3.312963486
12,halfway_ties.FP128.div,0,1,toward_zero,1048576,2.449775696,2.446137428
12,halfway_ties.FP128.div,1,0,toward_zero,1048576,2.526165009,2.515386581
12,halfway_ties.FP128.div,1,1,nearest_even,1048576,3.328013420,3.323444366
12,halfway_ties.FP128.div,2,0,nearest_even,1048576,3.302875519,3.295267105
12,halfway_ties.FP128.div,2,1,toward_zero,1048576,2.441816330,2.437757492
12,halfway_ties.FP128.div,3,0,toward_zero,1048576,2.491692543,2.479473114
12,halfway_ties.FP128.div,3,1,nearest_even,1048576,3.330861092,3.324771881
12,halfway_ties.FP128.div,4,0,nearest_even,1048576,3.302369118,3.295134544
12,halfway_ties.FP128.div,4,1,toward_zero,1048576,2.475525856,2.458220482
12,halfway_ties.FP128.div,5,0,toward_zero,1048576,2.497071266,2.492045403
12,halfway_ties.FP128.div,5,1,nearest_even,1048576,3.326112747,3.319030762
12,halfway_ties.FP128.div,6,0,nearest_even,1048576,3.302655220,3.290910721
12,halfway_ties.FP128.div,6,1,toward_zero,1048576,2.447663307,2.441895485
12,halfway_ties.FP128.div,7,0,toward_zero,1048576,2.477368355,2.473441124
12,halfway_ties.FP128.div,7,1,nearest_even,1048576,3.329485893,3.323126793
12,halfway_ties.FP128.div,8,0,nearest_even,1048576,3.305158615,3.293500900
12,halfway_ties.FP128.div,8,1,toward_zero,1048576,2.448724747,2.443031311
12,exact_chain.FP128.div,0,0,nearest_even,1048576,4.111880302,4.104996681
12,exact_chain.FP128.div,0,1,toward_zero,1048576,4.100348473,4.087233543
12,exact_chain.FP128.div,1,0,toward_zero,1048576,4.091128349,4.083622932
12,exact_chain.FP128.div,1,1,nearest_even,1048576,4.101418495,4.091314316
12,exact_chain.FP128.div,2,0,nearest_even,1048576,4.080703735,4.068420410
12,exact_chain.FP128.div,2,1,toward_zero,1048576,4.065416336,4.058331490
12,exact_chain.FP128.div,3,0,toward_zero,1048576,4.095150948,4.080373764
12,exact_chain.FP128.div,3,1,nearest_even,1048576,4.076108932,4.070007324
12,exact_chain.FP128.div,4,0,nearest_even,1048576,4.073212624,4.065313339
12,exact_chain.FP128.div,4,1,toward_zero,1048576,4.073585510,4.061370850
12,exact_chain.FP128.div,5,0,toward_zero,1048576,4.079977036,4.071898460
12,exact_chain.FP128.div,5,1,nearest_even,1048576,4.084764481,4.073945045
12,exact_chain.FP128.div,6,0,nearest_even,1048576,4.047806740,4.041236877
12,exact_chain.FP128.div,6,1,toward_zero,1048576,4.060085297,4.054330826
12,exact_chain.FP128.div,7,0,toward_zero,1048576,4.083540916,4.069911003
12,exact_chain.FP128.div,7,1,nearest_even,1048576,4.081086159,4.073773384
12,exact_chain.FP128.div,8,0,nearest_even,1048576,4.078066826,4.065546989
12,exact_chain.FP128.div,8,1,toward_zero,1048576,4.060801506,4.052310944
12,inexact_chain.FP128.div,0,0,toward_zero,1048576,4.074846268,4.068658829
12,inexact_chain.FP128.div,0,1,nearest_even,1048576,5.429042816,5.414548874
12,inexact_chain.FP128.div,1,0,nearest_even,1048576,5.415246010,5.401191711
12,inexact_chain.FP128.div,1,1,toward_zero,1048576,4.052975655,4.046294212
12,inexact_chain.FP128.div,2,0,toward_zero,1048576,4.078630447,4.070542336
12,inexact_chain.FP128.div,2,1,nearest_even,1048576,5.425928116,5.411650658
12,inexact_chain.FP128.div,3,0,nearest_even,1048576,5.407859802,5.397313118
12,inexact_chain.FP128.div,3,1,toward_zero,1048576,4.060142517,4.046339989
12,inexact_chain.FP128.div,4,0,toward_zero,1048576,4.075344086,4.067972183
12,inexact_chain.FP128.div,4,1,nearest_even,1048576,5.424112320,5.411671638
12,inexact_chain.FP128.div,5,0,nearest_even,1048576,5.409188271,5.397693634
12,inexact_chain.FP128.div,5,1,toward_zero,1048576,4.056817055,4.045392990
12,inexact_chain.FP128.div,6,0,toward_zero,1048576,4.068932533,4.062734604
12,inexact_chain.FP128.div,6,1,nearest_even,1048576,5.428077698,5.414052010
12,inexact_chain.FP128.div,7,0,nearest_even,1048576,5.408700943,5.399482727
12,inexact_chain.FP128.div,7,1,toward_zero,1048576,4.058536530,4.047208786
12,inexact_chain.FP128.div,8,0,toward_zero,1048576,4.072610855,4.066645622
12,inexact_chain.FP128.div,8,1,nearest_even,1048576,5.417625427,5.408595085
12,throughput4096.FP128.mul_div,0,0,toward_zero,1048576,3.129773140,3.125998497
12,throughput4096.FP128.mul_div,0,1,nearest_even,1048576,4.717810631,4.710810661
12,throughput4096.FP128.mul_div,1,0,nearest_even,1048576,4.699980736,4.685433388
12,throughput4096.FP128.mul_div,1,1,toward_zero,1048576,3.157576561,3.152903557
12,throughput4096.FP128.mul_div,2,0,toward_zero,1048576,3.150822639,3.143599510
12,throughput4096.FP128.mul_div,2,1,nearest_even,1048576,4.725157738,4.709712029
12,throughput4096.FP128.mul_div,3,0,nearest_even,1048576,4.706087112,4.697756767
12,throughput4096.FP128.mul_div,3,1,toward_zero,1048576,3.135840416,3.123740196
12,throughput4096.FP128.mul_div,4,0,toward_zero,1048576,3.146857262,3.141906738
12,throughput4096.FP128.mul_div,4,1,nearest_even,1048576,4.733823776,4.724978447
12,throughput4096.FP128.mul_div,5,0,nearest_even,1048576,4.704338074,4.688659668
12,throughput4096.FP128.mul_div,5,1,toward_zero,1048576,3.125109673,3.119673729
12,throughput4096.FP128.mul_div,6,0,toward_zero,1048576,3.191600800,3.184748650
12,throughput4096.FP128.mul_div,6,1,nearest_even,1048576,4.735056877,4.720210075
12,throughput4096.FP128.mul_div,7,0,nearest_even,1048576,4.703248978,4.694355011
12,throughput4096.FP128.mul_div,7,1,toward_zero,1048576,3.151778221,3.142038345
12,throughput4096.FP128.mul_div,8,0,toward_zero,1048576,3.155322075,3.150505066
12,throughput4096.FP128.mul_div,8,1,nearest_even,1048576,4.727662086,4.713083267
12,throughput256.FP128.mul_div,0,0,toward_zero,1048576,3.157509804,3.150066376
12,throughput256.FP128.mul_div,0,1,nearest_even,1048576,4.725320816,4.718368530
12,throughput256.FP128.mul_div,1,0,nearest_even,1048576,4.710778236,4.696276665
12,throughput256.FP128.mul_div,1,1,toward_zero,1048576,3.163128853,3.157212257
12,throughput256.FP128.mul_div,2,0,toward_zero,1048576,3.197773933,3.193264008
12,throughput256.FP128.mul_div,2,1,nearest_even,1048576,4.726400375,4.712529182
12,throughput256.FP128.mul_div,3,0,nearest_even,1048576,4.693206787,4.685472488
12,throughput256.FP128.mul_div,3,1,toward_zero,1048576,3.149521828,3.139928818
12,throughput256.FP128.mul_div,4,0,toward_zero,1048576,3.155589104,3.148775101
12,throughput256.FP128.mul_div,4,1,nearest_even,1048576,4.714438438,4.705350876
12,throughput256.FP128.mul_div,5,0,nearest_even,1048576,4.708322525,4.696938515
12,throughput256.FP128.mul_div,5,1,toward_zero,1048576,3.151930809,3.144094467
12,throughput256.FP128.mul_div,6,0,toward_zero,1048576,3.172243118,3.166803360
12,throughput256.FP128.mul_div,6,1,nearest_even,1048576,4.735802650,4.722667694
12,throughput256.FP128.mul_div,7,0,nearest_even,1048576,4.694296837,4.686780930
12,throughput256.FP128.mul_div,7,1,toward_zero,1048576,3.151892662,3.140997887
12,throughput256.FP128.mul_div,8,0,toward_zero,1048576,3.192317963,3.186123848
12,throughput256.FP128.mul_div,8,1,nearest_even,1048576,4.721412659,4.713581085
12,exact_results.FP128.mul_div,0,0,nearest_even,1048576,3.258418083,3.252367020
12,exact_results.FP128.mul_div,0,1,toward_zero,1048576,3.155426979,3.150599480
12,exact_results.FP128.mul_div,1,0,toward_zero,1048576,3.162937164,3.157450676
12,exact_results.FP128.mul_div,1,1,nearest_even,1048576,3.289642334,3.277820587
12,exact_results.FP128.mul_div,2,0,nearest_even,1048576,3.294056892,3.289640427
12,exact_results.FP128.mul_div,2,1,toward_zero,1048576,3.167571068,3.161255836
12,exact_results.FP128.mul_div,3,0,toward_zero,1048576,3.159774780,3.147907257
12,exact_results.FP128.mul_div,3,1,nearest_even,1048576,3.289660454,3.283583641
12,exact_results.FP128.mul_div,4,0,nearest_even,1048576,3.260595322,3.253474236
12,exact_results.FP128.mul_div,4,1,toward_zero,1048576,3.170055389,3.159984589
12,exact_results.FP128.mul_div,5,0,toward_zero,1048576,3.168861389,3.163909912
12,exact_results.FP128.mul_div,5,1,nearest_even,1048576,3.272826195,3.265599251
12,exact_results.FP128.mul_div,6,0,nearest_even,1048576,3.277058601,3.266546249
12,exact_results.FP128.mul_div,6,1,toward_zero,1048576,3.158571243,3.151232719
12,exact_results.FP128.mul_div,7,0,toward_zero,1048576,3.168297768,3.162707329
12,exact_results.FP128.mul_div,7,1,nearest_even,1048576,3.297735214,3.286964417
12,exact_results.FP128.mul_div,8,0,nearest_even,1048576,3.260223389,3.255014420
12,exact_results.FP128.mul_div,8,1,toward_zero,1048576,3.170247078,3.165143013
12,halfway_ties.FP128.mul_div,0,0,nearest_even,1048576,4.766587257,4.752792358
12,halfway_ties.FP128.mul_div,0,1,toward_zero,1048576,3.151386261,3.146712303
12,halfway_ties.FP128.mul_div,1,0,toward_zero,1048576,3.205819130,3.191866875
12,halfway_ties.FP128.mul_div,1,1,nearest_even,1048576,4.741524696,4.727932930
12,halfway_ties.FP128.mul_div,2,0,nearest_even,1048576,4.705064774,4.696841240
12,halfway_ties.FP128.mul_div,2,1,toward_zero,1048576,3.154137611,3.139009476
12,halfway_ties.FP128.mul_div,3,0,toward_zero,1048576,3.162651062,3.158293724
12,halfway_ties.FP128.mul_div,3,1,nearest_even,1048576,4.724660873,4.717584610
12,halfway_ties.FP128.mul_div,4,0,nearest_even,1048576,4.741812706,4.727750778
12,halfway_ties.FP128.mul_div,4,1,toward_zero,1048576,3.138782501,3.133934975
12,halfway_ties.FP128.mul_div,5,0,toward_zero,1048576,3.166481972,3.153392792
12,halfway_ties.FP128.mul_div,5,1,nearest_even,1048576,4.734684944,4.724979401
12,halfway_ties.FP128.mul_div,6,0,nearest_even,1048576,4.697009087,4.690985680
12,halfway_ties.FP128.mul_div,6,1,toward_zero,1048576,3.140761375,3.127929688
12,halfway_ties.FP128.mul_div,7,0,toward_zero,1048576,3.174717903,3.169461250
12,halfway_ties.FP128.mul_div,7,1,nearest_even,1048576,4.778091431,4.764566422
12,halfway_ties.FP128.mul_div,8,0,nearest_even,1048576,4.703583717,4.694879532
12,halfway_ties.FP128.mul_div,8,1,toward_zero,1048576,3.131827354,3.127392769
12,exact_chain.FP128.mul_div,0,0,toward_zero,1048576,3.899584770,3.887497902
12,exact_chain.FP128.mul_div,0,1,nearest_even,1048576,3.901476860,3.894737244
12,exact_chain.FP128.mul_div,1,0,nearest_even,1048576,3.875764847,3.868490219
12,exact_chain.FP128.mul_div,1,1,toward_zero,1048576,3.916305542,3.900729179
12,exact_chain.FP128.mul_div,2,0,toward_zero,1048576,3.899155617,3.890139580
12,exact_chain.FP128.mul_div,2,1,nearest_even,1048576,3.898227692,3.891230583
12,exact_chain.FP128.mul_div,3,0,nearest_even,1048576,3.893604279,3.880023003
12,exact_chain.FP128.mul_div,3,1,toward_zero,1048576,3.898151398,3.892137527
12,exact_chain.FP128.mul_div,4,0,toward_zero,1048576,3.905633926,3.893770218
12,exact_chain.FP128.mul_div,4,1,nearest_even,1048576,3.874694824,3.867956161
12,exact_chain.FP128.mul_div,5,0,nearest_even,1048576,3.873175621,3.866664886
12,exact_chain.FP128.mul_div,5,1,toward_zero,1048576,3.920910835,3.908057213
12,exact_chain.FP128.mul_div,6,0,toward_zero,1048576,3.916964531,3.910041809
12,exact_chain.FP128.mul_div,6,1,nearest_even,1048576,3.902165413,3.889595032
12,exact_chain.FP128.mul_div,7,0,nearest_even,1048576,3.903856277,3.896314621
12,exact_chain.FP128.mul_div,7,1,toward_zero,1048576,3.881852150,3.874900818
12,exact_chain.FP128.mul_div,8,0,toward_zero,1048576,3.907811165,3.892921448
12,exact_chain.FP128.mul_div,8,1,nearest_even,1048576,3.884221077,3.877011299
12,inexact_chain.FP128.mul_div,0,0,nearest_even,1048576,5.086173058,5.072653770
12,inexact_chain.FP128.mul_div,0,1,toward_zero,1048576,3.908365250,3.901311874
12,inexact_chain.FP128.mul_div,1,0,toward_zero,1048576,3.903922081,3.897410393
12,inexact_chain.FP128.mul_div,1,1,nearest_even,1048576,5.097590446,5.082674980
12,inexact_chain.FP128.mul_div,2,0,nearest_even,1048576,5.102884293,5.094258308
12,inexact_chain.FP128.mul_div,2,1,toward_zero,1048576,3.903674126,3.889949799
12,inexact_chain.FP128.mul_div,3,0,toward_zero,1048576,3.882634163,3.876458168
12,inexact_chain.FP128.mul_div,3,1,nearest_even,1048576,5.106150627,5.088733673
12,inexact_chain.FP128.mul_div,4,0,nearest_even,1048576,5.122977257,5.115516663
12,inexact_chain.FP128.mul_div,4,1,toward_zero,1048576,3.877714157,3.870543480
12,inexact_chain.FP128.mul_div,5,0,toward_zero,1048576,3.903789520,3.892388344
12,inexact_chain.FP128.mul_div,5,1,nearest_even,1048576,5.089372635,5.082419395
12,inexact_chain.FP128.mul_div,6,0,nearest_even,1048576,5.150169373,5.134290695
12,inexact_chain.FP128.mul_div,6,1,toward_zero,1048576,3.893957138,3.887161255
12,inexact_chain.FP128.mul_div,7,0,toward_zero,1048576,3.919115067,3.906135559
12,inexact_chain.FP128.mul_div,7,1,nearest_even,1048576,5.107928276,5.100830078
12,inexact_chain.FP128.mul_div,8,0,nearest_even,1048576,5.079121590,5.063260078
12,inexact_chain.FP128.mul_div,8,1,toward_zero,1048576,3.907831192,3.901100159
12,wide_product.FP128.mul,0,0,nearest_even,1048576,6.648976326,6.630750656
12,wide_product.FP128.mul,0,1,toward_zero,1048576,5.945798874,5.934788704
12,wide_product.FP128.mul,1,0,toward_zero,1048576,5.944002151,5.929169655
12,wide_product.FP128.mul,1,1,nearest_even,1048576,6.692717552,6.676497459
12,wide_product.FP128.mul,2,0,nearest_even,1048576,6.578949928,6.567262650
12,wide_product.FP128.mul,2,1,toward_zero,1048576,5.945292473,5.929698944
12,wide_product.FP128.mul,3,0,toward_zero,1048576,5.939034462,5.928503036
12,wide_product.FP128.mul,3,1,nearest_even,1048576,6.588074684,6.567603111
12,wide_product.FP128.mul,4,0,nearest_even,1048576,6.631376266,6.613399506
12,wide_product.FP128.mul,4,1,toward_zero,1048576,5.966781616,5.958239555
12,wide_product.FP128.mul,5,0,toward_zero,1048576,5.960254669,5.943606377
12,wide_product.FP128.mul,5,1,nearest_even,1048576,6.606218338,6.589571953
12,wide_product.FP128.mul,6,0,nearest_even,1048576,6.579791069,6.568797112
12,wide_product.FP128.mul,6,1,toward_zero,1048576,5.967353821,5.943799973
12,wide_product.FP128.mul,7,0,toward_zero,1048576,5.940018654,5.929324150
12,wide_product.FP128.mul,7,1,nearest_even,1048576,6.691666603,6.674510956
12,wide_product.FP128.mul,8,0,nearest_even,1048576,6.678070068,6.660970688
12,wide_product.FP128.mul,8,1,toward_zero,1048576,5.929775238,5.920669556
12,native_by64.FP128.div,0,0,toward_zero,1048576,4.109358788,4.095413208
12,native_by64.FP128.div,0,1,nearest_even,1048576,6.392433167,6.381708145
12,native_by64.FP128.div,1,0,nearest_even,1048576,6.395911217,6.377907753
12,native_by64.FP128.div,1,1,toward_zero,1048576,4.043001175,4.036202431
12,native_by64.FP128.div,2,0,toward_zero,1048576,3.997931480,3.984245300
12,native_by64.FP128.div,2,1,nearest_even,1048576,6.387445450,6.376158714
12,native_by64.FP128.div,3,0,nearest_even,1048576,6.384416580,6.366850853
12,native_by64.FP128.div,3,1,toward_zero,1048576,4.011966705,4.001644135
12,native_by64.FP128.div,4,0,toward_zero,1048576,4.038453102,4.025521278
12,native_by64.FP128.div,4,1,nearest_even,1048576,6.373677254,6.363137245
12,native_by64.FP128.div,5,0,nearest_even,1048576,6.390263557,6.371226311
12,native_by64.FP128.div,5,1,toward_zero,1048576,4.042761803,4.027773857
12,native_by64.FP128.div,6,0,toward_zero,1048576,4.022027969,4.013673782
12,native_by64.FP128.div,6,1,nearest_even,1048576,6.381999016,6.367278099
12,native_by64.FP128.div,7,0,nearest_even,1048576,6.377737045,6.365544319
12,native_by64.FP128.div,7,1,toward_zero,1048576,4.023672104,4.009896278
12,native_by64.FP128.div,8,0,toward_zero,1048576,3.996450424,3.989327431
12,native_by64.FP128.div,8,1,nearest_even,1048576,6.391200066,6.374810219
12,native_by128.FP128.div,0,0,toward_zero,1048576,6.131369591,6.118525505
12,native_by128.FP128.div,0,1,nearest_even,1048576,10.036706924,10.013013840
12,native_by128.FP128.div,1,0,nearest_even,1048576,9.949281693,9.923802376
12,native_by128.FP128.div,1,1,toward_zero,1048576,6.023105621,6.006764412
12,native_by128.FP128.div,2,0,toward_zero,1048576,6.049333572,6.039834023
12,native_by128.FP128.div,2,1,nearest_even,1048576,10.032436371,10.006892204
12,native_by128.FP128.div,3,0,nearest_even,1048576,9.977582932,9.957331657
12,native_by128.FP128.div,3,1,toward_zero,1048576,6.056050301,6.038830757
12,native_by128.FP128.div,4,0,toward_zero,1048576,6.043160439,6.025140762
12,native_by128.FP128.div,4,1,nearest_even,1048576,10.010268211,9.988457680
12,native_by128.FP128.div,5,0,nearest_even,1048576,9.990576744,9.950509071
12,native_by128.FP128.div,5,1,toward_zero,1048576,6.014640808,6.003211975
12,native_by128.FP128.div,6,0,toward_zero,1048576,6.029335022,6.009645462
12,native_by128.FP128.div,6,1,nearest_even,1048576,10.005176544,9.981483459
12,native_by128.FP128.div,7,0,nearest_even,1048576,9.963059425,9.939025879
12,native_by128.FP128.div,7,1,toward_zero,1048576,6.026287079,6.015604973
12,native_by128.FP128.div,8,0,toward_zero,1048576,6.058199883,6.041323662
12,native_by128.FP128.div,8,1,nearest_even,1048576,10.003342628,9.976629257
12,wide_by64.FP128.div,0,0,toward_zero,1048576,6.506888390,6.488070488
12,wide_by64.FP128.div,0,1,nearest_even,1048576,7.922244072,7.907187462
12,wide_by64.FP128.div,1,0,nearest_even,1048576,7.915613174,7.895730972
12,wide_by64.FP128.div,1,1,toward_zero,1048576,6.453392029,6.435453415
12,wide_by64.FP128.div,2,0,toward_zero,1048576,6.442078590,6.430628777
12,wide_by64.FP128.div,2,1,nearest_even,1048576,7.918459892,7.898347855
12,wide_by64.FP128.div,3,0,nearest_even,1048576,7.907090187,7.887811661
12,wide_by64.FP128.div,3,1,toward_zero,1048576,6.456497192,6.436020851
12,wide_by64.FP128.div,4,0,toward_zero,1048576,6.448270798,6.431011200
12,wide_by64.FP128.div,4,1,nearest_even,1048576,7.922053337,7.903338432
12,wide_by64.FP128.div,5,0,nearest_even,1048576,7.916129112,7.895579338
12,wide_by64.FP128.div,5,1,toward_zero,1048576,6.447582245,6.435289383
12,wide_by64.FP128.div,6,0,toward_zero,1048576,6.452693939,6.433045387
12,wide_by64.FP128.div,6,1,nearest_even,1048576,7.913042068,7.894478798
12,wide_by64.FP128.div,7,0,nearest_even,1048576,7.912038803,7.891381264
12,wide_by64.FP128.div,7,1,toward_zero,1048576,6.438199997,6.427198410
12,wide_by64.FP128.div,8,0,toward_zero,1048576,6.449550629,6.431674004
12,wide_by64.FP128.div,8,1,nearest_even,1048576,7.918899536,7.898881912
12,wide_by128.FP128.div,0,0,toward_zero,1048576,12.474490166,12.447197914
12,wide_by128.FP128.div,0,1,nearest_even,1048576,13.681774139,13.650466919
12,wide_by128.FP128.div,1,0,nearest_even,1048576,13.683732986,13.646935463
12,wide_by128.FP128.div,1,1,toward_zero,1048576,12.366771698,12.339414597
12,wide_by128.FP128.div,2,0,toward_zero,1048576,12.310876846,12.279677391
12,wide_by128.FP128.div,2,1,nearest_even,1048576,13.696947098,13.659963608
12,wide_by128.FP128.div,3,0,nearest_even,1048576,13.681879044,13.649836540
12,wide_by128.FP128.div,3,1,toward_zero,1048576,12.333033562,12.304404259
12,wide_by128.FP128.div,4,0,toward_zero,1048576,12.309347153,12.281821251
12,wide_by128.FP128.div,4,1,nearest_even,1048576,13.717470169,13.680167198
12,wide_by128.FP128.div,5,0,nearest_even,1048576,13.688022614,13.656100273
12,wide_by128.FP128.div,5,1,toward_zero,1048576,12.318319321,12.290483475
12,wide_by128.FP128.div,6,0,toward_zero,1048576,12.290878296,12.261406898
12,wide_by128.FP128.div,6,1,nearest_even,1048576,13.697491646,13.658709526
12,wide_by128.FP128.div,7,0,nearest_even,1048576,13.676919937,13.643735886
12,wide_by128.FP128.div,7,1,toward_zero,1048576,12.321357727,12.293813705
12,wide_by128.FP128.div,8,0,toward_zero,1048576,12.265577316,12.232199669
12,wide_by128.FP128.div,8,1,nearest_even,1048576,13.681907654,13.651314735
12,wide_product.FP128.mul_div,0,0,toward_zero,1048576,12.081678391,12.054213524
12,wide_product.FP128.mul_div,0,1,nearest_even,1048576,13.100151062,13.063979149
12,wide_product.FP128.mul_div,1,0,nearest_even,1048576,13.129808426,13.099139214
12,wide_product.FP128.mul_div,1,1,toward_zero,1048576,12.011585236,11.982316017
12,wide_product.FP128.mul_div,2,0,toward_zero,1048576,11.987812996,11.960941315
12,wide_product.FP128.mul_div,2,1,nearest_even,1048576,13.115314484,13.079162598
12,wide_product.FP128.mul_div,3,0,nearest_even,1048576,13.153113365,13.123340607
12,wide_product.FP128.mul_div,3,1,toward_zero,1048576,11.992733955,11.963180542
12,wide_product.FP128.mul_div,4,0,toward_zero,1048576,12.011613846,11.985306740
12,wide_product.FP128.mul_div,4,1,nearest_even,1048576,13.152099609,13.120820045
12,wide_product.FP128.mul_div,5,0,nearest_even,1048576,13.136010170,13.098238945
12,wide_product.FP128.mul_div,5,1,toward_zero,1048576,12.006568909,11.979971886
12,wide_product.FP128.mul_div,6,0,toward_zero,1048576,11.994194984,11.965038300
12,wide_product.FP128.mul_div,6,1,nearest_even,1048576,13.089803696,13.058660507
12,wide_product.FP128.mul_div,7,0,nearest_even,1048576,13.142517090,13.108225822
12,wide_product.FP128.mul_div,7,1,toward_zero,1048576,11.985414505,11.956192970
12,wide_product.FP128.mul_div,8,0,toward_zero,1048576,11.984163284,11.956898689
12,wide_product.FP128.mul_div,8,1,nearest_even,1048576,13.101374626,13.071880341
12,throughput4096.FP64.mul_wide,0,0,nearest_even,1048576,2.436742783,2.427952766
12,throughput4096.FP64.mul_wide,0,1,toward_zero,1048576,2.572763443,2.566704750
12,throughput4096.FP64.mul_wide,1,0,toward_zero,1048576,2.565625191,2.560563087
12,throughput4096.FP64.mul_wide,1,1,nearest_even,1048576,2.415158272,2.411243439
12,throughput4096.FP64.mul_wide,2,0,nearest_even,1048576,2.432385445,2.422087669
12,throughput4096.FP64.mul_wide,2,1,toward_zero,1048576,2.572189331,2.569572449
12,throughput4096.FP64.mul_wide,3,0,toward_zero,1048576,2.560934067,2.556156158
12,throughput4096.FP64.mul_wide,3,1,nearest_even,1048576,2.401534081,2.396966934
12,throughput4096.FP64.mul_wide,4,0,nearest_even,1048576,2.430388451,2.421397209
12,throughput4096.FP64.mul_wide,4,1,toward_zero,1048576,2.558374405,2.552710533
12,throughput4096.FP64.mul_wide,5,0,toward_zero,1048576,2.540095329,2.535136223
12,throughput4096.FP64.mul_wide,5,1,nearest_even,1048576,2.402469635,2.398218155
12,throughput4096.FP64.mul_wide,6,0,nearest_even,1048576,2.427521706,2.416552544
12,throughput4096.FP64.mul_wide,6,1,toward_zero,1048576,2.571674347,2.568541527
12,throughput4096.FP64.mul_wide,7,0,toward_zero,1048576,2.559519768,2.555467606
12,throughput4096.FP64.mul_wide,7,1,nearest_even,1048576,2.400549889,2.397397995
12,throughput4096.FP64.mul_wide,8,0,nearest_even,1048576,2.427732468,2.417166710
12,throughput4096.FP64.mul_wide,8,1,toward_zero,1048576,2.552640915,2.548071861
12,fullrange.FP64.mul_wide,0,0,toward_zero,1048576,2.472467422,2.468264580
12,fullrange.FP64.mul_wide,0,1,nearest_even,1048576,2.965757370,2.960377693
12,fullrange.FP64.mul_wide,1,0,nearest_even,1048576,2.962021828,2.951396942
12,fullrange.FP64.mul_wide,1,1,toward_zero,1048576,2.492255211,2.487600327
12,fullrange.FP64.mul_wide,2,0,toward_zero,1048576,2.497128487,2.494176865
12,fullrange.FP64.mul_wide,2,1,nearest_even,1048576,2.962498665,2.957740784
12,fullrange.FP64.mul_wide,3,0,nearest_even,1048576,2.964782715,2.952456474
12,fullrange.FP64.mul_wide,3,1,toward_zero,1048576,2.484984398,2.481774330
12,fullrange.FP64.mul_wide,4,0,toward_zero,1048576,2.502182007,2.496955872
12,fullrange.FP64.mul_wide,4,1,nearest_even,1048576,2.981427193,2.970066071
12,fullrange.FP64.mul_wide,5,0,nearest_even,1048576,2.957502365,2.951930046
12,fullrange.FP64.mul_wide,5,1,toward_zero,1048576,2.489933968,2.485931396
12,fullrange.FP64.mul_wide,6,0,toward_zero,1048576,2.503481865,2.500185966
12,fullrange.FP64.mul_wide,6,1,nearest_even,1048576,2.977290154,2.966798782
12,fullrange.FP64.mul_wide,7,0,nearest_even,1048576,2.955142021,2.950076103
12,fullrange.FP64.mul_wide,7,1,toward_zero,1048576,2.486474991,2.483237267
12,fullrange.FP64.mul_wide,8,0,toward_zero,1048576,2.500873566,2.495973587
12,fullrange.FP64.mul_wide,8,1,nearest_even,1048576,2.984990120,2.973008156
12,throughput4096.FP64.quantize4,0,0,nearest_even,1048576,3.257462502,3.250284195
12,throughput4096.FP64.quantize4,0,1,toward_zero,1048576,3.194477081,3.189183235
12,throughput4096.FP64.quantize4,1,0,toward_zero,1048576,3.185132980,3.173829079
12,throughput4096.FP64.quantize4,1,1,nearest_even,1048576,3.217141151,3.210594177
12,throughput4096.FP64.quantize4,2,0,nearest_even,1048576,3.226591110,3.221056938
12,throughput4096.FP64.quantize4,2,1,toward_zero,1048576,3.188171387,3.175884247
12,throughput4096.FP64.quantize4,3,0,toward_zero,1048576,3.165612221,3.160900116
12,throughput4096.FP64.quantize4,3,1,nearest_even,1048576,3.213175774,3.208262444
12,throughput4096.FP64.quantize4,4,0,nearest_even,1048576,3.238858223,3.226225853
12,throughput4096.FP64.quantize4,4,1,toward_zero,1048576,3.168631554,3.163700104
12,throughput4096.FP64.quantize4,5,0,toward_zero,1048576,3.158866882,3.153657913
12,throughput4096.FP64.quantize4,5,1,nearest_even,1048576,3.213969231,3.206589699
12,throughput4096.FP64.quantize4,6,0,nearest_even,1048576,3.230364799,3.220225334
12,throughput4096.FP64.quantize4,6,1,toward_zero,1048576,3.175168037,3.170800209
12,throughput4096.FP64.quantize4,7,0,toward_zero,1048576,3.169749260,3.162916183
12,throughput4096.FP64.quantize4,7,1,nearest_even,1048576,3.223705292,3.213937759
12,throughput4096.FP64.quantize4,8,0,nearest_even,1048576,3.254212379,3.248379707
12,throughput4096.FP64.quantize4,8,1,toward_zero,1048576,3.170886993,3.165660858
12,throughput4096.FP128.quantize4,0,0,toward_zero,1048576,5.711584091,5.694807053
12,throughput4096.FP128.quantize4,0,1,nearest_even,1048576,6.080854416,6.063061714
12,throughput4096.FP128.quantize4,1,0,nearest_even,1048576,6.066961288,6.056497574
12,throughput4096.FP128.quantize4,1,1,toward_zero,1048576,5.721673965,5.705967903
12,throughput4096.FP128.quantize4,2,0,toward_zero,1048576,5.708488464,5.696898460
12,throughput4096.FP128.quantize4,2,1,nearest_even,1048576,6.077920914,6.059900284
12,throughput4096.FP128.quantize4,3,0,nearest_even,1048576,6.077376366,6.060645103
12,throughput4096.FP128.quantize4,3,1,toward_zero,1048576,5.711421967,5.699287415
12,throughput4096.FP128.quantize4,4,0,toward_zero,1048576,5.687124252,5.671094894
12,throughput4096.FP128.quantize4,4,1,nearest_even,1048576,6.063770294,6.054158211
12,throughput4096.FP128.quantize4,5,0,nearest_even,1048576,6.079497337,6.061621666
12,throughput4096.FP128.quantize4,5,1,toward_zero,1048576,5.683445930,5.673051834
12,throughput4096.FP128.quantize4,6,0,toward_zero,1048576,5.691691399,5.676639557
12,throughput4096.FP128.quantize4,6,1,nearest_even,1048576,6.072761536,6.058158875
12,throughput4096.FP128.quantize4,7,0,nearest_even,1048576,6.066569328,6.058512688
12,throughput4096.FP128.quantize4,7,1,toward_zero,1048576,5.726661682,5.708412170
12,throughput4096.FP128.quantize4,8,0,toward_zero,1048576,5.707915306,5.697917938
12,throughput4096.FP128.quantize4,8,1,nearest_even,1048576,6.072809219,6.054288864
12,parse_extra_digit.FP64,0,0,toward_zero,1048576,34.216735840,34.129008293
12,parse_extra_digit.FP64,0,1,nearest_even,1048576,34.617631912,34.526371002
12,parse_extra_digit.FP64,1,0,nearest_even,1048576,34.588796616,34.499949455
12,parse_extra_digit.FP64,1,1,toward_zero,1048576,34.004135132,33.916471481
12,parse_extra_digit.FP64,2,0,toward_zero,1048576,33.998718262,33.918848038
12,parse_extra_digit.FP64,2,1,nearest_even,1048576,34.572285652,34.490079880
12,parse_extra_digit.FP64,3,0,nearest_even,1048576,34.647882462,34.559694290
12,parse_extra_digit.FP64,3,1,toward_zero,1048576,33.962122917,33.884491920
12,parse_extra_digit.FP64,4,0,toward_zero,1048576,33.943290710,33.855519295
12,parse_extra_digit.FP64,4,1,nearest_even,1048576,34.420490265,34.334754944
12,parse_extra_digit.FP64,5,0,nearest_even,1048576,34.430331230,34.350293159
12,parse_extra_digit.FP64,5,1,toward_zero,1048576,33.962524414,33.883135796
12,parse_extra_digit.FP64,6,0,toward_zero,1048576,33.942631721,33.855302811
12,parse_extra_digit.FP64,6,1,nearest_even,1048576,34.475611687,34.398638725
12,parse_extra_digit.FP64,7,0,nearest_even,1048576,34.466715813,34.376183510
12,parse_extra_digit.FP64,7,1,toward_zero,1048576,33.939373016,33.865495682
12,parse_extra_digit.FP64,8,0,toward_zero,1048576,33.968563080,33.869021416
12,parse_extra_digit.FP64,8,1,nearest_even,1048576,34.424884796,34.339392662
12,format_2digits.FP64,0,0,toward_zero,1048576,16.063070297,16.030078888
12,format_2digits.FP64,0,1,nearest_even,1048576,17.303996086,17.260769844
12,format_2digits.FP64,1,0,nearest_even,1048576,17.339883804,17.293902397
12,format_2digits.FP64,1,1,toward_zero,1048576,16.117380142,16.081858635
12,format_2digits.FP64,2,0,toward_zero,1048576,16.113021851,16.075185776
12,format_2digits.FP64,2,1,nearest_even,1048576,17.343886375,17.300274849
12,format_2digits.FP64,3,0,nearest_even,1048576,17.318509102,17.284006119
12,format_2digits.FP64,3,1,toward_zero,1048576,16.109859467,16.071905136
12,format_2digits.FP64,4,0,toward_zero,1048576,16.106954575,16.070925713
12,format_2digits.FP64,4,1,nearest_even,1048576,17.355686188,17.317280769
12,format_2digits.FP64,5,0,nearest_even,1048576,17.361916542,17.318935394
12,format_2digits.FP64,5,1,toward_zero,1048576,16.127689362,16.093218803
12,format_2digits.FP64,6,0,toward_zero,1048576,16.148613930,16.110537529
12,format_2digits.FP64,6,1,nearest_even,1048576,17.417065620,17.377811432
12,format_2digits.FP64,7,0,nearest_even,1048576,17.342949867,17.306381226
12,format_2digits.FP64,7,1,toward_zero,1048576,16.139307022,16.094379425
12,format_2digits.FP64,8,0,toward_zero,1048576,16.142451286,16.102254868
12,format_2digits.FP64,8,1,nearest_even,1048576,17.356307983,17.321309090
12,parse_extra_digit.FP128,0,0,nearest_even,1048576,34.759328842,34.677772522
12,parse_extra_digit.FP128,0,1,toward_zero,1048576,34.207277298,34.127374649
12,parse_extra_digit.FP128,1,0,toward_zero,1048576,34.201286316,34.114546776
12,parse_extra_digit.FP128,1,1,nearest_even,1048576,34.694003105,34.613175392
12,parse_extra_digit.FP128,2,0,nearest_even,1048576,34.656854630,34.574456215
12,parse_extra_digit.FP128,2,1,toward_zero,1048576,34.222077370,34.129857063
12,parse_extra_digit.FP128,3,0,toward_zero,1048576,34.211787224,34.131106377
12,parse_extra_digit.FP128,3,1,nearest_even,1048576,34.702353477,34.614981651
12,parse_extra_digit.FP128,4,0,nearest_even,1048576,34.692971230,34.615680695
12,parse_extra_digit.FP128,4,1,toward_zero,1048576,34.220815659,34.139798164
12,parse_extra_digit.FP128,5,0,toward_zero,1048576,34.199576378,34.108967781
12,parse_extra_digit.FP128,5,1,nearest_even,1048576,34.664001465,34.579895973
12,parse_extra_digit.FP128,6,0,nearest_even,1048576,34.709930420,34.628863335
12,parse_extra_digit.FP128,6,1,toward_zero,1048576,34.235052109,34.146637917
12,parse_extra_digit.FP128,7,0,toward_zero,1048576,34.322870255,34.242129326
12,parse_extra_digit.FP128,7,1,nearest_even,1048576,34.691824913,34.605302811
12,parse_extra_digit.FP128,8,0,nearest_even,1048576,34.669742584,34.587343216
12,parse_extra_digit.FP128,8,1,toward_zero,1048576,34.221714973,34.135291100
12,format_2digits.FP128,0,0,nearest_even,1048576,17.201866150,17.163205147
12,format_2digits.FP128,0,1,toward_zero,1048576,15.960367203,15.918076515
12,format_2digits.FP128,1,0,toward_zero,1048576,15.972348213,15.935249329
12,format_2digits.FP128,1,1,nearest_even,1048576,17.251740456,17.207249641
12,format_2digits.FP128,2,0,nearest_even,1048576,17.213140488,17.170124054
12,format_2digits.FP128,2,1,toward_zero,1048576,16.014360428,15.976955414
12,format_2digits.FP128,3,0,toward_zero,1048576,15.963902473,15.922452927
12,format_2digits.FP128,3,1,nearest_even,1048576,17.200737953,17.156141281
12,format_2digits.FP128,4,0,nearest_even,1048576,17.177119255,17.141009331
12,format_2digits.FP128,4,1,toward_zero,1048576,15.994601250,15.946351051
12,format_2digits.FP128,5,0,toward_zero,1048576,15.998767853,15.963690758
12,format_2digits.FP128,5,1,nearest_even,1048576,17.212653160,17.170335770
12,format_2digits.FP128,6,0,nearest_even,1048576,17.223879814,17.182370186
12,format_2digits.FP128,6,1,toward_zero,1048576,16.003133774,15.967850685
12,format_2digits.FP128,7,0,toward_zero,1048576,16.082218170,16.042557716
12,format_2digits.FP128,7,1,nearest_even,1048576,17.230901718,17.190664291
12,format_2digits.FP128,8,0,nearest_even,1048576,17.204522133,17.165710449
12,format_2digits.FP128,8,1,toward_zero,1048576,16.050161362,16.000470161
12,throughput4096.FP64.mul,0,0,nearest_even,1048576,2.809461594,2.805830956
12,throughput4096.FP64.mul,0,1,toward_zero,1048576,2.622170448,2.601342201
12,throughput4096.FP64.mul,1,0,toward_zero,1048576,2.604293823,2.598026276
12,throughput4096.FP64.mul,1,1,nearest_even,1048576,2.834877014,2.800451279
12,throughput4096.FP64.mul,2,0,nearest_even,1048576,2.759968758,2.753682137
12,throughput4096.FP64.mul,2,1,toward_zero,1048576,2.580454826,2.564414024
12,throughput4096.FP64.mul,3,0,toward_zero,1048576,2.563361168,2.559799194
12,throughput4096.FP64.mul,3,1,nearest_even,1048576,2.762347221,2.748293877
12,throughput4096.FP64.mul,4,0,nearest_even,1048576,2.767296791,2.761679649
12,throughput4096.FP64.mul,4,1,toward_zero,1048576,2.588289261,2.573547363
12,throughput4096.FP64.mul,5,0,toward_zero,1048576,2.548599243,2.544740677
12,throughput4096.FP64.mul,5,1,nearest_even,1048576,2.745884895,2.740342140
12,throughput4096.FP64.mul,6,0,nearest_even,1048576,2.745415688,2.738936424
12,throughput4096.FP64.mul,6,1,toward_zero,1048576,2.562481880,2.547995567
12,throughput4096.FP64.mul,7,0,toward_zero,1048576,2.542722702,2.537383080
12,throughput4096.FP64.mul,7,1,nearest_even,1048576,2.782851219,2.779775620
12,throughput4096.FP64.mul,8,0,nearest_even,1048576,2.891057968,2.885353088
12,throughput4096.FP64.mul,8,1,toward_zero,1048576,2.671567917,2.649756432
12,throughput256.FP64.mul,0,0,toward_zero,1048576,2.638699532,2.632511139
12,throughput256.FP64.mul,0,1,nearest_even,1048576,2.823306084,2.818336487
12,throughput256.FP64.mul,1,0,nearest_even,1048576,2.711688995,2.691089630
12,throughput256.FP64.mul,1,1,toward_zero,1048576,2.723411560,2.713875771
12,throughput256.FP64.mul,2,0,toward_zero,1048576,2.724921227,2.719303131
12,throughput256.FP64.mul,2,1,nearest_even,1048576,2.679030418,2.674836159
12,throughput256.FP64.mul,3,0,nearest_even,1048576,2.705936432,2.691105843
12,throughput256.FP64.mul,3,1,toward_zero,1048576,2.734782219,2.729145050
12,throughput256.FP64.mul,4,0,toward_zero,1048576,2.718423843,2.712472916
12,throughput256.FP64.mul,4,1,nearest_even,1048576,2.671367645,2.666781425
12,throughput256.FP64.mul,5,0,nearest_even,1048576,2.739177704,2.725054741
12,throughput256.FP64.mul,5,1,toward_zero,1048576,2.714459419,2.708677292
12,throughput256.FP64.mul,6,0,toward_zero,1048576,2.719991684,2.715107918
12,throughput256.FP64.mul,6,1,nearest_even,1048576,2.693344116,2.687246323
12,throughput256.FP64.mul,7,0,nearest_even,1048576,2.718520164,2.703597069
12,throughput256.FP64.mul,7,1,toward_zero,1048576,2.728199005,2.722477913
12,throughput256.FP64.mul,8,0,toward_zero,1048576,2.716093063,2.709576607
12,throughput256.FP64.mul,8,1,nearest_even,1048576,2.717907906,2.702889442
12,exact_results.FP64.mul,0,0,nearest_even,1048576,2.778609276,2.772665977
12,exact_results.FP64.mul,0,1,toward_zero,1048576,2.711459160,2.707388878
12,exact_results.FP64.mul,1,0,toward_zero,1048576,2.703661919,2.698303223
12,exact_results.FP64.mul,1,1,nearest_even,1048576,2.766780853,2.750022888
12,exact_results.FP64.mul,2,0,nearest_even,1048576,2.752046585,2.746457100
12,exact_results.FP64.mul,2,1,toward_zero,1048576,2.628438950,2.623546600
12,exact_results.FP64.mul,3,0,toward_zero,1048576,2.565501213,2.554992676
12,exact_results.FP64.mul,3,1,nearest_even,1048576,2.658440590,2.649009705
12,exact_results.FP64.mul,4,0,nearest_even,1048576,2.658535957,2.650988579
12,exact_results.FP64.mul,4,1,toward_zero,1048576,2.655659676,2.651187897
12,exact_results.FP64.mul,5,0,toward_zero,1048576,2.616055489,2.600347519
12,exact_results.FP64.mul,5,1,nearest_even,1048576,2.670296669,2.666763306
12,exact_results.FP64.mul,6,0,nearest_even,1048576,2.722504616,2.715741158
12,exact_results.FP64.mul,6,1,toward_zero,1048576,2.603911400,2.596573830
12,exact_results.FP64.mul,7,0,toward_zero,1048576,2.619801521,2.599538803
12,exact_results.FP64.mul,7,1,nearest_even,1048576,2.607876778,2.603577614
12,exact_results.FP64.mul,8,0,nearest_even,1048576,2.647719383,2.642664909
12,exact_results.FP64.mul,8,1,toward_zero,1048576,2.575362206,2.570509911
12,halfway_ties.FP64.mul,0,0,toward_zero,1048576,2.646381378,2.629383087
12,halfway_ties.FP64.mul,0,1,nearest_even,1048576,2.734772682,2.729784966
12,halfway_ties.FP64.mul,1,0,nearest_even,1048576,2.780453682,2.775580406
12,halfway_ties.FP64.mul,1,1,toward_zero,1048576,2.618166924,2.604113579
12,halfway_ties.FP64.mul,2,0,toward_zero,1048576,2.610170364,2.603769302
12,halfway_ties.FP64.mul,2,1,nearest_even,1048576,2.887809753,2.881416321
12,halfway_ties.FP64.mul,3,0,nearest_even,1048576,2.732202530,2.720927238
12,halfway_ties.FP64.mul,3,1,toward_zero,1048576,2.606691360,2.590993881
12,halfway_ties.FP64.mul,4,0,toward_zero,1048576,2.589120865,2.586208344
12,halfway_ties.FP64.mul,4,1,nearest_even,1048576,2.782231331,2.777223587
12,halfway_ties.FP64.mul,5,0,nearest_even,1048576,2.885909081,2.879822731
12,halfway_ties.FP64.mul,5,1,toward_zero,1048576,2.607751846,2.577007294
12,halfway_ties.FP64.mul,6,0,toward_zero,1048576,2.574368477,2.568386078
12,halfway_ties.FP64.mul,6,1,nearest_even,1048576,2.728648186,2.723536491
12,halfway_ties.FP64.mul,7,0,nearest_even,1048576,2.747671127,2.743351936
12,halfway_ties.FP64.mul,7,1,toward_zero,1048576,2.643247604,2.617182732
12,halfway_ties.FP64.mul,8,0,toward_zero,1048576,2.571741104,2.566686630
12,halfway_ties.FP64.mul,8,1,nearest_even,1048576,2.774902344,2.769322395
12,exact_chain.FP64.mul,0,0,nearest_even,1048576,3.785129547,3.776668549
12,exact_chain.FP64.mul,0,1,toward_zero,1048576,3.831508636,3.804417610
12,exact_chain.FP64.mul,1,0,toward_zero,1048576,3.778221130,3.770678520
12,exact_chain.FP64.mul,1,1,nearest_even,1048576,3.827838898,3.798052788
12,exact_chain.FP64.mul,2,0,nearest_even,1048576,3.774771690,3.766283989
12,exact_chain.FP64.mul,2,1,toward_zero,1048576,3.802279472,3.793340683
12,exact_chain.FP64.mul,3,0,toward_zero,1048576,3.828613281,3.793899536
12,exact_chain.FP64.mul,3,1,nearest_even,1048576,3.797904015,3.789320946
12,exact_chain.FP64.mul,4,0,nearest_even,1048576,3.732884407,3.721769333
12,exact_chain.FP64.mul,4,1,toward_zero,1048576,3.792611122,3.762252808
12,exact_chain.FP64.mul,5,0,toward_zero,1048576,3.765723228,3.760560989
12,exact_chain.FP64.mul,5,1,nearest_even,1048576,3.818255424,3.788326263
12,exact_chain.FP64.mul,6,0,nearest_even,1048576,3.771226883,3.762375832
12,exact_chain.FP64.mul,6,1,toward_zero,1048576,3.804181099,3.796431541
12,exact_chain.FP64.mul,7,0,toward_zero,1048576,3.814988136,3.784239769
12,exact_chain.FP64.mul,7,1,nearest_even,1048576,3.789676666,3.781896591
12,exact_chain.FP64.mul,8,0,nearest_even,1048576,3.818036079,3.810625076
12,exact_chain.FP64.mul,8,1,toward_zero,1048576,3.819057465,3.779871941
12,inexact_chain.FP64.mul,0,0,toward_zero,1048576,3.823778152,3.816540718
12,inexact_chain.FP64.mul,0,1,nearest_even,1048576,5.095718384,5.049983978
12,inexact_chain.FP64.mul,1,0,nearest_even,1048576,5.033038139,5.022021294
12,inexact_chain.FP64.mul,1,1,toward_zero,1048576,3.863458633,3.817351341
12,inexact_chain.FP64.mul,2,0,toward_zero,1048576,3.801047325,3.792788506
12,inexact_chain.FP64.mul,2,1,nearest_even,1048576,5.021907806,5.012576103
12,inexact_chain.FP64.mul,3,0,nearest_even,1048576,5.124448776,5.084465981
12,inexact_chain.FP64.mul,3,1,toward_zero,1048576,3.805624008,3.798531532
12,inexact_chain.FP64.mul,4,0,toward_zero,1048576,3.854381561,3.800137520
12,inexact_chain.FP64.mul,4,1,nearest_even,1048576,5.019537926,5.008666992
12,inexact_chain.FP64.mul,5,0,nearest_even,1048576,5.070990562,5.022289276
12,inexact_chain.FP64.mul,5,1,toward_zero,1048576,3.787020683,3.777902603
12,inexact_chain.FP64.mul,6,0,toward_zero,1048576,3.795104027,3.785375595
12,inexact_chain.FP64.mul,6,1,nearest_even,1048576,5.051336288,4.984443665
12,inexact_chain.FP64.mul,7,0,nearest_even,1048576,4.998374939,4.984515190
12,inexact_chain.FP64.mul,7,1,toward_zero,1048576,3.838816643,3.774854660
12,inexact_chain.FP64.mul,8,0,toward_zero,1048576,3.762063980,3.753842354
12,inexact_chain.FP64.mul,8,1,nearest_even,1048576,5.054431915,4.982133865
12,throughput4096.FP64.div,0,0,toward_zero,1048576,2.456740379,2.449815750
12,throughput4096.FP64.div,0,1,nearest_even,1048576,2.687648773,2.634975433
12,throughput4096.FP64.div,1,0,nearest_even,1048576,2.621071815,2.573871613
12,throughput4096.FP64.div,1,1,toward_zero,1048576,2.499411583,2.465465546
12,throughput4096.FP64.div,2,0,toward_zero,1048576,2.457906723,2.452987671
12,throughput4096.FP64.div,2,1,nearest_even,1048576,2.673641205,2.658773422
12,throughput4096.FP64.div,3,0,nearest_even,1048576,2.946809769,2.892555237
12,throughput4096.FP64.div,3,1,toward_zero,1048576,2.478945732,2.473328590
12,throughput4096.FP64.div,4,0,toward_zero,1048576,2.457610130,2.452631950
12,throughput4096.FP64.div,4,1,nearest_even,1048576,2.704339981,2.698866844
12,throughput4096.FP64.div,5,0,nearest_even,1048576,2.753174782,2.681220055
12,throughput4096.FP64.div,5,1,toward_zero,1048576,2.473356247,2.466794014
12,throughput4096.FP64.div,6,0,toward_zero,1048576,2.467804909,2.463641167
12,throughput4096.FP64.div,6,1,nearest_even,1048576,2.679317474,2.673145294
12,throughput4096.FP64.div,7,0,nearest_even,1048576,2.940131187,2.865088463
12,throughput4096.FP64.div,7,1,toward_zero,1048576,2.457418442,2.449126244
12,throughput4096.FP64.div,8,0,toward_zero,1048576,2.476653099,2.470492363
12,throughput4096.FP64.div,8,1,nearest_even,1048576,2.709719658,2.702087402
12,throughput256.FP64.div,0,0,nearest_even,1048576,2.786004066,2.716276169
12,throughput256.FP64.div,0,1,toward_zero,1048576,2.490057945,2.483353615
12,throughput256.FP64.div,1,0,toward_zero,1048576,2.476040840,2.463391304
12,throughput256.FP64.div,1,1,nearest_even,1048576,2.606405258,2.594033241
12,throughput256.FP64.div,2,0,nearest_even,1048576,2.877214432,2.811917305
12,throughput256.FP64.div,2,1,toward_zero,1048576,2.479308128,2.473348618
12,throughput256.FP64.div,3,0,toward_zero,1048576,2.479136467,2.476326942
12,throughput256.FP64.div,3,1,nearest_even,1048576,2.570030212,2.563533783
12,throughput256.FP64.div,4,0,nearest_even,1048576,2.752878189,2.681982040
12,throughput256.FP64.div,4,1,toward_zero,1048576,2.483025551,2.477361679
12,throughput256.FP64.div,5,0,toward_zero,1048576,2.458508492,2.453503609
12,throughput256.FP64.div,5,1,nearest_even,1048576,2.708105087,2.701580048
12,throughput256.FP64.div,6,0,nearest_even,1048576,2.631198883,2.569735527
12,throughput256.FP64.div,6,1,toward_zero,1048576,2.464145660,2.459960938
12,throughput256.FP64.div,7,0,toward_zero,1048576,2.455880165,2.449069977
12,throughput256.FP64.div,7,1,nearest_even,1048576,3.068957329,3.061715126
12,throughput256.FP64.div,8,0,nearest_even,1048576,3.019415855,2.936087608
12,throughput256.FP64.div,8,1,toward_zero,1048576,2.467279434,2.462340355
12,exact_results.FP64.div,0,0,nearest_even,1048576,2.633760452,2.629737854
12,exact_results.FP64.div,0,1,toward_zero,1048576,2.687151909,2.606768608
12,exact_results.FP64.div,1,0,toward_zero,1048576,2.631093979,2.622477531
12,exact_results.FP64.div,1,1,nearest_even,1048576,2.609051704,2.601408958
12,exact_results.FP64.div,2,0,nearest_even,1048576,2.629230499,2.621875763
12,exact_results.FP64.div,2,1,toward_zero,1048576,2.689415932,2.610505104
12,exact_results.FP64.div,3,0,toward_zero,1048576,2.618979454,2.614632607
12,exact_results.FP64.div,3,1,nearest_even,1048576,2.625867844,2.615625381
12,exact_results.FP64.div,4,0,nearest_even,1048576,2.611373901,2.605375290
12,exact_results.FP64.div,4,1,toward_zero,1048576,2.652105331,2.593164444
12,exact_results.FP64.div,5,0,toward_zero,1048576,2.619045258,2.613353729
12,exact_results.FP64.div,5,1,nearest_even,1048576,2.595254898,2.588521004
12,exact_results.FP64.div,6,0,nearest_even,1048576,2.619466782,2.612455368
12,exact_results.FP64.div,6,1,toward_zero,1048576,2.669734001,2.613218307
12,exact_results.FP64.div,7,0,toward_zero,1048576,2.598064423,2.592838287
12,exact_results.FP64.div,7,1,nearest_even,1048576,2.607208252,2.602602005
12,exact_results.FP64.div,8,0,nearest_even,1048576,2.621224403,2.616142273
12,exact_results.FP64.div,8,1,toward_zero,1048576,2.640286446,2.573080063
12,halfway_ties.FP64.div,0,0,nearest_even,1048576,2.573822975,2.568340302
12,halfway_ties.FP64.div,0,1,toward_zero,1048576,2.579116821,2.574905396
12,halfway_ties.FP64.div,1,0,toward_zero,1048576,2.719466209,2.648357391
12,halfway_ties.FP64.div,1,1,nearest_even,1048576,2.585336685,2.580264091
12,halfway_ties.FP64.div,2,0,nearest_even,1048576,2.714086533,2.708449364
12,halfway_ties.FP64.div,2,1,toward_zero,1048576,2.664220810,2.660826683
12,halfway_ties.FP64.div,3,0,toward_zero,1048576,3.221029282,2.655968666
12,halfway_ties.FP64.div,3,1,nearest_even,1048576,2.635881424,2.631773949
12,halfway_ties.FP64.div,4,0,nearest_even,1048576,3.198231697,2.668156624
12,halfway_ties.FP64.div,4,1,toward_zero,1048576,2.710427284,2.642560959
12,halfway_ties.FP64.div,5,0,toward_zero,1048576,3.799691200,2.630025864
12,halfway_ties.FP64.div,5,1,nearest_even,1048576,2.566351891,2.559088707
12,halfway_ties.FP64.div,6,0,nearest_even,1048576,2.587601662,2.584507942
12,halfway_ties.FP64.div,6,1,toward_zero,1048576,3.011725426,2.633007050
12,halfway_ties.FP64.div,7,0,toward_zero,1048576,2.631858826,2.628743172
12,halfway_ties.FP64.div,7,1,nearest_even,1048576,2.709051132,2.703575134
12,halfway_ties.FP64.div,8,0,nearest_even,1048576,2.583321571,2.576463699
12,halfway_ties.FP64.div,8,1,toward_zero,1048576,2.721415520,2.656221390
12,exact_chain.FP64.div,0,0,toward_zero,1048576,3.896020889,3.889051437
12,exact_chain.FP64.div,0,1,nearest_even,1048576,3.879739761,3.873332024
12,exact_chain.FP64.div,1,0,nearest_even,1048576,3.927981377,3.852781296
12,exact_chain.FP64.div,1,1,toward_zero,1048576,3.873529434,3.867955208
12,exact_chain.FP64.div,2,0,toward_zero,1048576,3.945418358,3.883337975
12,exact_chain.FP64.div,2,1,nearest_even,1048576,3.918006897,3.910472870
12,exact_chain.FP64.div,3,0,nearest_even,1048576,3.884919167,3.877243996
12,exact_chain.FP64.div,3,1,toward_zero,1048576,3.947148323,3.878132820
12,exact_chain.FP64.div,4,0,toward_zero,1048576,3.939198494,3.925311089
12,exact_chain.FP64.div,4,1,nearest_even,1048576,3.937431335,3.929410934
12,exact_chain.FP64.div,5,0,nearest_even,1048576,4.011660576,3.935804367
12,exact_chain.FP64.div,5,1,toward_zero,1048576,3.909455299,3.902400017
12,exact_chain.FP64.div,6,0,toward_zero,1048576,4.000452995,3.933451653
12,exact_chain.FP64.div,6,1,nearest_even,1048576,3.910009384,3.900499344
12,exact_chain.FP64.div,7,0,nearest_even,1048576,3.877618790,3.868453026
12,exact_chain.FP64.div,7,1,toward_zero,1048576,3.963783264,3.889385223
12,exact_chain.FP64.div,8,0,toward_zero,1048576,3.890612602,3.881033897
12,exact_chain.FP64.div,8,1,nearest_even,1048576,3.979337692,3.907293320
12,inexact_chain.FP64.div,0,0,toward_zero,1048576,3.919200897,3.909488678
12,inexact_chain.FP64.div,0,1,nearest_even,1048576,5.260373116,5.248527527
12,inexact_chain.FP64.div,1,0,nearest_even,1048576,5.303589821,5.233087540
12,inexact_chain.FP64.div,1,1,toward_zero,1048576,3.889590263,3.881285667
12,inexact_chain.FP64.div,2,0,toward_zero,1048576,3.974675179,3.901022911
12,inexact_chain.FP64.div,2,1,nearest_even,1048576,5.250466347,5.240492821
12,inexact_chain.FP64.div,3,0,nearest_even,1048576,5.356589317,5.286946297
12,inexact_chain.FP64.div,3,1,toward_zero,1048576,3.944960594,3.935899734
12,inexact_chain.FP64.div,4,0,toward_zero,1048576,3.979394913,3.913511276
12,inexact_chain.FP64.div,4,1,nearest_even,1048576,5.304582596,5.294197083
12,inexact_chain.FP64.div,5,0,nearest_even,1048576,5.326931953,5.269784927
12,inexact_chain.FP64.div,5,1,toward_zero,1048576,3.961508751,3.953775406
12,inexact_chain.FP64.div,6,0,toward_zero,1048576,4.018340111,4.010462761
12,inexact_chain.FP64.div,6,1,nearest_even,1048576,5.484717369,5.421340942
12,inexact_chain.FP64.div,7,0,nearest_even,1048576,5.417681694,5.408372879
12,inexact_chain.FP64.div,7,1,toward_zero,1048576,4.070662498,4.005715370
12,inexact_chain.FP64.div,8,0,toward_zero,1048576,4.012053490,4.003755569
12,inexact_chain.FP64.div,8,1,nearest_even,1048576,5.452651978,5.387834549
12,throughput4096.FP64.mul_div,0,0,toward_zero,1048576,2.634610176,2.628525734
12,throughput4096.FP64.mul_div,0,1,nearest_even,1048576,3.514110565,3.447034836
12,throughput4096.FP64.mul_div,1,0,nearest_even,1048576,3.809713364,3.799420357
12,throughput4096.FP64.mul_div,1,1,toward_zero,1048576,2.592751503,2.584841728
12,throughput4096.FP64.mul_div,2,0,toward_zero,1048576,2.585098267,2.578448296
12,throughput4096.FP64.mul_div,2,1,nearest_even,1048576,3.892313957,3.822140694
12,throughput4096.FP64.mul_div,3,0,nearest_even,1048576,3.810802460,3.802609444
12,throughput4096.FP64.mul_div,3,1,toward_zero,1048576,2.604714394,2.598725319
12,throughput4096.FP64.mul_div,4,0,toward_zero,1048576,2.681476593,2.624264717
12,throughput4096.FP64.mul_div,4,1,nearest_even,1048576,3.855260849,3.845385551
12,throughput4096.FP64.mul_div,5,0,nearest_even,1048576,3.853292465,3.844086647
12,throughput4096.FP64.mul_div,5,1,toward_zero,1048576,2.731208801,2.666458130
12,throughput4096.FP64.mul_div,6,0,toward_zero,1048576,2.642483711,2.636447906
12,throughput4096.FP64.mul_div,6,1,nearest_even,1048576,3.702462196,3.693239212
12,throughput4096.FP64.mul_div,7,0,nearest_even,1048576,3.882376671,3.814993858
12,throughput4096.FP64.mul_div,7,1,toward_zero,1048576,2.581171036,2.574722290
12,throughput4096.FP64.mul_div,8,0,toward_zero,1048576,2.594614983,2.586868286
12,throughput4096.FP64.mul_div,8,1,nearest_even,1048576,3.875239372,3.813026428
12,throughput256.FP64.mul_div,0,0,toward_zero,1048576,2.563887596,2.561442375
12,throughput256.FP64.mul_div,0,1,nearest_even,1048576,3.461492538,3.451766014
12,throughput256.FP64.mul_div,1,0,nearest_even,1048576,3.159449577,3.109161377
12,throughput256.FP64.mul_div,1,1,toward_zero,1048576,2.639578819,2.635316849
12,throughput256.FP64.mul_div,2,0,toward_zero,1048576,2.628896713,2.624187469
12,throughput256.FP64.mul_div,2,1,nearest_even,1048576,3.419719696,3.412754059
12,throughput256.FP64.mul_div,3,0,nearest_even,1048576,3.036882401,2.998620987
12,throughput256.FP64.mul_div,3,1,toward_zero,1048576,2.679652214,2.674261093
12,throughput256.FP64.mul_div,4,0,toward_zero,1048576,2.648856163,2.645588875
12,throughput256.FP64.mul_div,4,1,nearest_even,1048576,2.519027710,2.514633179
12,throughput256.FP64.mul_div,5,0,nearest_even,1048576,2.601054192,2.546133041
12,throughput256.FP64.mul_div,5,1,toward_zero,1048576,2.623135567,2.619610786
12,throughput256.FP64.mul_div,6,0,toward_zero,1048576,2.614774704,2.609339714
12,throughput256.FP64.mul_div,6,1,nearest_even,1048576,2.729134560,2.697642326
12,throughput256.FP64.mul_div,7,0,nearest_even,1048576,2.588911057,2.565960884
12,throughput256.FP64.mul_div,7,1,toward_zero,1048576,2.637543678,2.631306648
12,throughput256.FP64.mul_div,8,0,toward_zero,1048576,2.641901016,2.638195038
12,throughput256.FP64.mul_div,8,1,nearest_even,1048576,2.616466522,2.566202164
12,exact_results.FP64.mul_div,0,0,toward_zero,1048576,2.680225372,2.673479080
12,exact_results.FP64.mul_div,0,1,nearest_even,1048576,2.640706062,2.636158943
12,exact_results.FP64.mul_div,1,0,nearest_even,1048576,2.642378807,2.636894226
12,exact_results.FP64.mul_div,1,1,toward_zero,1048576,2.704971313,2.660159111
12,exact_results.FP64.mul_div,2,0,toward_zero,1048576,2.648436546,2.641098022
12,exact_results.FP64.mul_div,2,1,nearest_even,1048576,2.642646790,2.638852119
12,exact_results.FP64.mul_div,3,0,nearest_even,1048576,2.635098457,2.630807877
12,exact_results.FP64.mul_div,3,1,toward_zero,1048576,2.668510437,2.637094498
12,exact_results.FP64.mul_div,4,0,toward_zero,1048576,2.635737419,2.630999565
12,exact_results.FP64.mul_div,4,1,nearest_even,1048576,2.638775826,2.632605553
12,exact_results.FP64.mul_div,5,0,nearest_even,1048576,2.638747215,2.634036064
12,exact_results.FP64.mul_div,5,1,toward_zero,1048576,2.698427200,2.663437843
12,exact_results.FP64.mul_div,6,0,toward_zero,1048576,2.650710106,2.644577980
12,exact_results.FP64.mul_div,6,1,nearest_even,1048576,2.635537148,2.630856514
12,exact_results.FP64.mul_div,7,0,nearest_even,1048576,2.670545578,2.633252144
12,exact_results.FP64.mul_div,7,1,toward_zero,1048576,2.652840614,2.649315834
12,exact_results.FP64.mul_div,8,0,toward_zero,1048576,2.669523239,2.662873268
12,exact_results.FP64.mul_div,8,1,nearest_even,1048576,2.644185066,2.638089180
12,halfway_ties.FP64.mul_div,0,0,toward_zero,1048576,2.702621460,2.662452698
12,halfway_ties.FP64.mul_div,0,1,nearest_even,1048576,2.551561356,2.544595718
12,halfway_ties.FP64.mul_div,1,0,nearest_even,1048576,2.562978745,2.555631638
12,halfway_ties.FP64.mul_div,1,1,toward_zero,1048576,2.657293320,2.649324417
12,halfway_ties.FP64.mul_div,2,0,toward_zero,1048576,2.671740532,2.639978409
12,halfway_ties.FP64.mul_div,2,1,nearest_even,1048576,2.520126343,2.515800476
12,halfway_ties.FP64.mul_div,3,0,nearest_even,1048576,2.547289848,2.539456367
12,halfway_ties.FP64.mul_div,3,1,toward_zero,1048576,2.662052155,2.654285431
12,halfway_ties.FP64.mul_div,4,0,toward_zero,1048576,2.733339310,2.692291260
12,halfway_ties.FP64.mul_div,4,1,nearest_even,1048576,2.606338501,2.598608017
12,halfway_ties.FP64.mul_div,5,0,nearest_even,1048576,2.562339783,2.554448128
12,halfway_ties.FP64.mul_div,5,1,toward_zero,1048576,2.646449089,2.637736320
12,halfway_ties.FP64.mul_div,6,0,toward_zero,1048576,2.677712440,2.638537407
12,halfway_ties.FP64.mul_div,6,1,nearest_even,1048576,2.522151947,2.515923500
12,halfway_ties.FP64.mul_div,7,0,nearest_even,1048576,2.595732689,2.587813377
12,halfway_ties.FP64.mul_div,7,1,toward_zero,1048576,2.670164108,2.645446777
12,halfway_ties.FP64.mul_div,8,0,toward_zero,1048576,2.655038834,2.648530960
12,halfway_ties.FP64.mul_div,8,1,nearest_even,1048576,2.546372414,2.541118622
12,exact_chain.FP64.mul_div,0,0,nearest_even,1048576,3.821303368,3.814179420
12,exact_chain.FP64.mul_div,0,1,toward_zero,1048576,3.797674179,3.775018692
12,exact_chain.FP64.mul_div,1,0,toward_zero,1048576,3.787775993,3.779366493
12,exact_chain.FP64.mul_div,1,1,nearest_even,1048576,3.864395142,3.853776932
12,exact_chain.FP64.mul_div,2,0,nearest_even,1048576,3.866907120,3.834294319
12,exact_chain.FP64.mul_div,2,1,toward_zero,1048576,3.817605972,3.807332039
12,exact_chain.FP64.mul_div,3,0,toward_zero,1048576,3.826348305,3.815511703
12,exact_chain.FP64.mul_div,3,1,nearest_even,1048576,3.892772675,3.866321564
12,exact_chain.FP64.mul_div,4,0,nearest_even,1048576,3.873825073,3.861696243
12,exact_chain.FP64.mul_div,4,1,toward_zero,1048576,3.830027580,3.797595024
12,exact_chain.FP64.mul_div,5,0,toward_zero,1048576,3.798916817,3.791539192
12,exact_chain.FP64.mul_div,5,1,nearest_even,1048576,3.840661049,3.832717896
12,exact_chain.FP64.mul_div,6,0,nearest_even,1048576,3.875832558,3.855351448
12,exact_chain.FP64.mul_div,6,1,toward_zero,1048576,3.797932625,3.790493965
12,exact_chain.FP64.mul_div,7,0,toward_zero,1048576,3.827724457,3.808191299
12,exact_chain.FP64.mul_div,7,1,nearest_even,1048576,3.872851372,3.865662575
12,exact_chain.FP64.mul_div,8,0,nearest_even,1048576,3.887001038,3.881062508
12,exact_chain.FP64.mul_div,8,1,toward_zero,1048576,3.829577446,3.814246178
12,inexact_chain.FP64.mul_div,0,0,toward_zero,1048576,3.855595589,3.847576141
12,inexact_chain.FP64.mul_div,0,1,nearest_even,1048576,5.347168922,5.313517570
12,inexact_chain.FP64.mul_div,1,0,nearest_even,1048576,5.273702621,5.263557434
12,inexact_chain.FP64.mul_div,1,1,toward_zero,1048576,3.802853584,3.796817780
12,inexact_chain.FP64.mul_div,2,0,toward_zero,1048576,3.826578140,3.806250572
12,inexact_chain.FP64.mul_div,2,1,nearest_even,1048576,5.314223289,5.301574707
12,inexact_chain.FP64.mul_div,3,0,nearest_even,1048576,5.333571434,5.311858177
12,inexact_chain.FP64.mul_div,3,1,toward_zero,1048576,3.818599701,3.811669350
12,inexact_chain.FP64.mul_div,4,0,toward_zero,1048576,3.833790779,3.815644264
12,inexact_chain.FP64.mul_div,4,1,nearest_even,1048576,5.292620659,5.283672333
12,inexact_chain.FP64.mul_div,5,0,nearest_even,1048576,5.332377434,5.302320480
12,inexact_chain.FP64.mul_div,5,1,toward_zero,1048576,3.844979286,3.837180138
12,inexact_chain.FP64.mul_div,6,0,toward_zero,1048576,3.871781349,3.863273621
12,inexact_chain.FP64.mul_div,6,1,nearest_even,1048576,5.368609428,5.336314201
12,inexact_chain.FP64.mul_div,7,0,nearest_even,1048576,5.301774979,5.291101456
12,inexact_chain.FP64.mul_div,7,1,toward_zero,1048576,3.876940727,3.845137596
12,inexact_chain.FP64.mul_div,8,0,toward_zero,1048576,3.812254906,3.804865837
12,inexact_chain.FP64.mul_div,8,1,nearest_even,1048576,5.339639664,5.316506386
12,throughput4096.FP128.mul,0,0,toward_zero,1048576,2.844613075,2.839827538
12,throughput4096.FP128.mul,0,1,nearest_even,1048576,2.759576797,2.755601883
12,throughput4096.FP128.mul,1,0,nearest_even,1048576,2.791488647,2.773089409
12,throughput4096.FP128.mul,1,1,toward_zero,1048576,2.860989571,2.856834412
12,throughput4096.FP128.mul,2,0,toward_zero,1048576,2.860073090,2.855688095
12,throughput4096.FP128.mul,2,1,nearest_even,1048576,2.738079071,2.732614517
12,throughput4096.FP128.mul,3,0,nearest_even,1048576,2.763675690,2.749945641
12,throughput4096.FP128.mul,3,1,toward_zero,1048576,2.871166229,2.865748405
12,throughput4096.FP128.mul,4,0,toward_zero,1048576,2.877309799,2.871777534
12,throughput4096.FP128.mul,4,1,nearest_even,1048576,2.766962051,2.755975723
12,throughput4096.FP128.mul,5,0,nearest_even,1048576,2.747767448,2.742340088
12,throughput4096.FP128.mul,5,1,toward_zero,1048576,2.870038033,2.862223625
12,throughput4096.FP128.mul,6,0,toward_zero,1048576,2.852104187,2.847492218
12,throughput4096.FP128.mul,6,1,nearest_even,1048576,2.740801811,2.730662346
12,throughput4096.FP128.mul,7,0,nearest_even,1048576,2.742282867,2.739378929
12,throughput4096.FP128.mul,7,1,toward_zero,1048576,2.856833458,2.853146553
12,throughput4096.FP128.mul,8,0,toward_zero,1048576,2.855877876,2.846579552
12,throughput4096.FP128.mul,8,1,nearest_even,1048576,2.728638649,2.723136902
12,throughput256.FP128.mul,0,0,nearest_even,1048576,2.719389915,2.714048386
12,throughput256.FP128.mul,0,1,toward_zero,1048576,2.867372513,2.862317085
12,throughput256.FP128.mul,1,0,toward_zero,1048576,2.840590477,2.829660416
12,throughput256.FP128.mul,1,1,nearest_even,1048576,2.707695007,2.701617241
12,throughput256.FP128.mul,2,0,nearest_even,1048576,2.702315331,2.696419716
12,throughput256.FP128.mul,2,1,toward_zero,1048576,2.807532310,2.802801132
12,throughput256.FP128.mul,3,0,toward_zero,1048576,2.827385902,2.814734459
12,throughput256.FP128.mul,3,1,nearest_even,1048576,2.706892014,2.701665878
12,throughput256.FP128.mul,4,0,nearest_even,1048576,2.727893829,2.722638130
12,throughput256.FP128.mul,4,1,toward_zero,1048576,2.853852272,2.842462540
12,throughput256.FP128.mul,5,0,toward_zero,1048576,2.839196205,2.835700035
12,throughput256.FP128.mul,5,1,nearest_even,1048576,2.710283279,2.704863548
12,throughput256.FP128.mul,6,0,nearest_even,1048576,2.711860657,2.705259323
12,throughput256.FP128.mul,6,1,toward_zero,1048576,2.850795746,2.841048241
12,throughput256.FP128.mul,7,0,toward_zero,1048576,2.888717651,2.883834839
12,throughput256.FP128.mul,7,1,nearest_even,1048576,2.719590187,2.712501526
12,throughput256.FP128.mul,8,0,nearest_even,1048576,2.718691826,2.711381912
12,throughput256.FP128.mul,8,1,toward_zero,1048576,2.850240707,2.839978218
12,exact_results.FP128.mul,0,0,nearest_even,1048576,2.714964867,2.712176323
12,exact_results.FP128.mul,0,1,toward_zero,1048576,2.808620453,2.803625107
12,exact_results.FP128.mul,1,0,toward_zero,1048576,2.824787140,2.812087059
12,exact_results.FP128.mul,1,1,nearest_even,1048576,2.727013588,2.722410202
12,exact_results.FP128.mul,2,0,nearest_even,1048576,2.723698616,2.717286110
12,exact_results.FP128.mul,2,1,toward_zero,1048576,2.808993340,2.804368019
12,exact_results.FP128.mul,3,0,toward_zero,1048576,2.831379890,2.820374489
12,exact_results.FP128.mul,3,1,nearest_even,1048576,2.885344505,2.880357742
12,exact_results.FP128.mul,4,0,nearest_even,1048576,2.882765770,2.877319336
12,exact_results.FP128.mul,4,1,toward_zero,1048576,2.820229530,2.808728218
12,exact_results.FP128.mul,5,0,toward_zero,1048576,2.811850548,2.807158470
12,exact_results.FP128.mul,5,1,nearest_even,1048576,2.721806526,2.715536118
12,exact_results.FP128.mul,6,0,nearest_even,1048576,2.708382607,2.703030586
12,exact_results.FP128.mul,6,1,toward_zero,1048576,2.804454803,2.796132088
12,exact_results.FP128.mul,7,0,toward_zero,1048576,2.813971519,2.807559967
12,exact_results.FP128.mul,7,1,nearest_even,1048576,2.717134476,2.711782455
12,exact_results.FP128.mul,8,0,nearest_even,1048576,2.718234062,2.712159157
12,exact_results.FP128.mul,8,1,toward_zero,1048576,2.818681717,2.806851387
12,halfway_ties.FP128.mul,0,0,toward_zero,1048576,2.800662041,2.794165611
12,halfway_ties.FP128.mul,0,1,nearest_even,1048576,2.714497566,2.709263802
12,halfway_ties.FP128.mul,1,0,nearest_even,1048576,2.721261978,2.712805748
12,halfway_ties.FP128.mul,1,1,toward_zero,1048576,2.812117577,2.806769371
12,halfway_ties.FP128.mul,2,0,toward_zero,1048576,2.817143440,2.810751915
12,halfway_ties.FP128.mul,2,1,nearest_even,1048576,2.714678764,2.709184647
12,halfway_ties.FP128.mul,3,0,nearest_even,1048576,2.731208801,2.720208168
12,halfway_ties.FP128.mul,3,1,toward_zero,1048576,2.809738159,2.804301262
12,halfway_ties.FP128.mul,4,0,toward_zero,1048576,2.796133041,2.791766167
12,halfway_ties.FP128.mul,4,1,nearest_even,1048576,2.710302353,2.704799652
12,halfway_ties.FP128.mul,5,0,nearest_even,1048576,2.720727921,2.709348679
12,halfway_ties.FP128.mul,5,1,toward_zero,1048576,2.803002357,2.796081543
12,halfway_ties.FP128.mul,6,0,toward_zero,1048576,2.809700966,2.805840492
12,halfway_ties.FP128.mul,6,1,nearest_even,1048576,2.726565361,2.713798523
12,halfway_ties.FP128.mul,7,0,nearest_even,1048576,2.681829453,2.676814079
12,halfway_ties.FP128.mul,7,1,toward_zero,1048576,2.759376526,2.755640030
12,halfway_ties.FP128.mul,8,0,toward_zero,1048576,2.751970291,2.747643471
12,halfway_ties.FP128.mul,8,1,nearest_even,1048576,2.679871559,2.668653488
12,exact_chain.FP128.mul,0,0,nearest_even,1048576,3.803627014,3.790952682
12,exact_chain.FP128.mul,0,1,toward_zero,1048576,3.756953239,3.750071526
12,exact_chain.FP128.mul,1,0,toward_zero,1048576,3.764729500,3.752017021
12,exact_chain.FP128.mul,1,1,nearest_even,1048576,3.807257652,3.797404289
12,exact_chain.FP128.mul,2,0,nearest_even,1048576,3.811165810,3.802870750
12,exact_chain.FP128.mul,2,1,toward_zero,1048576,3.799537659,3.786586761
12,exact_chain.FP128.mul,3,0,toward_zero,1048576,3.790384293,3.783510208
12,exact_chain.FP128.mul,3,1,nearest_even,1048576,3.842973709,3.835841179
12,exact_chain.FP128.mul,4,0,nearest_even,1048576,3.901505470,3.888089180
12,exact_chain.FP128.mul,4,1,toward_zero,1048576,3.806780815,3.799131393
12,exact_chain.FP128.mul,5,0,toward_zero,1048576,3.775803566,3.761544228
12,exact_chain.FP128.mul,5,1,nearest_even,1048576,3.791206360,3.782605171
12,exact_chain.FP128.mul,6,0,nearest_even,1048576,3.793852806,3.785937309
12,exact_chain.FP128.mul,6,1,toward_zero,1048576,3.759169579,3.745846748
12,exact_chain.FP128.mul,7,0,toward_zero,1048576,3.756723404,3.750338554
12,exact_chain.FP128.mul,7,1,nearest_even,1048576,3.762245178,3.757102966
12,exact_chain.FP128.mul,8,0,nearest_even,1048576,3.782692909,3.769722939
12,exact_chain.FP128.mul,8,1,toward_zero,1048576,3.745487213,3.738107681
12,inexact_chain.FP128.mul,0,0,nearest_even,1048576,5.258147240,5.242421150
12,inexact_chain.FP128.mul,0,1,toward_zero,1048576,3.778154373,3.771147728
12,inexact_chain.FP128.mul,1,0,toward_zero,1048576,3.781459808,3.775417328
12,inexact_chain.FP128.mul,1,1,nearest_even,1048576,5.329281807,5.313585281
12,inexact_chain.FP128.mul,2,0,nearest_even,1048576,5.277781487,5.268945694
12,inexact_chain.FP128.mul,2,1,toward_zero,1048576,3.800818443,3.787313461
12,inexact_chain.FP128.mul,3,0,toward_zero,1048576,3.787442207,3.780365944
12,inexact_chain.FP128.mul,3,1,nearest_even,1048576,5.314100266,5.296195030
12,inexact_chain.FP128.mul,4,0,nearest_even,1048576,5.306274414,5.296298027
12,inexact_chain.FP128.mul,4,1,toward_zero,1048576,3.827570915,3.814582825
12,inexact_chain.FP128.mul,5,0,toward_zero,1048576,3.802213669,3.796122551
12,inexact_chain.FP128.mul,5,1,nearest_even,1048576,5.062142372,5.053297997
12,inexact_chain.FP128.mul,6,0,nearest_even,1048576,5.317873955,5.302712440
12,inexact_chain.FP128.mul,6,1,toward_zero,1048576,3.834001541,3.827183723
12,inexact_chain.FP128.mul,7,0,toward_zero,1048576,3.831507683,3.818834305
12,inexact_chain.FP128.mul,7,1,nearest_even,1048576,5.076015472,5.066538811
12,inexact_chain.FP128.mul,8,0,nearest_even,1048576,5.187529564,5.169596672
12,inexact_chain.FP128.mul,8,1,toward_zero,1048576,3.801190376,3.793409348
12,throughput4096.FP128.div,0,0,nearest_even,1048576,3.340740204,3.329329491
12,throughput4096.FP128.div,0,1,toward_zero,1048576,2.532174110,2.527369499
12,throughput4096.FP128.div,1,0,toward_zero,1048576,2.468980789,2.465415955
12,throughput4096.FP128.div,1,1,nearest_even,1048576,3.364226341,3.356943130
12,throughput4096.FP128.div,2,0,nearest_even,1048576,3.359391212,3.347837448
12,throughput4096.FP128.div,2,1,toward_zero,1048576,2.478104591,2.474761009
12,throughput4096.FP128.div,3,0,toward_zero,1048576,2.478887558,2.473098755
12,throughput4096.FP128.div,3,1,nearest_even,1048576,3.368764877,3.357497215
12,throughput4096.FP128.div,4,0,nearest_even,1048576,3.348718643,3.342525482
12,throughput4096.FP128.div,4,1,toward_zero,1048576,2.523652077,2.520442963
12,throughput4096.FP128.div,5,0,toward_zero,1048576,2.477512360,2.472572327
12,throughput4096.FP128.div,5,1,nearest_even,1048576,3.369509697,3.358872414
12,throughput4096.FP128.div,6,0,nearest_even,1048576,3.349407196,3.342878342
12,throughput4096.FP128.div,6,1,toward_zero,1048576,2.491051674,2.487756729
12,throughput4096.FP128.div,7,0,toward_zero,1048576,2.505402565,2.499478340
12,throughput4096.FP128.div,7,1,nearest_even,1048576,3.369423866,3.357020378
12,throughput4096.FP128.div,8,0,nearest_even,1048576,3.341944695,3.335283279
12,throughput4096.FP128.div,8,1,toward_zero,1048576,2.507590294,2.501564026
12,throughput256.FP128.div,0,0,nearest_even,1048576,3.371238708,3.360879898
12,throughput256.FP128.div,0,1,toward_zero,1048576,2.464976311,2.460858345
12,throughput256.FP128.div,1,0,toward_zero,1048576,2.474961281,2.470901489
12,throughput256.FP128.div,1,1,nearest_even,1048576,3.376064301,3.365419388
12,throughput256.FP128.div,2,0,nearest_even,1048576,3.354509354,3.348218918
12,throughput256.FP128.div,2,1,toward_zero,1048576,2.490907669,2.487239838
12,throughput256.FP128.div,3,0,toward_zero,1048576,2.496774673,2.491817474
12,throughput256.FP128.div,3,1,nearest_even,1048576,3.370265007,3.359521866
12,throughput256.FP128.div,4,0,nearest_even,1048576,3.358454704,3.351583481
12,throughput256.FP128.div,4,1,toward_zero,1048576,2.481344223,2.475852013
12,throughput256.FP128.div,5,0,toward_zero,1048576,2.485184669,2.475352287
12,throughput256.FP128.div,5,1,nearest_even,1048576,3.343979836,3.338407516
12,throughput256.FP128.div,6,0,nearest_even,1048576,3.341036797,3.336411476
12,throughput256.FP128.div,6,1,toward_zero,1048576,2.470251083,2.464929581
12,throughput256.FP128.div,7,0,toward_zero,1048576,2.490458488,2.480408669
12,throughput256.FP128.div,7,1,nearest_even,1048576,3.362286568,3.355471611
12,throughput256.FP128.div,8,0,nearest_even,1048576,3.346435547,3.340681076
12,throughput256.FP128.div,8,1,toward_zero,1048576,2.502927780,2.492094040
12,exact_results.FP128.div,0,0,toward_zero,1048576,2.509463310,2.505287170
12,exact_results.FP128.div,0,1,nearest_even,1048576,2.495121002,2.490241051
12,exact_results.FP128.div,1,0,nearest_even,1048576,2.466075897,2.463125229
12,exact_results.FP128.div,1,1,toward_zero,1048576,2.498303413,2.487489700
12,exact_results.FP128.div,2,0,toward_zero,1048576,2.507409096,2.501544952
12,exact_results.FP128.div,2,1,nearest_even,1048576,2.482719421,2.479203224
12,exact_results.FP128.div,3,0,nearest_even,1048576,2.469543457,2.464137077
12,exact_results.FP128.div,3,1,toward_zero,1048576,2.492953300,2.480743408
12,exact_results.FP128.div,4,0,toward_zero,1048576,2.493277550,2.490136147
12,exact_results.FP128.div,4,1,nearest_even,1048576,2.481163025,2.475842476
12,exact_results.FP128.div,5,0,nearest_even,1048576,2.468655586,2.465264320
12,exact_results.FP128.div,5,1,toward_zero,1048576,2.495303154,2.484592438
12,exact_results.FP128.div,6,0,toward_zero,1048576,2.498150826,2.493268967
12,exact_results.FP128.div,6,1,nearest_even,1048576,2.473814964,2.470346451
12,exact_results.FP128.div,7,0,nearest_even,1048576,2.468024254,2.461825371
12,exact_results.FP128.div,7,1,toward_zero,1048576,2.486894608,2.478403091
12,exact_results.FP128.div,8,0,toward_zero,1048576,2.511364937,2.505548477
12,exact_results.FP128.div,8,1,nearest_even,1048576,2.493583679,2.487622261
12,halfway_ties.FP128.div,0,0,toward_zero,1048576,2.488835335,2.483323097
12,halfway_ties.FP128.div,0,1,nearest_even,1048576,3.382541656,3.371552467
12,halfway_ties.FP128.div,1,0,nearest_even,1048576,3.341113091,3.336210251
12,halfway_ties.FP128.div,1,1,toward_zero,1048576,2.489656448,2.476183891
12,halfway_ties.FP128.div,2,0,toward_zero,1048576,2.504772186,2.501370430
12,halfway_ties.FP128.div,2,1,nearest_even,1048576,3.383163452,3.369134903
12,halfway_ties.FP128.div,3,0,nearest_even,1048576,3.343091011,3.338471413
12,halfway_ties.FP128.div,3,1,toward_zero,1048576,2.475649834,2.470827103
12,halfway_ties.FP128.div,4,0,toward_zero,1048576,2.512578011,2.503149986
12,halfway_ties.FP128.div,4,1,nearest_even,1048576,3.372127533,3.363821983
12,halfway_ties.FP128.div,5,0,nearest_even,1048576,3.358120918,3.352585793
12,halfway_ties.FP128.div,5,1,toward_zero,1048576,2.517622948,2.506934166
12,halfway_ties.FP128.div,6,0,toward_zero,1048576,2.495877266,2.491318703
12,halfway_ties.FP128.div,6,1,nearest_even,1048576,3.367398262,3.362072945
12,halfway_ties.FP128.div,7,0,nearest_even,1048576,3.342909813,3.336361885
12,halfway_ties.FP128.div,7,1,toward_zero,1048576,2.488251686,2.477858543
12,halfway_ties.FP128.div,8,0,toward_zero,1048576,2.497022629,2.491347313
12,halfway_ties.FP128.div,8,1,nearest_even,1048576,3.369968414,3.363086700
12,exact_chain.FP128.div,0,0,toward_zero,1048576,4.204809189,4.191761017
12,exact_chain.FP128.div,0,1,nearest_even,1048576,4.213868141,4.206879616
12,exact_chain.FP128.div,1,0,nearest_even,1048576,4.224941254,4.211761475
12,exact_chain.FP128.div,1,1,toward_zero,1048576,4.195226669,4.181270599
12,exact_chain.FP128.div,2,0,toward_zero,1048576,4.196888924,4.190577507
12,exact_chain.FP128.div,2,1,nearest_even,1048576,4.228228569,4.214053154
12,exact_chain.FP128.div,3,0,nearest_even,1048576,4.121358871,4.113392830
12,exact_chain.FP128.div,3,1,toward_zero,1048576,4.090984344,4.080871582
12,exact_chain.FP128.div,4,0,toward_zero,1048576,4.134115219,4.120236397
12,exact_chain.FP128.div,4,1,nearest_even,1048576,4.139636993,4.131730080
12,exact_chain.FP128.div,5,0,nearest_even,1048576,4.124197006,4.109360695
12,exact_chain.FP128.div,5,1,toward_zero,1048576,4.124024391,4.116014481
12,exact_chain.FP128.div,6,0,toward_zero,1048576,4.122419357,4.108683586
12,exact_chain.FP128.div,6,1,nearest_even,1048576,4.152918816,4.143358231
12,exact_chain.FP128.div,7,0,nearest_even,1048576,4.131868362,4.123006821
12,exact_chain.FP128.div,7,1,toward_zero,1048576,4.113897324,4.100660324
12,exact_chain.FP128.div,8,0,toward_zero,1048576,4.129537582,4.123390198
12,exact_chain.FP128.div,8,1,nearest_even,1048576,4.175132751,4.161225319
12,inexact_chain.FP128.div,0,0,toward_zero,1048576,4.112711906,4.105634689
12,inexact_chain.FP128.div,0,1,nearest_even,1048576,5.525621414,5.508931160
12,inexact_chain.FP128.div,1,0,nearest_even,1048576,5.510620117,5.499917984
12,inexact_chain.FP128.div,1,1,toward_zero,1048576,4.113275528,4.107272148
12,inexact_chain.FP128.div,2,0,toward_zero,1048576,4.132051468,4.115542412
12,inexact_chain.FP128.div,2,1,nearest_even,1048576,5.534220695,5.524971008
12,inexact_chain.FP128.div,3,0,nearest_even,1048576,5.535406113,5.519618988
12,inexact_chain.FP128.div,3,1,toward_zero,1048576,4.110427856,4.103775024
12,inexact_chain.FP128.div,4,0,toward_zero,1048576,4.123968124,4.111043930
12,inexact_chain.FP128.div,4,1,nearest_even,1048576,5.509397507,5.499481201
12,inexact_chain.FP128.div,5,0,nearest_even,1048576,5.524560928,5.511718750
12,inexact_chain.FP128.div,5,1,toward_zero,1048576,4.122839928,4.115466118
12,inexact_chain.FP128.div,6,0,toward_zero,1048576,4.125305176,4.112851143
12,inexact_chain.FP128.div,6,1,nearest_even,1048576,5.511365891,5.500062943
12,inexact_chain.FP128.div,7,0,nearest_even,1048576,5.539035797,5.522994041
12,inexact_chain.FP128.div,7,1,toward_zero,1048576,4.136302948,4.127985954
12,inexact_chain.FP128.div,8,0,toward_zero,1048576,4.132031441,4.120389938
12,inexact_chain.FP128.div,8,1,nearest_even,1048576,5.502671242,5.491931915
12,throughput4096.FP128.mul_div,0,0,toward_zero,1048576,3.168345451,3.157223701
12,throughput4096.FP128.mul_div,0,1,nearest_even,1048576,4.745242119,4.736703873
12,throughput4096.FP128.mul_div,1,0,nearest_even,1048576,4.747669220,4.739024162
12,throughput4096.FP128.mul_div,1,1,toward_zero,1048576,3.159871101,3.147980690
12,throughput4096.FP128.mul_div,2,0,toward_zero,1048576,3.227383614,3.217950821
12,throughput4096.FP128.mul_div,2,1,nearest_even,1048576,4.764925003,4.749858856
12,throughput4096.FP128.mul_div,3,0,nearest_even,1048576,4.759068489,4.750269890
12,throughput4096.FP128.mul_div,3,1,toward_zero,1048576,3.149369240,3.144293785
12,throughput4096.FP128.mul_div,4,0,toward_zero,1048576,3.180575371,3.170560837
12,throughput4096.FP128.mul_div,4,1,nearest_even,1048576,4.759202003,4.750699043
12,throughput4096.FP128.mul_div,5,0,nearest_even,1048576,4.753784180,4.738403320
12,throughput4096.FP128.mul_div,5,1,toward_zero,1048576,3.155398369,3.148631096
12,throughput4096.FP128.mul_div,6,0,toward_zero,1048576,3.181874275,3.170637131
12,throughput4096.FP128.mul_div,6,1,nearest_even,1048576,4.763367653,4.748615265
12,throughput4096.FP128.mul_div,7,0,nearest_even,1048576,4.735352516,4.725878716
12,throughput4096.FP128.mul_div,7,1,toward_zero,1048576,3.152799606,3.148507118
12,throughput4096.FP128.mul_div,8,0,toward_zero,1048576,3.191295624,3.178879738
12,throughput4096.FP128.mul_div,8,1,nearest_even,1048576,4.757873535,4.749121666
12,throughput256.FP128.mul_div,0,0,nearest_even,1048576,4.752962112,4.738069534
12,throughput256.FP128.mul_div,0,1,toward_zero,1048576,3.201299667,3.196425438
12,throughput256.FP128.mul_div,1,0,toward_zero,1048576,3.178951263,3.170207977
12,throughput256.FP128.mul_div,1,1,nearest_even,1048576,4.755933762,4.741814613
12,throughput256.FP128.mul_div,2,0,nearest_even,1048576,4.729295731,4.721902847
12,throughput256.FP128.mul_div,2,1,toward_zero,1048576,3.158122063,3.145519257
12,throughput256.FP128.mul_div,3,0,toward_zero,1048576,3.162048340,3.156952858
12,throughput256.FP128.mul_div,3,1,nearest_even,1048576,4.740876198,4.733351707
12,throughput256.FP128.mul_div,4,0,nearest_even,1048576,4.756048203,4.742005348
12,throughput256.FP128.mul_div,4,1,toward_zero,1048576,3.161284447,3.155893326
12,throughput256.FP128.mul_div,5,0,toward_zero,1048576,3.188611031,3.181663513
12,throughput256.FP128.mul_div,5,1,nearest_even,1048576,4.765269279,4.750335693
12,throughput256.FP128.mul_div,6,0,nearest_even,1048576,4.746302605,4.737905502
12,throughput256.FP128.mul_div,6,1,toward_zero,1048576,3.156631470,3.145403862
12,throughput256.FP128.mul_div,7,0,toward_zero,1048576,3.192911148,3.186906815
12,throughput256.FP128.mul_div,7,1,nearest_even,1048576,4.761131287,4.752561569
12,throughput256.FP128.mul_div,8,0,nearest_even,1048576,4.733642578,4.719592094
12,throughput256.FP128.mul_div,8,1,toward_zero,1048576,3.143484116,3.138036728
12,exact_results.FP128.mul_div,0,0,toward_zero,1048576,3.196063995,3.183860779
12,exact_results.FP128.mul_div,0,1,nearest_even,1048576,3.277727127,3.272595406
12,exact_results.FP128.mul_div,1,0,nearest_even,1048576,3.289201736,3.283496857
12,exact_results.FP128.mul_div,1,1,toward_zero,1048576,3.182419777,3.169367790
12,exact_results.FP128.mul_div,2,0,toward_zero,1048576,3.179476738,3.174170494
12,exact_results.FP128.mul_div,2,1,nearest_even,1048576,3.286383629,3.279407501
12,exact_results.FP128.mul_div,3,0,nearest_even,1048576,3.286651611,3.274984360
12,exact_results.FP128.mul_div,3,1,toward_zero,1048576,3.180584908,3.173972130
12,exact_results.FP128.mul_div,4,0,toward_zero,1048576,3.175768852,3.167764664
12,exact_results.FP128.mul_div,4,1,nearest_even,1048576,3.312258720,3.306589127
12,exact_results.FP128.mul_div,5,0,nearest_even,1048576,3.292374611,3.279273987
12,exact_results.FP128.mul_div,5,1,toward_zero,1048576,3.181903839,3.176741600
12,exact_results.FP128.mul_div,6,0,toward_zero,1048576,3.180967331,3.176722527
12,exact_results.FP128.mul_div,6,1,nearest_even,1048576,3.290912628,3.278176308
12,exact_results.FP128.mul_div,7,0,nearest_even,1048576,3.290283203,3.284912109
12,exact_results.FP128.mul_div,7,1,toward_zero,1048576,3.244094849,3.237253189
12,exact_results.FP128.mul_div,8,0,toward_zero,1048576,3.199579239,3.188045502
12,exact_results.FP128.mul_div,8,1,nearest_even,1048576,3.288543701,3.282798767
12,halfway_ties.FP128.mul_div,0,0,nearest_even,1048576,4.799005508,4.785059929
12,halfway_ties.FP128.mul_div,0,1,toward_zero,1048576,3.175176620,3.169683456
12,halfway_ties.FP128.mul_div,1,0,toward_zero,1048576,3.242289543,3.235169411
12,halfway_ties.FP128.mul_div,1,1,nearest_even,1048576,4.811217308,4.796477318
12,halfway_ties.FP128.mul_div,2,0,nearest_even,1048576,4.736576080,4.728382111
12,halfway_ties.FP128.mul_div,2,1,toward_zero,1048576,3.157090187,3.151393890
12,halfway_ties.FP128.mul_div,3,0,toward_zero,1048576,3.221355438,3.208817482
12,halfway_ties.FP128.mul_div,3,1,nearest_even,1048576,4.766901970,4.757217407
12,halfway_ties.FP128.mul_div,4,0,nearest_even,1048576,4.765048981,4.749103546
12,halfway_ties.FP128.mul_div,4,1,toward_zero,1048576,3.153964996,3.148031235
12,halfway_ties.FP128.mul_div,5,0,toward_zero,1048576,3.185409546,3.162762642
12,halfway_ties.FP128.mul_div,5,1,nearest_even,1048576,4.774364471,4.759022713
12,halfway_ties.FP128.mul_div,6,0,nearest_even,1048576,4.729208946,4.722397804
12,halfway_ties.FP128.mul_div,6,1,toward_zero,1048576,3.165670395,3.153935432
12,halfway_ties.FP128.mul_div,7,0,toward_zero,1048576,3.204892159,3.198947906
12,halfway_ties.FP128.mul_div,7,1,nearest_even,1048576,4.777374268,4.768767357
12,halfway_ties.FP128.mul_div,8,0,nearest_even,1048576,4.765010834,4.749049187
12,halfway_ties.FP128.mul_div,8,1,toward_zero,1048576,3.155685425,3.149300575
12,exact_chain.FP128.mul_div,0,0,toward_zero,1048576,4.000243187,3.990735054
12,exact_chain.FP128.mul_div,0,1,nearest_even,1048576,3.946097374,3.933223724
12,exact_chain.FP128.mul_div,1,0,nearest_even,1048576,3.940317154,3.933375359
12,exact_chain.FP128.mul_div,1,1,toward_zero,1048576,3.969984055,3.958351135
12,exact_chain.FP128.mul_div,2,0,toward_zero,1048576,3.956368446,3.950623512
12,exact_chain.FP128.mul_div,2,1,nearest_even,1048576,3.921446800,3.915192604
12,exact_chain.FP128.mul_div,3,0,nearest_even,1048576,3.937890053,3.925148010
12,exact_chain.FP128.mul_div,3,1,toward_zero,1048576,3.966037750,3.959297180
12,exact_chain.FP128.mul_div,4,0,toward_zero,1048576,3.978391647,3.966005325
12,exact_chain.FP128.mul_div,4,1,nearest_even,1048576,3.932519913,3.925912857
12,exact_chain.FP128.mul_div,5,0,nearest_even,1048576,3.955738068,3.947650909
12,exact_chain.FP128.mul_div,5,1,toward_zero,1048576,3.981650352,3.968107224
12,exact_chain.FP128.mul_div,6,0,toward_zero,1048576,3.979424477,3.972540855
12,exact_chain.FP128.mul_div,6,1,nearest_even,1048576,3.924598694,3.916530609
12,exact_chain.FP128.mul_div,7,0,nearest_even,1048576,3.944348335,3.931941986
12,exact_chain.FP128.mul_div,7,1,toward_zero,1048576,3.969821930,3.962775230
12,exact_chain.FP128.mul_div,8,0,toward_zero,1048576,3.985758781,3.973285675
12,exact_chain.FP128.mul_div,8,1,nearest_even,1048576,3.944233894,3.937083244
12,inexact_chain.FP128.mul_div,0,0,nearest_even,1048576,5.195698738,5.182436943
12,inexact_chain.FP128.mul_div,0,1,toward_zero,1048576,3.933762550,3.927643776
12,inexact_chain.FP128.mul_div,1,0,toward_zero,1048576,3.955881119,3.950097084
12,inexact_chain.FP128.mul_div,1,1,nearest_even,1048576,5.185417175,5.170025826
12,inexact_chain.FP128.mul_div,2,0,nearest_even,1048576,5.224448204,5.215394974
12,inexact_chain.FP128.mul_div,2,1,toward_zero,1048576,3.969544411,3.957699776
12,inexact_chain.FP128.mul_div,3,0,toward_zero,1048576,3.966401100,3.959325790
12,inexact_chain.FP128.mul_div,3,1,nearest_even,1048576,5.216794968,5.202877045
12,inexact_chain.FP128.mul_div,4,0,nearest_even,1048576,5.231785774,5.222927094
12,inexact_chain.FP128.mul_div,4,1,toward_zero,1048576,3.987898827,3.975826263
12,inexact_chain.FP128.mul_div,5,0,toward_zero,1048576,3.988510132,3.981043816
12,inexact_chain.FP128.mul_div,5,1,nearest_even,1048576,5.258548737,5.251821518
12,inexact_chain.FP128.mul_div,6,0,nearest_even,1048576,5.285464287,5.268723488
12,inexact_chain.FP128.mul_div,6,1,toward_zero,1048576,4.001676559,3.993589401
12,inexact_chain.FP128.mul_div,7,0,toward_zero,1048576,4.010600090,3.998060226
12,inexact_chain.FP128.mul_div,7,1,nearest_even,1048576,5.273932457,5.264312744
12,inexact_chain.FP128.mul_div,8,0,nearest_even,1048576,5.231279373,5.217396736
12,inexact_chain.FP128.mul_div,8,1,toward_zero,1048576,4.008518219,4.000905991
12,wide_product.FP128.mul,0,0,toward_zero,1048576,6.101558685,6.083871841
12,wide_product.FP128.mul,0,1,nearest_even,1048576,6.854115486,6.835393906
12,wide_product.FP128.mul,1,0,nearest_even,1048576,6.729226112,6.717318535
12,wide_product.FP128.mul,1,1,toward_zero,1048576,6.087389946,6.071403503
12,wide_product.FP128.mul,2,0,toward_zero,1048576,6.093820572,6.083869934
12,wide_product.FP128.mul,2,1,nearest_even,1048576,6.879969597,6.851845741
12,wide_product.FP128.mul,3,0,nearest_even,1048576,6.740662575,6.721552849
12,wide_product.FP128.mul,3,1,toward_zero,1048576,6.132133484,6.122527122
12,wide_product.FP128.mul,4,0,toward_zero,1048576,6.084753036,6.069243431
12,wide_product.FP128.mul,4,1,nearest_even,1048576,6.766011238,6.747850418
12,wide_product.FP128.mul,5,0,nearest_even,1048576,6.780285835,6.765483856
12,wide_product.FP128.mul,5,1,toward_zero,1048576,6.120267868,6.105330467
12,wide_product.FP128.mul,6,0,toward_zero,1048576,6.104187012,6.086165428
12,wide_product.FP128.mul,6,1,nearest_even,1048576,6.899356842,6.887399673
12,wide_product.FP128.mul,7,0,nearest_even,1048576,6.762829781,6.746170998
12,wide_product.FP128.mul,7,1,toward_zero,1048576,6.098835945,6.088751793
12,wide_product.FP128.mul,8,0,toward_zero,1048576,6.082000732,6.064458847
12,wide_product.FP128.mul,8,1,nearest_even,1048576,6.788713455,6.772837639
12,native_by64.FP128.div,0,0,toward_zero,1048576,4.060752869,4.055166245
12,native_by64.FP128.div,0,1,nearest_even,1048576,6.515659332,6.497750282
12,native_by64.FP128.div,1,0,nearest_even,1048576,6.515192032,6.498399734
12,native_by64.FP128.div,1,1,toward_zero,1048576,4.095035553,4.087940216
12,native_by64.FP128.div,2,0,toward_zero,1048576,4.089914322,4.083405495
12,native_by64.FP128.div,2,1,nearest_even,1048576,6.505522728,6.489697456
12,native_by64.FP128.div,3,0,nearest_even,1048576,6.493578911,6.478524208
12,native_by64.FP128.div,3,1,toward_zero,1048576,4.065330505,4.059629440
12,native_by64.FP128.div,4,0,toward_zero,1048576,4.062932014,4.057310104
12,native_by64.FP128.div,4,1,nearest_even,1048576,6.522233009,6.505915642
12,native_by64.FP128.div,5,0,nearest_even,1048576,6.494687080,6.478308678
12,native_by64.FP128.div,5,1,toward_zero,1048576,4.040307045,4.033749580
12,native_by64.FP128.div,6,0,toward_zero,1048576,4.063046455,4.056212425
12,native_by64.FP128.div,6,1,nearest_even,1048576,6.416338921,6.397540092
12,native_by64.FP128.div,7,0,nearest_even,1048576,6.428635597,6.410442352
12,native_by64.FP128.div,7,1,toward_zero,1048576,4.079365730,4.072539330
12,native_by64.FP128.div,8,0,toward_zero,1048576,4.085834503,4.073378563
12,native_by64.FP128.div,8,1,nearest_even,1048576,6.417753220,6.406445503
12,native_by128.FP128.div,0,0,toward_zero,1048576,6.167630196,6.150561333
12,native_by128.FP128.div,0,1,nearest_even,1048576,10.088798523,10.067083359
12,native_by128.FP128.div,1,0,nearest_even,1048576,10.028824806,10.003268242
12,native_by128.FP128.div,1,1,toward_zero,1048576,6.123725891,6.112133980
12,native_by128.FP128.div,2,0,toward_zero,1048576,6.135688782,6.116543770
12,native_by128.FP128.div,2,1,nearest_even,1048576,10.050866127,10.025749207
12,native_by128.FP128.div,3,0,nearest_even,1048576,10.027992249,10.003358841
12,native_by128.FP128.div,3,1,toward_zero,1048576,6.146800995,6.130450249
12,native_by128.FP128.div,4,0,toward_zero,1048576,6.143046379,6.125761032
12,native_by128.FP128.div,4,1,nearest_even,1048576,10.063851357,10.036949158
12,native_by128.FP128.div,5,0,nearest_even,1048576,10.021476746,9.993875504
12,native_by128.FP128.div,5,1,toward_zero,1048576,6.110435486,6.097162247
12,native_by128.FP128.div,6,0,toward_zero,1048576,6.124098778,6.114647865
12,native_by128.FP128.div,6,1,nearest_even,1048576,10.050475121,10.024213791
12,native_by128.FP128.div,7,0,nearest_even,1048576,10.009533882,9.985592842
12,native_by128.FP128.div,7,1,toward_zero,1048576,6.121185303,6.107262611
12,native_by128.FP128.div,8,0,toward_zero,1048576,6.070363045,6.046627998
12,native_by128.FP128.div,8,1,nearest_even,1048576,10.060163498,10.039089203
12,wide_by64.FP128.div,0,0,toward_zero,1048576,6.548240662,6.536914825
12,wide_by64.FP128.div,0,1,nearest_even,1048576,7.999579430,7.979899406
12,wide_by64.FP128.div,1,0,nearest_even,1048576,7.973198891,7.952479362
12,wide_by64.FP128.div,1,1,toward_zero,1048576,6.489575386,6.472831726
12,wide_by64.FP128.div,2,0,toward_zero,1048576,6.490874290,6.478917122
12,wide_by64.FP128.div,2,1,nearest_even,1048576,7.984206200,7.963530540
12,wide_by64.FP128.div,3,0,nearest_even,1048576,7.975540161,7.954771042
12,wide_by64.FP128.div,3,1,toward_zero,1048576,6.483087540,6.472868919
12,wide_by64.FP128.div,4,0,toward_zero,1048576,6.500495911,6.480093956
12,wide_by64.FP128.div,4,1,nearest_even,1048576,7.982772827,7.964220047
12,wide_by64.FP128.div,5,0,nearest_even,1048576,7.966223717,7.945441246
12,wide_by64.FP128.div,5,1,toward_zero,1048576,6.485524178,6.474838257
12,wide_by64.FP128.div,6,0,toward_zero,1048576,6.495796204,6.479998589
12,wide_by64.FP128.div,6,1,nearest_even,1048576,7.967504501,7.948835373
12,wide_by64.FP128.div,7,0,nearest_even,1048576,7.950134277,7.935447693
12,wide_by64.FP128.div,7,1,toward_zero,1048576,6.496445656,6.478268623
12,wide_by64.FP128.div,8,0,toward_zero,1048576,6.493043900,6.475773811
12,wide_by64.FP128.div,8,1,nearest_even,1048576,7.962889671,7.949313164
12,wide_by128.FP128.div,0,0,nearest_even,1048576,13.852535248,13.824202538
12,wide_by128.FP128.div,0,1,toward_zero,1048576,12.468461990,12.443701744
12,wide_by128.FP128.div,1,0,toward_zero,1048576,12.383864403,12.352492332
12,wide_by128.FP128.div,1,1,nearest_even,1048576,13.763705254,13.730527878
12,wide_by128.FP128.div,2,0,nearest_even,1048576,13.728515625,13.701538086
12,wide_by128.FP128.div,2,1,toward_zero,1048576,12.426631927,12.403921127
12,wide_by128.FP128.div,3,0,toward_zero,1048576,12.383769035,12.352924347
12,wide_by128.FP128.div,3,1,nearest_even,1048576,13.769849777,13.740986824
12,wide_by128.FP128.div,4,0,nearest_even,1048576,13.767278671,13.734199524
12,wide_by128.FP128.div,4,1,toward_zero,1048576,12.432888985,12.398762703
12,wide_by128.FP128.div,5,0,toward_zero,1048576,12.356509209,12.330880165
12,wide_by128.FP128.div,5,1,nearest_even,1048576,13.773460388,13.741502762
12,wide_by128.FP128.div,6,0,nearest_even,1048576,13.746668816,13.720585823
12,wide_by128.FP128.div,6,1,toward_zero,1048576,12.351311684,12.319985390
12,wide_by128.FP128.div,7,0,toward_zero,1048576,12.309290886,12.284777641
12,wide_by128.FP128.div,7,1,nearest_even,1048576,13.766973495,13.738979340
12,wide_by128.FP128.div,8,0,nearest_even,1048576,13.779814720,13.745762825
12,wide_by128.FP128.div,8,1,toward_zero,1048576,12.336310387,12.309773445
12,wide_product.FP128.mul_div,0,0,nearest_even,1048576,13.256369591,13.228319168
12,wide_product.FP128.mul_div,0,1,toward_zero,1048576,12.042399406,12.013721466
12,wide_product.FP128.mul_div,1,0,toward_zero,1048576,12.022372246,11.996002197
12,wide_product.FP128.mul_div,1,1,nearest_even,1048576,13.177391052,13.151547432
12,wide_product.FP128.mul_div,2,0,nearest_even,1048576,13.207679749,13.181013107
12,wide_product.FP128.mul_div,2,1,toward_zero,1048576,12.019840240,11.994499207
12,wide_product.FP128.mul_div,3,0,toward_zero,1048576,12.056243896,12.026018143
12,wide_product.FP128.mul_div,3,1,nearest_even,1048576,13.137845039,13.112479210
12,wide_product.FP128.mul_div,4,0,nearest_even,1048576,13.161005020,13.134151459
12,wide_product.FP128.mul_div,4,1,toward_zero,1048576,12.037793159,12.010233879
12,wide_product.FP128.mul_div,5,0,toward_zero,1048576,12.112491608,12.079790115
12,wide_product.FP128.mul_div,5,1,nearest_even,1048576,13.155195236,13.131336212
12,wide_product.FP128.mul_div,6,0,nearest_even,1048576,13.172719002,13.143309593
12,wide_product.FP128.mul_div,6,1,toward_zero,1048576,12.041721344,12.014543533
12,wide_product.FP128.mul_div,7,0,toward_zero,1048576,12.054151535,12.024597168
12,wide_product.FP128.mul_div,7,1,nearest_even,1048576,13.190491676,13.161857605
12,wide_product.FP128.mul_div,8,0,nearest_even,1048576,13.184204102,13.155409813
12,wide_product.FP128.mul_div,8,1,toward_zero,1048576,12.046173096,12.018842697
12,throughput4096.FP64.mul_wide,0,0,nearest_even,1048576,2.451160431,2.439507484
12,throughput4096.FP64.mul_wide,0,1,toward_zero,1048576,2.591337204,2.588434219
12,throughput4096.FP64.mul_wide,1,0,toward_zero,1048576,2.567431450,2.563762665
12,throughput4096.FP64.mul_wide,1,1,nearest_even,1048576,2.420938492,2.416728020
12,throughput4096.FP64.mul_wide,2,0,nearest_even,1048576,2.442112923,2.434001923
12,throughput4096.FP64.mul_wide,2,1,toward_zero,1048576,2.573222160,2.568884850
12,throughput4096.FP64.mul_wide,3,0,toward_zero,1048576,2.561756134,2.557417870
12,throughput4096.FP64.mul_wide,3,1,nearest_even,1048576,2.410867691,2.407716751
12,throughput4096.FP64.mul_wide,4,0,nearest_even,1048576,2.436428070,2.426273346
12,throughput4096.FP64.mul_wide,4,1,toward_zero,1048576,2.573059082,2.569793701
12,throughput4096.FP64.mul_wide,5,0,toward_zero,1048576,2.575218201,2.570796013
12,throughput4096.FP64.mul_wide,5,1,nearest_even,1048576,2.415178299,2.411931038
12,throughput4096.FP64.mul_wide,6,0,nearest_even,1048576,2.435978889,2.427936554
12,throughput4096.FP64.mul_wide,6,1,toward_zero,1048576,2.581228256,2.575705528
12,throughput4096.FP64.mul_wide,7,0,toward_zero,1048576,2.560973167,2.556646347
12,throughput4096.FP64.mul_wide,7,1,nearest_even,1048576,2.407562256,2.404400826
12,throughput4096.FP64.mul_wide,8,0,nearest_even,1048576,2.441118240,2.430857658
12,throughput4096.FP64.mul_wide,8,1,toward_zero,1048576,2.567431450,2.564394951
12,fullrange.FP64.mul_wide,0,0,toward_zero,1048576,2.501800537,2.496974945
12,fullrange.FP64.mul_wide,0,1,nearest_even,1048576,2.982889175,2.978748322
12,fullrange.FP64.mul_wide,1,0,nearest_even,1048576,2.982459068,2.971586227
12,fullrange.FP64.mul_wide,1,1,toward_zero,1048576,2.502488136,2.499220848
12,fullrange.FP64.mul_wide,2,0,toward_zero,1048576,2.517852783,2.513733864
12,fullrange.FP64.mul_wide,2,1,nearest_even,1048576,2.980930328,2.975656509
12,fullrange.FP64.mul_wide,3,0,nearest_even,1048576,2.979554176,2.970896721
12,fullrange.FP64.mul_wide,3,1,toward_zero,1048576,2.506386757,2.501618385
12,fullrange.FP64.mul_wide,4,0,toward_zero,1048576,2.521033287,2.514844894
12,fullrange.FP64.mul_wide,4,1,nearest_even,1048576,2.992892265,2.981818199
12,fullrange.FP64.mul_wide,5,0,nearest_even,1048576,2.970830917,2.966004372
12,fullrange.FP64.mul_wide,5,1,toward_zero,1048576,2.506577492,2.502079010
12,fullrange.FP64.mul_wide,6,0,toward_zero,1048576,2.515215874,2.511995316
12,fullrange.FP64.mul_wide,6,1,nearest_even,1048576,2.997764587,2.986585617
12,fullrange.FP64.mul_wide,7,0,nearest_even,1048576,2.966608047,2.963262558
12,fullrange.FP64.mul_wide,7,1,toward_zero,1048576,2.510925293,2.504104614
12,fullrange.FP64.mul_wide,8,0,toward_zero,1048576,2.517154694,2.512473106
12,fullrange.FP64.mul_wide,8,1,nearest_even,1048576,2.987531662,2.977766991
12,throughput4096.FP64.quantize4,0,0,nearest_even,1048576,3.270389557,3.264080048
12,throughput4096.FP64.quantize4,0,1,toward_zero,1048576,3.211198807,3.206630707
12,throughput4096.FP64.quantize4,1,0,toward_zero,1048576,3.204720497,3.193147659
12,throughput4096.FP64.quantize4,1,1,nearest_even,1048576,3.234778404,3.229743004
12,throughput4096.FP64.quantize4,2,0,nearest_even,1048576,3.282323837,3.277284622
12,throughput4096.FP64.quantize4,2,1,toward_zero,1048576,3.198270798,3.187049866
12,throughput4096.FP64.quantize4,3,0,toward_zero,1048576,3.178349495,3.171335220
12,throughput4096.FP64.quantize4,3,1,nearest_even,1048576,3.226017952,3.220540047
12,throughput4096.FP64.quantize4,4,0,nearest_even,1048576,3.251414299,3.238437653
12,throughput4096.FP64.quantize4,4,1,toward_zero,1048576,3.193732262,3.188053131
12,throughput4096.FP64.quantize4,5,0,toward_zero,1048576,3.169281006,3.163727760
12,throughput4096.FP64.quantize4,5,1,nearest_even,1048576,3.236719131,3.225527763
12,throughput4096.FP64.quantize4,6,0,nearest_even,1048576,3.239441872,3.234642982
12,throughput4096.FP64.quantize4,6,1,toward_zero,1048576,3.157501221,3.151260376
12,throughput4096.FP64.quantize4,7,0,toward_zero,1048576,3.161360741,3.152101517
12,throughput4096.FP64.quantize4,7,1,nearest_even,1048576,3.247715950,3.242936134
12,throughput4096.FP64.quantize4,8,0,nearest_even,1048576,3.239584923,3.233778000
12,throughput4096.FP64.quantize4,8,1,toward_zero,1048576,3.188314438,3.182664871
12,throughput4096.FP128.quantize4,0,0,toward_zero,1048576,5.720422745,5.705925941
12,throughput4096.FP128.quantize4,0,1,nearest_even,1048576,6.104626656,6.087558746
12,throughput4096.FP128.quantize4,1,0,nearest_even,1048576,6.082134247,6.073330879
12,throughput4096.FP128.quantize4,1,1,toward_zero,1048576,5.723260880,5.707121849
12,throughput4096.FP128.quantize4,2,0,toward_zero,1048576,5.730522156,5.720193863
12,throughput4096.FP128.quantize4,2,1,nearest_even,1048576,6.104043961,6.087608337
12,throughput4096.FP128.quantize4,3,0,nearest_even,1048576,6.102953911,6.087054253
12,throughput4096.FP128.quantize4,3,1,toward_zero,1048576,5.734649658,5.725675583
12,throughput4096.FP128.quantize4,4,0,toward_zero,1048576,5.732107162,5.717707634
12,throughput4096.FP128.quantize4,4,1,nearest_even,1048576,6.080730438,6.069511414
12,throughput4096.FP128.quantize4,5,0,nearest_even,1048576,6.099762917,6.084568024
12,throughput4096.FP128.quantize4,5,1,toward_zero,1048576,5.733378410,5.718559265
12,throughput4096.FP128.quantize4,6,0,toward_zero,1048576,5.718473434,5.707960129
12,throughput4096.FP128.quantize4,6,1,nearest_even,1048576,6.091221809,6.075348854
12,throughput4096.FP128.quantize4,7,0,nearest_even,1048576,6.093915939,6.083582878
12,throughput4096.FP128.quantize4,7,1,toward_zero,1048576,5.722056389,5.707486153
12,throughput4096.FP128.quantize4,8,0,toward_zero,1048576,5.720355034,5.710892677
12,throughput4096.FP128.quantize4,8,1,nearest_even,1048576,6.102810860,6.085097313
12,parse_extra_digit.FP64,0,0,nearest_even,1048576,34.516734123,34.433299065
12,parse_extra_digit.FP64,0,1,toward_zero,1048576,33.946596146,33.874221802
12,parse_extra_digit.FP64,1,0,toward_zero,1048576,34.109914780,34.026354790
12,parse_extra_digit.FP64,1,1,nearest_even,1048576,34.479796410,34.396092415
12,parse_extra_digit.FP64,2,0,nearest_even,1048576,34.529203415,34.451395035
12,parse_extra_digit.FP64,2,1,toward_zero,1048576,33.910211563,33.837718010
12,parse_extra_digit.FP64,3,0,toward_zero,1048576,33.954126358,33.858134270
12,parse_extra_digit.FP64,3,1,nearest_even,1048576,34.399928093,34.315194130
12,parse_extra_digit.FP64,4,0,nearest_even,1048576,34.373528481,34.292254448
12,parse_extra_digit.FP64,4,1,toward_zero,1048576,33.881223679,33.806346893
12,parse_extra_digit.FP64,5,0,toward_zero,1048576,33.964301109,33.890415192
12,parse_extra_digit.FP64,5,1,nearest_even,1048576,34.477159500,34.399930000
12,parse_extra_digit.FP64,6,0,nearest_even,1048576,34.435690880,34.355816841
12,parse_extra_digit.FP64,6,1,toward_zero,1048576,33.962934494,33.883649826
12,parse_extra_digit.FP64,7,0,toward_zero,1048576,33.957794189,33.878381729
12,parse_extra_digit.FP64,7,1,nearest_even,1048576,34.409110069,34.334801674
12,parse_extra_digit.FP64,8,0,nearest_even,1048576,34.449440956,34.376096725
12,parse_extra_digit.FP64,8,1,toward_zero,1048576,34.024429321,33.945578575
12,format_2digits.FP64,0,0,nearest_even,1048576,17.308142662,17.270667076
12,format_2digits.FP64,0,1,toward_zero,1048576,16.134663582,16.096232414
12,format_2digits.FP64,1,0,toward_zero,1048576,16.135294914,16.094696045
12,format_2digits.FP64,1,1,nearest_even,1048576,17.313111305,17.278699875
12,format_2digits.FP64,2,0,nearest_even,1048576,17.314611435,17.274474144
12,format_2digits.FP64,2,1,toward_zero,1048576,16.123695374,16.078779221
12,format_2digits.FP64,3,0,toward_zero,1048576,16.123656273,16.092198372
12,format_2digits.FP64,3,1,nearest_even,1048576,17.397879601,17.350218773
12,format_2digits.FP64,4,0,nearest_even,1048576,17.404405594,17.361630440
12,format_2digits.FP64,4,1,toward_zero,1048576,16.160462379,16.106368065
12,format_2digits.FP64,5,0,toward_zero,1048576,16.157299042,16.119311333
12,format_2digits.FP64,5,1,nearest_even,1048576,17.332774162,17.299230576
12,format_2digits.FP64,6,0,nearest_even,1048576,17.306385040,17.265555382
12,format_2digits.FP64,6,1,toward_zero,1048576,16.114961624,16.069014549
12,format_2digits.FP64,7,0,toward_zero,1048576,16.144724846,16.111965179
12,format_2digits.FP64,7,1,nearest_even,1048576,17.315575600,17.273446083
12,format_2digits.FP64,8,0,nearest_even,1048576,17.321796417,17.281864166
12,format_2digits.FP64,8,1,toward_zero,1048576,16.138074875,16.104662895
12,parse_extra_digit.FP128,0,0,nearest_even,1048576,34.730482101,34.633045197
12,parse_extra_digit.FP128,0,1,toward_zero,1048576,34.108672142,34.021470070
12,parse_extra_digit.FP128,1,0,toward_zero,1048576,34.232520103,34.144585609
12,parse_extra_digit.FP128,1,1,nearest_even,1048576,34.632938385,34.555230141
12,parse_extra_digit.FP128,2,0,nearest_even,1048576,34.632002831,34.558119774
12,parse_extra_digit.FP128,2,1,toward_zero,1048576,34.163039207,34.083209038
12,parse_extra_digit.FP128,3,0,toward_zero,1048576,34.193365097,34.117244720
12,parse_extra_digit.FP128,3,1,nearest_even,1048576,34.665873528,34.584696770
12,parse_extra_digit.FP128,4,0,nearest_even,1048576,34.651455879,34.574687004
12,parse_extra_digit.FP128,4,1,toward_zero,1048576,34.199097633,34.113425255
12,parse_extra_digit.FP128,5,0,toward_zero,1048576,34.277981758,34.201583862
12,parse_extra_digit.FP128,5,1,nearest_even,1048576,34.728389740,34.648307800
12,parse_extra_digit.FP128,6,0,nearest_even,1048576,34.634438515,34.551809311
12,parse_extra_digit.FP128,6,1,toward_zero,1048576,34.235960007,34.161601067
12,parse_extra_digit.FP128,7,0,toward_zero,1048576,34.248496056,34.164813995
12,parse_extra_digit.FP128,7,1,nearest_even,1048576,34.675055504,34.598074913
12,parse_extra_digit.FP128,8,0,nearest_even,1048576,34.697194099,34.611952782
12,parse_extra_digit.FP128,8,1,toward_zero,1048576,34.265408516,34.192469597
12,format_2digits.FP128,0,0,toward_zero,1048576,15.728063583,15.697435379
12,format_2digits.FP128,0,1,nearest_even,1048576,17.053949356,17.013872147
12,format_2digits.FP128,1,0,nearest_even,1048576,17.039100647,17.004406929
12,format_2digits.FP128,1,1,toward_zero,1048576,15.816645622,15.778832436
12,format_2digits.FP128,2,0,toward_zero,1048576,15.859258652,15.820648193
12,format_2digits.FP128,2,1,nearest_even,1048576,17.100748062,17.065315247
12,format_2digits.FP128,3,0,nearest_even,1048576,17.081438065,17.041199684
12,format_2digits.FP128,3,1,toward_zero,1048576,15.882505417,15.852190018
12,format_2digits.FP128,4,0,toward_zero,1048576,15.782095909,15.737969398
12,format_2digits.FP128,4,1,nearest_even,1048576,17.078294754,17.027358055
12,format_2digits.FP128,5,0,nearest_even,1048576,16.996946335,16.962460518
12,format_2digits.FP128,5,1,toward_zero,1048576,15.789682388,15.752278328
12,format_2digits.FP128,6,0,toward_zero,1048576,15.836184502,15.802417755
12,format_2digits.FP128,6,1,nearest_even,1048576,17.047576904,17.007778168
12,format_2digits.FP128,7,0,nearest_even,1048576,17.063256264,17.023244858
12,format_2digits.FP128,7,1,toward_zero,1048576,15.859211922,15.827902794
12,format_2digits.FP128,8,0,toward_zero,1048576,15.790226936,15.750314713
12,format_2digits.FP128,8,1,nearest_even,1048576,17.044691086,17.002371788
