digits,workload,pair_index,order_slot,mode,iterations,ns_per_op,cpu_ns_per_op
12,throughput4096.FP64.mul,0,0,nearest_even,1048576,2.675896645,2.674253464
12,throughput4096.FP64.mul,0,1,toward_zero,1048576,2.518817902,2.514126778
12,throughput4096.FP64.mul,1,0,toward_zero,1048576,2.523853302,2.515761375
12,throughput4096.FP64.mul,1,1,nearest_even,1048576,2.684506416,2.682603836
12,throughput4096.FP64.mul,2,0,nearest_even,1048576,2.675313950,2.670863152
12,throughput4096.FP64.mul,2,1,toward_zero,1048576,2.517346382,2.513335228
12,throughput4096.FP64.mul,3,0,toward_zero,1048576,2.519171715,2.516284943
12,throughput4096.FP64.mul,3,1,nearest_even,1048576,2.679546356,2.676909447
12,throughput4096.FP64.mul,4,0,nearest_even,1048576,2.688586235,2.685164452
12,throughput4096.FP64.mul,4,1,toward_zero,1048576,2.519305229,2.514354706
12,throughput4096.FP64.mul,5,0,toward_zero,1048576,2.517996788,2.515722275
12,throughput4096.FP64.mul,5,1,nearest_even,1048576,2.681754112,2.677598000
12,throughput4096.FP64.mul,6,0,nearest_even,1048576,2.673107147,2.669140816
12,throughput4096.FP64.mul,6,1,toward_zero,1048576,2.522335052,2.518942833
12,throughput4096.FP64.mul,7,0,toward_zero,1048576,2.516983032,2.514803886
12,throughput4096.FP64.mul,7,1,nearest_even,1048576,2.674273491,2.670918465
12,throughput4096.FP64.mul,8,0,nearest_even,1048576,2.686799049,2.683855057
12,throughput4096.FP64.mul,8,1,toward_zero,1048576,2.519457817,2.515933037
12,throughput256.FP64.mul,0,0,nearest_even,1048576,2.772428513,2.769083023
12,throughput256.FP64.mul,0,1,toward_zero,1048576,2.518521309,2.515665054
12,throughput256.FP64.mul,1,0,toward_zero,1048576,2.505317688,2.501143456
12,throughput256.FP64.mul,1,1,nearest_even,1048576,2.779575348,2.775056839
12,throughput256.FP64.mul,2,0,nearest_even,1048576,2.774206161,2.764820099
12,throughput256.FP64.mul,2,1,toward_zero,1048576,2.518655777,2.515703201
12,throughput256.FP64.mul,3,0,toward_zero,1048576,2.518368721,2.514678955
12,throughput256.FP64.mul,3,1,nearest_even,1048576,2.738079071,2.734934807
12,throughput256.FP64.mul,4,0,nearest_even,1048576,2.737334251,2.733386993
12,throughput256.FP64.mul,4,1,toward_zero,1048576,2.519648552,2.516514778
12,throughput256.FP64.mul,5,0,toward_zero,1048576,2.520470619,2.517355919
12,throughput256.FP64.mul,5,1,nearest_even,1048576,2.728247643,2.724349976
12,throughput256.FP64.mul,6,0,nearest_even,1048576,2.728705406,2.724806786
12,throughput256.FP64.mul,6,1,toward_zero,1048576,2.519238472,2.516686440
12,throughput256.FP64.mul,7,0,toward_zero,1048576,2.519124031,2.515863419
12,throughput256.FP64.mul,7,1,nearest_even,1048576,2.752105713,2.748778343
12,throughput256.FP64.mul,8,0,nearest_even,1048576,2.767593384,2.764182091
12,throughput256.FP64.mul,8,1,toward_zero,1048576,2.511413574,2.509348869
12,exact_results.FP64.mul,0,0,nearest_even,1048576,2.606530190,2.603340149
12,exact_results.FP64.mul,0,1,toward_zero,1048576,2.500129700,2.497387886
12,exact_results.FP64.mul,1,0,toward_zero,1048576,2.502795219,2.498867035
12,exact_results.FP64.mul,1,1,nearest_even,1048576,2.597969055,2.594061852
12,exact_results.FP64.mul,2,0,nearest_even,1048576,2.604084015,2.601361275
12,exact_results.FP64.mul,2,1,toward_zero,1048576,2.491625786,2.488480568
12,exact_results.FP64.mul,3,0,toward_zero,1048576,2.502985954,2.499136925
12,exact_results.FP64.mul,3,1,nearest_even,1048576,2.595465660,2.592829704
12,exact_results.FP64.mul,4,0,nearest_even,1048576,2.596220016,2.591749191
12,exact_results.FP64.mul,4,1,toward_zero,1048576,2.497367859,2.494308472
12,exact_results.FP64.mul,5,0,toward_zero,1048576,2.494902611,2.491883278
12,exact_results.FP64.mul,5,1,nearest_even,1048576,2.584784508,2.580416679
12,exact_results.FP64.mul,6,0,nearest_even,1048576,2.533417702,2.527228355
12,exact_results.FP64.mul,6,1,toward_zero,1048576,2.608718872,2.605095863
12,exact_results.FP64.mul,7,0,toward_zero,1048576,2.616773605,2.612607956
12,exact_results.FP64.mul,7,1,nearest_even,1048576,2.583531380,2.580284119
12,exact_results.FP64.mul,8,0,nearest_even,1048576,2.586321831,2.582824707
12,exact_results.FP64.mul,8,1,toward_zero,1048576,2.609272003,2.606252670
12,halfway_ties.FP64.mul,0,0,nearest_even,1048576,2.628056526,2.624034882
12,halfway_ties.FP64.mul,0,1,toward_zero,1048576,2.612702370,2.610560417
12,halfway_ties.FP64.mul,1,0,toward_zero,1048576,2.618463516,2.613839149
12,halfway_ties.FP64.mul,1,1,nearest_even,1048576,2.636865616,2.633159637
12,halfway_ties.FP64.mul,2,0,nearest_even,1048576,2.629040718,2.625772476
12,halfway_ties.FP64.mul,2,1,toward_zero,1048576,2.599764824,2.597090721
12,halfway_ties.FP64.mul,3,0,toward_zero,1048576,2.622113228,2.617614746
12,halfway_ties.FP64.mul,3,1,nearest_even,1048576,2.627665520,2.623813629
12,halfway_ties.FP64.mul,4,0,nearest_even,1048576,2.633311272,2.629833221
12,halfway_ties.FP64.mul,4,1,toward_zero,1048576,2.614203453,2.611298561
12,halfway_ties.FP64.mul,5,0,toward_zero,1048576,2.615310669,2.612215996
12,halfway_ties.FP64.mul,5,1,nearest_even,1048576,2.638509750,2.634917259
12,halfway_ties.FP64.mul,6,0,nearest_even,1048576,2.622476578,2.619353294
12,halfway_ties.FP64.mul,6,1,toward_zero,1048576,2.616285324,2.612141609
12,halfway_ties.FP64.mul,7,0,toward_zero,1048576,2.619247437,2.615757942
12,halfway_ties.FP64.mul,7,1,nearest_even,1048576,2.632853508,2.627941132
12,halfway_ties.FP64.mul,8,0,nearest_even,1048576,2.627589226,2.623721123
12,halfway_ties.FP64.mul,8,1,toward_zero,1048576,2.610055923,2.607741356
12,exact_chain.FP64.mul,0,0,nearest_even,1048576,3.715658188,3.711982727
12,exact_chain.FP64.mul,0,1,toward_zero,1048576,3.718295097,3.713379860
12,exact_chain.FP64.mul,1,0,toward_zero,1048576,3.699806213,3.694863319
12,exact_chain.FP64.mul,1,1,nearest_even,1048576,3.740576744,3.736263275
12,exact_chain.FP64.mul,2,0,nearest_even,1048576,3.716383934,3.711611748
12,exact_chain.FP64.mul,2,1,toward_zero,1048576,3.739191055,3.734656334
12,exact_chain.FP64.mul,3,0,toward_zero,1048576,3.704269409,3.700422287
12,exact_chain.FP64.mul,3,1,nearest_even,1048576,3.704230309,3.699535370
12,exact_chain.FP64.mul,4,0,nearest_even,1048576,3.710384369,3.705581665
12,exact_chain.FP64.mul,4,1,toward_zero,1048576,3.736716270,3.733501434
12,exact_chain.FP64.mul,5,0,toward_zero,1048576,3.689477921,3.684037209
12,exact_chain.FP64.mul,5,1,nearest_even,1048576,3.705739975,3.701638222
12,exact_chain.FP64.mul,6,0,nearest_even,1048576,3.738800049,3.733359337
12,exact_chain.FP64.mul,6,1,toward_zero,1048576,3.703724861,3.698657036
12,exact_chain.FP64.mul,7,0,toward_zero,1048576,3.692048073,3.687677383
12,exact_chain.FP64.mul,7,1,nearest_even,1048576,3.714062691,3.710677147
12,exact_chain.FP64.mul,8,0,nearest_even,1048576,3.717071533,3.712511063
12,exact_chain.FP64.mul,8,1,toward_zero,1048576,3.684529305,3.679902077
12,inexact_chain.FP64.mul,0,0,nearest_even,1048576,4.955455780,4.950202942
12,inexact_chain.FP64.mul,0,1,toward_zero,1048576,3.686277390,3.681247711
12,inexact_chain.FP64.mul,1,0,toward_zero,1048576,3.698229790,3.693657875
12,inexact_chain.FP64.mul,1,1,nearest_even,1048576,4.974192619,4.969051361
12,inexact_chain.FP64.mul,2,0,nearest_even,1048576,4.957701683,4.952158928
12,inexact_chain.FP64.mul,2,1,toward_zero,1048576,3.678107262,3.673190117
12,inexact_chain.FP64.mul,3,0,toward_zero,1048576,3.699729919,3.695617676
12,inexact_chain.FP64.mul,3,1,nearest_even,1048576,4.941458702,4.935562134
12,inexact_chain.FP64.mul,4,0,nearest_even,1048576,4.937149048,4.931800842
12,inexact_chain.FP64.mul,4,1,toward_zero,1048576,3.690930367,3.686454773
12,inexact_chain.FP64.mul,5,0,toward_zero,1048576,3.718515396,3.714716911
12,inexact_chain.FP64.mul,5,1,nearest_even,1048576,4.948556900,4.942253113
12,inexact_chain.FP64.mul,6,0,nearest_even,1048576,4.962287903,4.956428528
12,inexact_chain.FP64.mul,6,1,toward_zero,1048576,3.662724495,3.659938812
12,inexact_chain.FP64.mul,7,0,toward_zero,1048576,3.675003052,3.670488358
12,inexact_chain.FP64.mul,7,1,nearest_even,1048576,4.970647812,4.964722633
12,inexact_chain.FP64.mul,8,0,nearest_even,1048576,4.963940620,4.957509995
12,inexact_chain.FP64.mul,8,1,toward_zero,1048576,3.731280327,3.726193428
12,throughput4096.FP64.div,0,0,toward_zero,1048576,2.397387505,2.394042969
12,throughput4096.FP64.div,0,1,nearest_even,1048576,2.465904236,2.462856293
12,throughput4096.FP64.div,1,0,nearest_even,1048576,2.475889206,2.471550941
12,throughput4096.FP64.div,1,1,toward_zero,1048576,2.401008606,2.398333549
12,throughput4096.FP64.div,2,0,toward_zero,1048576,2.406655312,2.402997017
12,throughput4096.FP64.div,2,1,nearest_even,1048576,2.474370003,2.471635818
12,throughput4096.FP64.div,3,0,nearest_even,1048576,2.475878716,2.472764015
12,throughput4096.FP64.div,3,1,toward_zero,1048576,2.401162148,2.397731781
12,throughput4096.FP64.div,4,0,toward_zero,1048576,2.405604362,2.403206825
12,throughput4096.FP64.div,4,1,nearest_even,1048576,2.477789879,2.474627495
12,throughput4096.FP64.div,5,0,nearest_even,1048576,2.476108551,2.472947121
12,throughput4096.FP64.div,5,1,toward_zero,1048576,2.406053543,2.402050018
12,throughput4096.FP64.div,6,0,toward_zero,1048576,2.402757645,2.400751114
12,throughput4096.FP64.div,6,1,nearest_even,1048576,2.471636772,2.468761444
12,throughput4096.FP64.div,7,0,nearest_even,1048576,2.477464676,2.473794937
12,throughput4096.FP64.div,7,1,toward_zero,1048576,2.404400826,2.402222633
12,throughput4096.FP64.div,8,0,toward_zero,1048576,2.405127525,2.401638985
12,throughput4096.FP64.div,8,1,nearest_even,1048576,2.475916862,2.473547935
12,throughput256.FP64.div,0,0,toward_zero,1048576,2.412349701,2.409781456
12,throughput256.FP64.div,0,1,nearest_even,1048576,2.463142395,2.461326599
12,throughput256.FP64.div,1,0,nearest_even,1048576,2.449756622,2.446978569
12,throughput256.FP64.div,1,1,toward_zero,1048576,2.414270401,2.412772179
12,throughput256.FP64.div,2,0,toward_zero,1048576,2.414939880,2.411606789
12,throughput256.FP64.div,2,1,nearest_even,1048576,2.448313713,2.445351601
12,throughput256.FP64.div,3,0,nearest_even,1048576,2.447979927,2.445847511
12,throughput256.FP64.div,3,1,toward_zero,1048576,2.405451775,2.402701378
12,throughput256.FP64.div,4,0,toward_zero,1048576,2.411996841,2.410018921
12,throughput256.FP64.div,4,1,nearest_even,1048576,2.460973740,2.456625938
12,throughput256.FP64.div,5,0,nearest_even,1048576,2.450588226,2.448314667
12,throughput256.FP64.div,5,1,toward_zero,1048576,2.412779808,2.410095215
12,throughput256.FP64.div,6,0,toward_zero,1048576,2.403053284,2.401094437
12,throughput256.FP64.div,6,1,nearest_even,1048576,2.451065063,2.448206902
12,throughput256.FP64.div,7,0,nearest_even,1048576,2.447940826,2.444750786
12,throughput256.FP64.div,7,1,toward_zero,1048576,2.410840988,2.408222198
12,throughput256.FP64.div,8,0,toward_zero,1048576,2.403253555,2.400073051
12,throughput256.FP64.div,8,1,nearest_even,1048576,2.448905945,2.446373940
12,exact_results.FP64.div,0,0,nearest_even,1048576,2.546746254,2.543859482
12,exact_results.FP64.div,0,1,toward_zero,1048576,2.564145088,2.560935020
12,exact_results.FP64.div,1,0,toward_zero,1048576,2.572372437,2.567880630
12,exact_results.FP64.div,1,1,nearest_even,1048576,2.650032043,2.645895004
12,exact_results.FP64.div,2,0,nearest_even,1048576,2.648112297,2.645819664
12,exact_results.FP64.div,2,1,toward_zero,1048576,2.575974464,2.572524071
12,exact_results.FP64.div,3,0,toward_zero,1048576,2.571818352,2.567872047
12,exact_results.FP64.div,3,1,nearest_even,1048576,2.647108078,2.643257141
12,exact_results.FP64.div,4,0,nearest_even,1048576,2.647939682,2.644834518
12,exact_results.FP64.div,4,1,toward_zero,1048576,2.574674606,2.571005821
12,exact_results.FP64.div,5,0,toward_zero,1048576,2.568492889,2.565092087
12,exact_results.FP64.div,5,1,nearest_even,1048576,2.643984795,2.641730309
12,exact_results.FP64.div,6,0,nearest_even,1048576,2.647480965,2.643363953
12,exact_results.FP64.div,6,1,toward_zero,1048576,2.566486359,2.563687325
12,exact_results.FP64.div,7,0,toward_zero,1048576,2.570681572,2.566954613
12,exact_results.FP64.div,7,1,nearest_even,1048576,2.644118309,2.642034531
12,exact_results.FP64.div,8,0,nearest_even,1048576,2.649755478,2.645989418
12,exact_results.FP64.div,8,1,toward_zero,1048576,2.566037178,2.562455177
12,halfway_ties.FP64.div,0,0,nearest_even,1048576,2.492618561,2.490288734
12,halfway_ties.FP64.div,0,1,toward_zero,1048576,2.584124565,2.580570221
12,halfway_ties.FP64.div,1,0,toward_zero,1048576,2.569485664,2.565903664
12,halfway_ties.FP64.div,1,1,nearest_even,1048576,2.481669426,2.479491234
12,halfway_ties.FP64.div,2,0,nearest_even,1048576,2.486809731,2.483552933
12,halfway_ties.FP64.div,2,1,toward_zero,1048576,2.585280418,2.581535339
12,halfway_ties.FP64.div,3,0,toward_zero,1048576,2.566486359,2.564479828
12,halfway_ties.FP64.div,3,1,nearest_even,1048576,2.482290268,2.479195595
12,halfway_ties.FP64.div,4,0,nearest_even,1048576,2.504772186,2.503015518
12,halfway_ties.FP64.div,4,1,toward_zero,1048576,2.580846786,2.577463150
12,halfway_ties.FP64.div,5,0,toward_zero,1048576,2.578467369,2.575657845
12,halfway_ties.FP64.div,5,1,nearest_even,1048576,2.483981133,2.481050491
12,halfway_ties.FP64.div,6,0,nearest_even,1048576,2.491109848,2.488843918
12,halfway_ties.FP64.div,6,1,toward_zero,1048576,2.581353188,2.577682495
12,halfway_ties.FP64.div,7,0,toward_zero,1048576,2.580130577,2.576318741
12,halfway_ties.FP64.div,7,1,nearest_even,1048576,2.497224808,2.495169640
12,halfway_ties.FP64.div,8,0,nearest_even,1048576,2.493105888,2.489436150
12,halfway_ties.FP64.div,8,1,toward_zero,1048576,2.582289696,2.580588341
12,exact_chain.FP64.div,0,0,nearest_even,1048576,3.844732285,3.839568138
12,exact_chain.FP64.div,0,1,toward_zero,1048576,3.820702553,3.816943169
12,exact_chain.FP64.div,1,0,toward_zero,1048576,3.829865456,3.825428963
12,exact_chain.FP64.div,1,1,nearest_even,1048576,3.845764160,3.839536667
12,exact_chain.FP64.div,2,0,nearest_even,1048576,3.845038414,3.839941978
12,exact_chain.FP64.div,2,1,toward_zero,1048576,3.809045792,3.804253578
12,exact_chain.FP64.div,3,0,toward_zero,1048576,3.828203201,3.823764801
12,exact_chain.FP64.div,3,1,nearest_even,1048576,3.843470573,3.838030815
12,exact_chain.FP64.div,4,0,nearest_even,1048576,3.841158867,3.836769104
12,exact_chain.FP64.div,4,1,toward_zero,1048576,3.818161011,3.813944817
12,exact_chain.FP64.div,5,0,toward_zero,1048576,3.819489479,3.814124107
12,exact_chain.FP64.div,5,1,nearest_even,1048576,3.826559067,3.822615623
12,exact_chain.FP64.div,6,0,nearest_even,1048576,3.841885567,3.837648392
12,exact_chain.FP64.div,6,1,toward_zero,1048576,3.814835548,3.810626030
12,exact_chain.FP64.div,7,0,toward_zero,1048576,3.816575050,3.811659813
12,exact_chain.FP64.div,7,1,nearest_even,1048576,3.835445404,3.831522942
12,exact_chain.FP64.div,8,0,nearest_even,1048576,3.833944321,3.829468727
12,exact_chain.FP64.div,8,1,toward_zero,1048576,3.805988312,3.801781654
12,inexact_chain.FP64.div,0,0,nearest_even,1048576,5.148967743,5.142709732
12,inexact_chain.FP64.div,0,1,toward_zero,1048576,3.819116592,3.814351082
12,inexact_chain.FP64.div,1,0,toward_zero,1048576,3.826798439,3.822303772
12,inexact_chain.FP64.div,1,1,nearest_even,1048576,5.143635750,5.137625694
12,inexact_chain.FP64.div,2,0,nearest_even,1048576,5.139957428,5.134940147
12,inexact_chain.FP64.div,2,1,toward_zero,1048576,3.817272186,3.812604904
12,inexact_chain.FP64.div,3,0,toward_zero,1048576,3.800570488,3.796735764
12,inexact_chain.FP64.div,3,1,nearest_even,1048576,5.137884140,5.130420685
12,inexact_chain.FP64.div,4,0,nearest_even,1048576,5.116442680,5.109326363
12,inexact_chain.FP64.div,4,1,toward_zero,1048576,3.781614304,3.776525497
12,inexact_chain.FP64.div,5,0,toward_zero,1048576,3.797608376,3.792254448
12,inexact_chain.FP64.div,5,1,nearest_even,1048576,5.120934486,5.112524033
12,inexact_chain.FP64.div,6,0,nearest_even,1048576,5.121898651,5.116062164
12,inexact_chain.FP64.div,6,1,toward_zero,1048576,3.809312820,3.804827690
12,inexact_chain.FP64.div,7,0,toward_zero,1048576,3.804268837,3.799697876
12,inexact_chain.FP64.div,7,1,nearest_even,1048576,5.125003815,5.119844437
12,inexact_chain.FP64.div,8,0,nearest_even,1048576,5.129915237,5.122920036
12,inexact_chain.FP64.div,8,1,toward_zero,1048576,3.803026199,3.799056053
12,throughput4096.FP64.mul_div,0,0,toward_zero,1048576,2.531057358,2.527655602
12,throughput4096.FP64.mul_div,0,1,nearest_even,1048576,2.445075035,2.442235947
12,throughput4096.FP64.mul_div,1,0,nearest_even,1048576,2.450234413,2.446834564
12,throughput4096.FP64.mul_div,1,1,toward_zero,1048576,2.545848846,2.541147232
12,throughput4096.FP64.mul_div,2,0,toward_zero,1048576,2.542054176,2.539798737
12,throughput4096.FP64.mul_div,2,1,nearest_even,1048576,2.451372147,2.446020126
12,throughput4096.FP64.mul_div,3,0,nearest_even,1048576,2.457744598,2.447607994
12,throughput4096.FP64.mul_div,3,1,toward_zero,1048576,2.546392441,2.542990685
12,throughput4096.FP64.mul_div,4,0,toward_zero,1048576,2.544491768,2.538777351
12,throughput4096.FP64.mul_div,4,1,nearest_even,1048576,2.450301170,2.446718216
12,throughput4096.FP64.mul_div,5,0,nearest_even,1048576,2.453731537,2.449529648
12,throughput4096.FP64.mul_div,5,1,toward_zero,1048576,2.536494255,2.532185555
12,throughput4096.FP64.mul_div,6,0,toward_zero,1048576,2.516963959,2.514823914
12,throughput4096.FP64.mul_div,6,1,nearest_even,1048576,2.456789017,2.452490807
12,throughput4096.FP64.mul_div,7,0,nearest_even,1048576,2.447435379,2.444693565
12,throughput4096.FP64.mul_div,7,1,toward_zero,1048576,2.520585060,2.516945839
12,throughput4096.FP64.mul_div,8,0,toward_zero,1048576,2.525161743,2.519161224
12,throughput4096.FP64.mul_div,8,1,nearest_even,1048576,2.452088356,2.449222565
12,throughput256.FP64.mul_div,0,0,nearest_even,1048576,2.427905083,2.422822952
12,throughput256.FP64.mul_div,0,1,toward_zero,1048576,2.507083893,2.502288818
12,throughput256.FP64.mul_div,1,0,toward_zero,1048576,2.498151779,2.495045662
12,throughput256.FP64.mul_div,1,1,nearest_even,1048576,2.417710304,2.413295746
12,throughput256.FP64.mul_div,2,0,nearest_even,1048576,2.429041862,2.426310539
12,throughput256.FP64.mul_div,2,1,toward_zero,1048576,2.517767906,2.513181686
12,throughput256.FP64.mul_div,3,0,toward_zero,1048576,2.492704391,2.488186836
12,throughput256.FP64.mul_div,3,1,nearest_even,1048576,2.421026230,2.417738914
12,throughput256.FP64.mul_div,4,0,nearest_even,1048576,2.430427551,2.425851822
12,throughput256.FP64.mul_div,4,1,toward_zero,1048576,2.517719269,2.514335632
12,throughput256.FP64.mul_div,5,0,toward_zero,1048576,2.502756119,2.497979164
12,throughput256.FP64.mul_div,5,1,nearest_even,1048576,2.427417755,2.423271179
12,throughput256.FP64.mul_div,6,0,nearest_even,1048576,2.423757553,2.419324875
12,throughput256.FP64.mul_div,6,1,toward_zero,1048576,2.510973930,2.506279945
12,throughput256.FP64.mul_div,7,0,toward_zero,1048576,2.499861717,2.496222496
12,throughput256.FP64.mul_div,7,1,nearest_even,1048576,2.424169540,2.419392586
12,throughput256.FP64.mul_div,8,0,nearest_even,1048576,2.428238869,2.425269127
12,throughput256.FP64.mul_div,8,1,toward_zero,1048576,2.510562897,2.506579399
12,exact_results.FP64.mul_div,0,0,toward_zero,1048576,2.541873932,2.538185120
12,exact_results.FP64.mul_div,0,1,nearest_even,1048576,2.567317963,2.562214851
12,exact_results.FP64.mul_div,1,0,nearest_even,1048576,2.564719200,2.559712410
12,exact_results.FP64.mul_div,1,1,toward_zero,1048576,2.528763771,2.525221825
12,exact_results.FP64.mul_div,2,0,toward_zero,1048576,2.530790329,2.526288986
12,exact_results.FP64.mul_div,2,1,nearest_even,1048576,2.552794456,2.547569275
12,exact_results.FP64.mul_div,3,0,nearest_even,1048576,2.564192772,2.561306000
12,exact_results.FP64.mul_div,3,1,toward_zero,1048576,2.531019211,2.526434898
12,exact_results.FP64.mul_div,4,0,toward_zero,1048576,2.530092239,2.525583267
12,exact_results.FP64.mul_div,4,1,nearest_even,1048576,2.562846184,2.559604645
12,exact_results.FP64.mul_div,5,0,nearest_even,1048576,2.568856239,2.562788963
12,exact_results.FP64.mul_div,5,1,toward_zero,1048576,2.529213905,2.524055481
12,exact_results.FP64.mul_div,6,0,toward_zero,1048576,2.528687477,2.525887489
12,exact_results.FP64.mul_div,6,1,nearest_even,1048576,2.559702873,2.553634644
12,exact_results.FP64.mul_div,7,0,nearest_even,1048576,2.562273026,2.557943344
12,exact_results.FP64.mul_div,7,1,toward_zero,1048576,2.526337624,2.523530006
12,exact_results.FP64.mul_div,8,0,toward_zero,1048576,2.532519341,2.525945663
12,exact_results.FP64.mul_div,8,1,nearest_even,1048576,2.566085815,2.559942245
12,halfway_ties.FP64.mul_div,0,0,toward_zero,1048576,2.532433510,2.526587486
12,halfway_ties.FP64.mul_div,0,1,nearest_even,1048576,2.452737808,2.448084831
12,halfway_ties.FP64.mul_div,1,0,nearest_even,1048576,2.455279350,2.451620102
12,halfway_ties.FP64.mul_div,1,1,toward_zero,1048576,2.540812492,2.536256790
12,halfway_ties.FP64.mul_div,2,0,toward_zero,1048576,2.529872894,2.525190353
12,halfway_ties.FP64.mul_div,2,1,nearest_even,1048576,2.449747086,2.446306229
12,halfway_ties.FP64.mul_div,3,0,nearest_even,1048576,2.456885338,2.451992989
12,halfway_ties.FP64.mul_div,3,1,toward_zero,1048576,2.534716606,2.531268120
12,halfway_ties.FP64.mul_div,4,0,toward_zero,1048576,2.532500267,2.527340889
12,halfway_ties.FP64.mul_div,4,1,nearest_even,1048576,2.450024605,2.444979668
12,halfway_ties.FP64.mul_div,5,0,nearest_even,1048576,2.459568977,2.456455231
12,halfway_ties.FP64.mul_div,5,1,toward_zero,1048576,2.540277481,2.535950661
12,halfway_ties.FP64.mul_div,6,0,toward_zero,1048576,2.525085449,2.522516251
12,halfway_ties.FP64.mul_div,6,1,nearest_even,1048576,2.452326775,2.447367668
12,halfway_ties.FP64.mul_div,7,0,nearest_even,1048576,2.460524559,2.455481529
12,halfway_ties.FP64.mul_div,7,1,toward_zero,1048576,2.537010193,2.533464432
12,halfway_ties.FP64.mul_div,8,0,toward_zero,1048576,2.533828735,2.529100418
12,halfway_ties.FP64.mul_div,8,1,nearest_even,1048576,2.449622154,2.446910858
12,exact_chain.FP64.mul_div,0,0,nearest_even,1048576,3.722805023,3.716256142
12,exact_chain.FP64.mul_div,0,1,toward_zero,1048576,3.669384956,3.663274765
12,exact_chain.FP64.mul_div,1,0,toward_zero,1048576,3.667951584,3.661333084
12,exact_chain.FP64.mul_div,1,1,nearest_even,1048576,3.685579300,3.678410530
12,exact_chain.FP64.mul_div,2,0,nearest_even,1048576,3.674266815,3.669582367
12,exact_chain.FP64.mul_div,2,1,toward_zero,1048576,3.657174110,3.651148796
12,exact_chain.FP64.mul_div,3,0,toward_zero,1048576,3.667024612,3.660052299
12,exact_chain.FP64.mul_div,3,1,nearest_even,1048576,3.698373795,3.691432953
12,exact_chain.FP64.mul_div,4,0,nearest_even,1048576,3.695306778,3.688985825
12,exact_chain.FP64.mul_div,4,1,toward_zero,1048576,3.657431602,3.652076721
12,exact_chain.FP64.mul_div,5,0,toward_zero,1048576,3.655569077,3.650262833
12,exact_chain.FP64.mul_div,5,1,nearest_even,1048576,3.675623894,3.670030594
12,exact_chain.FP64.mul_div,6,0,nearest_even,1048576,3.679206848,3.671960831
12,exact_chain.FP64.mul_div,6,1,toward_zero,1048576,3.656724930,3.649600029
12,exact_chain.FP64.mul_div,7,0,toward_zero,1048576,3.656677246,3.649381638
12,exact_chain.FP64.mul_div,7,1,nearest_even,1048576,3.696730614,3.689196587
12,exact_chain.FP64.mul_div,8,0,nearest_even,1048576,3.684232712,3.677521706
12,exact_chain.FP64.mul_div,8,1,toward_zero,1048576,3.667674065,3.661172867
12,inexact_chain.FP64.mul_div,0,0,toward_zero,1048576,3.661492348,3.654743195
12,inexact_chain.FP64.mul_div,0,1,nearest_even,1048576,5.094562531,5.084266663
12,inexact_chain.FP64.mul_div,1,0,nearest_even,1048576,5.093195915,5.084706306
12,inexact_chain.FP64.mul_div,1,1,toward_zero,1048576,3.698230743,3.692091942
12,inexact_chain.FP64.mul_div,2,0,toward_zero,1048576,3.672413826,3.665399551
12,inexact_chain.FP64.mul_div,2,1,nearest_even,1048576,5.085255623,5.077162743
12,inexact_chain.FP64.mul_div,3,0,nearest_even,1048576,5.083346367,5.075071335
12,inexact_chain.FP64.mul_div,3,1,toward_zero,1048576,3.655291557,3.648319244
12,inexact_chain.FP64.mul_div,4,0,toward_zero,1048576,3.655712128,3.648637772
12,inexact_chain.FP64.mul_div,4,1,nearest_even,1048576,5.089566231,5.079858780
12,inexact_chain.FP64.mul_div,5,0,nearest_even,1048576,5.089317322,5.078910828
12,inexact_chain.FP64.mul_div,5,1,toward_zero,1048576,3.673723221,3.665794373
12,inexact_chain.FP64.mul_div,6,0,toward_zero,1048576,3.695840836,3.690057755
12,inexact_chain.FP64.mul_div,6,1,nearest_even,1048576,5.092929840,5.083190918
12,inexact_chain.FP64.mul_div,7,0,nearest_even,1048576,5.083413124,5.075702667
12,inexact_chain.FP64.mul_div,7,1,toward_zero,1048576,3.661454201,3.654819489
12,inexact_chain.FP64.mul_div,8,0,toward_zero,1048576,3.710861206,3.704646111
12,inexact_chain.FP64.mul_div,8,1,nearest_even,1048576,5.087875366,5.080163956
12,throughput4096.FP128.mul,0,0,toward_zero,1048576,2.739598274,2.731018066
12,throughput4096.FP128.mul,0,1,nearest_even,1048576,2.625667572,2.621960640
12,throughput4096.FP128.mul,1,0,nearest_even,1048576,2.632136345,2.626803398
12,throughput4096.FP128.mul,1,1,toward_zero,1048576,2.750739098,2.745750427
12,throughput4096.FP128.mul,2,0,toward_zero,1048576,2.740916252,2.735288620
12,throughput4096.FP128.mul,2,1,nearest_even,1048576,2.621731758,2.617012978
12,throughput4096.FP128.mul,3,0,nearest_even,1048576,2.637343407,2.633799553
12,throughput4096.FP128.mul,3,1,toward_zero,1048576,2.793773651,2.789012909
12,throughput4096.FP128.mul,4,0,toward_zero,1048576,2.737974167,2.733682632
12,throughput4096.FP128.mul,4,1,nearest_even,1048576,2.632863045,2.628353119
12,throughput4096.FP128.mul,5,0,nearest_even,1048576,2.649038315,2.643937111
12,throughput4096.FP128.mul,5,1,toward_zero,1048576,2.795283318,2.791020393
12,throughput4096.FP128.mul,6,0,toward_zero,1048576,2.747060776,2.740963936
12,throughput4096.FP128.mul,6,1,nearest_even,1048576,2.629222870,2.626011848
12,throughput4096.FP128.mul,7,0,nearest_even,1048576,2.641356468,2.636166573
12,throughput4096.FP128.mul,7,1,toward_zero,1048576,2.758574486,2.753951073
12,throughput4096.FP128.mul,8,0,toward_zero,1048576,2.741557121,2.736177444
12,throughput4096.FP128.mul,8,1,nearest_even,1048576,2.629604340,2.624128342
12,throughput256.FP128.mul,0,0,nearest_even,1048576,2.639416695,2.634848595
12,throughput256.FP128.mul,0,1,toward_zero,1048576,2.738040924,2.735088348
12,throughput256.FP128.mul,1,0,toward_zero,1048576,2.746640205,2.742867470
12,throughput256.FP128.mul,1,1,nearest_even,1048576,2.626403809,2.621203423
12,throughput256.FP128.mul,2,0,nearest_even,1048576,2.639302254,2.634973526
12,throughput256.FP128.mul,2,1,toward_zero,1048576,2.752239227,2.746686935
12,throughput256.FP128.mul,3,0,toward_zero,1048576,2.735155106,2.730795860
12,throughput256.FP128.mul,3,1,nearest_even,1048576,2.625849724,2.622248650
12,throughput256.FP128.mul,4,0,nearest_even,1048576,2.636492729,2.632098198
12,throughput256.FP128.mul,4,1,toward_zero,1048576,2.800891876,2.795712471
12,throughput256.FP128.mul,5,0,toward_zero,1048576,2.747309685,2.742150307
12,throughput256.FP128.mul,5,1,nearest_even,1048576,2.631094933,2.627131462
12,throughput256.FP128.mul,6,0,nearest_even,1048576,2.649067879,2.645742416
12,throughput256.FP128.mul,6,1,toward_zero,1048576,2.740706444,2.735518456
12,throughput256.FP128.mul,7,0,toward_zero,1048576,2.735356331,2.730339050
12,throughput256.FP128.mul,7,1,nearest_even,1048576,2.623795509,2.619132996
12,throughput256.FP128.mul,8,0,nearest_even,1048576,2.639856339,2.633760452
12,throughput256.FP128.mul,8,1,toward_zero,1048576,2.745656013,2.741421700
12,exact_results.FP128.mul,0,0,nearest_even,1048576,2.636741638,2.631266594
12,exact_results.FP128.mul,0,1,toward_zero,1048576,2.695360184,2.690140724
12,exact_results.FP128.mul,1,0,toward_zero,1048576,2.716332436,2.711143494
12,exact_results.FP128.mul,1,1,nearest_even,1048576,2.622983932,2.619877815
12,exact_results.FP128.mul,2,0,nearest_even,1048576,2.627999306,2.623260498
12,exact_results.FP128.mul,2,1,toward_zero,1048576,2.715310097,2.710656166
12,exact_results.FP128.mul,3,0,toward_zero,1048576,2.666438103,2.661067009
12,exact_results.FP128.mul,3,1,nearest_even,1048576,2.637965202,2.632794380
12,exact_results.FP128.mul,4,0,nearest_even,1048576,2.629729271,2.626900673
12,exact_results.FP128.mul,4,1,toward_zero,1048576,2.709806442,2.704916000
12,exact_results.FP128.mul,5,0,toward_zero,1048576,2.718778610,2.713246346
12,exact_results.FP128.mul,5,1,nearest_even,1048576,2.635241508,2.630826950
12,exact_results.FP128.mul,6,0,nearest_even,1048576,2.630283356,2.627091408
12,exact_results.FP128.mul,6,1,toward_zero,1048576,2.700222969,2.695312500
12,exact_results.FP128.mul,7,0,toward_zero,1048576,2.714679718,2.710550308
12,exact_results.FP128.mul,7,1,nearest_even,1048576,2.627655029,2.623871803
12,exact_results.FP128.mul,8,0,nearest_even,1048576,2.626060486,2.621809959
12,exact_results.FP128.mul,8,1,toward_zero,1048576,2.710083961,2.706479073
12,halfway_ties.FP128.mul,0,0,toward_zero,1048576,2.707666397,2.701465607
12,halfway_ties.FP128.mul,0,1,nearest_even,1048576,2.635079384,2.629986763
12,halfway_ties.FP128.mul,1,0,nearest_even,1048576,2.642580032,2.637966156
12,halfway_ties.FP128.mul,1,1,toward_zero,1048576,2.724309921,2.720965385
12,halfway_ties.FP128.mul,2,0,toward_zero,1048576,2.720393181,2.714047432
12,halfway_ties.FP128.mul,2,1,nearest_even,1048576,2.628725052,2.624761581
12,halfway_ties.FP128.mul,3,0,nearest_even,1048576,2.649163246,2.642110825
12,halfway_ties.FP128.mul,3,1,toward_zero,1048576,2.738346100,2.732738495
12,halfway_ties.FP128.mul,4,0,toward_zero,1048576,2.734954834,2.731161118
12,halfway_ties.FP128.mul,4,1,nearest_even,1048576,2.627597809,2.623776436
12,halfway_ties.FP128.mul,5,0,nearest_even,1048576,2.644404411,2.640267372
12,halfway_ties.FP128.mul,5,1,toward_zero,1048576,2.737018585,2.731390953
12,halfway_ties.FP128.mul,6,0,toward_zero,1048576,2.729040146,2.724453926
12,halfway_ties.FP128.mul,6,1,nearest_even,1048576,2.631897926,2.627273560
12,halfway_ties.FP128.mul,7,0,nearest_even,1048576,2.644108772,2.640543938
12,halfway_ties.FP128.mul,7,1,toward_zero,1048576,2.725055695,2.720249176
12,halfway_ties.FP128.mul,8,0,toward_zero,1048576,2.724128723,2.719398499
12,halfway_ties.FP128.mul,8,1,nearest_even,1048576,2.628954887,2.623890877
12,exact_chain.FP128.mul,0,0,nearest_even,1048576,3.730525017,3.725063324
12,exact_chain.FP128.mul,0,1,toward_zero,1048576,3.702396393,3.698072433
12,exact_chain.FP128.mul,1,0,toward_zero,1048576,3.716670990,3.709970474
12,exact_chain.FP128.mul,1,1,nearest_even,1048576,3.726340294,3.720028877
12,exact_chain.FP128.mul,2,0,nearest_even,1048576,3.738121033,3.730215073
12,exact_chain.FP128.mul,2,1,toward_zero,1048576,3.704096794,3.697612762
12,exact_chain.FP128.mul,3,0,toward_zero,1048576,3.711778641,3.704895020
12,exact_chain.FP128.mul,3,1,nearest_even,1048576,3.727056503,3.720611572
12,exact_chain.FP128.mul,4,0,nearest_even,1048576,3.722757339,3.716035843
12,exact_chain.FP128.mul,4,1,toward_zero,1048576,3.718085289,3.712118149
12,exact_chain.FP128.mul,5,0,toward_zero,1048576,3.691389084,3.685012817
12,exact_chain.FP128.mul,5,1,nearest_even,1048576,3.721611023,3.717260361
12,exact_chain.FP128.mul,6,0,nearest_even,1048576,3.722785950,3.716484070
12,exact_chain.FP128.mul,6,1,toward_zero,1048576,3.687194824,3.681046486
12,exact_chain.FP128.mul,7,0,toward_zero,1048576,3.710001945,3.703540802
12,exact_chain.FP128.mul,7,1,nearest_even,1048576,3.721381187,3.715558052
12,exact_chain.FP128.mul,8,0,nearest_even,1048576,3.723521233,3.716315269
12,exact_chain.FP128.mul,8,1,toward_zero,1048576,3.721467018,3.715950966
12,inexact_chain.FP128.mul,0,0,nearest_even,1048576,4.926133156,4.917122841
12,inexact_chain.FP128.mul,0,1,toward_zero,1048576,3.715935707,3.709444046
12,inexact_chain.FP128.mul,1,0,toward_zero,1048576,3.681691170,3.674739838
12,inexact_chain.FP128.mul,1,1,nearest_even,1048576,5.164388657,5.157183647
12,inexact_chain.FP128.mul,2,0,nearest_even,1048576,5.169137001,5.158513069
12,inexact_chain.FP128.mul,2,1,toward_zero,1048576,3.692765236,3.686770439
12,inexact_chain.FP128.mul,3,0,toward_zero,1048576,3.698756218,3.693439484
12,inexact_chain.FP128.mul,3,1,nearest_even,1048576,5.158970833,5.148737907
12,inexact_chain.FP128.mul,4,0,nearest_even,1048576,5.160987854,5.153120995
12,inexact_chain.FP128.mul,4,1,toward_zero,1048576,3.707517624,3.700300217
12,inexact_chain.FP128.mul,5,0,toward_zero,1048576,3.695115089,3.688166618
12,inexact_chain.FP128.mul,5,1,nearest_even,1048576,5.158942223,5.149022102
12,inexact_chain.FP128.mul,6,0,nearest_even,1048576,5.161664963,5.150599480
12,inexact_chain.FP128.mul,6,1,toward_zero,1048576,3.732388496,3.726059914
12,inexact_chain.FP128.mul,7,0,toward_zero,1048576,3.711138725,3.704291344
12,inexact_chain.FP128.mul,7,1,nearest_even,1048576,5.164121628,5.155809402
12,inexact_chain.FP128.mul,8,0,nearest_even,1048576,5.161579132,5.153104782
12,inexact_chain.FP128.mul,8,1,toward_zero,1048576,3.700781822,3.695045471
12,throughput4096.FP128.div,0,0,toward_zero,1048576,2.529080391,2.524790764
12,throughput4096.FP128.div,0,1,nearest_even,1048576,3.299674988,3.296118736
12,throughput4096.FP128.div,1,0,nearest_even,1048576,3.266148567,3.258587837
12,throughput4096.FP128.div,1,1,toward_zero,1048576,2.547892570,2.544558525
12,throughput4096.FP128.div,2,0,toward_zero,1048576,2.584946632,2.579978943
12,throughput4096.FP128.div,2,1,nearest_even,1048576,3.311752319,3.306447983
12,throughput4096.FP128.div,3,0,nearest_even,1048576,3.288400650,3.282464027
12,throughput4096.FP128.div,3,1,toward_zero,1048576,2.554065704,2.550367355
12,throughput4096.FP128.div,4,0,toward_zero,1048576,2.591357231,2.587993622
12,throughput4096.FP128.div,4,1,nearest_even,1048576,3.313425064,3.308012009
12,throughput4096.FP128.div,5,0,nearest_even,1048576,3.282171249,3.277170181
12,throughput4096.FP128.div,5,1,toward_zero,1048576,2.553606033,2.548894882
12,throughput4096.FP128.div,6,0,toward_zero,1048576,2.597270966,2.591662407
12,throughput4096.FP128.div,6,1,nearest_even,1048576,3.317734718,3.311839104
12,throughput4096.FP128.div,7,0,nearest_even,1048576,3.285820961,3.280238152
12,throughput4096.FP128.div,7,1,toward_zero,1048576,2.557953835,2.552556038
12,throughput4096.FP128.div,8,0,toward_zero,1048576,2.591271400,2.586829185
12,throughput4096.FP128.div,8,1,nearest_even,1048576,3.321258545,3.315486908
12,throughput256.FP128.div,0,0,nearest_even,1048576,3.285973549,3.279683113
12,throughput256.FP128.div,0,1,toward_zero,1048576,2.556731224,2.551850319
12,throughput256.FP128.div,1,0,toward_zero,1048576,2.587058067,2.583139420
12,throughput256.FP128.div,1,1,nearest_even,1048576,3.320218086,3.314052582
12,throughput256.FP128.div,2,0,nearest_even,1048576,3.281445503,3.277525902
12,throughput256.FP128.div,2,1,toward_zero,1048576,2.557829857,2.553042412
12,throughput256.FP128.div,3,0,toward_zero,1048576,2.593057632,2.588452339
12,throughput256.FP128.div,3,1,nearest_even,1048576,3.317235947,3.313106537
12,throughput256.FP128.div,4,0,nearest_even,1048576,3.283804893,3.277725220
12,throughput256.FP128.div,4,1,toward_zero,1048576,2.557829857,2.554503441
12,throughput256.FP128.div,5,0,toward_zero,1048576,2.594663620,2.589323044
12,throughput256.FP128.div,5,1,nearest_even,1048576,3.316492081,3.311701775
12,throughput256.FP128.div,6,0,nearest_even,1048576,3.287015915,3.280192375
12,throughput256.FP128.div,6,1,toward_zero,1048576,2.560103416,2.554734230
12,throughput256.FP128.div,7,0,toward_zero,1048576,2.590383530,2.587707520
12,throughput256.FP128.div,7,1,nearest_even,1048576,3.318927765,3.311634064
12,throughput256.FP128.div,8,0,nearest_even,1048576,3.283318520,3.278145790
12,throughput256.FP128.div,8,1,toward_zero,1048576,2.555928230,2.551009178
12,exact_results.FP128.div,0,0,nearest_even,1048576,2.457017899,2.452375412
12,exact_results.FP128.div,0,1,toward_zero,1048576,2.541768074,2.537353516
12,exact_results.FP128.div,1,0,toward_zero,1048576,2.577464104,2.574350357
12,exact_results.FP128.div,1,1,nearest_even,1048576,2.469945908,2.465273857
12,exact_results.FP128.div,2,0,nearest_even,1048576,2.440555573,2.435559273
12,exact_results.FP128.div,2,1,toward_zero,1048576,2.530857086,2.527139664
12,exact_results.FP128.div,3,0,toward_zero,1048576,2.556693077,2.552126884
12,exact_results.FP128.div,3,1,nearest_even,1048576,2.459549904,2.455537796
12,exact_results.FP128.div,4,0,nearest_even,1048576,2.436122894,2.430973053
12,exact_results.FP128.div,4,1,toward_zero,1048576,2.527111053,2.522850990
12,exact_results.FP128.div,5,0,toward_zero,1048576,2.551657677,2.548866272
12,exact_results.FP128.div,5,1,nearest_even,1048576,2.465101242,2.460419655
12,exact_results.FP128.div,6,0,nearest_even,1048576,2.452374458,2.447062492
12,exact_results.FP128.div,6,1,toward_zero,1048576,2.531888962,2.528201103
12,exact_results.FP128.div,7,0,toward_zero,1048576,2.553243637,2.548515320
12,exact_results.FP128.div,7,1,nearest_even,1048576,2.453425407,2.449975967
12,exact_results.FP128.div,8,0,nearest_even,1048576,2.433226585,2.427638054
12,exact_results.FP128.div,8,1,toward_zero,1048576,2.539456367,2.534823418
12,halfway_ties.FP128.div,0,0,toward_zero,1048576,2.556693077,2.551589966
12,halfway_ties.FP128.div,0,1,nearest_even,1048576,3.323390961,3.318312645
12,halfway_ties.FP128.div,1,0,nearest_even,1048576,3.299216270,3.293825150
12,halfway_ties.FP128.div,1,1,toward_zero,1048576,2.523662567,2.518551826
12,halfway_ties.FP128.div,2,0,toward_zero,1048576,2.556778908,2.553788185
12,halfway_ties.FP128.div,2,1,nearest_even,1048576,3.327040672,3.320375443
12,halfway_ties.FP128.div,3,0,nearest_even,1048576,3.297325134,3.291714668
12,halfway_ties.FP128.div,3,1,toward_zero,1048576,2.528076172,2.522888184
12,halfway_ties.FP128.div,4,0,toward_zero,1048576,2.562149048,2.557514191
12,halfway_ties.FP128.div,4,1,nearest_even,1048576,3.321278572,3.316527367
12,halfway_ties.FP128.div,5,0,nearest_even,1048576,3.294563293,3.289908409
12,halfway_ties.FP128.div,5,1,toward_zero,1048576,2.521225929,2.516076088
12,halfway_ties.FP128.div,6,0,toward_zero,1048576,2.559625626,2.555145264
12,halfway_ties.FP128.div,6,1,nearest_even,1048576,3.331292152,3.325163841
12,halfway_ties.FP128.div,7,0,nearest_even,1048576,3.297659874,3.292201996
12,halfway_ties.FP128.div,7,1,toward_zero,1048576,2.533627510,2.530990601
12,halfway_ties.FP128.div,8,0,toward_zero,1048576,2.557437897,2.552211761
12,halfway_ties.FP128.div,8,1,nearest_even,1048576,3.335934639,3.327924728
12,exact_chain.FP128.div,0,0,nearest_even,1048576,4.094463348,4.086394310
12,exact_chain.FP128.div,0,1,toward_zero,1048576,4.084297180,4.077909470
12,exact_chain.FP128.div,1,0,toward_zero,1048576,4.085023880,4.078301430
12,exact_chain.FP128.div,1,1,nearest_even,1048576,4.085530281,4.078692436
12,exact_chain.FP128.div,2,0,nearest_even,1048576,4.079892159,4.071584702
12,exact_chain.FP128.div,2,1,toward_zero,1048576,4.074646950,4.068237305
12,exact_chain.FP128.div,3,0,toward_zero,1048576,4.075402260,4.068822861
12,exact_chain.FP128.div,3,1,nearest_even,1048576,4.082577705,4.075078964
12,exact_chain.FP128.div,4,0,nearest_even,1048576,4.082176208,4.076313972
12,exact_chain.FP128.div,4,1,toward_zero,1048576,4.074321747,4.068470001
12,exact_chain.FP128.div,5,0,toward_zero,1048576,4.075993538,4.068813324
12,exact_chain.FP128.div,5,1,nearest_even,1048576,4.081296921,4.074067116
12,exact_chain.FP128.div,6,0,nearest_even,1048576,4.087182999,4.080536842
12,exact_chain.FP128.div,6,1,toward_zero,1048576,4.076424599,4.069508553
12,exact_chain.FP128.div,7,0,toward_zero,1048576,4.076778412,4.069511414
12,exact_chain.FP128.div,7,1,nearest_even,1048576,4.085911751,4.076723099
12,exact_chain.FP128.div,8,0,nearest_even,1048576,4.081220627,4.073665619
12,exact_chain.FP128.div,8,1,toward_zero,1048576,4.080513000,4.074488640
12,inexact_chain.FP128.div,0,0,nearest_even,1048576,5.417864799,5.406312943
12,inexact_chain.FP128.div,0,1,toward_zero,1048576,4.078526497,4.071527481
12,inexact_chain.FP128.div,1,0,toward_zero,1048576,4.082252502,4.074763298
12,inexact_chain.FP128.div,1,1,nearest_even,1048576,5.412036896,5.404314041
12,inexact_chain.FP128.div,2,0,nearest_even,1048576,5.408577919,5.399134636
12,inexact_chain.FP128.div,2,1,toward_zero,1048576,4.078574181,4.071182251
12,inexact_chain.FP128.div,3,0,toward_zero,1048576,4.084201813,4.074345589
12,inexact_chain.FP128.div,3,1,nearest_even,1048576,5.412141800,5.402318001
12,inexact_chain.FP128.div,4,0,nearest_even,1048576,5.408434868,5.398562431
12,inexact_chain.FP128.div,4,1,toward_zero,1048576,4.073432922,4.066845894
12,inexact_chain.FP128.div,5,0,toward_zero,1048576,4.078555107,4.072250366
12,inexact_chain.FP128.div,5,1,nearest_even,1048576,5.406887054,5.397026062
12,inexact_chain.FP128.div,6,0,nearest_even,1048576,5.408998489,5.397055626
12,inexact_chain.FP128.div,6,1,toward_zero,1048576,4.075019836,4.067763329
12,inexact_chain.FP128.div,7,0,toward_zero,1048576,4.074264526,4.067953110
12,inexact_chain.FP128.div,7,1,nearest_even,1048576,5.414405823,5.403282166
12,inexact_chain.FP128.div,8,0,nearest_even,1048576,5.408157349,5.398447990
12,inexact_chain.FP128.div,8,1,toward_zero,1048576,4.077503204,4.071870804
12,throughput4096.FP128.mul_div,0,0,nearest_even,1048576,4.819703102,4.811697006
12,throughput4096.FP128.mul_div,0,1,toward_zero,1048576,3.118928909,3.113816261
12,throughput4096.FP128.mul_div,1,0,toward_zero,1048576,3.151759148,3.144877434
12,throughput4096.FP128.mul_div,1,1,nearest_even,1048576,4.808285713,4.800240517
12,throughput4096.FP128.mul_div,2,0,nearest_even,1048576,4.844879150,4.835478783
12,throughput4096.FP128.mul_div,2,1,toward_zero,1048576,3.127126694,3.119540215
12,throughput4096.FP128.mul_div,3,0,toward_zero,1048576,3.138086319,3.131987572
12,throughput4096.FP128.mul_div,3,1,nearest_even,1048576,4.783805847,4.775513649
12,throughput4096.FP128.mul_div,4,0,nearest_even,1048576,4.826964378,4.818320274
12,throughput4096.FP128.mul_div,4,1,toward_zero,1048576,3.145548820,3.140970230
12,throughput4096.FP128.mul_div,5,0,toward_zero,1048576,3.143016815,3.135773659
12,throughput4096.FP128.mul_div,5,1,nearest_even,1048576,4.787426949,4.778973579
12,throughput4096.FP128.mul_div,6,0,nearest_even,1048576,4.770572662,4.763081551
12,throughput4096.FP128.mul_div,6,1,toward_zero,1048576,3.120371819,3.116165161
12,throughput4096.FP128.mul_div,7,0,toward_zero,1048576,3.205112457,3.199911118
12,throughput4096.FP128.mul_div,7,1,nearest_even,1048576,4.801424980,4.794411659
12,throughput4096.FP128.mul_div,8,0,nearest_even,1048576,4.758648872,4.750617027
12,throughput4096.FP128.mul_div,8,1,toward_zero,1048576,3.140197754,3.134191513
12,throughput256.FP128.mul_div,0,0,toward_zero,1048576,3.134417534,3.129493713
12,throughput256.FP128.mul_div,0,1,nearest_even,1048576,4.704176903,4.695543289
12,throughput256.FP128.mul_div,1,0,nearest_even,1048576,4.682057381,4.673356056
12,throughput256.FP128.mul_div,1,1,toward_zero,1048576,3.111783028,3.106793404
12,throughput256.FP128.mul_div,2,0,toward_zero,1048576,3.139462471,3.134224892
12,throughput256.FP128.mul_div,2,1,nearest_even,1048576,4.704989433,4.697385788
12,throughput256.FP128.mul_div,3,0,nearest_even,1048576,4.734627724,4.726804733
12,throughput256.FP128.mul_div,3,1,toward_zero,1048576,3.178339958,3.171211243
12,throughput256.FP128.mul_div,4,0,toward_zero,1048576,3.151797295,3.146015167
12,throughput256.FP128.mul_div,4,1,nearest_even,1048576,4.725789070,4.717161179
12,throughput256.FP128.mul_div,5,0,nearest_even,1048576,4.723448753,4.715604782
12,throughput256.FP128.mul_div,5,1,toward_zero,1048576,3.113550186,3.109161377
12,throughput256.FP128.mul_div,6,0,toward_zero,1048576,3.129745483,3.124697685
12,throughput256.FP128.mul_div,6,1,nearest_even,1048576,4.706843376,4.697394371
12,throughput256.FP128.mul_div,7,0,nearest_even,1048576,4.698568344,4.688643456
12,throughput256.FP128.mul_div,7,1,toward_zero,1048576,3.120400429,3.114312172
12,throughput256.FP128.mul_div,8,0,toward_zero,1048576,3.147259712,3.142994881
12,throughput256.FP128.mul_div,8,1,nearest_even,1048576,4.705629349,4.697881699
12,exact_results.FP128.mul_div,0,0,nearest_even,1048576,3.259899139,3.253237724
12,exact_results.FP128.mul_div,0,1,toward_zero,1048576,3.154167175,3.149283409
12,exact_results.FP128.mul_div,1,0,toward_zero,1048576,3.173716545,3.166738510
12,exact_results.FP128.mul_div,1,1,nearest_even,1048576,3.250764847,3.246023178
12,exact_results.FP128.mul_div,2,0,nearest_even,1048576,3.257530212,3.252491951
12,exact_results.FP128.mul_div,2,1,toward_zero,1048576,3.148204803,3.139880180
12,exact_results.FP128.mul_div,3,0,toward_zero,1048576,3.187235832,3.181558609
12,exact_results.FP128.mul_div,3,1,nearest_even,1048576,3.257759094,3.252959251
12,exact_results.FP128.mul_div,4,0,nearest_even,1048576,3.262718201,3.255836487
12,exact_results.FP128.mul_div,4,1,toward_zero,1048576,3.147631645,3.142757416
12,exact_results.FP128.mul_div,5,0,toward_zero,1048576,3.149724007,3.144992828
12,exact_results.FP128.mul_div,5,1,nearest_even,1048576,3.250182152,3.243157387
12,exact_results.FP128.mul_div,6,0,nearest_even,1048576,3.251653671,3.245946884
12,exact_results.FP128.mul_div,6,1,toward_zero,1048576,3.150345802,3.144610405
12,exact_results.FP128.mul_div,7,0,toward_zero,1048576,3.148395538,3.144077301
12,exact_results.FP128.mul_div,7,1,nearest_even,1048576,3.265747070,3.261196136
12,exact_results.FP128.mul_div,8,0,nearest_even,1048576,3.261093140,3.253800392
12,exact_results.FP128.mul_div,8,1,toward_zero,1048576,3.201176643,3.195957184
12,halfway_ties.FP128.mul_div,0,0,toward_zero,1048576,3.221661568,3.216832161
12,halfway_ties.FP128.mul_div,0,1,nearest_even,1048576,4.724863052,4.717220306
12,halfway_ties.FP128.mul_div,1,0,nearest_even,1048576,4.703125954,4.694396019
12,halfway_ties.FP128.mul_div,1,1,toward_zero,1048576,3.130022049,3.125176430
12,halfway_ties.FP128.mul_div,2,0,toward_zero,1048576,3.156689644,3.148873329
12,halfway_ties.FP128.mul_div,2,1,nearest_even,1048576,4.728990555,4.719782829
12,halfway_ties.FP128.mul_div,3,0,nearest_even,1048576,4.740284920,4.731800079
12,halfway_ties.FP128.mul_div,3,1,toward_zero,1048576,3.124499321,3.120018005
12,halfway_ties.FP128.mul_div,4,0,toward_zero,1048576,3.160004616,3.155405998
12,halfway_ties.FP128.mul_div,4,1,nearest_even,1048576,4.721910477,4.712183952
12,halfway_ties.FP128.mul_div,5,0,nearest_even,1048576,4.705419540,4.696412086
12,halfway_ties.FP128.mul_div,5,1,toward_zero,1048576,3.129583359,3.124029160
12,halfway_ties.FP128.mul_div,6,0,toward_zero,1048576,3.154500961,3.147876740
12,halfway_ties.FP128.mul_div,6,1,nearest_even,1048576,4.719264030,4.711467743
12,halfway_ties.FP128.mul_div,7,0,nearest_even,1048576,4.705924988,4.697174072
12,halfway_ties.FP128.mul_div,7,1,toward_zero,1048576,3.139701843,3.134594917
12,halfway_ties.FP128.mul_div,8,0,toward_zero,1048576,3.158485413,3.153142929
12,halfway_ties.FP128.mul_div,8,1,nearest_even,1048576,4.736204147,4.727378845
12,exact_chain.FP128.mul_div,0,0,toward_zero,1048576,3.937164307,3.930039406
12,exact_chain.FP128.mul_div,0,1,nearest_even,1048576,3.888568878,3.881434441
12,exact_chain.FP128.mul_div,1,0,nearest_even,1048576,3.893862724,3.887914658
12,exact_chain.FP128.mul_div,1,1,toward_zero,1048576,3.917252541,3.910292625
12,exact_chain.FP128.mul_div,2,0,toward_zero,1048576,3.934259415,3.927805901
12,exact_chain.FP128.mul_div,2,1,nearest_even,1048576,3.871228218,3.863319397
12,exact_chain.FP128.mul_div,3,0,nearest_even,1048576,3.895209312,3.889260292
12,exact_chain.FP128.mul_div,3,1,toward_zero,1048576,3.919946671,3.913558960
12,exact_chain.FP128.mul_div,4,0,toward_zero,1048576,3.939008713,3.931647301
12,exact_chain.FP128.mul_div,4,1,nearest_even,1048576,3.888158798,3.882356644
12,exact_chain.FP128.mul_div,5,0,nearest_even,1048576,3.879110336,3.871192932
12,exact_chain.FP128.mul_div,5,1,toward_zero,1048576,3.923176765,3.915986061
12,exact_chain.FP128.mul_div,6,0,toward_zero,1048576,3.928603172,3.921547890
12,exact_chain.FP128.mul_div,6,1,nearest_even,1048576,3.889840126,3.883376122
12,exact_chain.FP128.mul_div,7,0,nearest_even,1048576,3.885645866,3.879552841
12,exact_chain.FP128.mul_div,7,1,toward_zero,1048576,3.921055794,3.913454056
12,exact_chain.FP128.mul_div,8,0,toward_zero,1048576,3.930724144,3.921671867
12,exact_chain.FP128.mul_div,8,1,nearest_even,1048576,3.890576363,3.883958817
12,inexact_chain.FP128.mul_div,0,0,toward_zero,1048576,3.913249016,3.905411720
12,inexact_chain.FP128.mul_div,0,1,nearest_even,1048576,5.134491920,5.123076439
12,inexact_chain.FP128.mul_div,1,0,nearest_even,1048576,5.124670029,5.105313301
12,inexact_chain.FP128.mul_div,1,1,toward_zero,1048576,3.932024002,3.925370216
12,inexact_chain.FP128.mul_div,2,0,toward_zero,1048576,3.951018333,3.944226265
12,inexact_chain.FP128.mul_div,2,1,nearest_even,1048576,5.121172905,5.112928391
12,inexact_chain.FP128.mul_div,3,0,nearest_even,1048576,5.169930458,5.160157204
12,inexact_chain.FP128.mul_div,3,1,toward_zero,1048576,3.910774231,3.903755188
12,inexact_chain.FP128.mul_div,4,0,toward_zero,1048576,3.928594589,3.922481537
12,inexact_chain.FP128.mul_div,4,1,nearest_even,1048576,5.174259186,5.163818359
12,inexact_chain.FP128.mul_div,5,0,nearest_even,1048576,5.111063957,5.103754044
12,inexact_chain.FP128.mul_div,5,1,toward_zero,1048576,3.902709961,3.897269249
12,inexact_chain.FP128.mul_div,6,0,toward_zero,1048576,3.922221184,3.915850639
12,inexact_chain.FP128.mul_div,6,1,nearest_even,1048576,5.084444046,5.076658249
12,inexact_chain.FP128.mul_div,7,0,nearest_even,1048576,5.082715034,5.073007584
12,inexact_chain.FP128.mul_div,7,1,toward_zero,1048576,3.918379784,3.911390305
12,inexact_chain.FP128.mul_div,8,0,toward_zero,1048576,3.929501534,3.922874451
12,inexact_chain.FP128.mul_div,8,1,nearest_even,1048576,5.168410301,5.160862923
12,wide_product.FP128.mul,0,0,toward_zero,1048576,5.983865738,5.974536896
12,wide_product.FP128.mul,0,1,nearest_even,1048576,6.620447159,6.607544899
12,wide_product.FP128.mul,1,0,nearest_even,1048576,6.627766609,6.614336014
12,wide_product.FP128.mul,1,1,toward_zero,1048576,5.960676193,5.950222015
12,wide_product.FP128.mul,2,0,toward_zero,1048576,5.966858864,5.954135895
12,wide_product.FP128.mul,2,1,nearest_even,1048576,6.627680779,6.615569115
12,wide_product.FP128.mul,3,0,nearest_even,1048576,6.613883018,6.604904175
12,wide_product.FP128.mul,3,1,toward_zero,1048576,5.965779305,5.954271317
12,wide_product.FP128.mul,4,0,toward_zero,1048576,5.961880684,5.951146126
12,wide_product.FP128.mul,4,1,nearest_even,1048576,6.609507561,6.597578049
12,wide_product.FP128.mul,5,0,nearest_even,1048576,6.614676476,6.604028702
12,wide_product.FP128.mul,5,1,toward_zero,1048576,6.001437187,5.990973473
12,wide_product.FP128.mul,6,0,toward_zero,1048576,5.961785316,5.951272011
12,wide_product.FP128.mul,6,1,nearest_even,1048576,6.609210968,6.596385002
12,wide_product.FP128.mul,7,0,nearest_even,1048576,6.618402481,6.606585503
12,wide_product.FP128.mul,7,1,toward_zero,1048576,5.967719078,5.956218719
12,wide_product.FP128.mul,8,0,toward_zero,1048576,5.957867622,5.947924614
12,wide_product.FP128.mul,8,1,nearest_even,1048576,6.739862442,6.727994919
12,native_by64.FP128.div,0,0,toward_zero,1048576,4.041062355,4.033901215
12,native_by64.FP128.div,0,1,nearest_even,1048576,6.383672714,6.371083260
12,native_by64.FP128.div,1,0,nearest_even,1048576,6.374738693,6.364437103
12,native_by64.FP128.div,1,1,toward_zero,1048576,4.021293640,4.015094757
12,native_by64.FP128.div,2,0,toward_zero,1048576,4.037833214,4.029092789
12,native_by64.FP128.div,2,1,nearest_even,1048576,6.378178596,6.367969513
12,native_by64.FP128.div,3,0,nearest_even,1048576,6.375923157,6.363709450
12,native_by64.FP128.div,3,1,toward_zero,1048576,4.012006760,4.006201744
12,native_by64.FP128.div,4,0,toward_zero,1048576,4.013965607,4.004719734
12,native_by64.FP128.div,4,1,nearest_even,1048576,6.385525703,6.375492096
12,native_by64.FP128.div,5,0,nearest_even,1048576,6.383749008,6.370397568
12,native_by64.FP128.div,5,1,toward_zero,1048576,3.993995667,3.988304138
12,native_by64.FP128.div,6,0,toward_zero,1048576,4.019124985,4.012375832
12,native_by64.FP128.div,6,1,nearest_even,1048576,6.390036583,6.378088951
12,native_by64.FP128.div,7,0,nearest_even,1048576,6.365107536,6.352675438
12,native_by64.FP128.div,7,1,toward_zero,1048576,4.016133308,4.008475304
12,native_by64.FP128.div,8,0,toward_zero,1048576,4.003005981,3.996691704
12,native_by64.FP128.div,8,1,nearest_even,1048576,6.387656212,6.377168655
12,native_by128.FP128.div,0,0,nearest_even,1048576,10.020819664,10.003450394
12,native_by128.FP128.div,0,1,toward_zero,1048576,6.085403442,6.073133469
12,native_by128.FP128.div,1,0,toward_zero,1048576,6.079394341,6.068631172
12,native_by128.FP128.div,1,1,nearest_even,1048576,9.993693352,9.973374367
12,native_by128.FP128.div,2,0,nearest_even,1048576,9.971909523,9.955046654
12,native_by128.FP128.div,2,1,toward_zero,1048576,6.058879852,6.047240257
12,native_by128.FP128.div,3,0,toward_zero,1048576,6.074416161,6.061952591
12,native_by128.FP128.div,3,1,nearest_even,1048576,10.054977417,10.038275719
12,native_by128.FP128.div,4,0,nearest_even,1048576,9.977661133,9.959075928
12,native_by128.FP128.div,4,1,toward_zero,1048576,6.057867050,6.047336578
12,native_by128.FP128.div,5,0,toward_zero,1048576,6.016724586,6.006354332
12,native_by128.FP128.div,5,1,nearest_even,1048576,9.994410515,9.975244522
12,native_by128.FP128.div,6,0,nearest_even,1048576,9.959860802,9.943581581
12,native_by128.FP128.div,6,1,toward_zero,1048576,6.037056923,6.024806023
12,native_by128.FP128.div,7,0,toward_zero,1048576,6.038394928,6.028071404
12,native_by128.FP128.div,7,1,nearest_even,1048576,10.006678581,9.990217209
12,native_by128.FP128.div,8,0,nearest_even,1048576,10.004176140,9.984887123
12,native_by128.FP128.div,8,1,toward_zero,1048576,6.009338379,5.998316765
12,wide_by64.FP128.div,0,0,toward_zero,1048576,6.519969940,6.508060455
12,wide_by64.FP128.div,0,1,nearest_even,1048576,7.952142715,7.935861588
12,wide_by64.FP128.div,1,0,nearest_even,1048576,7.939539909,7.926811218
12,wide_by64.FP128.div,1,1,toward_zero,1048576,6.470916748,6.457773209
12,wide_by64.FP128.div,2,0,toward_zero,1048576,6.468384743,6.457926750
12,wide_by64.FP128.div,2,1,nearest_even,1048576,7.952486992,7.937033653
12,wide_by64.FP128.div,3,0,nearest_even,1048576,7.941221237,7.928542137
12,wide_by64.FP128.div,3,1,toward_zero,1048576,6.465814590,6.452004433
12,wide_by64.FP128.div,4,0,toward_zero,1048576,6.475034714,6.458707809
12,wide_by64.FP128.div,4,1,nearest_even,1048576,7.946887970,7.934207916
12,wide_by64.FP128.div,5,0,nearest_even,1048576,7.950518608,7.936576843
12,wide_by64.FP128.div,5,1,toward_zero,1048576,6.459345818,6.446164131
12,wide_by64.FP128.div,6,0,toward_zero,1048576,6.467314720,6.452269554
12,wide_by64.FP128.div,6,1,nearest_even,1048576,7.948158264,7.933751106
12,wide_by64.FP128.div,7,0,nearest_even,1048576,7.945722580,7.928600311
12,wide_by64.FP128.div,7,1,toward_zero,1048576,6.452551842,6.441551208
12,wide_by64.FP128.div,8,0,toward_zero,1048576,6.468184471,6.455033302
12,wide_by64.FP128.div,8,1,nearest_even,1048576,7.947661400,7.934055328
12,wide_by128.FP128.div,0,0,toward_zero,1048576,12.506416321,12.485068321
12,wide_by128.FP128.div,0,1,nearest_even,1048576,13.746232986,13.721149445
12,wide_by128.FP128.div,1,0,nearest_even,1048576,13.721534729,13.697711945
12,wide_by128.FP128.div,1,1,toward_zero,1048576,12.418235779,12.395631790
12,wide_by128.FP128.div,2,0,toward_zero,1048576,12.342648506,12.320772171
12,wide_by128.FP128.div,2,1,nearest_even,1048576,13.753083229,13.726989746
12,wide_by128.FP128.div,3,0,nearest_even,1048576,13.724878311,13.701038361
12,wide_by128.FP128.div,3,1,toward_zero,1048576,12.392437935,12.371208191
12,wide_by128.FP128.div,4,0,toward_zero,1048576,12.363563538,12.340338707
12,wide_by128.FP128.div,4,1,nearest_even,1048576,13.759609222,13.733733177
12,wide_by128.FP128.div,5,0,nearest_even,1048576,13.748344421,13.726870537
12,wide_by128.FP128.div,5,1,toward_zero,1048576,12.406913757,12.385905266
12,wide_by128.FP128.div,6,0,toward_zero,1048576,12.387890816,12.368619919
12,wide_by128.FP128.div,6,1,nearest_even,1048576,13.756561279,13.734512329
12,wide_by128.FP128.div,7,0,nearest_even,1048576,13.741408348,13.718246460
12,wide_by128.FP128.div,7,1,toward_zero,1048576,12.403502464,12.382188797
12,wide_by128.FP128.div,8,0,toward_zero,1048576,12.341835976,12.320492744
12,wide_by128.FP128.div,8,1,nearest_even,1048576,13.740681648,13.716806412
12,wide_product.FP128.mul_div,0,0,toward_zero,1048576,12.107383728,12.085858345
12,wide_product.FP128.mul_div,0,1,nearest_even,1048576,13.169969559,13.145848274
12,wide_product.FP128.mul_div,1,0,nearest_even,1048576,13.166540146,13.138409615
12,wide_product.FP128.mul_div,1,1,toward_zero,1048576,12.000007629,11.978262901
12,wide_product.FP128.mul_div,2,0,toward_zero,1048576,11.992316246,11.971065521
12,wide_product.FP128.mul_div,2,1,nearest_even,1048576,13.170037270,13.145182610
12,wide_product.FP128.mul_div,3,0,nearest_even,1048576,13.172005653,13.149586678
12,wide_product.FP128.mul_div,3,1,toward_zero,1048576,12.009638786,11.987123489
12,wide_product.FP128.mul_div,4,0,toward_zero,1048576,11.979197502,11.957623482
12,wide_product.FP128.mul_div,4,1,nearest_even,1048576,13.125044823,13.103677750
12,wide_product.FP128.mul_div,5,0,nearest_even,1048576,13.169178009,13.147094727
12,wide_product.FP128.mul_div,5,1,toward_zero,1048576,11.986621857,11.961685181
12,wide_product.FP128.mul_div,6,0,toward_zero,1048576,11.998383522,11.975811005
12,wide_product.FP128.mul_div,6,1,nearest_even,1048576,13.174241066,13.150267601
12,wide_product.FP128.mul_div,7,0,nearest_even,1048576,13.153995514,13.130356789
12,wide_product.FP128.mul_div,7,1,toward_zero,1048576,12.001077652,11.978732109
12,wide_product.FP128.mul_div,8,0,toward_zero,1048576,12.003925323,11.985829353
12,wide_product.FP128.mul_div,8,1,nearest_even,1048576,13.169673920,13.146056175
12,throughput4096.FP64.mul_wide,0,0,toward_zero,1048576,2.586091995,2.581058502
12,throughput4096.FP64.mul_wide,0,1,nearest_even,1048576,2.425268173,2.419726372
12,throughput4096.FP64.mul_wide,1,0,nearest_even,1048576,2.433208466,2.430198669
12,throughput4096.FP64.mul_wide,1,1,toward_zero,1048576,2.569821358,2.565656662
12,throughput4096.FP64.mul_wide,2,0,toward_zero,1048576,2.575181007,2.570584297
12,throughput4096.FP64.mul_wide,2,1,nearest_even,1048576,2.423911095,2.420509338
12,throughput4096.FP64.mul_wide,3,0,nearest_even,1048576,2.428430557,2.423594475
12,throughput4096.FP64.mul_wide,3,1,toward_zero,1048576,2.566333771,2.562739372
12,throughput4096.FP64.mul_wide,4,0,toward_zero,1048576,2.561680794,2.555967331
12,throughput4096.FP64.mul_wide,4,1,nearest_even,1048576,2.422630310,2.417319298
12,throughput4096.FP64.mul_wide,5,0,nearest_even,1048576,2.421693802,2.418275833
12,throughput4096.FP64.mul_wide,5,1,toward_zero,1048576,2.581727028,2.576250076
12,throughput4096.FP64.mul_wide,6,0,toward_zero,1048576,2.576299667,2.571397781
12,throughput4096.FP64.mul_wide,6,1,nearest_even,1048576,2.420061111,2.417921066
12,throughput4096.FP64.mul_wide,7,0,nearest_even,1048576,2.423624039,2.417882919
12,throughput4096.FP64.mul_wide,7,1,toward_zero,1048576,2.580054283,2.577206612
12,throughput4096.FP64.mul_wide,8,0,toward_zero,1048576,2.575371742,2.571006775
12,throughput4096.FP64.mul_wide,8,1,nearest_even,1048576,2.421780586,2.416765213
12,fullrange.FP64.mul_wide,0,0,toward_zero,1048576,2.517049789,2.511536598
12,fullrange.FP64.mul_wide,0,1,nearest_even,1048576,2.979860306,2.975348473
12,fullrange.FP64.mul_wide,1,0,nearest_even,1048576,2.972226143,2.967409134
12,fullrange.FP64.mul_wide,1,1,toward_zero,1048576,2.508126259,2.503464699
12,fullrange.FP64.mul_wide,2,0,toward_zero,1048576,2.518847466,2.515853882
12,fullrange.FP64.mul_wide,2,1,nearest_even,1048576,2.983262062,2.978215218
12,fullrange.FP64.mul_wide,3,0,nearest_even,1048576,2.966150284,2.960225105
12,fullrange.FP64.mul_wide,3,1,toward_zero,1048576,2.506463051,2.503625870
12,fullrange.FP64.mul_wide,4,0,toward_zero,1048576,2.519812584,2.514947891
12,fullrange.FP64.mul_wide,4,1,nearest_even,1048576,2.976812363,2.972711563
12,fullrange.FP64.mul_wide,5,0,nearest_even,1048576,2.967439651,2.964036942
12,fullrange.FP64.mul_wide,5,1,toward_zero,1048576,2.509348869,2.504389763
12,fullrange.FP64.mul_wide,6,0,toward_zero,1048576,2.516668320,2.513781548
12,fullrange.FP64.mul_wide,6,1,nearest_even,1048576,2.984848022,2.977976799
12,fullrange.FP64.mul_wide,7,0,nearest_even,1048576,2.969819069,2.965219498
12,fullrange.FP64.mul_wide,7,1,toward_zero,1048576,2.511183739,2.508050919
12,fullrange.FP64.mul_wide,8,0,toward_zero,1048576,2.520738602,2.515521049
12,fullrange.FP64.mul_wide,8,1,nearest_even,1048576,2.984035492,2.978131294
12,throughput4096.FP64.quantize4,0,0,nearest_even,1048576,3.262364388,3.258138657
12,throughput4096.FP64.quantize4,0,1,toward_zero,1048576,3.166807175,3.161589622
12,throughput4096.FP64.quantize4,1,0,toward_zero,1048576,3.158610344,3.152261734
12,throughput4096.FP64.quantize4,1,1,nearest_even,1048576,3.231951714,3.227114677
12,throughput4096.FP64.quantize4,2,0,nearest_even,1048576,3.230432510,3.225796700
12,throughput4096.FP64.quantize4,2,1,toward_zero,1048576,3.174404144,3.166851997
12,throughput4096.FP64.quantize4,3,0,toward_zero,1048576,3.188286781,3.182945251
12,throughput4096.FP64.quantize4,3,1,nearest_even,1048576,3.228206635,3.223845482
12,throughput4096.FP64.quantize4,4,0,nearest_even,1048576,3.238984108,3.231586456
12,throughput4096.FP64.quantize4,4,1,toward_zero,1048576,3.175502777,3.171286583
12,throughput4096.FP64.quantize4,5,0,toward_zero,1048576,3.190971375,3.185158730
12,throughput4096.FP64.quantize4,5,1,nearest_even,1048576,3.226123810,3.220580101
12,throughput4096.FP64.quantize4,6,0,nearest_even,1048576,3.243894577,3.239093781
12,throughput4096.FP64.quantize4,6,1,toward_zero,1048576,3.190771103,3.184700012
12,throughput4096.FP64.quantize4,7,0,toward_zero,1048576,3.186394691,3.181892395
12,throughput4096.FP64.quantize4,7,1,nearest_even,1048576,3.231263161,3.226225853
12,throughput4096.FP64.quantize4,8,0,nearest_even,1048576,3.234847069,3.227237701
12,throughput4096.FP64.quantize4,8,1,toward_zero,1048576,3.183872223,3.178079605
12,throughput4096.FP128.quantize4,0,0,toward_zero,1048576,5.707420349,5.697175026
12,throughput4096.FP128.quantize4,0,1,nearest_even,1048576,6.065463066,6.054825783
12,throughput4096.FP128.quantize4,1,0,nearest_even,1048576,6.072829247,6.062393188
12,throughput4096.FP128.quantize4,1,1,toward_zero,1048576,5.719344139,5.709548950
12,throughput4096.FP128.quantize4,2,0,toward_zero,1048576,5.712426186,5.701539040
12,throughput4096.FP128.quantize4,2,1,nearest_even,1048576,6.078056335,6.065086365
12,throughput4096.FP128.quantize4,3,0,nearest_even,1048576,6.072609901,6.062829971
12,throughput4096.FP128.quantize4,3,1,toward_zero,1048576,5.715331078,5.705142021
12,throughput4096.FP128.quantize4,4,0,toward_zero,1048576,5.714557648,5.704031944
12,throughput4096.FP128.quantize4,4,1,nearest_even,1048576,6.075084686,6.063395500
12,throughput4096.FP128.quantize4,5,0,nearest_even,1048576,6.076173782,6.065612793
12,throughput4096.FP128.quantize4,5,1,toward_zero,1048576,5.722163200,5.710913658
12,throughput4096.FP128.quantize4,6,0,toward_zero,1048576,5.712961197,5.701368332
12,throughput4096.FP128.quantize4,6,1,nearest_even,1048576,6.074110031,6.063175201
12,throughput4096.FP128.quantize4,7,0,nearest_even,1048576,6.072962761,6.060114861
12,throughput4096.FP128.quantize4,7,1,toward_zero,1048576,5.711967468,5.703482628
12,throughput4096.FP128.quantize4,8,0,toward_zero,1048576,5.706855774,5.697603226
12,throughput4096.FP128.quantize4,8,1,nearest_even,1048576,6.065358162,6.055829048
12,parse_extra_digit.FP64,0,0,toward_zero,1048576,33.883439064,33.820189476
12,parse_extra_digit.FP64,0,1,nearest_even,1048576,34.412940979,34.348031044
12,parse_extra_digit.FP64,1,0,nearest_even,1048576,34.270776749,34.207137108
12,parse_extra_digit.FP64,1,1,toward_zero,1048576,33.837920189,33.773606300
12,parse_extra_digit.FP64,2,0,toward_zero,1048576,33.817893028,33.747917175
12,parse_extra_digit.FP64,2,1,nearest_even,1048576,34.329480171,34.263356209
12,parse_extra_digit.FP64,3,0,nearest_even,1048576,34.320155144,34.256236076
12,parse_extra_digit.FP64,3,1,toward_zero,1048576,33.844454765,33.773506165
12,parse_extra_digit.FP64,4,0,toward_zero,1048576,34.007860184,33.945937157
12,parse_extra_digit.FP64,4,1,nearest_even,1048576,34.346182823,34.283533096
12,parse_extra_digit.FP64,5,0,nearest_even,1048576,34.337496758,34.268654823
12,parse_extra_digit.FP64,5,1,toward_zero,1048576,33.889200211,33.823254585
12,parse_extra_digit.FP64,6,0,toward_zero,1048576,33.850035667,33.788847923
12,parse_extra_digit.FP64,6,1,nearest_even,1048576,34.373689651,34.311936378
12,parse_extra_digit.FP64,7,0,nearest_even,1048576,34.525571823,34.464985847
12,parse_extra_digit.FP64,7,1,toward_zero,1048576,33.896108627,33.835911751
12,parse_extra_digit.FP64,8,0,toward_zero,1048576,33.898764610,33.842778206
12,parse_extra_digit.FP64,8,1,nearest_even,1048576,34.325859070,34.266976357
12,format_2digits.FP64,0,0,nearest_even,1048576,17.376032829,17.345976830
12,format_2digits.FP64,0,1,toward_zero,1048576,16.213685036,16.183324814
12,format_2digits.FP64,1,0,toward_zero,1048576,16.185107231,16.156523705
12,format_2digits.FP64,1,1,nearest_even,1048576,17.400721550,17.363876343
12,format_2digits.FP64,2,0,nearest_even,1048576,17.417270660,17.381827354
12,format_2digits.FP64,2,1,toward_zero,1048576,16.172036171,16.143804550
12,format_2digits.FP64,3,0,toward_zero,1048576,16.190552711,16.160289764
12,format_2digits.FP64,3,1,nearest_even,1048576,17.401448250,17.371735573
12,format_2digits.FP64,4,0,nearest_even,1048576,17.420309067,17.385052681
12,format_2digits.FP64,4,1,toward_zero,1048576,16.169838905,16.142562866
12,format_2digits.FP64,5,0,toward_zero,1048576,16.169217110,16.139544487
12,format_2digits.FP64,5,1,nearest_even,1048576,17.384306908,17.352272034
12,format_2digits.FP64,6,0,nearest_even,1048576,17.383638382,17.352949142
12,format_2digits.FP64,6,1,toward_zero,1048576,16.134075165,16.107585907
12,format_2digits.FP64,7,0,toward_zero,1048576,16.173316956,16.147477150
12,format_2digits.FP64,7,1,nearest_even,1048576,17.410860062,17.377458572
12,format_2digits.FP64,8,0,nearest_even,1048576,17.471647263,17.442662239
12,format_2digits.FP64,8,1,toward_zero,1048576,16.218185425,16.191403389
12,parse_extra_digit.FP128,0,0,toward_zero,1048576,34.118684769,34.059456825
12,parse_extra_digit.FP128,0,1,nearest_even,1048576,34.502506256,34.435036659
12,parse_extra_digit.FP128,1,0,nearest_even,1048576,34.486291885,34.419193268
12,parse_extra_digit.FP128,1,1,toward_zero,1048576,34.006703377,33.947813988
12,parse_extra_digit.FP128,2,0,toward_zero,1048576,33.983810425,33.924339294
12,parse_extra_digit.FP128,2,1,nearest_even,1048576,34.510475159,34.445099831
12,parse_extra_digit.FP128,3,0,nearest_even,1048576,34.596055984,34.532382011
12,parse_extra_digit.FP128,3,1,toward_zero,1048576,34.068455696,34.011157036
12,parse_extra_digit.FP128,4,0,toward_zero,1048576,34.054964066,33.994631767
12,parse_extra_digit.FP128,4,1,nearest_even,1048576,34.581170082,34.521824837
12,parse_extra_digit.FP128,5,0,nearest_even,1048576,34.440448761,34.380653381
12,parse_extra_digit.FP128,5,1,toward_zero,1048576,34.093316078,34.030278206
12,parse_extra_digit.FP128,6,0,toward_zero,1048576,34.062608719,34.002261162
12,parse_extra_digit.FP128,6,1,nearest_even,1048576,34.478400230,34.420102119
12,parse_extra_digit.FP128,7,0,nearest_even,1048576,34.525399208,34.460433006
12,parse_extra_digit.FP128,7,1,toward_zero,1048576,34.111824989,34.041974068
12,parse_extra_digit.FP128,8,0,toward_zero,1048576,34.207610130,34.141098022
12,parse_extra_digit.FP128,8,1,nearest_even,1048576,34.826314926,34.761792183
12,format_2digits.FP128,0,0,toward_zero,1048576,15.799498558,15.769333839
12,format_2digits.FP128,0,1,nearest_even,1048576,17.027286530,16.995527267
12,format_2digits.FP128,1,0,nearest_even,1048576,17.011902809,16.981237411
12,format_2digits.FP128,1,1,toward_zero,1048576,15.792896271,15.767822266
12,format_2digits.FP128,2,0,toward_zero,1048576,15.780522346,15.748969078
12,format_2digits.FP128,2,1,nearest_even,1048576,17.020636559,16.987329483
12,format_2digits.FP128,3,0,nearest_even,1048576,17.013001442,16.979915619
12,format_2digits.FP128,3,1,toward_zero,1048576,15.832185745,15.801912308
12,format_2digits.FP128,4,0,toward_zero,1048576,15.831841469,15.800916672
12,format_2digits.FP128,4,1,nearest_even,1048576,17.055462837,17.027701378
12,format_2digits.FP128,5,0,nearest_even,1048576,17.053705215,17.021964073
12,format_2digits.FP128,5,1,toward_zero,1048576,15.843058586,15.811840057
12,format_2digits.FP128,6,0,toward_zero,1048576,15.842752457,15.813564301
12,format_2digits.FP128,6,1,nearest_even,1048576,17.070425987,17.040705681
12,format_2digits.FP128,7,0,nearest_even,1048576,17.050685883,17.017016411
12,format_2digits.FP128,7,1,toward_zero,1048576,15.814068794,15.785951614
12,format_2digits.FP128,8,0,toward_zero,1048576,15.836188316,15.807564735
12,format_2digits.FP128,8,1,nearest_even,1048576,17.069518089,17.040563583
12,throughput4096.FP64.mul,0,0,toward_zero,1048576,2.501849174,2.499623299
12,throughput4096.FP64.mul,0,1,nearest_even,1048576,2.729957581,2.720114708
12,throughput4096.FP64.mul,1,0,nearest_even,1048576,2.733368874,2.728780746
12,throughput4096.FP64.mul,1,1,toward_zero,1048576,2.526700974,2.520795822
12,throughput4096.FP64.mul,2,0,toward_zero,1048576,2.528315544,2.522198677
12,throughput4096.FP64.mul,2,1,nearest_even,1048576,2.692904472,2.687841415
12,throughput4096.FP64.mul,3,0,nearest_even,1048576,2.713045120,2.708621979
12,throughput4096.FP64.mul,3,1,toward_zero,1048576,2.529032707,2.523434639
12,throughput4096.FP64.mul,4,0,toward_zero,1048576,2.526824951,2.523182869
12,throughput4096.FP64.mul,4,1,nearest_even,1048576,2.723851204,2.719053268
12,throughput4096.FP64.mul,5,0,nearest_even,1048576,2.723115921,2.717823029
12,throughput4096.FP64.mul,5,1,toward_zero,1048576,2.619581223,2.614268303
12,throughput4096.FP64.mul,6,0,toward_zero,1048576,2.515617371,2.511480331
12,throughput4096.FP64.mul,6,1,nearest_even,1048576,2.703500748,2.698847771
12,throughput4096.FP64.mul,7,0,nearest_even,1048576,2.718405724,2.712118149
12,throughput4096.FP64.mul,7,1,toward_zero,1048576,2.568999290,2.564174652
12,throughput4096.FP64.mul,8,0,toward_zero,1048576,2.517251015,2.514327049
12,throughput4096.FP64.mul,8,1,nearest_even,1048576,2.696468353,2.691987991
12,throughput256.FP64.mul,0,0,toward_zero,1048576,2.529652596,2.524550438
12,throughput256.FP64.mul,0,1,nearest_even,1048576,2.748015404,2.743286133
12,throughput256.FP64.mul,1,0,nearest_even,1048576,2.741107941,2.735881805
12,throughput256.FP64.mul,1,1,toward_zero,1048576,2.550568581,2.547024727
12,throughput256.FP64.mul,2,0,toward_zero,1048576,2.496488571,2.490965843
12,throughput256.FP64.mul,2,1,nearest_even,1048576,2.742264748,2.737847328
12,throughput256.FP64.mul,3,0,nearest_even,1048576,2.749018669,2.744221687
12,throughput256.FP64.mul,3,1,toward_zero,1048576,2.636837959,2.632240295
12,throughput256.FP64.mul,4,0,toward_zero,1048576,2.578248024,2.575076103
12,throughput256.FP64.mul,4,1,nearest_even,1048576,2.730855942,2.727385521
12,throughput256.FP64.mul,5,0,nearest_even,1048576,2.740296364,2.735019684
12,throughput256.FP64.mul,5,1,toward_zero,1048576,2.638327599,2.633541107
12,throughput256.FP64.mul,6,0,toward_zero,1048576,2.639427185,2.634688377
12,throughput256.FP64.mul,6,1,nearest_even,1048576,2.748407364,2.745684624
12,throughput256.FP64.mul,7,0,nearest_even,1048576,2.742254257,2.736921310
12,throughput256.FP64.mul,7,1,toward_zero,1048576,2.579289436,2.573652267
12,throughput256.FP64.mul,8,0,toward_zero,1048576,2.506530762,2.501991272
12,throughput256.FP64.mul,8,1,nearest_even,1048576,2.745560646,2.740303993
12,exact_results.FP64.mul,0,0,nearest_even,1048576,2.656701088,2.652250290
12,exact_results.FP64.mul,0,1,toward_zero,1048576,2.616151810,2.611928940
12,exact_results.FP64.mul,1,0,toward_zero,1048576,2.594443321,2.590822220
12,exact_results.FP64.mul,1,1,nearest_even,1048576,2.677512169,2.672315598
12,exact_results.FP64.mul,2,0,nearest_even,1048576,2.629613876,2.624473572
12,exact_results.FP64.mul,2,1,toward_zero,1048576,2.549995422,2.544997215
12,exact_results.FP64.mul,3,0,toward_zero,1048576,2.536866188,2.534153938
12,exact_results.FP64.mul,3,1,nearest_even,1048576,2.630206108,2.625419617
12,exact_results.FP64.mul,4,0,nearest_even,1048576,2.645283699,2.639675140
12,exact_results.FP64.mul,4,1,toward_zero,1048576,2.538605690,2.535088539
12,exact_results.FP64.mul,5,0,toward_zero,1048576,2.556157112,2.550080299
12,exact_results.FP64.mul,5,1,nearest_even,1048576,2.639665604,2.634640694
12,exact_results.FP64.mul,6,0,nearest_even,1048576,2.635451317,2.631390572
12,exact_results.FP64.mul,6,1,toward_zero,1048576,2.542304039,2.538558006
12,exact_results.FP64.mul,7,0,toward_zero,1048576,2.551122665,2.546585083
12,exact_results.FP64.mul,7,1,nearest_even,1048576,2.651895523,2.647777557
12,exact_results.FP64.mul,8,0,nearest_even,1048576,2.654590607,2.650289536
12,exact_results.FP64.mul,8,1,toward_zero,1048576,2.516706467,2.512962341
12,halfway_ties.FP64.mul,0,0,toward_zero,1048576,2.517910004,2.514240265
12,halfway_ties.FP64.mul,0,1,nearest_even,1048576,2.604580879,2.600157738
12,halfway_ties.FP64.mul,1,0,nearest_even,1048576,2.595829010,2.590725899
12,halfway_ties.FP64.mul,1,1,toward_zero,1048576,2.562684059,2.557666779
12,halfway_ties.FP64.mul,2,0,toward_zero,1048576,2.519018173,2.515339851
12,halfway_ties.FP64.mul,2,1,nearest_even,1048576,2.606511116,2.602269173
12,halfway_ties.FP64.mul,3,0,nearest_even,1048576,2.606023788,2.600615501
12,halfway_ties.FP64.mul,3,1,toward_zero,1048576,2.539112091,2.535673141
12,halfway_ties.FP64.mul,4,0,toward_zero,1048576,2.589303017,2.584765434
12,halfway_ties.FP64.mul,4,1,nearest_even,1048576,2.609912872,2.606118202
12,halfway_ties.FP64.mul,5,0,nearest_even,1048576,2.609644890,2.604801178
12,halfway_ties.FP64.mul,5,1,toward_zero,1048576,2.547778130,2.545532227
12,halfway_ties.FP64.mul,6,0,toward_zero,1048576,2.551791191,2.547060013
12,halfway_ties.FP64.mul,6,1,nearest_even,1048576,2.599841118,2.594804764
12,halfway_ties.FP64.mul,7,0,nearest_even,1048576,2.607151031,2.603949547
12,halfway_ties.FP64.mul,7,1,toward_zero,1048576,2.555545807,2.550377846
12,halfway_ties.FP64.mul,8,0,toward_zero,1048576,2.542695045,2.535948753
12,halfway_ties.FP64.mul,8,1,nearest_even,1048576,2.614537239,2.611517906
12,exact_chain.FP64.mul,0,0,nearest_even,1048576,3.665610313,3.659128189
12,exact_chain.FP64.mul,0,1,toward_zero,1048576,3.694828987,3.689070702
12,exact_chain.FP64.mul,1,0,toward_zero,1048576,3.669805527,3.665003777
12,exact_chain.FP64.mul,1,1,nearest_even,1048576,3.731958389,3.724987984
12,exact_chain.FP64.mul,2,0,nearest_even,1048576,3.695440292,3.691194534
12,exact_chain.FP64.mul,2,1,toward_zero,1048576,3.714406967,3.707808495
12,exact_chain.FP64.mul,3,0,toward_zero,1048576,3.689774513,3.683100700
12,exact_chain.FP64.mul,3,1,nearest_even,1048576,3.710889816,3.705038071
12,exact_chain.FP64.mul,4,0,nearest_even,1048576,3.730315208,3.724291801
12,exact_chain.FP64.mul,4,1,toward_zero,1048576,3.669374466,3.662042618
12,exact_chain.FP64.mul,5,0,toward_zero,1048576,3.678040504,3.671223640
12,exact_chain.FP64.mul,5,1,nearest_even,1048576,3.711520195,3.704342842
12,exact_chain.FP64.mul,6,0,nearest_even,1048576,3.729751587,3.722894669
12,exact_chain.FP64.mul,6,1,toward_zero,1048576,3.685885429,3.681162834
12,exact_chain.FP64.mul,7,0,toward_zero,1048576,3.673407555,3.667286873
12,exact_chain.FP64.mul,7,1,nearest_even,1048576,3.712944984,3.706827164
12,exact_chain.FP64.mul,8,0,nearest_even,1048576,3.723073006,3.716991425
12,exact_chain.FP64.mul,8,1,toward_zero,1048576,3.705873489,3.698760986
12,inexact_chain.FP64.mul,0,0,nearest_even,1048576,4.962364197,4.954691887
12,inexact_chain.FP64.mul,0,1,toward_zero,1048576,3.687099457,3.681533813
12,inexact_chain.FP64.mul,1,0,toward_zero,1048576,3.713164330,3.706892014
12,inexact_chain.FP64.mul,1,1,nearest_even,1048576,4.960624695,4.953077316
12,inexact_chain.FP64.mul,2,0,nearest_even,1048576,4.967417717,4.958934784
12,inexact_chain.FP64.mul,2,1,toward_zero,1048576,3.674582481,3.667335510
12,inexact_chain.FP64.mul,3,0,toward_zero,1048576,3.674429893,3.669276237
12,inexact_chain.FP64.mul,3,1,nearest_even,1048576,4.955226898,4.946130753
12,inexact_chain.FP64.mul,4,0,nearest_even,1048576,4.929983139,4.922004700
12,inexact_chain.FP64.mul,4,1,toward_zero,1048576,3.668286324,3.661984444
12,inexact_chain.FP64.mul,5,0,toward_zero,1048576,3.681051254,3.674951553
12,inexact_chain.FP64.mul,5,1,nearest_even,1048576,4.939250946,4.931056976
12,inexact_chain.FP64.mul,6,0,nearest_even,1048576,4.933251381,4.924940109
12,inexact_chain.FP64.mul,6,1,toward_zero,1048576,3.674763680,3.667886734
12,inexact_chain.FP64.mul,7,0,toward_zero,1048576,3.685446739,3.678927422
12,inexact_chain.FP64.mul,7,1,nearest_even,1048576,4.933738708,4.925599098
12,inexact_chain.FP64.mul,8,0,nearest_even,1048576,4.927919388,4.919395447
12,inexact_chain.FP64.mul,8,1,toward_zero,1048576,3.701258659,3.694176674
12,throughput4096.FP64.div,0,0,toward_zero,1048576,2.391883850,2.388884544
12,throughput4096.FP64.div,0,1,nearest_even,1048576,2.466725349,2.461824417
12,throughput4096.FP64.div,1,0,nearest_even,1048576,2.460170746,2.457105637
12,throughput4096.FP64.div,1,1,toward_zero,1048576,2.408758163,2.404581070
12,throughput4096.FP64.div,2,0,toward_zero,1048576,2.400167465,2.396833420
12,throughput4096.FP64.div,2,1,nearest_even,1048576,2.467642784,2.461709023
12,throughput4096.FP64.div,3,0,nearest_even,1048576,2.464231491,2.458634377
12,throughput4096.FP64.div,3,1,toward_zero,1048576,2.404829979,2.401058197
12,throughput4096.FP64.div,4,0,toward_zero,1048576,2.406731606,2.401945114
12,throughput4096.FP64.div,4,1,nearest_even,1048576,2.467939377,2.464643478
12,throughput4096.FP64.div,5,0,nearest_even,1048576,2.465415955,2.460936546
12,throughput4096.FP64.div,5,1,toward_zero,1048576,2.408423424,2.404611588
12,throughput4096.FP64.div,6,0,toward_zero,1048576,2.409301758,2.404487610
12,throughput4096.FP64.div,6,1,nearest_even,1048576,2.460581779,2.457267761
12,throughput4096.FP64.div,7,0,nearest_even,1048576,2.481028557,2.475640297
12,throughput4096.FP64.div,7,1,toward_zero,1048576,2.412129402,2.406214714
12,throughput4096.FP64.div,8,0,toward_zero,1048576,2.403415680,2.400471687
12,throughput4096.FP64.div,8,1,nearest_even,1048576,2.475592613,2.469849586
12,throughput256.FP64.div,0,0,nearest_even,1048576,2.456206322,2.452795982
12,throughput256.FP64.div,0,1,toward_zero,1048576,2.415837288,2.409665108
12,throughput256.FP64.div,1,0,toward_zero,1048576,2.417012215,2.414490700
12,throughput256.FP64.div,1,1,nearest_even,1048576,2.449661255,2.444273949
12,throughput256.FP64.div,2,0,nearest_even,1048576,2.455451012,2.449585915
12,throughput256.FP64.div,2,1,toward_zero,1048576,2.403779984,2.400436401
12,throughput256.FP64.div,3,0,toward_zero,1048576,2.409579277,2.404877663
12,throughput256.FP64.div,3,1,nearest_even,1048576,2.450654030,2.447130203
12,throughput256.FP64.div,4,0,nearest_even,1048576,2.459082603,2.454105377
12,throughput256.FP64.div,4,1,toward_zero,1048576,2.429367065,2.425210953
12,throughput256.FP64.div,5,0,toward_zero,1048576,2.420146942,2.415044785
12,throughput256.FP64.div,5,1,nearest_even,1048576,2.448772430,2.445905685
12,throughput256.FP64.div,6,0,nearest_even,1048576,2.449766159,2.444472313
12,throughput256.FP64.div,6,1,toward_zero,1048576,2.430771828,2.426099777
12,throughput256.FP64.div,7,0,toward_zero,1048576,2.419219017,2.415934563
12,throughput256.FP64.div,7,1,nearest_even,1048576,2.449508667,2.444623947
12,throughput256.FP64.div,8,0,nearest_even,1048576,2.448486328,2.445753098
12,throughput256.FP64.div,8,1,toward_zero,1048576,2.418904305,2.413975716
12,exact_results.FP64.div,0,0,toward_zero,1048576,2.612854958,2.608287811
12,exact_results.FP64.div,0,1,nearest_even,1048576,2.534487724,2.530064583
12,exact_results.FP64.div,1,0,nearest_even,1048576,2.536064148,2.533159256
12,exact_results.FP64.div,1,1,toward_zero,1048576,2.594433784,2.589062691
12,exact_results.FP64.div,2,0,toward_zero,1048576,2.592484474,2.587592125
12,exact_results.FP64.div,2,1,nearest_even,1048576,2.547529221,2.543191910
12,exact_results.FP64.div,3,0,nearest_even,1048576,2.534038544,2.529425621
12,exact_results.FP64.div,3,1,toward_zero,1048576,2.596497536,2.590295792
12,exact_results.FP64.div,4,0,toward_zero,1048576,2.593420982,2.586915970
12,exact_results.FP64.div,4,1,nearest_even,1048576,2.568329811,2.564861298
12,exact_results.FP64.div,5,0,nearest_even,1048576,2.536130905,2.530847549
12,exact_results.FP64.div,5,1,toward_zero,1048576,2.592914581,2.587000847
12,exact_results.FP64.div,6,0,toward_zero,1048576,2.595933914,2.592991829
12,exact_results.FP64.div,6,1,nearest_even,1048576,2.529413223,2.524559021
12,exact_results.FP64.div,7,0,nearest_even,1048576,2.538414955,2.532777786
12,exact_results.FP64.div,7,1,toward_zero,1048576,2.590210915,2.586800575
12,exact_results.FP64.div,8,0,toward_zero,1048576,2.592924118,2.587916374
12,exact_results.FP64.div,8,1,nearest_even,1048576,2.535462379,2.529872894
12,halfway_ties.FP64.div,0,0,toward_zero,1048576,2.656797409,2.651819229
12,halfway_ties.FP64.div,0,1,nearest_even,1048576,2.476968765,2.472208977
12,halfway_ties.FP64.div,1,0,nearest_even,1048576,2.495312691,2.491377831
12,halfway_ties.FP64.div,1,1,toward_zero,1048576,2.553396225,2.548687935
12,halfway_ties.FP64.div,2,0,toward_zero,1048576,2.546803474,2.541175842
12,halfway_ties.FP64.div,2,1,nearest_even,1048576,2.473003387,2.470260620
12,halfway_ties.FP64.div,3,0,nearest_even,1048576,2.480102539,2.475028992
12,halfway_ties.FP64.div,3,1,toward_zero,1048576,2.560667992,2.555414200
12,halfway_ties.FP64.div,4,0,toward_zero,1048576,2.568607330,2.564834595
12,halfway_ties.FP64.div,4,1,nearest_even,1048576,2.477035522,2.472439766
12,halfway_ties.FP64.div,5,0,nearest_even,1048576,2.492476463,2.487812996
12,halfway_ties.FP64.div,5,1,toward_zero,1048576,2.560189247,2.556998253
12,halfway_ties.FP64.div,6,0,toward_zero,1048576,2.557734489,2.552907944
12,halfway_ties.FP64.div,6,1,nearest_even,1048576,2.479567528,2.474102020
12,halfway_ties.FP64.div,7,0,nearest_even,1048576,2.478219986,2.474636078
12,halfway_ties.FP64.div,7,1,toward_zero,1048576,2.557734489,2.552516937
12,halfway_ties.FP64.div,8,0,toward_zero,1048576,2.557160378,2.551839828
12,halfway_ties.FP64.div,8,1,nearest_even,1048576,2.474465370,2.471549988
12,exact_chain.FP64.div,0,0,toward_zero,1048576,3.822995186,3.815999031
12,exact_chain.FP64.div,0,1,nearest_even,1048576,3.838732719,3.832307816
12,exact_chain.FP64.div,1,0,nearest_even,1048576,3.833983421,3.826660156
12,exact_chain.FP64.div,1,1,toward_zero,1048576,3.810698509,3.802992821
12,exact_chain.FP64.div,2,0,toward_zero,1048576,3.816221237,3.810216904
12,exact_chain.FP64.div,2,1,nearest_even,1048576,3.830630302,3.824778557
12,exact_chain.FP64.div,3,0,nearest_even,1048576,3.831480026,3.824832916
12,exact_chain.FP64.div,3,1,toward_zero,1048576,3.813927650,3.807138443
12,exact_chain.FP64.div,4,0,toward_zero,1048576,3.827141762,3.820285797
12,exact_chain.FP64.div,4,1,nearest_even,1048576,3.827897072,3.820746422
12,exact_chain.FP64.div,5,0,nearest_even,1048576,3.830237389,3.823114395
12,exact_chain.FP64.div,5,1,toward_zero,1048576,3.808156967,3.802303314
12,exact_chain.FP64.div,6,0,toward_zero,1048576,3.818381310,3.810596466
12,exact_chain.FP64.div,6,1,nearest_even,1048576,3.825842857,3.819521904
12,exact_chain.FP64.div,7,0,nearest_even,1048576,3.825976372,3.819923401
12,exact_chain.FP64.div,7,1,toward_zero,1048576,3.816230774,3.807332039
12,exact_chain.FP64.div,8,0,toward_zero,1048576,3.812857628,3.805542946
12,exact_chain.FP64.div,8,1,nearest_even,1048576,3.826454163,3.819789886
12,inexact_chain.FP64.div,0,0,toward_zero,1048576,3.817416191,3.811371803
12,inexact_chain.FP64.div,0,1,nearest_even,1048576,5.143177032,5.134626389
12,inexact_chain.FP64.div,1,0,nearest_even,1048576,5.142030716,5.130536079
12,inexact_chain.FP64.div,1,1,toward_zero,1048576,3.813736916,3.806242943
12,inexact_chain.FP64.div,2,0,toward_zero,1048576,3.817137718,3.807590485
12,inexact_chain.FP64.div,2,1,nearest_even,1048576,5.137549400,5.128894806
12,inexact_chain.FP64.div,3,0,nearest_even,1048576,5.131969452,5.123437881
12,inexact_chain.FP64.div,3,1,toward_zero,1048576,3.817242622,3.809900284
12,inexact_chain.FP64.div,4,0,toward_zero,1048576,3.815074921,3.807608604
12,inexact_chain.FP64.div,4,1,nearest_even,1048576,5.140186310,5.128901482
12,inexact_chain.FP64.div,5,0,nearest_even,1048576,5.137387276,5.128770828
12,inexact_chain.FP64.div,5,1,toward_zero,1048576,3.800665855,3.794431686
12,inexact_chain.FP64.div,6,0,toward_zero,1048576,3.807383537,3.799774170
12,inexact_chain.FP64.div,6,1,nearest_even,1048576,5.131901741,5.123100281
12,inexact_chain.FP64.div,7,0,nearest_even,1048576,5.132696152,5.123448372
12,inexact_chain.FP64.div,7,1,toward_zero,1048576,3.810230255,3.804167747
12,inexact_chain.FP64.div,8,0,toward_zero,1048576,3.814816475,3.808439255
12,inexact_chain.FP64.div,8,1,nearest_even,1048576,5.134873390,5.126697540
12,throughput4096.FP64.mul_div,0,0,nearest_even,1048576,2.438482285,2.435080528
12,throughput4096.FP64.mul_div,0,1,toward_zero,1048576,2.550978661,2.545867920
12,throughput4096.FP64.mul_div,1,0,toward_zero,1048576,2.549106598,2.544566154
12,throughput4096.FP64.mul_div,1,1,nearest_even,1048576,2.439016342,2.435416222
12,throughput4096.FP64.mul_div,2,0,nearest_even,1048576,2.445581436,2.440746307
12,throughput4096.FP64.mul_div,2,1,toward_zero,1048576,2.552183151,2.548895836
12,throughput4096.FP64.mul_div,3,0,toward_zero,1048576,2.550740242,2.547501564
12,throughput4096.FP64.mul_div,3,1,nearest_even,1048576,2.444033623,2.439408302
12,throughput4096.FP64.mul_div,4,0,nearest_even,1048576,2.445562363,2.442811966
12,throughput4096.FP64.mul_div,4,1,toward_zero,1048576,2.559922218,2.554639816
12,throughput4096.FP64.mul_div,5,0,toward_zero,1048576,2.555899620,2.551276207
12,throughput4096.FP64.mul_div,5,1,nearest_even,1048576,2.444625854,2.440767288
12,throughput4096.FP64.mul_div,6,0,nearest_even,1048576,2.450110435,2.445707321
12,throughput4096.FP64.mul_div,6,1,toward_zero,1048576,2.535424232,2.530123711
12,throughput4096.FP64.mul_div,7,0,toward_zero,1048576,2.531334877,2.527867317
12,throughput4096.FP64.mul_div,7,1,nearest_even,1048576,2.450023651,2.445085526
12,throughput4096.FP64.mul_div,8,0,nearest_even,1048576,2.448954582,2.446477890
12,throughput4096.FP64.mul_div,8,1,toward_zero,1048576,2.536102295,2.531239510
12,throughput256.FP64.mul_div,0,0,nearest_even,1048576,2.426481247,2.422077179
12,throughput256.FP64.mul_div,0,1,toward_zero,1048576,2.523996353,2.520546913
12,throughput256.FP64.mul_div,1,0,toward_zero,1048576,2.529634476,2.524953842
12,throughput256.FP64.mul_div,1,1,nearest_even,1048576,2.424160004,2.418599129
12,throughput256.FP64.mul_div,2,0,nearest_even,1048576,2.422726631,2.419745445
12,throughput256.FP64.mul_div,2,1,toward_zero,1048576,2.518616676,2.513955116
12,throughput256.FP64.mul_div,3,0,toward_zero,1048576,2.522124290,2.519514084
12,throughput256.FP64.mul_div,3,1,nearest_even,1048576,2.425019264,2.420605659
12,throughput256.FP64.mul_div,4,0,nearest_even,1048576,2.422946930,2.419447899
12,throughput256.FP64.mul_div,4,1,toward_zero,1048576,2.518559456,2.513441086
12,throughput256.FP64.mul_div,5,0,toward_zero,1048576,2.527349472,2.521779060
12,throughput256.FP64.mul_div,5,1,nearest_even,1048576,2.422677994,2.419670105
12,throughput256.FP64.mul_div,6,0,nearest_even,1048576,2.422345161,2.418272018
12,throughput256.FP64.mul_div,6,1,toward_zero,1048576,2.521445274,2.517586708
12,throughput256.FP64.mul_div,7,0,toward_zero,1048576,2.520089149,2.515740395
12,throughput256.FP64.mul_div,7,1,nearest_even,1048576,2.425268173,2.420690536
12,throughput256.FP64.mul_div,8,0,nearest_even,1048576,2.420375824,2.417195320
12,throughput256.FP64.mul_div,8,1,toward_zero,1048576,2.519037247,2.513460159
12,exact_results.FP64.mul_div,0,0,nearest_even,1048576,2.563141823,2.557915688
12,exact_results.FP64.mul_div,0,1,toward_zero,1048576,2.545274734,2.541711807
12,exact_results.FP64.mul_div,1,0,toward_zero,1048576,2.550205231,2.547052383
12,exact_results.FP64.mul_div,1,1,nearest_even,1048576,2.556883812,2.551886559
12,exact_results.FP64.mul_div,2,0,nearest_even,1048576,2.554419518,2.548791885
12,exact_results.FP64.mul_div,2,1,toward_zero,1048576,2.548055649,2.543849945
12,exact_results.FP64.mul_div,3,0,toward_zero,1048576,2.545255661,2.542666435
12,exact_results.FP64.mul_div,3,1,nearest_even,1048576,2.555278778,2.550586700
12,exact_results.FP64.mul_div,4,0,nearest_even,1048576,2.554542542,2.549979210
12,exact_results.FP64.mul_div,4,1,toward_zero,1048576,2.544625282,2.540688515
12,exact_results.FP64.mul_div,5,0,toward_zero,1048576,2.547539711,2.542895317
12,exact_results.FP64.mul_div,5,1,nearest_even,1048576,2.555536270,2.550442696
12,exact_results.FP64.mul_div,6,0,nearest_even,1048576,2.549229622,2.546268463
12,exact_results.FP64.mul_div,6,1,toward_zero,1048576,2.546832085,2.542072296
12,exact_results.FP64.mul_div,7,0,toward_zero,1048576,2.546173096,2.541062355
12,exact_results.FP64.mul_div,7,1,nearest_even,1048576,2.546526909,2.543316841
12,exact_results.FP64.mul_div,8,0,nearest_even,1048576,2.553502083,2.548389435
12,exact_results.FP64.mul_div,8,1,toward_zero,1048576,2.543965340,2.538779259
12,halfway_ties.FP64.mul_div,0,0,nearest_even,1048576,2.453617096,2.449081421
12,halfway_ties.FP64.mul_div,0,1,toward_zero,1048576,2.545570374,2.542180061
12,halfway_ties.FP64.mul_div,1,0,toward_zero,1048576,2.544309616,2.540470123
12,halfway_ties.FP64.mul_div,1,1,nearest_even,1048576,2.451705933,2.447464943
12,halfway_ties.FP64.mul_div,2,0,nearest_even,1048576,2.452747345,2.449545860
12,halfway_ties.FP64.mul_div,2,1,toward_zero,1048576,2.546832085,2.542055130
12,halfway_ties.FP64.mul_div,3,0,toward_zero,1048576,2.549249649,2.544490814
12,halfway_ties.FP64.mul_div,3,1,nearest_even,1048576,2.452766418,2.450303078
12,halfway_ties.FP64.mul_div,4,0,nearest_even,1048576,2.454439163,2.449479103
12,halfway_ties.FP64.mul_div,4,1,toward_zero,1048576,2.548589706,2.543516159
12,halfway_ties.FP64.mul_div,5,0,toward_zero,1048576,2.549717903,2.546240807
12,halfway_ties.FP64.mul_div,5,1,nearest_even,1048576,2.452422142,2.447806358
12,halfway_ties.FP64.mul_div,6,0,nearest_even,1048576,2.451992035,2.448705673
12,halfway_ties.FP64.mul_div,6,1,toward_zero,1048576,2.548274994,2.544014931
12,halfway_ties.FP64.mul_div,7,0,toward_zero,1048576,2.549975395,2.545076370
12,halfway_ties.FP64.mul_div,7,1,nearest_even,1048576,2.470395088,2.467138290
12,halfway_ties.FP64.mul_div,8,0,nearest_even,1048576,2.446335793,2.441627502
12,halfway_ties.FP64.mul_div,8,1,toward_zero,1048576,2.538471222,2.534650803
12,exact_chain.FP64.mul_div,0,0,nearest_even,1048576,3.683104515,3.676975250
12,exact_chain.FP64.mul_div,0,1,toward_zero,1048576,3.644532204,3.638343811
12,exact_chain.FP64.mul_div,1,0,toward_zero,1048576,3.663881302,3.656949043
12,exact_chain.FP64.mul_div,1,1,nearest_even,1048576,3.726521492,3.720114708
12,exact_chain.FP64.mul_div,2,0,nearest_even,1048576,3.699137688,3.693735123
12,exact_chain.FP64.mul_div,2,1,toward_zero,1048576,3.641637802,3.635146141
12,exact_chain.FP64.mul_div,3,0,toward_zero,1048576,3.644953728,3.638259888
12,exact_chain.FP64.mul_div,3,1,nearest_even,1048576,3.731604576,3.725084305
12,exact_chain.FP64.mul_div,4,0,nearest_even,1048576,3.665152550,3.657849312
12,exact_chain.FP64.mul_div,4,1,toward_zero,1048576,3.635416985,3.628484726
12,exact_chain.FP64.mul_div,5,0,toward_zero,1048576,3.661760330,3.654657364
12,exact_chain.FP64.mul_div,5,1,nearest_even,1048576,3.675987244,3.671913147
12,exact_chain.FP64.mul_div,6,0,nearest_even,1048576,3.702730179,3.696515083
12,exact_chain.FP64.mul_div,6,1,toward_zero,1048576,3.649186134,3.642733574
12,exact_chain.FP64.mul_div,7,0,toward_zero,1048576,3.647580147,3.640220642
12,exact_chain.FP64.mul_div,7,1,nearest_even,1048576,3.669260025,3.661000252
12,exact_chain.FP64.mul_div,8,0,nearest_even,1048576,3.690547943,3.684324265
12,exact_chain.FP64.mul_div,8,1,toward_zero,1048576,3.645010948,3.640925407
12,inexact_chain.FP64.mul_div,0,0,nearest_even,1048576,5.081635475,5.071631432
12,inexact_chain.FP64.mul_div,0,1,toward_zero,1048576,3.671582222,3.664295197
12,inexact_chain.FP64.mul_div,1,0,toward_zero,1048576,3.646376610,3.641569138
12,inexact_chain.FP64.mul_div,1,1,nearest_even,1048576,5.081128120,5.071105003
12,inexact_chain.FP64.mul_div,2,0,nearest_even,1048576,5.077392578,5.069129944
12,inexact_chain.FP64.mul_div,2,1,toward_zero,1048576,3.646673203,3.640659332
12,inexact_chain.FP64.mul_div,3,0,toward_zero,1048576,3.645478249,3.639169693
12,inexact_chain.FP64.mul_div,3,1,nearest_even,1048576,5.077479362,5.069375992
12,inexact_chain.FP64.mul_div,4,0,nearest_even,1048576,5.080078125,5.071392059
12,inexact_chain.FP64.mul_div,4,1,toward_zero,1048576,3.650839806,3.644720078
12,inexact_chain.FP64.mul_div,5,0,toward_zero,1048576,3.662658691,3.655926704
12,inexact_chain.FP64.mul_div,5,1,nearest_even,1048576,5.074479103,5.067007065
12,inexact_chain.FP64.mul_div,6,0,nearest_even,1048576,5.081033707,5.071472168
12,inexact_chain.FP64.mul_div,6,1,toward_zero,1048576,3.645984650,3.641317368
12,inexact_chain.FP64.mul_div,7,0,toward_zero,1048576,3.677352905,3.671339989
12,inexact_chain.FP64.mul_div,7,1,nearest_even,1048576,5.078644753,5.068490028
12,inexact_chain.FP64.mul_div,8,0,nearest_even,1048576,5.076628685,5.069298744
12,inexact_chain.FP64.mul_div,8,1,toward_zero,1048576,3.645325661,3.638785362
12,throughput4096.FP128.mul,0,0,toward_zero,1048576,2.726221085,2.721940041
12,throughput4096.FP128.mul,0,1,nearest_even,1048576,2.610561371,2.605745316
12,throughput4096.FP128.mul,1,0,nearest_even,1048576,2.621081352,2.615522385
12,throughput4096.FP128.mul,1,1,toward_zero,1048576,2.744366646,2.739684105
12,throughput4096.FP128.mul,2,0,toward_zero,1048576,2.736569405,2.731370926
12,throughput4096.FP128.mul,2,1,nearest_even,1048576,2.613237381,2.610608101
12,throughput4096.FP128.mul,3,0,nearest_even,1048576,2.629356384,2.624274254
12,throughput4096.FP128.mul,3,1,toward_zero,1048576,2.763924599,2.758086205
12,throughput4096.FP128.mul,4,0,toward_zero,1048576,2.744919777,2.739406586
12,throughput4096.FP128.mul,4,1,nearest_even,1048576,2.621952057,2.616695404
12,throughput4096.FP128.mul,5,0,nearest_even,1048576,2.639828682,2.636587143
12,throughput4096.FP128.mul,5,1,toward_zero,1048576,2.760456085,2.754705429
12,throughput4096.FP128.mul,6,0,toward_zero,1048576,2.755888939,2.750786781
12,throughput4096.FP128.mul,6,1,nearest_even,1048576,2.623451233,2.618140221
12,throughput4096.FP128.mul,7,0,nearest_even,1048576,2.631907463,2.626889229
12,throughput4096.FP128.mul,7,1,toward_zero,1048576,2.768080711,2.762280464
12,throughput4096.FP128.mul,8,0,toward_zero,1048576,2.760628700,2.756930351
12,throughput4096.FP128.mul,8,1,nearest_even,1048576,2.630693436,2.626298904
12,throughput256.FP128.mul,0,0,nearest_even,1048576,2.632958412,2.627521515
12,throughput256.FP128.mul,0,1,toward_zero,1048576,2.730770111,2.725438118
12,throughput256.FP128.mul,1,0,toward_zero,1048576,2.735805511,2.731513023
12,throughput256.FP128.mul,1,1,nearest_even,1048576,2.616925240,2.614689827
12,throughput256.FP128.mul,2,0,nearest_even,1048576,2.632279396,2.627616882
12,throughput256.FP128.mul,2,1,toward_zero,1048576,2.726192474,2.721368790
12,throughput256.FP128.mul,3,0,toward_zero,1048576,2.714279175,2.709337234
12,throughput256.FP128.mul,3,1,nearest_even,1048576,2.619457245,2.614536285
12,throughput256.FP128.mul,4,0,nearest_even,1048576,2.629126549,2.625485420
12,throughput256.FP128.mul,4,1,toward_zero,1048576,2.749334335,2.745042801
12,throughput256.FP128.mul,5,0,toward_zero,1048576,2.750117302,2.745119095
12,throughput256.FP128.mul,5,1,nearest_even,1048576,2.617747307,2.613399506
12,throughput256.FP128.mul,6,0,nearest_even,1048576,2.634926796,2.629745483
12,throughput256.FP128.mul,6,1,toward_zero,1048576,2.748875618,2.745015144
12,throughput256.FP128.mul,7,0,toward_zero,1048576,2.727960587,2.724787712
12,throughput256.FP128.mul,7,1,nearest_even,1048576,2.619037628,2.614718437
12,throughput256.FP128.mul,8,0,nearest_even,1048576,2.631267548,2.626479149
12,throughput256.FP128.mul,8,1,toward_zero,1048576,2.712863922,2.708201408
12,exact_results.FP128.mul,0,0,toward_zero,1048576,2.720623016,2.716179848
12,exact_results.FP128.mul,0,1,nearest_even,1048576,2.632623672,2.628075600
12,exact_results.FP128.mul,1,0,nearest_even,1048576,2.630005836,2.624637604
12,exact_results.FP128.mul,1,1,toward_zero,1048576,2.705650330,2.701014519
12,exact_results.FP128.mul,2,0,toward_zero,1048576,2.710122108,2.706749916
12,exact_results.FP128.mul,2,1,nearest_even,1048576,2.621311188,2.616560936
12,exact_results.FP128.mul,3,0,nearest_even,1048576,2.623986244,2.618825912
12,exact_results.FP128.mul,3,1,toward_zero,1048576,2.702717781,2.697452545
12,exact_results.FP128.mul,4,0,toward_zero,1048576,2.713092804,2.707989693
12,exact_results.FP128.mul,4,1,nearest_even,1048576,2.621769905,2.618683815
12,exact_results.FP128.mul,5,0,nearest_even,1048576,2.620766640,2.615205765
12,exact_results.FP128.mul,5,1,toward_zero,1048576,2.717202187,2.712357521
12,exact_results.FP128.mul,6,0,toward_zero,1048576,2.722896576,2.717803001
12,exact_results.FP128.mul,6,1,nearest_even,1048576,2.620059013,2.615118980
12,exact_results.FP128.mul,7,0,nearest_even,1048576,2.624522209,2.620424271
12,exact_results.FP128.mul,7,1,toward_zero,1048576,2.658946991,2.654054642
12,exact_results.FP128.mul,8,0,toward_zero,1048576,2.686100960,2.678983688
12,exact_results.FP128.mul,8,1,nearest_even,1048576,2.626308441,2.620898247
12,halfway_ties.FP128.mul,0,0,nearest_even,1048576,2.637248039,2.632757187
12,halfway_ties.FP128.mul,0,1,toward_zero,1048576,2.723049164,2.718214989
12,halfway_ties.FP128.mul,1,0,toward_zero,1048576,2.721712112,2.716773033
12,halfway_ties.FP128.mul,1,1,nearest_even,1048576,2.625782967,2.620384216
12,halfway_ties.FP128.mul,2,0,nearest_even,1048576,2.634801865,2.631649971
12,halfway_ties.FP128.mul,2,1,toward_zero,1048576,2.725017548,2.719943047
12,halfway_ties.FP128.mul,3,0,toward_zero,1048576,2.707561493,2.702226639
12,halfway_ties.FP128.mul,3,1,nearest_even,1048576,2.627388954,2.621998787
12,halfway_ties.FP128.mul,4,0,nearest_even,1048576,2.637754440,2.633119583
12,halfway_ties.FP128.mul,4,1,toward_zero,1048576,2.711134911,2.707246780
12,halfway_ties.FP128.mul,5,0,toward_zero,1048576,2.704847336,2.699717522
12,halfway_ties.FP128.mul,5,1,nearest_even,1048576,2.623795509,2.619543076
12,halfway_ties.FP128.mul,6,0,nearest_even,1048576,2.638357162,2.633529663
12,halfway_ties.FP128.mul,6,1,toward_zero,1048576,2.715721130,2.710503578
12,halfway_ties.FP128.mul,7,0,toward_zero,1048576,2.714995384,2.711755753
12,halfway_ties.FP128.mul,7,1,nearest_even,1048576,2.625992775,2.621684074
12,halfway_ties.FP128.mul,8,0,nearest_even,1048576,2.639302254,2.634210587
12,halfway_ties.FP128.mul,8,1,toward_zero,1048576,2.733684540,2.729208946
12,exact_chain.FP128.mul,0,0,toward_zero,1048576,3.703409195,3.697127342
12,exact_chain.FP128.mul,0,1,nearest_even,1048576,3.722393990,3.717438698
12,exact_chain.FP128.mul,1,0,nearest_even,1048576,3.725996017,3.720076561
12,exact_chain.FP128.mul,1,1,toward_zero,1048576,3.697504044,3.690428734
12,exact_chain.FP128.mul,2,0,toward_zero,1048576,3.693262100,3.688021660
12,exact_chain.FP128.mul,2,1,nearest_even,1048576,3.725920677,3.719121933
12,exact_chain.FP128.mul,3,0,nearest_even,1048576,3.717922211,3.710558891
12,exact_chain.FP128.mul,3,1,toward_zero,1048576,3.691131592,3.685346603
12,exact_chain.FP128.mul,4,0,toward_zero,1048576,3.694189072,3.687782288
12,exact_chain.FP128.mul,4,1,nearest_even,1048576,3.726053238,3.719894409
12,exact_chain.FP128.mul,5,0,nearest_even,1048576,3.718047142,3.710684776
12,exact_chain.FP128.mul,5,1,toward_zero,1048576,3.693003654,3.688032150
12,exact_chain.FP128.mul,6,0,toward_zero,1048576,3.696557999,3.690276146
12,exact_chain.FP128.mul,6,1,nearest_even,1048576,3.726254463,3.719590187
12,exact_chain.FP128.mul,7,0,nearest_even,1048576,3.730486870,3.723918915
12,exact_chain.FP128.mul,7,1,toward_zero,1048576,3.676455498,3.669981956
12,exact_chain.FP128.mul,8,0,toward_zero,1048576,3.684796333,3.678101540
12,exact_chain.FP128.mul,8,1,nearest_even,1048576,3.733210564,3.726384163
12,inexact_chain.FP128.mul,0,0,toward_zero,1048576,3.721668243,3.716132164
12,inexact_chain.FP128.mul,0,1,nearest_even,1048576,4.900564194,4.892443657
12,inexact_chain.FP128.mul,1,0,nearest_even,1048576,4.945959091,4.938114166
12,inexact_chain.FP128.mul,1,1,toward_zero,1048576,3.691264153,3.684867859
12,inexact_chain.FP128.mul,2,0,toward_zero,1048576,3.710843086,3.704131126
12,inexact_chain.FP128.mul,2,1,nearest_even,1048576,4.933317184,4.923627853
12,inexact_chain.FP128.mul,3,0,nearest_even,1048576,4.921374321,4.912344933
12,inexact_chain.FP128.mul,3,1,toward_zero,1048576,3.685226440,3.679250717
12,inexact_chain.FP128.mul,4,0,toward_zero,1048576,3.684605598,3.678455353
12,inexact_chain.FP128.mul,4,1,nearest_even,1048576,5.159429550,5.151651382
12,inexact_chain.FP128.mul,5,0,nearest_even,1048576,5.151614189,5.142212868
12,inexact_chain.FP128.mul,5,1,toward_zero,1048576,3.688885689,3.682538033
12,inexact_chain.FP128.mul,6,0,toward_zero,1048576,3.672566414,3.668340683
12,inexact_chain.FP128.mul,6,1,nearest_even,1048576,5.163758278,5.154374123
12,inexact_chain.FP128.mul,7,0,nearest_even,1048576,5.155311584,5.146835327
12,inexact_chain.FP128.mul,7,1,toward_zero,1048576,3.684022903,3.677786827
12,inexact_chain.FP128.mul,8,0,toward_zero,1048576,3.695210457,3.688518524
12,inexact_chain.FP128.mul,8,1,nearest_even,1048576,5.149539948,5.143301010
12,throughput4096.FP128.div,0,0,nearest_even,1048576,3.251500130,3.246777534
12,throughput4096.FP128.div,0,1,toward_zero,1048576,2.581286430,2.576461792
12,throughput4096.FP128.div,1,0,toward_zero,1048576,2.636779785,2.632901192
12,throughput4096.FP128.div,1,1,nearest_even,1048576,3.324183464,3.318963051
12,throughput4096.FP128.div,2,0,nearest_even,1048576,3.276180267,3.270952225
12,throughput4096.FP128.div,2,1,toward_zero,1048576,2.592704773,2.590008736
12,throughput4096.FP128.div,3,0,toward_zero,1048576,2.633742332,2.628953934
12,throughput4096.FP128.div,3,1,nearest_even,1048576,3.324689865,3.317856789
12,throughput4096.FP128.div,4,0,nearest_even,1048576,3.287846565,3.283688545
12,throughput4096.FP128.div,4,1,toward_zero,1048576,2.610295296,2.601953506
12,throughput4096.FP128.div,5,0,toward_zero,1048576,2.634142876,2.629220009
12,throughput4096.FP128.div,5,1,nearest_even,1048576,3.333871841,3.328499794
12,throughput4096.FP128.div,6,0,nearest_even,1048576,3.294707298,3.286908150
12,throughput4096.FP128.div,6,1,toward_zero,1048576,2.597070694,2.593793869
12,throughput4096.FP128.div,7,0,toward_zero,1048576,2.636990547,2.632316589
12,throughput4096.FP128.div,7,1,nearest_even,1048576,3.332008362,3.324582100
12,throughput4096.FP128.div,8,0,nearest_even,1048576,3.287827492,3.283210754
12,throughput4096.FP128.div,8,1,toward_zero,1048576,2.605058670,2.599614143
12,throughput256.FP128.div,0,0,toward_zero,1048576,2.636569977,2.631029129
12,throughput256.FP128.div,0,1,nearest_even,1048576,3.323094368,3.318524361
12,throughput256.FP128.div,1,0,nearest_even,1048576,3.291067123,3.284349442
12,throughput256.FP128.div,1,1,toward_zero,1048576,2.608268738,2.604734421
12,throughput256.FP128.div,2,0,toward_zero,1048576,2.636550903,2.631247520
12,throughput256.FP128.div,2,1,nearest_even,1048576,3.316195488,3.309103012
12,throughput256.FP128.div,3,0,nearest_even,1048576,3.280690193,3.276273727
12,throughput256.FP128.div,3,1,toward_zero,1048576,2.601102829,2.596766472
12,throughput256.FP128.div,4,0,toward_zero,1048576,2.630493164,2.627120018
12,throughput256.FP128.div,4,1,nearest_even,1048576,3.323934555,3.318429947
12,throughput256.FP128.div,5,0,nearest_even,1048576,3.287244797,3.282128334
12,throughput256.FP128.div,5,1,toward_zero,1048576,2.608163834,2.602689743
12,throughput256.FP128.div,6,0,toward_zero,1048576,2.638261795,2.633749008
12,throughput256.FP128.div,6,1,nearest_even,1048576,3.320427895,3.314702988
12,throughput256.FP128.div,7,0,nearest_even,1048576,3.291869164,3.284596443
12,throughput256.FP128.div,7,1,toward_zero,1048576,2.609205246,2.603522301
12,throughput256.FP128.div,8,0,toward_zero,1048576,2.629585266,2.625725746
12,throughput256.FP128.div,8,1,nearest_even,1048576,3.321040154,3.315245628
12,exact_results.FP128.div,0,0,toward_zero,1048576,2.624655724,2.620423317
12,exact_results.FP128.div,0,1,nearest_even,1048576,2.459119797,2.453588486
12,exact_results.FP128.div,1,0,nearest_even,1048576,2.438634872,2.434469223
12,exact_results.FP128.div,1,1,toward_zero,1048576,2.621492386,2.616292953
12,exact_results.FP128.div,2,0,toward_zero,1048576,2.645523071,2.640496254
12,exact_results.FP128.div,2,1,nearest_even,1048576,2.452479362,2.448888779
12,exact_results.FP128.div,3,0,nearest_even,1048576,2.442008018,2.436754227
12,exact_results.FP128.div,3,1,toward_zero,1048576,2.616562843,2.611412048
12,exact_results.FP128.div,4,0,toward_zero,1048576,2.643697739,2.640525818
12,exact_results.FP128.div,4,1,nearest_even,1048576,2.463562965,2.457389832
12,exact_results.FP128.div,5,0,nearest_even,1048576,2.439332008,2.434364319
12,exact_results.FP128.div,5,1,toward_zero,1048576,2.619209290,2.615559578
12,exact_results.FP128.div,6,0,toward_zero,1048576,2.644596100,2.639216423
12,exact_results.FP128.div,6,1,nearest_even,1048576,2.454963684,2.450024605
12,exact_results.FP128.div,7,0,nearest_even,1048576,2.433132172,2.430037498
12,exact_results.FP128.div,7,1,toward_zero,1048576,2.622878075,2.618350029
12,exact_results.FP128.div,8,0,toward_zero,1048576,2.645952225,2.639015198
12,exact_results.FP128.div,8,1,nearest_even,1048576,2.454944611,2.451428413
12,halfway_ties.FP128.div,0,0,nearest_even,1048576,3.317523956,3.311224937
12,halfway_ties.FP128.div,0,1,toward_zero,1048576,2.616160393,2.611154556
12,halfway_ties.FP128.div,1,0,toward_zero,1048576,2.643335342,2.638307571
12,halfway_ties.FP128.div,1,1,nearest_even,1048576,3.336278915,3.330457687
12,halfway_ties.FP128.div,2,0,nearest_even,1048576,3.298758507,3.292230606
12,halfway_ties.FP128.div,2,1,toward_zero,1048576,2.616266251,2.612147331
12,halfway_ties.FP128.div,3,0,toward_zero,1048576,2.642494202,2.639636040
12,halfway_ties.FP128.div,3,1,nearest_even,1048576,3.327183723,3.319439888
12,halfway_ties.FP128.div,4,0,nearest_even,1048576,3.291878700,3.286467552
12,halfway_ties.FP128.div,4,1,toward_zero,1048576,2.611507416,2.606511116
12,halfway_ties.FP128.div,5,0,toward_zero,1048576,2.640592575,2.635146141
12,halfway_ties.FP128.div,5,1,nearest_even,1048576,3.319443703,3.313546181
12,halfway_ties.FP128.div,6,0,nearest_even,1048576,3.297487259,3.290883064
12,halfway_ties.FP128.div,6,1,toward_zero,1048576,2.614469528,2.609672546
12,halfway_ties.FP128.div,7,0,toward_zero,1048576,2.641662598,2.637610435
12,halfway_ties.FP128.div,7,1,nearest_even,1048576,3.328110695,3.321496964
12,halfway_ties.FP128.div,8,0,nearest_even,1048576,3.290091515,3.285148621
12,halfway_ties.FP128.div,8,1,toward_zero,1048576,2.612989426,2.607171059
12,exact_chain.FP128.div,0,0,nearest_even,1048576,4.085654259,4.079449654
12,exact_chain.FP128.div,0,1,toward_zero,1048576,4.070653915,4.063423157
12,exact_chain.FP128.div,1,0,toward_zero,1048576,4.078420639,4.070284843
12,exact_chain.FP128.div,1,1,nearest_even,1048576,4.083284378,4.076943398
12,exact_chain.FP128.div,2,0,nearest_even,1048576,4.074561119,4.068298340
12,exact_chain.FP128.div,2,1,toward_zero,1048576,4.065426826,4.058513641
12,exact_chain.FP128.div,3,0,toward_zero,1048576,4.071732521,4.063033104
12,exact_chain.FP128.div,3,1,nearest_even,1048576,4.075172424,4.068621635
12,exact_chain.FP128.div,4,0,nearest_even,1048576,4.073491096,4.066751480
12,exact_chain.FP128.div,4,1,toward_zero,1048576,4.069793701,4.062191963
12,exact_chain.FP128.div,5,0,toward_zero,1048576,4.067605019,4.060872078
12,exact_chain.FP128.div,5,1,nearest_even,1048576,4.072860718,4.066692352
12,exact_chain.FP128.div,6,0,nearest_even,1048576,4.074618340,4.067142487
12,exact_chain.FP128.div,6,1,toward_zero,1048576,4.071475029,4.062505722
12,exact_chain.FP128.div,7,0,toward_zero,1048576,4.072124481,4.064380646
12,exact_chain.FP128.div,7,1,nearest_even,1048576,4.073719978,4.066578865
12,exact_chain.FP128.div,8,0,nearest_even,1048576,4.068732262,4.062354088
12,exact_chain.FP128.div,8,1,toward_zero,1048576,4.065360069,4.057852745
12,inexact_chain.FP128.div,0,0,toward_zero,1048576,4.069124222,4.062575340
12,inexact_chain.FP128.div,0,1,nearest_even,1048576,5.403761864,5.392952919
12,inexact_chain.FP128.div,1,0,nearest_even,1048576,5.391178131,5.383390427
12,inexact_chain.FP128.div,1,1,toward_zero,1048576,4.065694809,4.058129311
12,inexact_chain.FP128.div,2,0,toward_zero,1048576,4.067968369,4.059877396
12,inexact_chain.FP128.div,2,1,nearest_even,1048576,5.393738747,5.385923386
12,inexact_chain.FP128.div,3,0,nearest_even,1048576,5.394436836,5.383994102
12,inexact_chain.FP128.div,3,1,toward_zero,1048576,4.068903923,4.060997009
12,inexact_chain.FP128.div,4,0,toward_zero,1048576,4.065149307,4.057050705
12,inexact_chain.FP128.div,4,1,nearest_even,1048576,5.395764351,5.387871742
12,inexact_chain.FP128.div,5,0,nearest_even,1048576,5.395392418,5.385224342
12,inexact_chain.FP128.div,5,1,toward_zero,1048576,4.061347008,4.054653168
12,inexact_chain.FP128.div,6,0,toward_zero,1048576,4.070165634,4.063414574
12,inexact_chain.FP128.div,6,1,nearest_even,1048576,5.398153305,5.387469292
12,inexact_chain.FP128.div,7,0,nearest_even,1048576,5.401402473,5.391225815
12,inexact_chain.FP128.div,7,1,toward_zero,1048576,4.065226555,4.059010506
12,inexact_chain.FP128.div,8,0,toward_zero,1048576,4.066716194,4.060536385
12,inexact_chain.FP128.div,8,1,nearest_even,1048576,5.400112152,5.390288353
12,throughput4096.FP128.mul_div,0,0,toward_zero,1048576,3.117257118,3.112718582
12,throughput4096.FP128.mul_div,0,1,nearest_even,1048576,4.695596695,4.686865807
12,throughput4096.FP128.mul_div,1,0,nearest_even,1048576,4.674184799,4.665137291
12,throughput4096.FP128.mul_div,1,1,toward_zero,1048576,3.112985611,3.107107162
12,throughput4096.FP128.mul_div,2,0,toward_zero,1048576,3.132229805,3.127458572
12,throughput4096.FP128.mul_div,2,1,nearest_even,1048576,4.702944756,4.694787979
12,throughput4096.FP128.mul_div,3,0,nearest_even,1048576,4.682076454,4.673117638
12,throughput4096.FP128.mul_div,3,1,toward_zero,1048576,3.115087509,3.109764099
12,throughput4096.FP128.mul_div,4,0,toward_zero,1048576,3.163912773,3.156937599
12,throughput4096.FP128.mul_div,4,1,nearest_even,1048576,4.704033852,4.695685387
12,throughput4096.FP128.mul_div,5,0,nearest_even,1048576,4.679315567,4.669963837
12,throughput4096.FP128.mul_div,5,1,toward_zero,1048576,3.115231514,3.109716415
12,throughput4096.FP128.mul_div,6,0,toward_zero,1048576,3.171833992,3.166681290
12,throughput4096.FP128.mul_div,6,1,nearest_even,1048576,4.710856438,4.702002525
12,throughput4096.FP128.mul_div,7,0,nearest_even,1048576,4.681379318,4.673354149
12,throughput4096.FP128.mul_div,7,1,toward_zero,1048576,3.134655952,3.129244804
12,throughput4096.FP128.mul_div,8,0,toward_zero,1048576,3.200813293,3.194046021
12,throughput4096.FP128.mul_div,8,1,nearest_even,1048576,4.709364891,4.700962067
12,throughput256.FP128.mul_div,0,0,toward_zero,1048576,3.150660515,3.145603180
12,throughput256.FP128.mul_div,0,1,nearest_even,1048576,4.754558563,4.746074677
12,throughput256.FP128.mul_div,1,0,nearest_even,1048576,4.677729607,4.669983864
12,throughput256.FP128.mul_div,1,1,toward_zero,1048576,3.110836983,3.106953621
12,throughput256.FP128.mul_div,2,0,toward_zero,1048576,3.199752808,3.193661690
12,throughput256.FP128.mul_div,2,1,nearest_even,1048576,4.694669724,4.688307762
12,throughput256.FP128.mul_div,3,0,nearest_even,1048576,4.675676346,4.667679787
12,throughput256.FP128.mul_div,3,1,toward_zero,1048576,3.111858368,3.104450226
12,throughput256.FP128.mul_div,4,0,toward_zero,1048576,3.132163048,3.127488136
12,throughput256.FP128.mul_div,4,1,nearest_even,1048576,4.695185661,4.686806679
12,throughput256.FP128.mul_div,5,0,nearest_even,1048576,4.674805641,4.666513443
12,throughput256.FP128.mul_div,5,1,toward_zero,1048576,3.118719101,3.114283562
12,throughput256.FP128.mul_div,6,0,toward_zero,1048576,3.159669876,3.154958725
12,throughput256.FP128.mul_div,6,1,nearest_even,1048576,4.702008247,4.693057060
12,throughput256.FP128.mul_div,7,0,nearest_even,1048576,4.681781769,4.672849655
12,throughput256.FP128.mul_div,7,1,toward_zero,1048576,3.112661362,3.107203484
12,throughput256.FP128.mul_div,8,0,toward_zero,1048576,3.133193970,3.126616478
12,throughput256.FP128.mul_div,8,1,nearest_even,1048576,4.704205513,4.696191788
12,exact_results.FP128.mul_div,0,0,nearest_even,1048576,3.264227867,3.256693840
12,exact_results.FP128.mul_div,0,1,toward_zero,1048576,3.148262024,3.142535210
12,exact_results.FP128.mul_div,1,0,toward_zero,1048576,3.153173447,3.147439003
12,exact_results.FP128.mul_div,1,1,nearest_even,1048576,3.247688293,3.241083145
12,exact_results.FP128.mul_div,2,0,nearest_even,1048576,3.259650230,3.253493309
12,exact_results.FP128.mul_div,2,1,toward_zero,1048576,3.176925659,3.169851303
12,exact_results.FP128.mul_div,3,0,toward_zero,1048576,3.177709579,3.172967911
12,exact_results.FP128.mul_div,3,1,nearest_even,1048576,3.259383202,3.253684998
12,exact_results.FP128.mul_div,4,0,nearest_even,1048576,3.262947083,3.255761147
12,exact_results.FP128.mul_div,4,1,toward_zero,1048576,3.144574165,3.139564514
12,exact_results.FP128.mul_div,5,0,toward_zero,1048576,3.175378799,3.169729233
12,exact_results.FP128.mul_div,5,1,nearest_even,1048576,3.256611824,3.249396324
12,exact_results.FP128.mul_div,6,0,nearest_even,1048576,3.268469810,3.264682770
12,exact_results.FP128.mul_div,6,1,toward_zero,1048576,3.143465042,3.138245583
12,exact_results.FP128.mul_div,7,0,toward_zero,1048576,3.147439957,3.140586853
12,exact_results.FP128.mul_div,7,1,nearest_even,1048576,3.243962288,3.237957954
12,exact_results.FP128.mul_div,8,0,nearest_even,1048576,3.257308960,3.250964165
12,exact_results.FP128.mul_div,8,1,toward_zero,1048576,3.153116226,3.148356438
12,halfway_ties.FP128.mul_div,0,0,nearest_even,1048576,4.750489235,4.742742538
12,halfway_ties.FP128.mul_div,0,1,toward_zero,1048576,3.145204544,3.140339851
12,halfway_ties.FP128.mul_div,1,0,toward_zero,1048576,3.163635254,3.158522606
12,halfway_ties.FP128.mul_div,1,1,nearest_even,1048576,4.717238426,4.709624290
12,halfway_ties.FP128.mul_div,2,0,nearest_even,1048576,4.697325706,4.688822746
12,halfway_ties.FP128.mul_div,2,1,toward_zero,1048576,3.121938705,3.117648125
12,halfway_ties.FP128.mul_div,3,0,toward_zero,1048576,3.153078079,3.146149635
12,halfway_ties.FP128.mul_div,3,1,nearest_even,1048576,4.731006622,4.722094536
12,halfway_ties.FP128.mul_div,4,0,nearest_even,1048576,4.696514130,4.688194275
12,halfway_ties.FP128.mul_div,4,1,toward_zero,1048576,3.172321320,3.167119980
12,halfway_ties.FP128.mul_div,5,0,toward_zero,1048576,3.170351982,3.164082527
12,halfway_ties.FP128.mul_div,5,1,nearest_even,1048576,4.785975456,4.777174950
12,halfway_ties.FP128.mul_div,6,0,nearest_even,1048576,4.737627983,4.728157997
12,halfway_ties.FP128.mul_div,6,1,toward_zero,1048576,3.140770912,3.133430481
12,halfway_ties.FP128.mul_div,7,0,toward_zero,1048576,3.159574509,3.153705597
12,halfway_ties.FP128.mul_div,7,1,nearest_even,1048576,4.715452194,4.707571983
12,halfway_ties.FP128.mul_div,8,0,nearest_even,1048576,4.696504593,4.688614845
12,halfway_ties.FP128.mul_div,8,1,toward_zero,1048576,3.119913101,3.114156723
12,exact_chain.FP128.mul_div,0,0,toward_zero,1048576,3.910440445,3.903624535
12,exact_chain.FP128.mul_div,0,1,nearest_even,1048576,3.891903877,3.885343552
12,exact_chain.FP128.mul_div,1,0,nearest_even,1048576,3.878499031,3.872215271
12,exact_chain.FP128.mul_div,1,1,toward_zero,1048576,3.893442154,3.887350082
12,exact_chain.FP128.mul_div,2,0,toward_zero,1048576,3.895715714,3.888681412
12,exact_chain.FP128.mul_div,2,1,nearest_even,1048576,3.902270317,3.895356178
12,exact_chain.FP128.mul_div,3,0,nearest_even,1048576,3.883897781,3.878033638
12,exact_chain.FP128.mul_div,3,1,toward_zero,1048576,3.891674995,3.884885788
12,exact_chain.FP128.mul_div,4,0,toward_zero,1048576,3.899060249,3.890205383
12,exact_chain.FP128.mul_div,4,1,nearest_even,1048576,3.919268608,3.912203789
12,exact_chain.FP128.mul_div,5,0,nearest_even,1048576,3.926167488,3.919149399
12,exact_chain.FP128.mul_div,5,1,toward_zero,1048576,3.889619827,3.883768082
12,exact_chain.FP128.mul_div,6,0,toward_zero,1048576,3.897312164,3.890981674
12,exact_chain.FP128.mul_div,6,1,nearest_even,1048576,3.874781609,3.868776321
12,exact_chain.FP128.mul_div,7,0,nearest_even,1048576,3.889859200,3.884103775
12,exact_chain.FP128.mul_div,7,1,toward_zero,1048576,3.898200989,3.892499924
12,exact_chain.FP128.mul_div,8,0,toward_zero,1048576,3.915179253,3.908869743
12,exact_chain.FP128.mul_div,8,1,nearest_even,1048576,3.879099846,3.872941971
12,inexact_chain.FP128.mul_div,0,0,nearest_even,1048576,5.083813667,5.075768471
12,inexact_chain.FP128.mul_div,0,1,toward_zero,1048576,3.890164375,3.884763718
12,inexact_chain.FP128.mul_div,1,0,toward_zero,1048576,3.884289742,3.878417969
12,inexact_chain.FP128.mul_div,1,1,nearest_even,1048576,5.127764702,5.119259834
12,inexact_chain.FP128.mul_div,2,0,nearest_even,1048576,5.116193771,5.106851578
12,inexact_chain.FP128.mul_div,2,1,toward_zero,1048576,3.905509949,3.897317886
12,inexact_chain.FP128.mul_div,3,0,toward_zero,1048576,3.913545609,3.907005310
12,inexact_chain.FP128.mul_div,3,1,nearest_even,1048576,5.162037849,5.154498100
12,inexact_chain.FP128.mul_div,4,0,nearest_even,1048576,5.113681793,5.104222298
12,inexact_chain.FP128.mul_div,4,1,toward_zero,1048576,3.908080101,3.900985718
12,inexact_chain.FP128.mul_div,5,0,toward_zero,1048576,3.887078285,3.881752968
12,inexact_chain.FP128.mul_div,5,1,nearest_even,1048576,5.087550163,5.079266548
12,inexact_chain.FP128.mul_div,6,0,nearest_even,1048576,5.102034569,5.091992378
12,inexact_chain.FP128.mul_div,6,1,toward_zero,1048576,3.892553329,3.886901855
12,inexact_chain.FP128.mul_div,7,0,toward_zero,1048576,3.890317917,3.883357048
12,inexact_chain.FP128.mul_div,7,1,nearest_even,1048576,5.112172127,5.104578018
12,inexact_chain.FP128.mul_div,8,0,nearest_even,1048576,5.110136986,5.101384163
12,inexact_chain.FP128.mul_div,8,1,toward_zero,1048576,3.894062996,3.886978149
12,wide_product.FP128.mul,0,0,nearest_even,1048576,6.772883415,6.762174606
12,wide_product.FP128.mul,0,1,toward_zero,1048576,5.990305901,5.981089592
12,wide_product.FP128.mul,1,0,toward_zero,1048576,5.998179436,5.986663818
12,wide_product.FP128.mul,1,1,nearest_even,1048576,6.771975517,6.760435104
12,wide_product.FP128.mul,2,0,nearest_even,1048576,6.730030060,6.719139099
12,wide_product.FP128.mul,2,1,toward_zero,1048576,5.994233131,5.983404160
12,wide_product.FP128.mul,3,0,toward_zero,1048576,5.998025894,5.987396240
12,wide_product.FP128.mul,3,1,nearest_even,1048576,6.743034363,6.728603363
12,wide_product.FP128.mul,4,0,nearest_even,1048576,6.733498573,6.721234322
12,wide_product.FP128.mul,4,1,toward_zero,1048576,5.994700432,5.984781265
12,wide_product.FP128.mul,5,0,toward_zero,1048576,5.996526718,5.986386299
12,wide_product.FP128.mul,5,1,nearest_even,1048576,6.734597206,6.722343445
12,wide_product.FP128.mul,6,0,nearest_even,1048576,6.741496086,6.730518341
12,wide_product.FP128.mul,6,1,toward_zero,1048576,5.955803871,5.943017006
12,wide_product.FP128.mul,7,0,toward_zero,1048576,5.956090927,5.945979118
12,wide_product.FP128.mul,7,1,nearest_even,1048576,6.607472420,6.595945358
12,wide_product.FP128.mul,8,0,nearest_even,1048576,6.610023499,6.599029541
12,wide_product.FP128.mul,8,1,toward_zero,1048576,5.952029228,5.942387581
12,native_by64.FP128.div,0,0,toward_zero,1048576,3.981469154,3.975720406
12,native_by64.FP128.div,0,1,nearest_even,1048576,6.330557823,6.319251060
12,native_by64.FP128.div,1,0,nearest_even,1048576,6.340150833,6.329522133
12,native_by64.FP128.div,1,1,toward_zero,1048576,3.965141296,3.957167625
12,native_by64.FP128.div,2,0,toward_zero,1048576,3.970969200,3.963883400
12,native_by64.FP128.div,2,1,nearest_even,1048576,6.340809822,6.331528664
12,native_by64.FP128.div,3,0,nearest_even,1048576,6.338296890,6.324199677
12,native_by64.FP128.div,3,1,toward_zero,1048576,4.015370369,4.008600235
12,native_by64.FP128.div,4,0,toward_zero,1048576,4.002537727,3.996321678
12,native_by64.FP128.div,4,1,nearest_even,1048576,6.338879585,6.327783585
12,native_by64.FP128.div,5,0,nearest_even,1048576,6.340953827,6.328698158
12,native_by64.FP128.div,5,1,toward_zero,1048576,3.969507217,3.962277412
12,native_by64.FP128.div,6,0,toward_zero,1048576,4.019248962,4.012068748
12,native_by64.FP128.div,6,1,nearest_even,1048576,6.338106155,6.328134537
12,native_by64.FP128.div,7,0,nearest_even,1048576,6.333252907,6.323074341
12,native_by64.FP128.div,7,1,toward_zero,1048576,3.988807678,3.982667923
12,native_by64.FP128.div,8,0,toward_zero,1048576,3.976177216,3.967236519
12,native_by64.FP128.div,8,1,nearest_even,1048576,6.332305908,6.323437691
12,native_by128.FP128.div,0,0,toward_zero,1048576,6.180100441,6.168287277
12,native_by128.FP128.div,0,1,nearest_even,1048576,10.043358803,10.025816917
12,native_by128.FP128.div,1,0,nearest_even,1048576,10.009993553,9.989772797
12,native_by128.FP128.div,1,1,toward_zero,1048576,6.150986671,6.140147209
12,native_by128.FP128.div,2,0,toward_zero,1048576,6.149859428,6.137050629
12,native_by128.FP128.div,2,1,nearest_even,1048576,10.053582191,10.037138939
12,native_by128.FP128.div,3,0,nearest_even,1048576,10.011914253,9.993025780
12,native_by128.FP128.div,3,1,toward_zero,1048576,6.129431725,6.117360115
12,native_by128.FP128.div,4,0,toward_zero,1048576,6.140888214,6.123921394
12,native_by128.FP128.div,4,1,nearest_even,1048576,10.028453827,10.012564659
12,native_by128.FP128.div,5,0,nearest_even,1048576,9.970398903,9.954302788
12,native_by128.FP128.div,5,1,toward_zero,1048576,6.143113136,6.132897377
12,native_by128.FP128.div,6,0,toward_zero,1048576,6.102038383,6.091766357
12,native_by128.FP128.div,6,1,nearest_even,1048576,10.001872063,9.982255936
12,native_by128.FP128.div,7,0,nearest_even,1048576,9.969998360,9.952473640
12,native_by128.FP128.div,7,1,toward_zero,1048576,6.129966736,6.117773056
12,native_by128.FP128.div,8,0,toward_zero,1048576,6.116456032,6.104612350
12,native_by128.FP128.div,8,1,nearest_even,1048576,10.043368340,10.024328232
12,wide_by64.FP128.div,0,0,toward_zero,1048576,6.519893646,6.509166718
12,wide_by64.FP128.div,0,1,nearest_even,1048576,7.941622734,7.927051544
12,wide_by64.FP128.div,1,0,nearest_even,1048576,7.942673683,7.928711891
12,wide_by64.FP128.div,1,1,toward_zero,1048576,6.465126038,6.452280998
12,wide_by64.FP128.div,2,0,toward_zero,1048576,6.477976799,6.467508316
12,wide_by64.FP128.div,2,1,nearest_even,1048576,7.948922157,7.935610771
12,wide_by64.FP128.div,3,0,nearest_even,1048576,7.942462921,7.929536819
12,wide_by64.FP128.div,3,1,toward_zero,1048576,6.460797310,6.448725700
12,wide_by64.FP128.div,4,0,toward_zero,1048576,6.471977234,6.460591316
12,wide_by64.FP128.div,4,1,nearest_even,1048576,7.949524879,7.936617851
12,wide_by64.FP128.div,5,0,nearest_even,1048576,7.942463875,7.928464890
12,wide_by64.FP128.div,5,1,toward_zero,1048576,6.468794823,6.458011627
12,wide_by64.FP128.div,6,0,toward_zero,1048576,6.467562675,6.456331253
12,wide_by64.FP128.div,6,1,nearest_even,1048576,7.923306465,7.907033920
12,wide_by64.FP128.div,7,0,nearest_even,1048576,7.900775909,7.889538765
12,wide_by64.FP128.div,7,1,toward_zero,1048576,6.445816040,6.433349609
12,wide_by64.FP128.div,8,0,toward_zero,1048576,6.474872589,6.464041710
12,wide_by64.FP128.div,8,1,nearest_even,1048576,7.963474274,7.947860718
12,wide_by128.FP128.div,0,0,toward_zero,1048576,12.496937752,12.466574669
12,wide_by128.FP128.div,0,1,nearest_even,1048576,13.774992943,13.751541138
12,wide_by128.FP128.div,1,0,nearest_even,1048576,13.704908371,13.680312157
12,wide_by128.FP128.div,1,1,toward_zero,1048576,12.425477982,12.403005600
12,wide_by128.FP128.div,2,0,toward_zero,1048576,12.358117104,12.334588051
12,wide_by128.FP128.div,2,1,nearest_even,1048576,13.732780457,13.708260536
12,wide_by128.FP128.div,3,0,nearest_even,1048576,13.728528023,13.702482224
12,wide_by128.FP128.div,3,1,toward_zero,1048576,12.393279076,12.370691299
12,wide_by128.FP128.div,4,0,toward_zero,1048576,12.360266685,12.338712692
12,wide_by128.FP128.div,4,1,nearest_even,1048576,13.772327423,13.745373726
12,wide_by128.FP128.div,5,0,nearest_even,1048576,13.766613007,13.742806435
12,wide_by128.FP128.div,5,1,toward_zero,1048576,12.402221680,12.379233360
12,wide_by128.FP128.div,6,0,toward_zero,1048576,12.392828941,12.371141434
12,wide_by128.FP128.div,6,1,nearest_even,1048576,13.785570145,13.759654045
12,wide_by128.FP128.div,7,0,nearest_even,1048576,13.776578903,13.752896309
12,wide_by128.FP128.div,7,1,toward_zero,1048576,12.395810127,12.372689247
12,wide_by128.FP128.div,8,0,toward_zero,1048576,12.355050087,12.333647728
12,wide_by128.FP128.div,8,1,nearest_even,1048576,13.790308952,13.763653755
12,wide_product.FP128.mul_div,0,0,toward_zero,1048576,12.044513702,12.023727417
12,wide_product.FP128.mul_div,0,1,nearest_even,1048576,13.185257912,13.160242081
12,wide_product.FP128.mul_div,1,0,nearest_even,1048576,13.173783302,13.149855614
12,wide_product.FP128.mul_div,1,1,toward_zero,1048576,11.993529320,11.968541145
12,wide_product.FP128.mul_div,2,0,toward_zero,1048576,12.010421753,11.991781235
12,wide_product.FP128.mul_div,2,1,nearest_even,1048576,13.186910629,13.164036751
12,wide_product.FP128.mul_div,3,0,nearest_even,1048576,13.156832695,13.130235672
12,wide_product.FP128.mul_div,3,1,toward_zero,1048576,11.997753143,11.976897240
12,wide_product.FP128.mul_div,4,0,toward_zero,1048576,12.029570580,12.004949570
12,wide_product.FP128.mul_div,4,1,nearest_even,1048576,13.178779602,13.153744698
12,wide_product.FP128.mul_div,5,0,nearest_even,1048576,13.161026955,13.136003494
12,wide_product.FP128.mul_div,5,1,toward_zero,1048576,11.992211342,11.973226547
12,wide_product.FP128.mul_div,6,0,toward_zero,1048576,12.003332138,11.978645325
12,wide_product.FP128.mul_div,6,1,nearest_even,1048576,13.141267776,13.118442535
12,wide_product.FP128.mul_div,7,0,nearest_even,1048576,13.179639816,13.157118797
12,wide_product.FP128.mul_div,7,1,toward_zero,1048576,12.016623497,11.994839668
12,wide_product.FP128.mul_div,8,0,toward_zero,1048576,12.002759933,11.981061935
12,wide_product.FP128.mul_div,8,1,nearest_even,1048576,13.181282997,13.159286499
12,throughput4096.FP64.mul_wide,0,0,nearest_even,1048576,2.428544998,2.425009727
12,throughput4096.FP64.mul_wide,0,1,toward_zero,1048576,2.582175255,2.577436447
12,throughput4096.FP64.mul_wide,1,0,toward_zero,1048576,2.561660767,2.556634903
12,throughput4096.FP64.mul_wide,1,1,nearest_even,1048576,2.423223495,2.420922279
12,throughput4096.FP64.mul_wide,2,0,nearest_even,1048576,2.419955254,2.415694237
12,throughput4096.FP64.mul_wide,2,1,toward_zero,1048576,2.580455780,2.575582504
12,throughput4096.FP64.mul_wide,3,0,toward_zero,1048576,2.559558868,2.556529999
12,throughput4096.FP64.mul_wide,3,1,nearest_even,1048576,2.419439316,2.414540291
12,throughput4096.FP64.mul_wide,4,0,nearest_even,1048576,2.421321869,2.417874336
12,throughput4096.FP64.mul_wide,4,1,toward_zero,1048576,2.564575195,2.559289932
12,throughput4096.FP64.mul_wide,5,0,toward_zero,1048576,2.564212799,2.559101105
12,throughput4096.FP64.mul_wide,5,1,nearest_even,1048576,2.418148994,2.414786339
12,throughput4096.FP64.mul_wide,6,0,nearest_even,1048576,2.421589851,2.416335106
12,throughput4096.FP64.mul_wide,6,1,toward_zero,1048576,2.561317444,2.556473732
12,throughput4096.FP64.mul_wide,7,0,toward_zero,1048576,2.574330330,2.570717812
12,throughput4096.FP64.mul_wide,7,1,nearest_even,1048576,2.422325134,2.417070389
12,throughput4096.FP64.mul_wide,8,0,nearest_even,1048576,2.417691231,2.414566994
12,throughput4096.FP64.mul_wide,8,1,toward_zero,1048576,2.559521675,2.554227829
12,fullrange.FP64.mul_wide,0,0,toward_zero,1048576,2.468598366,2.465560913
12,fullrange.FP64.mul_wide,0,1,nearest_even,1048576,2.960140228,2.954958916
12,fullrange.FP64.mul_wide,1,0,nearest_even,1048576,2.945808411,2.941384315
12,fullrange.FP64.mul_wide,1,1,toward_zero,1048576,2.488128662,2.483190536
12,fullrange.FP64.mul_wide,2,0,toward_zero,1048576,2.495542526,2.490639687
12,fullrange.FP64.mul_wide,2,1,nearest_even,1048576,2.954799652,2.950221062
12,fullrange.FP64.mul_wide,3,0,nearest_even,1048576,2.952571869,2.947134018
12,fullrange.FP64.mul_wide,3,1,toward_zero,1048576,2.486017227,2.482434273
12,fullrange.FP64.mul_wide,4,0,toward_zero,1048576,2.495972633,2.490765572
12,fullrange.FP64.mul_wide,4,1,nearest_even,1048576,2.958143234,2.952493668
12,fullrange.FP64.mul_wide,5,0,nearest_even,1048576,2.948923111,2.944087029
12,fullrange.FP64.mul_wide,5,1,toward_zero,1048576,2.487554550,2.482738495
12,fullrange.FP64.mul_wide,6,0,toward_zero,1048576,2.495753288,2.492389679
12,fullrange.FP64.mul_wide,6,1,nearest_even,1048576,2.963340759,2.956134796
12,fullrange.FP64.mul_wide,7,0,nearest_even,1048576,2.947690010,2.942739487
12,fullrange.FP64.mul_wide,7,1,toward_zero,1048576,2.485758781,2.482978821
12,fullrange.FP64.mul_wide,8,0,toward_zero,1048576,2.504800797,2.499748230
12,fullrange.FP64.mul_wide,8,1,nearest_even,1048576,2.962347031,2.956832886
12,throughput4096.FP64.quantize4,0,0,nearest_even,1048576,3.247239113,3.242715836
12,throughput4096.FP64.quantize4,0,1,toward_zero,1048576,3.162288666,3.156620979
12,throughput4096.FP64.quantize4,1,0,toward_zero,1048576,3.155399323,3.149491310
12,throughput4096.FP64.quantize4,1,1,nearest_even,1048576,3.231722832,3.226396561
12,throughput4096.FP64.quantize4,2,0,nearest_even,1048576,3.232266426,3.227840424
12,throughput4096.FP64.quantize4,2,1,toward_zero,1048576,3.155113220,3.148919106
12,throughput4096.FP64.quantize4,3,0,toward_zero,1048576,3.176295280,3.170790672
12,throughput4096.FP64.quantize4,3,1,nearest_even,1048576,3.227919579,3.223692894
12,throughput4096.FP64.quantize4,4,0,nearest_even,1048576,3.248386383,3.241674423
12,throughput4096.FP64.quantize4,4,1,toward_zero,1048576,3.156431198,3.151996613
12,throughput4096.FP64.quantize4,5,0,toward_zero,1048576,3.150535583,3.146080971
12,throughput4096.FP64.quantize4,5,1,nearest_even,1048576,3.232343674,3.225853920
12,throughput4096.FP64.quantize4,6,0,nearest_even,1048576,3.233345985,3.230075836
12,throughput4096.FP64.quantize4,6,1,toward_zero,1048576,3.157568932,3.152894020
12,throughput4096.FP64.quantize4,7,0,toward_zero,1048576,3.157415390,3.151831627
12,throughput4096.FP64.quantize4,7,1,nearest_even,1048576,3.233175278,3.228153229
12,throughput4096.FP64.quantize4,8,0,nearest_even,1048576,3.229792595,3.223473549
12,throughput4096.FP64.quantize4,8,1,toward_zero,1048576,3.171900749,3.166826248
12,throughput4096.FP128.quantize4,0,0,toward_zero,1048576,5.688281059,5.679527283
12,throughput4096.FP128.quantize4,0,1,nearest_even,1048576,6.126039505,6.114339828
12,throughput4096.FP128.quantize4,1,0,nearest_even,1048576,6.124893188,6.114645958
12,throughput4096.FP128.quantize4,1,1,toward_zero,1048576,5.700970650,5.691907883
12,throughput4096.FP128.quantize4,2,0,toward_zero,1048576,5.696690559,5.687947273
12,throughput4096.FP128.quantize4,2,1,nearest_even,1048576,6.127387047,6.114243507
12,throughput4096.FP128.quantize4,3,0,nearest_even,1048576,6.086044312,6.077242851
12,throughput4096.FP128.quantize4,3,1,toward_zero,1048576,5.679759026,5.670192719
12,throughput4096.FP128.quantize4,4,0,toward_zero,1048576,5.680026054,5.670633316
12,throughput4096.FP128.quantize4,4,1,nearest_even,1048576,6.078199387,6.067647934
12,throughput4096.FP128.quantize4,5,0,nearest_even,1048576,6.077578545,6.067454338
12,throughput4096.FP128.quantize4,5,1,toward_zero,1048576,5.688386917,5.677733421
12,throughput4096.FP128.quantize4,6,0,toward_zero,1048576,5.680360794,5.671854019
12,throughput4096.FP128.quantize4,6,1,nearest_even,1048576,6.079995155,6.069453239
12,throughput4096.FP128.quantize4,7,0,nearest_even,1048576,6.085833549,6.074011803
12,throughput4096.FP128.quantize4,7,1,toward_zero,1048576,5.683972359,5.673413277
12,throughput4096.FP128.quantize4,8,0,toward_zero,1048576,5.679825783,5.670183182
12,throughput4096.FP128.quantize4,8,1,nearest_even,1048576,6.076699257,6.066461563
12,parse_extra_digit.FP64,0,0,toward_zero,1048576,33.795448303,33.734957695
12,parse_extra_digit.FP64,0,1,nearest_even,1048576,34.369896889,34.307070732
12,parse_extra_digit.FP64,1,0,nearest_even,1048576,34.345015526,34.280040741
12,parse_extra_digit.FP64,1,1,toward_zero,1048576,33.771772385,33.710155487
12,parse_extra_digit.FP64,2,0,toward_zero,1048576,33.727295876,33.665791512
12,parse_extra_digit.FP64,2,1,nearest_even,1048576,34.215712547,34.150126457
12,parse_extra_digit.FP64,3,0,nearest_even,1048576,34.273861885,34.212697029
12,parse_extra_digit.FP64,3,1,toward_zero,1048576,33.725929260,33.664745331
12,parse_extra_digit.FP64,4,0,toward_zero,1048576,33.718313217,33.655567169
12,parse_extra_digit.FP64,4,1,nearest_even,1048576,34.217336655,34.153671265
12,parse_extra_digit.FP64,5,0,nearest_even,1048576,34.212042809,34.149454117
12,parse_extra_digit.FP64,5,1,toward_zero,1048576,33.748841286,33.686958313
12,parse_extra_digit.FP64,6,0,toward_zero,1048576,33.782282829,33.717836380
12,parse_extra_digit.FP64,6,1,nearest_even,1048576,34.247157097,34.182024956
12,parse_extra_digit.FP64,7,0,nearest_even,1048576,34.279336929,34.216574669
12,parse_extra_digit.FP64,7,1,toward_zero,1048576,33.742324829,33.677149773
12,parse_extra_digit.FP64,8,0,toward_zero,1048576,33.811462402,33.747885704
12,parse_extra_digit.FP64,8,1,nearest_even,1048576,34.380225182,34.317945480
12,format_2digits.FP64,0,0,toward_zero,1048576,15.835997581,15.805835724
12,format_2digits.FP64,0,1,nearest_even,1048576,17.117932320,17.087997437
12,format_2digits.FP64,1,0,nearest_even,1048576,17.133286476,17.103901863
12,format_2digits.FP64,1,1,toward_zero,1048576,15.907609940,15.879738808
12,format_2digits.FP64,2,0,toward_zero,1048576,15.897806168,15.869267464
12,format_2digits.FP64,2,1,nearest_even,1048576,17.124218941,17.094860077
12,format_2digits.FP64,3,0,nearest_even,1048576,17.112084389,17.081205368
12,format_2digits.FP64,3,1,toward_zero,1048576,15.835672379,15.810052872
12,format_2digits.FP64,4,0,toward_zero,1048576,15.852469444,15.822563171
12,format_2digits.FP64,4,1,nearest_even,1048576,17.119040489,17.087266922
12,format_2digits.FP64,5,0,nearest_even,1048576,17.091387749,17.060591698
12,format_2digits.FP64,5,1,toward_zero,1048576,15.840010643,15.808305740
12,format_2digits.FP64,6,0,toward_zero,1048576,15.879308701,15.855389595
12,format_2digits.FP64,6,1,nearest_even,1048576,17.129043579,17.092537880
12,format_2digits.FP64,7,0,nearest_even,1048576,17.115772247,17.086387634
12,format_2digits.FP64,7,1,toward_zero,1048576,15.838768959,15.807993889
12,format_2digits.FP64,8,0,toward_zero,1048576,15.848370552,15.822385788
12,format_2digits.FP64,8,1,nearest_even,1048576,17.116087914,17.082936287
12,parse_extra_digit.FP128,0,0,nearest_even,1048576,34.638774872,34.576520920
12,parse_extra_digit.FP128,0,1,toward_zero,1048576,34.111690521,34.046654701
12,parse_extra_digit.FP128,1,0,toward_zero,1048576,34.098886490,34.035634995
12,parse_extra_digit.FP128,1,1,nearest_even,1048576,34.603536606,34.539881706
12,parse_extra_digit.FP128,2,0,nearest_even,1048576,34.593562126,34.532381058
12,parse_extra_digit.FP128,2,1,toward_zero,1048576,34.102718353,34.042703629
12,parse_extra_digit.FP128,3,0,toward_zero,1048576,34.138109207,34.075523376
12,parse_extra_digit.FP128,3,1,nearest_even,1048576,34.479135513,34.417757034
12,parse_extra_digit.FP128,4,0,nearest_even,1048576,34.469580650,34.405582428
12,parse_extra_digit.FP128,4,1,toward_zero,1048576,34.102450371,34.040550232
12,parse_extra_digit.FP128,5,0,toward_zero,1048576,34.061460495,33.999958992
12,parse_extra_digit.FP128,5,1,nearest_even,1048576,34.469417572,34.406611443
12,parse_extra_digit.FP128,6,0,nearest_even,1048576,34.484561920,34.421236992
12,parse_extra_digit.FP128,6,1,toward_zero,1048576,34.348569870,34.285674095
12,parse_extra_digit.FP128,7,0,toward_zero,1048576,34.096775055,34.033561707
12,parse_extra_digit.FP128,7,1,nearest_even,1048576,34.481198311,34.420077324
12,parse_extra_digit.FP128,8,0,nearest_even,1048576,34.508018494,34.446515083
12,parse_extra_digit.FP128,8,1,toward_zero,1048576,34.082873344,34.016148567
12,format_2digits.FP128,0,0,nearest_even,1048576,17.175135612,17.145041466
12,format_2digits.FP128,0,1,toward_zero,1048576,15.958182335,15.930779457
12,format_2digits.FP128,1,0,toward_zero,1048576,15.962893486,15.932812691
12,format_2digits.FP128,1,1,nearest_even,1048576,17.202347755,17.171061516
12,format_2digits.FP128,2,0,nearest_even,1048576,17.183982849,17.151047707
12,format_2digits.FP128,2,1,toward_zero,1048576,15.959777832,15.933422089
12,format_2digits.FP128,3,0,toward_zero,1048576,15.940821648,15.911536217
12,format_2digits.FP128,3,1,nearest_even,1048576,17.205862999,17.173043251
12,format_2digits.FP128,4,0,nearest_even,1048576,17.189973831,17.159502983
12,format_2digits.FP128,4,1,toward_zero,1048576,15.946975708,15.917508125
12,format_2digits.FP128,5,0,toward_zero,1048576,15.937438965,15.909218788
12,format_2digits.FP128,5,1,nearest_even,1048576,17.202108383,17.170244217
12,format_2digits.FP128,6,0,nearest_even,1048576,17.207821846,17.174858093
12,format_2digits.FP128,6,1,toward_zero,1048576,16.012663841,15.982525826
12,format_2digits.FP128,7,0,toward_zero,1048576,15.983578682,15.956483841
12,format_2digits.FP128,7,1,nearest_even,1048576,17.224801064,17.192862511
12,format_2digits.FP128,8,0,nearest_even,1048576,17.227228165,17.194526672
12,format_2digits.FP128,8,1,toward_zero,1048576,15.962253571,15.931770325
12,throughput4096.FP64.mul,0,0,nearest_even,1048576,2.732747078,2.728133202
12,throughput4096.FP64.mul,0,1,toward_zero,1048576,2.534019470,2.531268120
12,throughput4096.FP64.mul,1,0,toward_zero,1048576,2.535251617,2.525048256
12,throughput4096.FP64.mul,1,1,nearest_even,1048576,2.725801468,2.719905853
12,throughput4096.FP64.mul,2,0,nearest_even,1048576,2.731390953,2.723861694
12,throughput4096.FP64.mul,2,1,toward_zero,1048576,2.552927971,2.549489021
12,throughput4096.FP64.mul,3,0,toward_zero,1048576,2.528353691,2.523262978
12,throughput4096.FP64.mul,3,1,nearest_even,1048576,2.718673706,2.713741302
12,throughput4096.FP64.mul,4,0,nearest_even,1048576,2.706242561,2.702324867
12,throughput4096.FP64.mul,4,1,toward_zero,1048576,2.517145157,2.514278412
12,throughput4096.FP64.mul,5,0,toward_zero,1048576,2.522630692,2.517749786
12,throughput4096.FP64.mul,5,1,nearest_even,1048576,2.715329170,2.710285187
12,throughput4096.FP64.mul,6,0,nearest_even,1048576,2.717535973,2.712021828
12,throughput4096.FP64.mul,6,1,toward_zero,1048576,2.556921959,2.554054260
12,throughput4096.FP64.mul,7,0,toward_zero,1048576,2.522649765,2.517843246
12,throughput4096.FP64.mul,7,1,nearest_even,1048576,2.719083786,2.714335442
12,throughput4096.FP64.mul,8,0,nearest_even,1048576,2.710409164,2.706308365
12,throughput4096.FP64.mul,8,1,toward_zero,1048576,2.594911575,2.592741966
12,throughput256.FP64.mul,0,0,toward_zero,1048576,2.506731987,2.502537727
12,throughput256.FP64.mul,0,1,nearest_even,1048576,2.744738579,2.739424706
12,throughput256.FP64.mul,1,0,nearest_even,1048576,2.762233734,2.757351875
12,throughput256.FP64.mul,1,1,toward_zero,1048576,2.574942589,2.569484711
12,throughput256.FP64.mul,2,0,toward_zero,1048576,2.506272316,2.503072739
12,throughput256.FP64.mul,2,1,nearest_even,1048576,2.747843742,2.742397308
12,throughput256.FP64.mul,3,0,nearest_even,1048576,2.750461578,2.745214462
12,throughput256.FP64.mul,3,1,toward_zero,1048576,2.611393929,2.605966568
12,throughput256.FP64.mul,4,0,toward_zero,1048576,2.636054039,2.633216858
12,throughput256.FP64.mul,4,1,nearest_even,1048576,2.738289833,2.733242989
12,throughput256.FP64.mul,5,0,nearest_even,1048576,2.754350662,2.749726295
12,throughput256.FP64.mul,5,1,toward_zero,1048576,2.514164925,2.509472847
12,throughput256.FP64.mul,6,0,toward_zero,1048576,2.508164406,2.503005028
12,throughput256.FP64.mul,6,1,nearest_even,1048576,2.726250648,2.723114967
12,throughput256.FP64.mul,7,0,nearest_even,1048576,2.767335892,2.762530327
12,throughput256.FP64.mul,7,1,toward_zero,1048576,2.500530243,2.496268272
12,throughput256.FP64.mul,8,0,toward_zero,1048576,2.506014824,2.500967979
12,throughput256.FP64.mul,8,1,nearest_even,1048576,2.748856544,2.745742798
12,exact_results.FP64.mul,0,0,nearest_even,1048576,2.646220207,2.640831947
12,exact_results.FP64.mul,0,1,toward_zero,1048576,2.567049980,2.563140869
12,exact_results.FP64.mul,1,0,toward_zero,1048576,2.551838875,2.543795586
12,exact_results.FP64.mul,1,1,nearest_even,1048576,2.665415764,2.660123825
12,exact_results.FP64.mul,2,0,nearest_even,1048576,2.646898270,2.641339302
12,exact_results.FP64.mul,2,1,toward_zero,1048576,2.545313835,2.542321205
12,exact_results.FP64.mul,3,0,toward_zero,1048576,2.521350861,2.515810013
12,exact_results.FP64.mul,3,1,nearest_even,1048576,2.640219688,2.635794640
12,exact_results.FP64.mul,4,0,nearest_even,1048576,2.645445824,2.640698433
12,exact_results.FP64.mul,4,1,toward_zero,1048576,2.550931931,2.548199654
12,exact_results.FP64.mul,5,0,toward_zero,1048576,2.525323868,2.520010948
12,exact_results.FP64.mul,5,1,nearest_even,1048576,2.635299683,2.630160332
12,exact_results.FP64.mul,6,0,nearest_even,1048576,2.646450043,2.642942429
12,exact_results.FP64.mul,6,1,toward_zero,1048576,2.522562981,2.518301964
12,exact_results.FP64.mul,7,0,toward_zero,1048576,2.550692558,2.545658112
12,exact_results.FP64.mul,7,1,nearest_even,1048576,2.650835037,2.647414207
12,exact_results.FP64.mul,8,0,nearest_even,1048576,2.634353638,2.628830910
12,exact_results.FP64.mul,8,1,toward_zero,1048576,2.528372765,2.524065018
12,halfway_ties.FP64.mul,0,0,toward_zero,1048576,2.616571426,2.613381386
12,halfway_ties.FP64.mul,0,1,nearest_even,1048576,2.596201897,2.591347694
12,halfway_ties.FP64.mul,1,0,nearest_even,1048576,2.606903076,2.602688789
12,halfway_ties.FP64.mul,1,1,toward_zero,1048576,2.620317459,2.617269516
12,halfway_ties.FP64.mul,2,0,toward_zero,1048576,2.522295952,2.517500877
12,halfway_ties.FP64.mul,2,1,nearest_even,1048576,2.606406212,2.601503372
12,halfway_ties.FP64.mul,3,0,nearest_even,1048576,2.603539467,2.599221230
12,halfway_ties.FP64.mul,3,1,toward_zero,1048576,2.599087715,2.595837593
12,halfway_ties.FP64.mul,4,0,toward_zero,1048576,2.544538498,2.540563583
12,halfway_ties.FP64.mul,4,1,nearest_even,1048576,2.614402771,2.609331131
12,halfway_ties.FP64.mul,5,0,nearest_even,1048576,2.604858398,2.601742744
12,halfway_ties.FP64.mul,5,1,toward_zero,1048576,2.520432472,2.516724586
12,halfway_ties.FP64.mul,6,0,toward_zero,1048576,2.523737907,2.517976761
12,halfway_ties.FP64.mul,6,1,nearest_even,1048576,2.615406036,2.608325005
12,halfway_ties.FP64.mul,7,0,nearest_even,1048576,2.606224060,2.600634575
12,halfway_ties.FP64.mul,7,1,toward_zero,1048576,2.582319260,2.577702522
12,halfway_ties.FP64.mul,8,0,toward_zero,1048576,2.541396141,2.537431717
12,halfway_ties.FP64.mul,8,1,nearest_even,1048576,2.604982376,2.602355003
12,exact_chain.FP64.mul,0,0,nearest_even,1048576,3.669728279,3.663704872
12,exact_chain.FP64.mul,0,1,toward_zero,1048576,3.707670212,3.701903343
12,exact_chain.FP64.mul,1,0,toward_zero,1048576,3.669756889,3.664547920
12,exact_chain.FP64.mul,1,1,nearest_even,1048576,3.713747978,3.706558228
12,exact_chain.FP64.mul,2,0,nearest_even,1048576,3.716594696,3.711200714
12,exact_chain.FP64.mul,2,1,toward_zero,1048576,3.725633621,3.719635963
12,exact_chain.FP64.mul,3,0,toward_zero,1048576,3.686869621,3.680778503
12,exact_chain.FP64.mul,3,1,nearest_even,1048576,3.715037346,3.708334923
12,exact_chain.FP64.mul,4,0,nearest_even,1048576,3.697399139,3.691689491
12,exact_chain.FP64.mul,4,1,toward_zero,1048576,3.689209938,3.682641983
12,exact_chain.FP64.mul,5,0,toward_zero,1048576,3.697284698,3.690642357
12,exact_chain.FP64.mul,5,1,nearest_even,1048576,3.713919640,3.709577560
12,exact_chain.FP64.mul,6,0,nearest_even,1048576,3.731863022,3.726372719
12,exact_chain.FP64.mul,6,1,toward_zero,1048576,3.699634552,3.693772316
12,exact_chain.FP64.mul,7,0,toward_zero,1048576,3.686201096,3.679346085
12,exact_chain.FP64.mul,7,1,nearest_even,1048576,3.730936050,3.724491119
12,exact_chain.FP64.mul,8,0,nearest_even,1048576,3.719174385,3.712338448
12,exact_chain.FP64.mul,8,1,toward_zero,1048576,3.686850548,3.679548264
12,inexact_chain.FP64.mul,0,0,toward_zero,1048576,3.683526039,3.679163933
12,inexact_chain.FP64.mul,0,1,nearest_even,1048576,4.956363678,4.947338104
12,inexact_chain.FP64.mul,1,0,nearest_even,1048576,4.951529503,4.943445206
12,inexact_chain.FP64.mul,1,1,toward_zero,1048576,3.674553871,3.668311119
12,inexact_chain.FP64.mul,2,0,toward_zero,1048576,3.670158386,3.663447380
12,inexact_chain.FP64.mul,2,1,nearest_even,1048576,4.961217880,4.953297615
12,inexact_chain.FP64.mul,3,0,nearest_even,1048576,4.969147682,4.959509850
12,inexact_chain.FP64.mul,3,1,toward_zero,1048576,3.670645714,3.664468765
12,inexact_chain.FP64.mul,4,0,toward_zero,1048576,3.674401283,3.668587685
12,inexact_chain.FP64.mul,4,1,nearest_even,1048576,4.964618683,4.955677032
12,inexact_chain.FP64.mul,5,0,nearest_even,1048576,4.960911751,4.952656746
12,inexact_chain.FP64.mul,5,1,toward_zero,1048576,3.692344666,3.686253548
12,inexact_chain.FP64.mul,6,0,toward_zero,1048576,3.659438133,3.652325630
12,inexact_chain.FP64.mul,6,1,nearest_even,1048576,4.928100586,4.918939590
12,inexact_chain.FP64.mul,7,0,nearest_even,1048576,4.970161438,4.961839676
12,inexact_chain.FP64.mul,7,1,toward_zero,1048576,3.681394577,3.675362587
12,inexact_chain.FP64.mul,8,0,toward_zero,1048576,3.671726227,3.665492058
12,inexact_chain.FP64.mul,8,1,nearest_even,1048576,4.963175774,4.954626083
12,throughput4096.FP64.div,0,0,toward_zero,1048576,2.397396088,2.394493103
12,throughput4096.FP64.div,0,1,nearest_even,1048576,2.465426445,2.459692955
12,throughput4096.FP64.div,1,0,nearest_even,1048576,2.474981308,2.471418381
12,throughput4096.FP64.div,1,1,toward_zero,1048576,2.410581589,2.405881882
12,throughput4096.FP64.div,2,0,toward_zero,1048576,2.406769753,2.403838158
12,throughput4096.FP64.div,2,1,nearest_even,1048576,2.468369484,2.463545799
12,throughput4096.FP64.div,3,0,nearest_even,1048576,2.475172043,2.470747948
12,throughput4096.FP64.div,3,1,toward_zero,1048576,2.395171165,2.392391205
12,throughput4096.FP64.div,4,0,toward_zero,1048576,2.394272804,2.389391899
12,throughput4096.FP64.div,4,1,nearest_even,1048576,2.474216461,2.471407890
12,throughput4096.FP64.div,5,0,nearest_even,1048576,2.483399391,2.478440285
12,throughput4096.FP64.div,5,1,toward_zero,1048576,2.395925522,2.392124176
12,throughput4096.FP64.div,6,0,toward_zero,1048576,2.401380539,2.396327972
12,throughput4096.FP64.div,6,1,nearest_even,1048576,2.469028473,2.465837479
12,throughput4096.FP64.div,7,0,nearest_even,1048576,2.472888947,2.468100548
12,throughput4096.FP64.div,7,1,toward_zero,1048576,2.401810646,2.396863937
12,throughput4096.FP64.div,8,0,toward_zero,1048576,2.396288872,2.392801285
12,throughput4096.FP64.div,8,1,nearest_even,1048576,2.468751907,2.464815140
12,throughput256.FP64.div,0,0,nearest_even,1048576,2.443498611,2.440337181
12,throughput256.FP64.div,0,1,toward_zero,1048576,2.404343605,2.399336815
12,throughput256.FP64.div,1,0,toward_zero,1048576,2.393995285,2.390947342
12,throughput256.FP64.div,1,1,nearest_even,1048576,2.450435638,2.446030617
12,throughput256.FP64.div,2,0,nearest_even,1048576,2.445571899,2.442485809
12,throughput256.FP64.div,2,1,toward_zero,1048576,2.424570084,2.419342041
12,throughput256.FP64.div,3,0,toward_zero,1048576,2.406540871,2.403180122
12,throughput256.FP64.div,3,1,nearest_even,1048576,2.446221352,2.441941261
12,throughput256.FP64.div,4,0,nearest_even,1048576,2.454935074,2.449678421
12,throughput256.FP64.div,4,1,toward_zero,1048576,2.394855499,2.390842438
12,throughput256.FP64.div,5,0,toward_zero,1048576,2.391979218,2.387354851
12,throughput256.FP64.div,5,1,nearest_even,1048576,2.446870804,2.443688393
12,throughput256.FP64.div,6,0,nearest_even,1048576,2.448752403,2.444147110
12,throughput256.FP64.div,6,1,toward_zero,1048576,2.396957397,2.393757820
12,throughput256.FP64.div,7,0,toward_zero,1048576,2.372411728,2.366850853
12,throughput256.FP64.div,7,1,nearest_even,1048576,2.449049950,2.446603775
12,throughput256.FP64.div,8,0,nearest_even,1048576,2.446775436,2.442066193
12,throughput256.FP64.div,8,1,toward_zero,1048576,2.402728081,2.399270058
12,exact_results.FP64.div,0,0,nearest_even,1048576,2.571913719,2.566697121
12,exact_results.FP64.div,0,1,toward_zero,1048576,2.522256851,2.518600464
12,exact_results.FP64.div,1,0,toward_zero,1048576,2.527235031,2.522419930
12,exact_results.FP64.div,1,1,nearest_even,1048576,2.549784660,2.544186592
12,exact_results.FP64.div,2,0,nearest_even,1048576,2.542551994,2.539590836
12,exact_results.FP64.div,2,1,toward_zero,1048576,2.517355919,2.512415886
12,exact_results.FP64.div,3,0,toward_zero,1048576,2.523757935,2.519688606
12,exact_results.FP64.div,3,1,nearest_even,1048576,2.543277740,2.540267944
12,exact_results.FP64.div,4,0,nearest_even,1048576,2.547214508,2.542724609
12,exact_results.FP64.div,4,1,toward_zero,1048576,2.525181770,2.520155907
12,exact_results.FP64.div,5,0,toward_zero,1048576,2.522773743,2.519897461
12,exact_results.FP64.div,5,1,nearest_even,1048576,2.542093277,2.537813187
12,exact_results.FP64.div,6,0,nearest_even,1048576,2.544453621,2.539810181
12,exact_results.FP64.div,6,1,toward_zero,1048576,2.519601822,2.516382217
12,exact_results.FP64.div,7,0,toward_zero,1048576,2.522315025,2.517555237
12,exact_results.FP64.div,7,1,nearest_even,1048576,2.554523468,2.549155235
12,exact_results.FP64.div,8,0,nearest_even,1048576,2.547654152,2.544786453
12,exact_results.FP64.div,8,1,toward_zero,1048576,2.524732590,2.520213127
12,halfway_ties.FP64.div,0,0,nearest_even,1048576,2.483733177,2.481279373
12,halfway_ties.FP64.div,0,1,toward_zero,1048576,2.528964996,2.523928642
12,halfway_ties.FP64.div,1,0,toward_zero,1048576,2.525650024,2.522276878
12,halfway_ties.FP64.div,1,1,nearest_even,1048576,2.486608505,2.481104851
12,halfway_ties.FP64.div,2,0,nearest_even,1048576,2.483007431,2.477560997
12,halfway_ties.FP64.div,2,1,toward_zero,1048576,2.529452324,2.526090622
12,halfway_ties.FP64.div,3,0,toward_zero,1048576,2.531860352,2.526423454
12,halfway_ties.FP64.div,3,1,nearest_even,1048576,2.488204956,2.482539177
12,halfway_ties.FP64.div,4,0,nearest_even,1048576,2.478611946,2.475465775
12,halfway_ties.FP64.div,4,1,toward_zero,1048576,2.527666092,2.523461342
12,halfway_ties.FP64.div,5,0,toward_zero,1048576,2.527283669,2.521743774
12,halfway_ties.FP64.div,5,1,nearest_even,1048576,2.474436760,2.471293449
12,halfway_ties.FP64.div,6,0,nearest_even,1048576,2.484191895,2.479644775
12,halfway_ties.FP64.div,6,1,toward_zero,1048576,2.527560234,2.524885178
12,halfway_ties.FP64.div,7,0,toward_zero,1048576,2.534286499,2.528686523
12,halfway_ties.FP64.div,7,1,nearest_even,1048576,2.476853371,2.472269058
12,halfway_ties.FP64.div,8,0,nearest_even,1048576,2.479529381,2.476930618
12,halfway_ties.FP64.div,8,1,toward_zero,1048576,2.532241821,2.527979851
12,exact_chain.FP64.div,0,0,toward_zero,1048576,3.829684258,3.822312355
12,exact_chain.FP64.div,0,1,nearest_even,1048576,3.838273048,3.831476212
12,exact_chain.FP64.div,1,0,nearest_even,1048576,3.837653160,3.830798149
12,exact_chain.FP64.div,1,1,toward_zero,1048576,3.815915108,3.810003281
12,exact_chain.FP64.div,2,0,toward_zero,1048576,3.816421509,3.809613228
12,exact_chain.FP64.div,2,1,nearest_even,1048576,3.838349342,3.830108643
12,exact_chain.FP64.div,3,0,nearest_even,1048576,3.827371597,3.820726395
12,exact_chain.FP64.div,3,1,toward_zero,1048576,3.817282677,3.810628891
12,exact_chain.FP64.div,4,0,toward_zero,1048576,3.818256378,3.811678886
12,exact_chain.FP64.div,4,1,nearest_even,1048576,3.830572128,3.824031830
12,exact_chain.FP64.div,5,0,nearest_even,1048576,3.833200455,3.827139854
12,exact_chain.FP64.div,5,1,toward_zero,1048576,3.810631752,3.804368973
12,exact_chain.FP64.div,6,0,toward_zero,1048576,3.818008423,3.811563492
12,exact_chain.FP64.div,6,1,nearest_even,1048576,3.830897331,3.823793411
12,exact_chain.FP64.div,7,0,nearest_even,1048576,3.833592415,3.827270508
12,exact_chain.FP64.div,7,1,toward_zero,1048576,3.812762260,3.805679321
12,exact_chain.FP64.div,8,0,toward_zero,1048576,3.814339638,3.806880951
12,exact_chain.FP64.div,8,1,nearest_even,1048576,3.829454422,3.822332382
12,inexact_chain.FP64.div,0,0,toward_zero,1048576,3.816842079,3.810370445
12,inexact_chain.FP64.div,0,1,nearest_even,1048576,5.137578011,5.127985001
12,inexact_chain.FP64.div,1,0,nearest_even,1048576,5.133699417,5.124957085
12,inexact_chain.FP64.div,1,1,toward_zero,1048576,3.811013222,3.803977013
12,inexact_chain.FP64.div,2,0,toward_zero,1048576,3.813527107,3.807251930
12,inexact_chain.FP64.div,2,1,nearest_even,1048576,5.142986298,5.134319305
12,inexact_chain.FP64.div,3,0,nearest_even,1048576,5.136708260,5.127804756
12,inexact_chain.FP64.div,3,1,toward_zero,1048576,3.812036514,3.801511765
12,inexact_chain.FP64.div,4,0,toward_zero,1048576,3.805987358,3.799772263
12,inexact_chain.FP64.div,4,1,nearest_even,1048576,5.138733864,5.128577232
12,inexact_chain.FP64.div,5,0,nearest_even,1048576,5.134931564,5.126092911
12,inexact_chain.FP64.div,5,1,toward_zero,1048576,3.806982040,3.799953461
12,inexact_chain.FP64.div,6,0,toward_zero,1048576,3.811138153,3.804549217
12,inexact_chain.FP64.div,6,1,nearest_even,1048576,5.132188797,5.124412537
12,inexact_chain.FP64.div,7,0,nearest_even,1048576,5.135704994,5.124775887
12,inexact_chain.FP64.div,7,1,toward_zero,1048576,3.822088242,3.814810753
12,inexact_chain.FP64.div,8,0,toward_zero,1048576,3.799462318,3.792913437
12,inexact_chain.FP64.div,8,1,nearest_even,1048576,5.132179260,5.125349045
12,throughput4096.FP64.mul_div,0,0,toward_zero,1048576,2.541987419,2.538749695
12,throughput4096.FP64.mul_div,0,1,nearest_even,1048576,2.444750786,2.439916611
12,throughput4096.FP64.mul_div,1,0,nearest_even,1048576,2.447883606,2.444473267
12,throughput4096.FP64.mul_div,1,1,toward_zero,1048576,2.551370621,2.545504570
12,throughput4096.FP64.mul_div,2,0,toward_zero,1048576,2.548685074,2.543420792
12,throughput4096.FP64.mul_div,2,1,nearest_even,1048576,2.447759628,2.444407463
12,throughput4096.FP64.mul_div,3,0,nearest_even,1048576,2.448724747,2.444243431
12,throughput4096.FP64.mul_div,3,1,toward_zero,1048576,2.557619095,2.551847458
12,throughput4096.FP64.mul_div,4,0,toward_zero,1048576,2.550883293,2.547091484
12,throughput4096.FP64.mul_div,4,1,nearest_even,1048576,2.450119972,2.444770813
12,throughput4096.FP64.mul_div,5,0,nearest_even,1048576,2.447530746,2.444262505
12,throughput4096.FP64.mul_div,5,1,toward_zero,1048576,2.555269241,2.550673485
12,throughput4096.FP64.mul_div,6,0,toward_zero,1048576,2.554896355,2.550903320
12,throughput4096.FP64.mul_div,6,1,nearest_even,1048576,2.444033623,2.440966606
12,throughput4096.FP64.mul_div,7,0,nearest_even,1048576,2.453501701,2.449145317
12,throughput4096.FP64.mul_div,7,1,toward_zero,1048576,2.535166740,2.529118538
12,throughput4096.FP64.mul_div,8,0,toward_zero,1048576,2.535165787,2.531823158
12,throughput4096.FP64.mul_div,8,1,nearest_even,1048576,2.452183723,2.446486473
12,throughput256.FP64.mul_div,0,0,toward_zero,1048576,2.528573036,2.522524834
12,throughput256.FP64.mul_div,0,1,nearest_even,1048576,2.424369812,2.421532631
12,throughput256.FP64.mul_div,1,0,nearest_even,1048576,2.424741745,2.419831276
12,throughput256.FP64.mul_div,1,1,toward_zero,1048576,2.525534630,2.522277832
12,throughput256.FP64.mul_div,2,0,toward_zero,1048576,2.518980026,2.514403343
12,throughput256.FP64.mul_div,2,1,nearest_even,1048576,2.422410965,2.419373512
12,throughput256.FP64.mul_div,3,0,nearest_even,1048576,2.424493790,2.420328140
12,throughput256.FP64.mul_div,3,1,toward_zero,1048576,2.520967484,2.516056061
12,throughput256.FP64.mul_div,4,0,toward_zero,1048576,2.531516075,2.528189659
12,throughput256.FP64.mul_div,4,1,nearest_even,1048576,2.418608665,2.413917542
12,throughput256.FP64.mul_div,5,0,nearest_even,1048576,2.425220490,2.421332359
12,throughput256.FP64.mul_div,5,1,toward_zero,1048576,2.542322159,2.537708282
12,throughput256.FP64.mul_div,6,0,toward_zero,1048576,2.520002365,2.515275002
12,throughput256.FP64.mul_div,6,1,nearest_even,1048576,2.423423767,2.420117378
12,throughput256.FP64.mul_div,7,0,nearest_even,1048576,2.428058624,2.423244476
12,throughput256.FP64.mul_div,7,1,toward_zero,1048576,2.527082443,2.524083138
12,throughput256.FP64.mul_div,8,0,toward_zero,1048576,2.521656036,2.518665314
12,throughput256.FP64.mul_div,8,1,nearest_even,1048576,2.425363541,2.422135353
12,exact_results.FP64.mul_div,0,0,toward_zero,1048576,2.549632072,2.545056343
12,exact_results.FP64.mul_div,0,1,nearest_even,1048576,2.557447433,2.553511620
12,exact_results.FP64.mul_div,1,0,nearest_even,1048576,2.558403015,2.554944992
12,exact_results.FP64.mul_div,1,1,toward_zero,1048576,2.547443390,2.542694092
12,exact_results.FP64.mul_div,2,0,toward_zero,1048576,2.548418045,2.543363571
12,exact_results.FP64.mul_div,2,1,nearest_even,1048576,2.553912163,2.551159859
12,exact_results.FP64.mul_div,3,0,nearest_even,1048576,2.556053162,2.551724434
12,exact_results.FP64.mul_div,3,1,toward_zero,1048576,2.548485756,2.543203354
12,exact_results.FP64.mul_div,4,0,toward_zero,1048576,2.541262627,2.537775040
12,exact_results.FP64.mul_div,4,1,nearest_even,1048576,2.553788185,2.549278259
12,exact_results.FP64.mul_div,5,0,nearest_even,1048576,2.554313660,2.548905373
12,exact_results.FP64.mul_div,5,1,toward_zero,1048576,2.543181419,2.539580345
12,exact_results.FP64.mul_div,6,0,toward_zero,1048576,2.544692039,2.540621758
12,exact_results.FP64.mul_div,6,1,nearest_even,1048576,2.553071976,2.548217773
12,exact_results.FP64.mul_div,7,0,nearest_even,1048576,2.556587219,2.553481102
12,exact_results.FP64.mul_div,7,1,toward_zero,1048576,2.537802696,2.532776833
12,exact_results.FP64.mul_div,8,0,toward_zero,1048576,2.547998428,2.542224884
12,exact_results.FP64.mul_div,8,1,nearest_even,1048576,2.548695564,2.545523643
12,halfway_ties.FP64.mul_div,0,0,toward_zero,1048576,2.547739983,2.543288231
12,halfway_ties.FP64.mul_div,0,1,nearest_even,1048576,2.450950623,2.447549820
12,halfway_ties.FP64.mul_div,1,0,nearest_even,1048576,2.449813843,2.445095062
12,halfway_ties.FP64.mul_div,1,1,toward_zero,1048576,2.545150757,2.540658951
12,halfway_ties.FP64.mul_div,2,0,toward_zero,1048576,2.547290802,2.543852806
12,halfway_ties.FP64.mul_div,2,1,nearest_even,1048576,2.455461502,2.450808525
12,halfway_ties.FP64.mul_div,3,0,nearest_even,1048576,2.450588226,2.447435379
12,halfway_ties.FP64.mul_div,3,1,toward_zero,1048576,2.546851158,2.541634560
12,halfway_ties.FP64.mul_div,4,0,toward_zero,1048576,2.548465729,2.542819023
12,halfway_ties.FP64.mul_div,4,1,nearest_even,1048576,2.453606606,2.450522423
12,halfway_ties.FP64.mul_div,5,0,nearest_even,1048576,2.451934814,2.447206497
12,halfway_ties.FP64.mul_div,5,1,toward_zero,1048576,2.547406197,2.542686462
12,halfway_ties.FP64.mul_div,6,0,toward_zero,1048576,2.542293549,2.538949966
12,halfway_ties.FP64.mul_div,6,1,nearest_even,1048576,2.448925972,2.442858696
12,halfway_ties.FP64.mul_div,7,0,nearest_even,1048576,2.451925278,2.448697090
12,halfway_ties.FP64.mul_div,7,1,toward_zero,1048576,2.550778389,2.544510841
12,halfway_ties.FP64.mul_div,8,0,toward_zero,1048576,2.545782089,2.541443825
12,halfway_ties.FP64.mul_div,8,1,nearest_even,1048576,2.452231407,2.449500084
12,exact_chain.FP64.mul_div,0,0,nearest_even,1048576,3.697714806,3.692598343
12,exact_chain.FP64.mul_div,0,1,toward_zero,1048576,3.665457726,3.659158707
12,exact_chain.FP64.mul_div,1,0,toward_zero,1048576,3.684251785,3.677661896
12,exact_chain.FP64.mul_div,1,1,nearest_even,1048576,3.697608948,3.692301750
12,exact_chain.FP64.mul_div,2,0,nearest_even,1048576,3.686593056,3.681237221
12,exact_chain.FP64.mul_div,2,1,toward_zero,1048576,3.664979935,3.658763885
12,exact_chain.FP64.mul_div,3,0,toward_zero,1048576,3.671993256,3.666103363
12,exact_chain.FP64.mul_div,3,1,nearest_even,1048576,3.713335991,3.706349373
12,exact_chain.FP64.mul_div,4,0,nearest_even,1048576,3.704479218,3.697358131
12,exact_chain.FP64.mul_div,4,1,toward_zero,1048576,3.658473015,3.652446747
12,exact_chain.FP64.mul_div,5,0,toward_zero,1048576,3.653762817,3.648550034
12,exact_chain.FP64.mul_div,5,1,nearest_even,1048576,3.737357140,3.729984283
12,exact_chain.FP64.mul_div,6,0,nearest_even,1048576,3.709533691,3.704113007
12,exact_chain.FP64.mul_div,6,1,toward_zero,1048576,3.635943413,3.629096985
12,exact_chain.FP64.mul_div,7,0,toward_zero,1048576,3.642993927,3.636673927
12,exact_chain.FP64.mul_div,7,1,nearest_even,1048576,3.724314690,3.717844009
12,exact_chain.FP64.mul_div,8,0,nearest_even,1048576,3.692879677,3.686282158
12,exact_chain.FP64.mul_div,8,1,toward_zero,1048576,3.651507378,3.646746635
12,inexact_chain.FP64.mul_div,0,0,toward_zero,1048576,3.659782410,3.653738976
12,inexact_chain.FP64.mul_div,0,1,nearest_even,1048576,5.092622757,5.081941605
12,inexact_chain.FP64.mul_div,1,0,nearest_even,1048576,5.085476875,5.077172279
12,inexact_chain.FP64.mul_div,1,1,toward_zero,1048576,3.654173851,3.648582458
12,inexact_chain.FP64.mul_div,2,0,toward_zero,1048576,3.653934479,3.646419525
12,inexact_chain.FP64.mul_div,2,1,nearest_even,1048576,5.087444305,5.078911781
12,inexact_chain.FP64.mul_div,3,0,nearest_even,1048576,5.084157944,5.075718880
12,inexact_chain.FP64.mul_div,3,1,toward_zero,1048576,3.656131744,3.650910378
12,inexact_chain.FP64.mul_div,4,0,toward_zero,1048576,3.650686264,3.643984795
12,inexact_chain.FP64.mul_div,4,1,nearest_even,1048576,5.082695961,5.073743820
12,inexact_chain.FP64.mul_div,5,0,nearest_even,1048576,5.088639259,5.076898575
12,inexact_chain.FP64.mul_div,5,1,toward_zero,1048576,3.648011208,3.642818451
12,inexact_chain.FP64.mul_div,6,0,toward_zero,1048576,3.653132439,3.643860817
12,inexact_chain.FP64.mul_div,6,1,nearest_even,1048576,5.085839272,5.076225281
12,inexact_chain.FP64.mul_div,7,0,nearest_even,1048576,5.082026482,5.073840141
12,inexact_chain.FP64.mul_div,7,1,toward_zero,1048576,3.650227547,3.644012451
12,inexact_chain.FP64.mul_div,8,0,toward_zero,1048576,3.652234077,3.644938469
12,inexact_chain.FP64.mul_div,8,1,nearest_even,1048576,5.082304001,5.073246002
12,throughput4096.FP128.mul,0,0,toward_zero,1048576,2.720030785,2.716723442
12,throughput4096.FP128.mul,0,1,nearest_even,1048576,2.618750572,2.614507675
12,throughput4096.FP128.mul,1,0,nearest_even,1048576,2.617862701,2.612245560
12,throughput4096.FP128.mul,1,1,toward_zero,1048576,2.748340607,2.743429184
12,throughput4096.FP128.mul,2,0,toward_zero,1048576,2.737286568,2.732267380
12,throughput4096.FP128.mul,2,1,nearest_even,1048576,2.622533798,2.619812012
12,throughput4096.FP128.mul,3,0,nearest_even,1048576,2.624014854,2.618214607
12,throughput4096.FP128.mul,3,1,toward_zero,1048576,2.750193596,2.744362831
12,throughput4096.FP128.mul,4,0,toward_zero,1048576,2.745589256,2.740869522
12,throughput4096.FP128.mul,4,1,nearest_even,1048576,2.623967171,2.618785858
12,throughput4096.FP128.mul,5,0,nearest_even,1048576,2.626880646,2.623661995
12,throughput4096.FP128.mul,5,1,toward_zero,1048576,2.753921509,2.748875618
12,throughput4096.FP128.mul,6,0,toward_zero,1048576,2.733005524,2.727224350
12,throughput4096.FP128.mul,6,1,nearest_even,1048576,2.625878334,2.619676590
12,throughput4096.FP128.mul,7,0,nearest_even,1048576,2.630970955,2.625859261
12,throughput4096.FP128.mul,7,1,toward_zero,1048576,2.746582985,2.741719246
12,throughput4096.FP128.mul,8,0,toward_zero,1048576,2.765032768,2.761582375
12,throughput4096.FP128.mul,8,1,nearest_even,1048576,2.623480797,2.618625641
12,throughput256.FP128.mul,0,0,nearest_even,1048576,2.637888908,2.633254051
12,throughput256.FP128.mul,0,1,toward_zero,1048576,2.745417595,2.740772247
12,throughput256.FP128.mul,1,0,toward_zero,1048576,2.711354256,2.706421852
12,throughput256.FP128.mul,1,1,nearest_even,1048576,2.628066063,2.623210907
12,throughput256.FP128.mul,2,0,nearest_even,1048576,2.635118484,2.631974220
12,throughput256.FP128.mul,2,1,toward_zero,1048576,2.739703178,2.734895706
12,throughput256.FP128.mul,3,0,toward_zero,1048576,2.739990234,2.735048294
12,throughput256.FP128.mul,3,1,nearest_even,1048576,2.625506401,2.620699883
12,throughput256.FP128.mul,4,0,nearest_even,1048576,2.634658813,2.629815102
12,throughput256.FP128.mul,4,1,toward_zero,1048576,2.760781288,2.757505417
12,throughput256.FP128.mul,5,0,toward_zero,1048576,2.756490707,2.751855850
12,throughput256.FP128.mul,5,1,nearest_even,1048576,2.627540588,2.622658730
12,throughput256.FP128.mul,6,0,nearest_even,1048576,2.635882378,2.629976273
12,throughput256.FP128.mul,6,1,toward_zero,1048576,2.736617088,2.731716156
12,throughput256.FP128.mul,7,0,toward_zero,1048576,2.730216026,2.725340843
12,throughput256.FP128.mul,7,1,nearest_even,1048576,2.620222092,2.617364883
12,throughput256.FP128.mul,8,0,nearest_even,1048576,2.639646530,2.634571075
12,throughput256.FP128.mul,8,1,toward_zero,1048576,2.750661850,2.742494583
12,exact_results.FP128.mul,0,0,nearest_even,1048576,2.630769730,2.627952576
12,exact_results.FP128.mul,0,1,toward_zero,1048576,2.722897530,2.716688156
12,exact_results.FP128.mul,1,0,toward_zero,1048576,2.717746735,2.712500572
12,exact_results.FP128.mul,1,1,nearest_even,1048576,2.626699448,2.621129990
12,exact_results.FP128.mul,2,0,nearest_even,1048576,2.624398232,2.620011330
12,exact_results.FP128.mul,2,1,toward_zero,1048576,2.710638046,2.708000183
12,exact_results.FP128.mul,3,0,toward_zero,1048576,2.713332176,2.708256721
12,exact_results.FP128.mul,3,1,nearest_even,1048576,2.734457970,2.729698181
12,exact_results.FP128.mul,4,0,nearest_even,1048576,2.623661041,2.619400024
12,exact_results.FP128.mul,4,1,toward_zero,1048576,2.711212158,2.707311630
12,exact_results.FP128.mul,5,0,toward_zero,1048576,2.712673187,2.706777573
12,exact_results.FP128.mul,5,1,nearest_even,1048576,2.621549606,2.619085312
12,exact_results.FP128.mul,6,0,nearest_even,1048576,2.626508713,2.622046471
12,exact_results.FP128.mul,6,1,toward_zero,1048576,2.718788147,2.714583397
12,exact_results.FP128.mul,7,0,toward_zero,1048576,2.736272812,2.731361389
12,exact_results.FP128.mul,7,1,nearest_even,1048576,2.621828079,2.616971016
12,exact_results.FP128.mul,8,0,nearest_even,1048576,2.619619370,2.616809845
12,exact_results.FP128.mul,8,1,toward_zero,1048576,2.712711334,2.707913399
12,halfway_ties.FP128.mul,0,0,toward_zero,1048576,2.726536751,2.721576691
12,halfway_ties.FP128.mul,0,1,nearest_even,1048576,2.616093636,2.613303185
12,halfway_ties.FP128.mul,1,0,nearest_even,1048576,2.631773949,2.627014160
12,halfway_ties.FP128.mul,1,1,toward_zero,1048576,2.724148750,2.718808174
12,halfway_ties.FP128.mul,2,0,toward_zero,1048576,2.710465431,2.705533981
12,halfway_ties.FP128.mul,2,1,nearest_even,1048576,2.622218132,2.617030144
12,halfway_ties.FP128.mul,3,0,nearest_even,1048576,2.627999306,2.624855995
12,halfway_ties.FP128.mul,3,1,toward_zero,1048576,2.724205017,2.719485283
12,halfway_ties.FP128.mul,4,0,toward_zero,1048576,2.713915825,2.709240913
12,halfway_ties.FP128.mul,4,1,nearest_even,1048576,2.619763374,2.614786148
12,halfway_ties.FP128.mul,5,0,nearest_even,1048576,2.631840706,2.626956940
12,halfway_ties.FP128.mul,5,1,toward_zero,1048576,2.719762802,2.717097282
12,halfway_ties.FP128.mul,6,0,toward_zero,1048576,2.713781357,2.709186554
12,halfway_ties.FP128.mul,6,1,nearest_even,1048576,2.624636650,2.618941307
12,halfway_ties.FP128.mul,7,0,nearest_even,1048576,2.631247520,2.626546860
12,halfway_ties.FP128.mul,7,1,toward_zero,1048576,2.723842621,2.718730927
12,halfway_ties.FP128.mul,8,0,toward_zero,1048576,2.712662697,2.709213257
12,halfway_ties.FP128.mul,8,1,nearest_even,1048576,2.623756409,2.618960381
12,exact_chain.FP128.mul,0,0,nearest_even,1048576,3.728461266,3.722496033
12,exact_chain.FP128.mul,0,1,toward_zero,1048576,3.720817566,3.713627815
12,exact_chain.FP128.mul,1,0,toward_zero,1048576,3.699654579,3.691870689
12,exact_chain.FP128.mul,1,1,nearest_even,1048576,3.726110458,3.719610214
12,exact_chain.FP128.mul,2,0,nearest_even,1048576,3.724151611,3.717782974
12,exact_chain.FP128.mul,2,1,toward_zero,1048576,3.686277390,3.681399345
12,exact_chain.FP128.mul,3,0,toward_zero,1048576,3.690949440,3.684590340
12,exact_chain.FP128.mul,3,1,nearest_even,1048576,3.722690582,3.715882301
12,exact_chain.FP128.mul,4,0,nearest_even,1048576,3.720798492,3.713895798
12,exact_chain.FP128.mul,4,1,toward_zero,1048576,3.707450867,3.700738907
12,exact_chain.FP128.mul,5,0,toward_zero,1048576,3.694808960,3.688626289
12,exact_chain.FP128.mul,5,1,nearest_even,1048576,3.714540482,3.708429337
12,exact_chain.FP128.mul,6,0,nearest_even,1048576,3.716958046,3.709671021
12,exact_chain.FP128.mul,6,1,toward_zero,1048576,3.691751480,3.684896469
12,exact_chain.FP128.mul,7,0,toward_zero,1048576,3.680870056,3.677233696
12,exact_chain.FP128.mul,7,1,nearest_even,1048576,3.733382225,3.726557732
12,exact_chain.FP128.mul,8,0,nearest_even,1048576,3.731079102,3.724291801
12,exact_chain.FP128.mul,8,1,toward_zero,1048576,3.682025909,3.675705910
12,inexact_chain.FP128.mul,0,0,nearest_even,1048576,4.969596863,4.961839676
12,inexact_chain.FP128.mul,0,1,toward_zero,1048576,3.695784569,3.688776016
12,inexact_chain.FP128.mul,1,0,toward_zero,1048576,3.692650795,3.685815811
12,inexact_chain.FP128.mul,1,1,nearest_even,1048576,4.920064926,4.912010193
12,inexact_chain.FP128.mul,2,0,nearest_even,1048576,4.932849884,4.925083160
12,inexact_chain.FP128.mul,2,1,toward_zero,1048576,3.681805611,3.675733566
12,inexact_chain.FP128.mul,3,0,toward_zero,1048576,3.697685242,3.691175461
12,inexact_chain.FP128.mul,3,1,nearest_even,1048576,4.915097237,4.907405853
12,inexact_chain.FP128.mul,4,0,nearest_even,1048576,4.918642044,4.908764839
12,inexact_chain.FP128.mul,4,1,toward_zero,1048576,3.686401367,3.681035995
12,inexact_chain.FP128.mul,5,0,toward_zero,1048576,3.691284180,3.684937477
12,inexact_chain.FP128.mul,5,1,nearest_even,1048576,5.161140442,5.151795387
12,inexact_chain.FP128.mul,6,0,nearest_even,1048576,5.157327652,5.148709297
12,inexact_chain.FP128.mul,6,1,toward_zero,1048576,3.683259010,3.677264214
12,inexact_chain.FP128.mul,7,0,toward_zero,1048576,3.688798904,3.681952477
12,inexact_chain.FP128.mul,7,1,nearest_even,1048576,5.153190613,5.144975662
12,inexact_chain.FP128.mul,8,0,nearest_even,1048576,5.155397415,5.144082069
12,inexact_chain.FP128.mul,8,1,toward_zero,1048576,3.691255569,3.686179161
12,throughput4096.FP128.div,0,0,nearest_even,1048576,3.245548248,3.239583015
12,throughput4096.FP128.div,0,1,toward_zero,1048576,2.470318794,2.467261314
12,throughput4096.FP128.div,1,0,toward_zero,1048576,2.440546036,2.435157776
12,throughput4096.FP128.div,1,1,nearest_even,1048576,3.310357094,3.305328369
12,throughput4096.FP128.div,2,0,nearest_even,1048576,3.265221596,3.258339882
12,throughput4096.FP128.div,2,1,toward_zero,1048576,2.495772362,2.491406441
12,throughput4096.FP128.div,3,0,toward_zero,1048576,2.476433754,2.470777512
12,throughput4096.FP128.div,3,1,nearest_even,1048576,3.307758331,3.302013397
12,throughput4096.FP128.div,4,0,nearest_even,1048576,3.272330284,3.265005112
12,throughput4096.FP128.div,4,1,toward_zero,1048576,2.470336914,2.467759132
12,throughput4096.FP128.div,5,0,toward_zero,1048576,2.450969696,2.446040154
12,throughput4096.FP128.div,5,1,nearest_even,1048576,3.313624382,3.308894157
12,throughput4096.FP128.div,6,0,nearest_even,1048576,3.271144867,3.264034271
12,throughput4096.FP128.div,6,1,toward_zero,1048576,2.475238800,2.472086906
12,throughput4096.FP128.div,7,0,toward_zero,1048576,2.451274872,2.445542336
12,throughput4096.FP128.div,7,1,nearest_even,1048576,3.311551094,3.307534218
12,throughput4096.FP128.div,8,0,nearest_even,1048576,3.277193069,3.270130157
12,throughput4096.FP128.div,8,1,toward_zero,1048576,2.439666748,2.436476707
12,throughput256.FP128.div,0,0,nearest_even,1048576,3.314016342,3.307173729
12,throughput256.FP128.div,0,1,toward_zero,1048576,2.477742195,2.472414017
12,throughput256.FP128.div,1,0,toward_zero,1048576,2.531660080,2.527579308
12,throughput256.FP128.div,1,1,nearest_even,1048576,3.313577652,3.307690620
12,throughput256.FP128.div,2,0,nearest_even,1048576,3.270428658,3.266250610
12,throughput256.FP128.div,2,1,toward_zero,1048576,2.438606262,2.433581352
12,throughput256.FP128.div,3,0,toward_zero,1048576,2.469009399,2.465609550
12,throughput256.FP128.div,3,1,nearest_even,1048576,3.314599991,3.308030128
12,throughput256.FP128.div,4,0,nearest_even,1048576,3.272721291,3.267443657
12,throughput256.FP128.div,4,1,toward_zero,1048576,2.441682816,2.436236382
12,throughput256.FP128.div,5,0,toward_zero,1048576,2.470012665,2.466744423
12,throughput256.FP128.div,5,1,nearest_even,1048576,3.317743301,3.310727119
12,throughput256.FP128.div,6,0,nearest_even,1048576,3.271555901,3.267157555
12,throughput256.FP128.div,6,1,toward_zero,1048576,2.440746307,2.435567856
12,throughput256.FP128.div,7,0,toward_zero,1048576,2.480809212,2.478038788
12,throughput256.FP128.div,7,1,nearest_even,1048576,3.317419052,3.310317039
12,throughput256.FP128.div,8,0,nearest_even,1048576,3.269281387,3.263143539
12,throughput256.FP128.div,8,1,toward_zero,1048576,2.505575180,2.499746323
12,exact_results.FP128.div,0,0,toward_zero,1048576,2.465339661,2.460476875
12,exact_results.FP128.div,0,1,nearest_even,1048576,2.449422836,2.443441391
12,exact_results.FP128.div,1,0,nearest_even,1048576,2.438615799,2.435348511
12,exact_results.FP128.div,1,1,toward_zero,1048576,2.438673973,2.433035851
12,exact_results.FP128.div,2,0,toward_zero,1048576,2.461766243,2.458632469
12,exact_results.FP128.div,2,1,nearest_even,1048576,2.457534790,2.452086449
12,exact_results.FP128.div,3,0,nearest_even,1048576,2.428354263,2.424856186
12,exact_results.FP128.div,3,1,toward_zero,1048576,2.445686340,2.440785408
12,exact_results.FP128.div,4,0,toward_zero,1048576,2.466209412,2.461098671
12,exact_results.FP128.div,4,1,nearest_even,1048576,2.454304695,2.450510979
12,exact_results.FP128.div,5,0,nearest_even,1048576,2.442399979,2.436467171
12,exact_results.FP128.div,5,1,toward_zero,1048576,2.437058449,2.433981895
12,exact_results.FP128.div,6,0,toward_zero,1048576,2.462340355,2.456970215
12,exact_results.FP128.div,6,1,nearest_even,1048576,2.465579033,2.462263107
12,exact_results.FP128.div,7,0,nearest_even,1048576,2.441844940,2.436954498
12,exact_results.FP128.div,7,1,toward_zero,1048576,2.468941689,2.463639259
12,exact_results.FP128.div,8,0,toward_zero,1048576,2.458556175,2.455127716
12,exact_results.FP128.div,8,1,nearest_even,1048576,2.447091103,2.442218781
12,halfway_ties.FP128.div,0,0,toward_zero,1048576,2.456970215,2.452851295
12,halfway_ties.FP128.div,0,1,nearest_even,1048576,3.315851212,3.310545921
12,halfway_ties.FP128.div,1,0,nearest_even,1048576,3.284702301,3.277609825
12,halfway_ties.FP128.div,1,1,toward_zero,1048576,2.425325394,2.421493530
12,halfway_ties.FP128.div,2,0,toward_zero,1048576,2.465674400,2.460801125
12,halfway_ties.FP128.div,2,1,nearest_even,1048576,3.321842194,3.315397263
12,halfway_ties.FP128.div,3,0,nearest_even,1048576,3.282859802,3.278163910
12,halfway_ties.FP128.div,3,1,toward_zero,1048576,2.427264214,2.421953201
12,halfway_ties.FP128.div,4,0,toward_zero,1048576,2.465893745,2.462112427
12,halfway_ties.FP128.div,4,1,nearest_even,1048576,3.316883087,3.310584068
12,halfway_ties.FP128.div,5,0,nearest_even,1048576,3.281636238,3.277133942
12,halfway_ties.FP128.div,5,1,toward_zero,1048576,2.430122375,2.425393105
12,halfway_ties.FP128.div,6,0,toward_zero,1048576,2.462942123,2.460074425
12,halfway_ties.FP128.div,6,1,nearest_even,1048576,3.313873291,3.307076454
12,halfway_ties.FP128.div,7,0,nearest_even,1048576,3.280107498,3.275031090
12,halfway_ties.FP128.div,7,1,toward_zero,1048576,2.424838066,2.419583321
12,halfway_ties.FP128.div,8,0,toward_zero,1048576,2.471082687,2.467682838
12,halfway_ties.FP128.div,8,1,nearest_even,1048576,3.317695618,3.310907364
12,exact_chain.FP128.div,0,0,toward_zero,1048576,4.094844818,4.086880684
12,exact_chain.FP128.div,0,1,nearest_even,1048576,4.100970268,4.087272644
12,exact_chain.FP128.div,1,0,nearest_even,1048576,4.094845772,4.089755058
12,exact_chain.FP128.div,1,1,toward_zero,1048576,4.067204475,4.058243752
12,exact_chain.FP128.div,2,0,toward_zero,1048576,4.070900917,4.064751625
12,exact_chain.FP128.div,2,1,nearest_even,1048576,4.078861237,4.073093414
12,exact_chain.FP128.div,3,0,nearest_even,1048576,4.090001106,4.084338188
12,exact_chain.FP128.div,3,1,toward_zero,1048576,4.063879013,4.056142807
12,exact_chain.FP128.div,4,0,toward_zero,1048576,4.072793961,4.067008018
12,exact_chain.FP128.div,4,1,nearest_even,1048576,4.094185829,4.087767601
12,exact_chain.FP128.div,5,0,nearest_even,1048576,4.096604347,4.089097977
12,exact_chain.FP128.div,5,1,toward_zero,1048576,4.067624092,4.060653687
12,exact_chain.FP128.div,6,0,toward_zero,1048576,4.068541527,4.062707901
12,exact_chain.FP128.div,6,1,nearest_even,1048576,4.102039337,4.095022202
12,exact_chain.FP128.div,7,0,nearest_even,1048576,4.095733643,4.087673187
12,exact_chain.FP128.div,7,1,toward_zero,1048576,4.065454483,4.059113503
12,exact_chain.FP128.div,8,0,toward_zero,1048576,4.070090294,4.063607216
12,exact_chain.FP128.div,8,1,nearest_even,1048576,4.095103264,4.088543892
12,inexact_chain.FP128.div,0,0,toward_zero,1048576,4.070940018,4.062801361
12,inexact_chain.FP128.div,0,1,nearest_even,1048576,5.448649406,5.440221786
12,inexact_chain.FP128.div,1,0,nearest_even,1048576,5.434471130,5.425363541
12,inexact_chain.FP128.div,1,1,toward_zero,1048576,4.061939240,4.056554794
12,inexact_chain.FP128.div,2,0,toward_zero,1048576,4.072525978,4.064732552
12,inexact_chain.FP128.div,2,1,nearest_even,1048576,5.450532913,5.441759109
12,inexact_chain.FP128.div,3,0,nearest_even,1048576,5.443481445,5.433857918
12,inexact_chain.FP128.div,3,1,toward_zero,1048576,4.063658714,4.058618546
12,inexact_chain.FP128.div,4,0,toward_zero,1048576,4.072440147,4.064083099
12,inexact_chain.FP128.div,4,1,nearest_even,1048576,5.449405670,5.440641403
12,inexact_chain.FP128.div,5,0,nearest_even,1048576,5.438646317,5.428880692
12,inexact_chain.FP128.div,5,1,toward_zero,1048576,4.062799454,4.056928635
12,inexact_chain.FP128.div,6,0,toward_zero,1048576,4.072134018,4.064926147
12,inexact_chain.FP128.div,6,1,nearest_even,1048576,5.441884995,5.432418823
12,inexact_chain.FP128.div,7,0,nearest_even,1048576,5.434336662,5.425706863
12,inexact_chain.FP128.div,7,1,toward_zero,1048576,4.061451912,4.055541039
12,inexact_chain.FP128.div,8,0,toward_zero,1048576,4.067709923,4.062085152
12,inexact_chain.FP128.div,8,1,nearest_even,1048576,5.446969032,5.436255455
12,throughput4096.FP128.mul_div,0,0,toward_zero,1048576,3.206287384,3.201029778
12,throughput4096.FP128.mul_div,0,1,nearest_even,1048576,4.947707176,4.939289093
12,throughput4096.FP128.mul_div,1,0,nearest_even,1048576,4.947305679,4.937379837
12,throughput4096.FP128.mul_div,1,1,toward_zero,1048576,3.207730293,3.202607155
12,throughput4096.FP128.mul_div,2,0,toward_zero,1048576,3.226887703,3.221725464
12,throughput4096.FP128.mul_div,2,1,nearest_even,1048576,4.963701248,4.954416275
12,throughput4096.FP128.mul_div,3,0,nearest_even,1048576,4.935333252,4.926918030
12,throughput4096.FP128.mul_div,3,1,toward_zero,1048576,3.267791748,3.261500359
12,throughput4096.FP128.mul_div,4,0,toward_zero,1048576,3.303277016,3.297512054
12,throughput4096.FP128.mul_div,4,1,nearest_even,1048576,5.015880585,5.007205009
12,throughput4096.FP128.mul_div,5,0,nearest_even,1048576,4.941142082,4.932812691
12,throughput4096.FP128.mul_div,5,1,toward_zero,1048576,3.217457771,3.212419510
12,throughput4096.FP128.mul_div,6,0,toward_zero,1048576,3.238716125,3.232197762
12,throughput4096.FP128.mul_div,6,1,nearest_even,1048576,4.924527168,4.917160034
12,throughput4096.FP128.mul_div,7,0,nearest_even,1048576,4.941209793,4.933320045
12,throughput4096.FP128.mul_div,7,1,toward_zero,1048576,3.211895943,3.204584122
12,throughput4096.FP128.mul_div,8,0,toward_zero,1048576,3.284379005,3.279846191
12,throughput4096.FP128.mul_div,8,1,nearest_even,1048576,4.944094658,4.936364174
12,throughput256.FP128.mul_div,0,0,nearest_even,1048576,4.937301636,4.928424835
12,throughput256.FP128.mul_div,0,1,toward_zero,1048576,3.239127159,3.232387543
12,throughput256.FP128.mul_div,1,0,toward_zero,1048576,3.264723778,3.258530617
12,throughput256.FP128.mul_div,1,1,nearest_even,1048576,4.937952042,4.931695938
12,throughput256.FP128.mul_div,2,0,nearest_even,1048576,4.953812599,4.940033913
12,throughput256.FP128.mul_div,2,1,toward_zero,1048576,3.242300034,3.237329483
12,throughput256.FP128.mul_div,3,0,toward_zero,1048576,3.272472382,3.264836311
12,throughput256.FP128.mul_div,3,1,nearest_even,1048576,4.944210052,4.936584473
12,throughput256.FP128.mul_div,4,0,nearest_even,1048576,4.921355247,4.912548065
12,throughput256.FP128.mul_div,4,1,toward_zero,1048576,3.211093903,3.206772804
12,throughput256.FP128.mul_div,5,0,toward_zero,1048576,3.233709335,3.226895332
12,throughput256.FP128.mul_div,5,1,nearest_even,1048576,4.969663620,4.959794998
12,throughput256.FP128.mul_div,6,0,nearest_even,1048576,4.928722382,4.920000076
12,throughput256.FP128.mul_div,6,1,toward_zero,1048576,3.212698936,3.207938194
12,throughput256.FP128.mul_div,7,0,toward_zero,1048576,3.281483650,3.276006699
12,throughput256.FP128.mul_div,7,1,nearest_even,1048576,4.994688034,4.986308098
12,throughput256.FP128.mul_div,8,0,nearest_even,1048576,4.933021545,4.924327850
12,throughput256.FP128.mul_div,8,1,toward_zero,1048576,3.217782021,3.212388039
12,exact_results.FP128.mul_div,0,0,toward_zero,1048576,3.286708832,3.280514717
12,exact_results.FP128.mul_div,0,1,nearest_even,1048576,3.389766693,3.385403633
12,exact_results.FP128.mul_div,1,0,nearest_even,1048576,3.415019989,3.408329010
12,exact_results.FP128.mul_div,1,1,toward_zero,1048576,3.278272629,3.274085045
12,exact_results.FP128.mul_div,2,0,toward_zero,1048576,3.312421799,3.306026459
12,exact_results.FP128.mul_div,2,1,nearest_even,1048576,3.400506020,3.395906448
12,exact_results.FP128.mul_div,3,0,nearest_even,1048576,3.400715828,3.393479347
12,exact_results.FP128.mul_div,3,1,toward_zero,1048576,3.244544029,3.240432739
12,exact_results.FP128.mul_div,4,0,toward_zero,1048576,3.271814346,3.265458107
12,exact_results.FP128.mul_div,4,1,nearest_even,1048576,3.388218880,3.383503914
12,exact_results.FP128.mul_div,5,0,nearest_even,1048576,3.397524834,3.390508652
12,exact_results.FP128.mul_div,5,1,toward_zero,1048576,3.265679359,3.261139870
12,exact_results.FP128.mul_div,6,0,toward_zero,1048576,3.291783333,3.284852028
12,exact_results.FP128.mul_div,6,1,nearest_even,1048576,3.440243721,3.435567856
12,exact_results.FP128.mul_div,7,0,nearest_even,1048576,3.429647446,3.422344208
12,exact_results.FP128.mul_div,7,1,toward_zero,1048576,3.251222610,3.246328354
12,exact_results.FP128.mul_div,8,0,toward_zero,1048576,3.314542770,3.307909012
12,exact_results.FP128.mul_div,8,1,nearest_even,1048576,3.383460045,3.377770424
12,halfway_ties.FP128.mul_div,0,0,nearest_even,1048576,4.980910301,4.968232155
12,halfway_ties.FP128.mul_div,0,1,toward_zero,1048576,3.235028267,3.228633881
12,halfway_ties.FP128.mul_div,1,0,toward_zero,1048576,3.261504173,3.255883217
12,halfway_ties.FP128.mul_div,1,1,nearest_even,1048576,4.966262817,4.958590508
12,halfway_ties.FP128.mul_div,2,0,nearest_even,1048576,4.950764656,4.941040039
12,halfway_ties.FP128.mul_div,2,1,toward_zero,1048576,3.221450806,3.216108322
12,halfway_ties.FP128.mul_div,3,0,toward_zero,1048576,3.266310692,3.261701584
12,halfway_ties.FP128.mul_div,3,1,nearest_even,1048576,5.018612862,5.008465767
12,halfway_ties.FP128.mul_div,4,0,nearest_even,1048576,4.926352501,4.917493820
12,halfway_ties.FP128.mul_div,4,1,toward_zero,1048576,3.250325203,3.244923592
12,halfway_ties.FP128.mul_div,5,0,toward_zero,1048576,3.267380714,3.260289192
12,halfway_ties.FP128.mul_div,5,1,nearest_even,1048576,5.005522728,4.996761322
12,halfway_ties.FP128.mul_div,6,0,nearest_even,1048576,4.946388245,4.938203812
12,halfway_ties.FP128.mul_div,6,1,toward_zero,1048576,3.240913391,3.235848427
12,halfway_ties.FP128.mul_div,7,0,toward_zero,1048576,3.288706779,3.282522202
12,halfway_ties.FP128.mul_div,7,1,nearest_even,1048576,5.016739845,5.008502960
12,halfway_ties.FP128.mul_div,8,0,nearest_even,1048576,4.928665161,4.920571327
12,halfway_ties.FP128.mul_div,8,1,toward_zero,1048576,3.243761063,3.235686302
12,exact_chain.FP128.mul_div,0,0,toward_zero,1048576,3.904697418,3.896474838
12,exact_chain.FP128.mul_div,0,1,nearest_even,1048576,3.898544312,3.891963959
12,exact_chain.FP128.mul_div,1,0,nearest_even,1048576,3.892888069,3.886480331
12,exact_chain.FP128.mul_div,1,1,toward_zero,1048576,3.928240776,3.921844482
12,exact_chain.FP128.mul_div,2,0,toward_zero,1048576,3.942381859,3.935667038
12,exact_chain.FP128.mul_div,2,1,nearest_even,1048576,3.889208794,3.881962776
12,exact_chain.FP128.mul_div,3,0,nearest_even,1048576,3.884566307,3.878035545
12,exact_chain.FP128.mul_div,3,1,toward_zero,1048576,3.935750008,3.928236008
12,exact_chain.FP128.mul_div,4,0,toward_zero,1048576,3.925048828,3.917781830
12,exact_chain.FP128.mul_div,4,1,nearest_even,1048576,3.873023033,3.864995003
12,exact_chain.FP128.mul_div,5,0,nearest_even,1048576,3.896615028,3.890878677
12,exact_chain.FP128.mul_div,5,1,toward_zero,1048576,3.913439751,3.907951355
12,exact_chain.FP128.mul_div,6,0,toward_zero,1048576,3.902701378,3.896858215
12,exact_chain.FP128.mul_div,6,1,nearest_even,1048576,3.887393951,3.880433083
12,exact_chain.FP128.mul_div,7,0,nearest_even,1048576,3.885120392,3.878501892
12,exact_chain.FP128.mul_div,7,1,toward_zero,1048576,3.904411316,3.898749352
12,exact_chain.FP128.mul_div,8,0,toward_zero,1048576,3.904181480,3.898445129
12,exact_chain.FP128.mul_div,8,1,nearest_even,1048576,3.899777412,3.892997742
12,inexact_chain.FP128.mul_div,0,0,nearest_even,1048576,5.130908966,5.122509956
12,inexact_chain.FP128.mul_div,0,1,toward_zero,1048576,3.901888847,3.895625114
12,inexact_chain.FP128.mul_div,1,0,toward_zero,1048576,3.905537605,3.899571419
12,inexact_chain.FP128.mul_div,1,1,nearest_even,1048576,5.101279259,5.093379021
12,inexact_chain.FP128.mul_div,2,0,nearest_even,1048576,5.161971092,5.153285980
12,inexact_chain.FP128.mul_div,2,1,toward_zero,1048576,3.937671661,3.930288315
12,inexact_chain.FP128.mul_div,3,0,toward_zero,1048576,3.886667252,3.880241394
12,inexact_chain.FP128.mul_div,3,1,nearest_even,1048576,5.175500870,5.164866447
12,inexact_chain.FP128.mul_div,4,0,nearest_even,1048576,5.100324631,5.092269897
12,inexact_chain.FP128.mul_div,4,1,toward_zero,1048576,3.907564163,3.901513100
12,inexact_chain.FP128.mul_div,5,0,toward_zero,1048576,3.938826561,3.932895660
12,inexact_chain.FP128.mul_div,5,1,nearest_even,1048576,5.127335548,5.118573189
12,inexact_chain.FP128.mul_div,6,0,nearest_even,1048576,5.159734726,5.150584221
12,inexact_chain.FP128.mul_div,6,1,toward_zero,1048576,3.918666840,3.911896706
12,inexact_chain.FP128.mul_div,7,0,toward_zero,1048576,3.905862808,3.898375511
12,inexact_chain.FP128.mul_div,7,1,nearest_even,1048576,5.101470947,5.091679573
12,inexact_chain.FP128.mul_div,8,0,nearest_even,1048576,5.086747169,5.075810432
12,inexact_chain.FP128.mul_div,8,1,toward_zero,1048576,3.907831192,3.898222923
12,wide_product.FP128.mul,0,0,toward_zero,1048576,5.964383125,5.953458786
12,wide_product.FP128.mul,0,1,nearest_even,1048576,6.603678703,6.593076706
12,wide_product.FP128.mul,1,0,nearest_even,1048576,6.607729912,6.595320702
12,wide_product.FP128.mul,1,1,toward_zero,1048576,5.953319550,5.940829277
12,wide_product.FP128.mul,2,0,toward_zero,1048576,5.957304001,5.946972847
12,wide_product.FP128.mul,2,1,nearest_even,1048576,6.621575356,6.609874725
12,wide_product.FP128.mul,3,0,nearest_even,1048576,6.602254868,6.591083527
12,wide_product.FP128.mul,3,1,toward_zero,1048576,5.953366280,5.942930222
12,wide_product.FP128.mul,4,0,toward_zero,1048576,5.953701973,5.944878578
12,wide_product.FP128.mul,4,1,nearest_even,1048576,6.733039856,6.721857071
12,wide_product.FP128.mul,5,0,nearest_even,1048576,6.736632347,6.723267555
12,wide_product.FP128.mul,5,1,toward_zero,1048576,5.992139816,5.979561806
12,wide_product.FP128.mul,6,0,toward_zero,1048576,5.991872787,5.982316971
12,wide_product.FP128.mul,6,1,nearest_even,1048576,6.605724335,6.594540596
12,wide_product.FP128.mul,7,0,nearest_even,1048576,6.606258392,6.593753815
12,wide_product.FP128.mul,7,1,toward_zero,1048576,5.953749657,5.943291664
12,wide_product.FP128.mul,8,0,toward_zero,1048576,5.955326080,5.944315910
12,wide_product.FP128.mul,8,1,nearest_even,1048576,6.604414940,6.592206955
12,native_by64.FP128.div,0,0,toward_zero,1048576,3.988177299,3.981271744
12,native_by64.FP128.div,0,1,nearest_even,1048576,6.357721329,6.346884727
12,native_by64.FP128.div,1,0,nearest_even,1048576,6.362508774,6.350398064
12,native_by64.FP128.div,1,1,toward_zero,1048576,4.016143799,4.009011269
12,native_by64.FP128.div,2,0,toward_zero,1048576,4.000961304,3.993818283
12,native_by64.FP128.div,2,1,nearest_even,1048576,6.366483688,6.352941513
12,native_by64.FP128.div,3,0,nearest_even,1048576,6.354281425,6.344272614
12,native_by64.FP128.div,3,1,toward_zero,1048576,4.030016899,4.023027420
12,native_by64.FP128.div,4,0,toward_zero,1048576,4.013764381,4.006984711
12,native_by64.FP128.div,4,1,nearest_even,1048576,6.364161491,6.353572845
12,native_by64.FP128.div,5,0,nearest_even,1048576,6.366196632,6.352578163
12,native_by64.FP128.div,5,1,toward_zero,1048576,4.013038635,4.006733894
12,native_by64.FP128.div,6,0,toward_zero,1048576,4.020051003,4.012719154
12,native_by64.FP128.div,6,1,nearest_even,1048576,6.308534622,6.295584679
12,native_by64.FP128.div,7,0,nearest_even,1048576,6.362240791,6.349789619
12,native_by64.FP128.div,7,1,toward_zero,1048576,4.017777443,4.011302948
12,native_by64.FP128.div,8,0,toward_zero,1048576,4.000578880,3.993532181
12,native_by64.FP128.div,8,1,nearest_even,1048576,6.369837761,6.357183456
12,native_by128.FP128.div,0,0,toward_zero,1048576,6.063207626,6.054473877
12,native_by128.FP128.div,0,1,nearest_even,1048576,10.031319618,10.011082649
12,native_by128.FP128.div,1,0,nearest_even,1048576,9.900794029,9.883136749
12,native_by128.FP128.div,1,1,toward_zero,1048576,6.054905891,6.043638229
12,native_by128.FP128.div,2,0,toward_zero,1048576,6.021635056,6.011762619
12,native_by128.FP128.div,2,1,nearest_even,1048576,10.018708229,10.002914429
12,native_by128.FP128.div,3,0,nearest_even,1048576,9.909049034,9.888896942
12,native_by128.FP128.div,3,1,toward_zero,1048576,6.060752869,6.051155090
12,native_by128.FP128.div,4,0,toward_zero,1048576,6.011460304,6.002170563
12,native_by128.FP128.div,4,1,nearest_even,1048576,9.978769302,9.958570480
12,native_by128.FP128.div,5,0,nearest_even,1048576,9.881282806,9.864257812
12,native_by128.FP128.div,5,1,toward_zero,1048576,6.018186569,6.006296158
12,native_by128.FP128.div,6,0,toward_zero,1048576,6.064736366,6.054701805
12,native_by128.FP128.div,6,1,nearest_even,1048576,9.977460861,9.958753586
12,native_by128.FP128.div,7,0,nearest_even,1048576,9.935859680,9.916460037
12,native_by128.FP128.div,7,1,toward_zero,1048576,6.035499573,6.025712967
12,native_by128.FP128.div,8,0,toward_zero,1048576,6.049898148,6.039155006
12,native_by128.FP128.div,8,1,nearest_even,1048576,9.923620224,9.905743599
12,wide_by64.FP128.div,0,0,toward_zero,1048576,6.503574371,6.491676331
12,wide_by64.FP128.div,0,1,nearest_even,1048576,7.932708740,7.919370651
12,wide_by64.FP128.div,1,0,nearest_even,1048576,7.930558205,7.917702675
12,wide_by64.FP128.div,1,1,toward_zero,1048576,6.449810028,6.436639786
12,wide_by64.FP128.div,2,0,toward_zero,1048576,6.457559586,6.444911957
12,wide_by64.FP128.div,2,1,nearest_even,1048576,7.933453560,7.920716286
12,wide_by64.FP128.div,3,0,nearest_even,1048576,7.935192108,7.920257568
12,wide_by64.FP128.div,3,1,toward_zero,1048576,6.450316429,6.439247131
12,wide_by64.FP128.div,4,0,toward_zero,1048576,6.456192970,6.441761971
12,wide_by64.FP128.div,4,1,nearest_even,1048576,7.932344437,7.918836594
12,wide_by64.FP128.div,5,0,nearest_even,1048576,7.928791046,7.914648056
12,wide_by64.FP128.div,5,1,toward_zero,1048576,6.450364113,6.440745354
12,wide_by64.FP128.div,6,0,toward_zero,1048576,6.456212044,6.443606377
12,wide_by64.FP128.div,6,1,nearest_even,1048576,7.940055847,7.925073624
12,wide_by64.FP128.div,7,0,nearest_even,1048576,7.930147171,7.917181969
12,wide_by64.FP128.div,7,1,toward_zero,1048576,6.454119682,6.443774223
12,wide_by64.FP128.div,8,0,toward_zero,1048576,6.454998016,6.445170403
12,wide_by64.FP128.div,8,1,nearest_even,1048576,7.941231728,7.925406456
12,wide_by128.FP128.div,0,0,nearest_even,1048576,13.743404388,13.719380379
12,wide_by128.FP128.div,0,1,toward_zero,1048576,12.439876556,12.417872429
12,wide_by128.FP128.div,1,0,toward_zero,1048576,12.400588036,12.378490448
12,wide_by128.FP128.div,1,1,nearest_even,1048576,13.713355064,13.686548233
12,wide_by128.FP128.div,2,0,nearest_even,1048576,13.683048248,13.659643173
12,wide_by128.FP128.div,2,1,toward_zero,1048576,12.397224426,12.375490189
12,wide_by128.FP128.div,3,0,toward_zero,1048576,12.365273476,12.343290329
12,wide_by128.FP128.div,3,1,nearest_even,1048576,13.713058472,13.687027931
12,wide_by128.FP128.div,4,0,nearest_even,1048576,13.710345268,13.682059288
12,wide_by128.FP128.div,4,1,toward_zero,1048576,12.418540955,12.396641731
12,wide_by128.FP128.div,5,0,toward_zero,1048576,12.364939690,12.344084740
12,wide_by128.FP128.div,5,1,nearest_even,1048576,13.718142509,13.694901466
12,wide_by128.FP128.div,6,0,nearest_even,1048576,13.711865425,13.686343193
12,wide_by128.FP128.div,6,1,toward_zero,1048576,12.413467407,12.390642166
12,wide_by128.FP128.div,7,0,toward_zero,1048576,12.368436813,12.347998619
12,wide_by128.FP128.div,7,1,nearest_even,1048576,13.704258919,13.678496361
12,wide_by128.FP128.div,8,0,nearest_even,1048576,13.714588165,13.691394806
12,wide_by128.FP128.div,8,1,toward_zero,1048576,12.387307167,12.365140915
12,wide_product.FP128.mul_div,0,0,nearest_even,1048576,13.360003471,13.337507248
12,wide_product.FP128.mul_div,0,1,toward_zero,1048576,12.169039726,12.145890236
12,wide_product.FP128.mul_div,1,0,toward_zero,1048576,12.169479370,12.148211479
12,wide_product.FP128.mul_div,1,1,nearest_even,1048576,13.336011887,13.311152458
12,wide_product.FP128.mul_div,2,0,nearest_even,1048576,13.288037300,13.259977341
12,wide_product.FP128.mul_div,2,1,toward_zero,1048576,12.185359001,12.165803909
12,wide_product.FP128.mul_div,3,0,toward_zero,1048576,12.182961464,12.161648750
12,wide_product.FP128.mul_div,3,1,nearest_even,1048576,13.285676956,13.262258530
12,wide_product.FP128.mul_div,4,0,nearest_even,1048576,13.333459854,13.311408043
12,wide_product.FP128.mul_div,4,1,toward_zero,1048576,12.163459778,12.140521049
12,wide_product.FP128.mul_div,5,0,toward_zero,1048576,12.166336060,12.144958496
12,wide_product.FP128.mul_div,5,1,nearest_even,1048576,13.316778183,13.293051720
12,wide_product.FP128.mul_div,6,0,nearest_even,1048576,13.340005875,13.315554619
12,wide_product.FP128.mul_div,6,1,toward_zero,1048576,12.172574997,12.150545120
12,wide_product.FP128.mul_div,7,0,toward_zero,1048576,12.164644241,12.143157959
12,wide_product.FP128.mul_div,7,1,nearest_even,1048576,13.336680412,13.311860085
12,wide_product.FP128.mul_div,8,0,nearest_even,1048576,13.331674576,13.307394981
12,wide_product.FP128.mul_div,8,1,toward_zero,1048576,12.174017906,12.152196884
12,throughput4096.FP64.mul_wide,0,0,nearest_even,1048576,2.422353745,2.417078972
12,throughput4096.FP64.mul_wide,0,1,toward_zero,1048576,2.582996368,2.577731133
12,throughput4096.FP64.mul_wide,1,0,toward_zero,1048576,2.572658539,2.569917679
12,throughput4096.FP64.mul_wide,1,1,nearest_even,1048576,2.418197632,2.413296700
12,throughput4096.FP64.mul_wide,2,0,nearest_even,1048576,2.414356232,2.411108971
12,throughput4096.FP64.mul_wide,2,1,toward_zero,1048576,2.573642731,2.568693161
12,throughput4096.FP64.mul_wide,3,0,toward_zero,1048576,2.574626923,2.569466591
12,throughput4096.FP64.mul_wide,3,1,nearest_even,1048576,2.413793564,2.411080360
12,throughput4096.FP64.mul_wide,4,0,nearest_even,1048576,2.414834023,2.409894943
12,throughput4096.FP64.mul_wide,4,1,toward_zero,1048576,2.560180664,2.555471420
12,throughput4096.FP64.mul_wide,5,0,toward_zero,1048576,2.573661804,2.569945335
12,throughput4096.FP64.mul_wide,5,1,nearest_even,1048576,2.420528412,2.415141106
12,throughput4096.FP64.mul_wide,6,0,nearest_even,1048576,2.414471626,2.410772324
12,throughput4096.FP64.mul_wide,6,1,toward_zero,1048576,2.552431107,2.547569275
12,throughput4096.FP64.mul_wide,7,0,toward_zero,1048576,2.560161591,2.555603027
12,throughput4096.FP64.mul_wide,7,1,nearest_even,1048576,2.409283638,2.405805588
12,throughput4096.FP64.mul_wide,8,0,nearest_even,1048576,2.411968231,2.406494141
12,throughput4096.FP64.mul_wide,8,1,toward_zero,1048576,2.572993279,2.569677353
12,fullrange.FP64.mul_wide,0,0,toward_zero,1048576,2.476977348,2.472105026
12,fullrange.FP64.mul_wide,0,1,nearest_even,1048576,2.954330444,2.949626923
12,fullrange.FP64.mul_wide,1,0,nearest_even,1048576,2.945673943,2.941172600
12,fullrange.FP64.mul_wide,1,1,toward_zero,1048576,2.483370781,2.480551720
12,fullrange.FP64.mul_wide,2,0,toward_zero,1048576,2.495800972,2.491462708
12,fullrange.FP64.mul_wide,2,1,nearest_even,1048576,2.951912880,2.946712494
12,fullrange.FP64.mul_wide,3,0,nearest_even,1048576,2.943467140,2.937856674
12,fullrange.FP64.mul_wide,3,1,toward_zero,1048576,2.486742973,2.481840134
12,fullrange.FP64.mul_wide,4,0,toward_zero,1048576,2.492217064,2.486800194
12,fullrange.FP64.mul_wide,4,1,nearest_even,1048576,2.958028793,2.953172684
12,fullrange.FP64.mul_wide,5,0,nearest_even,1048576,2.953317642,2.948787689
12,fullrange.FP64.mul_wide,5,1,toward_zero,1048576,2.483905792,2.480742455
12,fullrange.FP64.mul_wide,6,0,toward_zero,1048576,2.499650955,2.494099617
12,fullrange.FP64.mul_wide,6,1,nearest_even,1048576,2.961687088,2.956144333
12,fullrange.FP64.mul_wide,7,0,nearest_even,1048576,2.949963570,2.944134712
12,fullrange.FP64.mul_wide,7,1,toward_zero,1048576,2.494119644,2.488557816
12,fullrange.FP64.mul_wide,8,0,toward_zero,1048576,2.497941017,2.493793488
12,fullrange.FP64.mul_wide,8,1,nearest_even,1048576,2.955716133,2.950869560
12,throughput4096.FP64.quantize4,0,0,nearest_even,1048576,3.257557869,3.252790451
12,throughput4096.FP64.quantize4,0,1,toward_zero,1048576,3.177633286,3.171583176
12,throughput4096.FP64.quantize4,1,0,toward_zero,1048576,3.177976608,3.173685074
12,throughput4096.FP64.quantize4,1,1,nearest_even,1048576,3.226849556,3.222984314
12,throughput4096.FP64.quantize4,2,0,nearest_even,1048576,3.258943558,3.253389359
12,throughput4096.FP64.quantize4,2,1,toward_zero,1048576,3.157310486,3.152423859
12,throughput4096.FP64.quantize4,3,0,toward_zero,1048576,3.161428452,3.154414177
12,throughput4096.FP64.quantize4,3,1,nearest_even,1048576,3.228243828,3.223388672
12,throughput4096.FP64.quantize4,4,0,nearest_even,1048576,3.228894234,3.224105835
12,throughput4096.FP64.quantize4,4,1,toward_zero,1048576,3.174326897,3.168151855
12,throughput4096.FP64.quantize4,5,0,toward_zero,1048576,3.173802376,3.168774605
12,throughput4096.FP64.quantize4,5,1,nearest_even,1048576,3.250601768,3.246149063
12,throughput4096.FP64.quantize4,6,0,nearest_even,1048576,3.228740692,3.222171783
12,throughput4096.FP64.quantize4,6,1,toward_zero,1048576,3.174891472,3.170016289
12,throughput4096.FP64.quantize4,7,0,toward_zero,1048576,3.184216499,3.179205894
12,throughput4096.FP64.quantize4,7,1,nearest_even,1048576,3.226094246,3.219852448
12,throughput4096.FP64.quantize4,8,0,nearest_even,1048576,3.227718353,3.222805023
12,throughput4096.FP64.quantize4,8,1,toward_zero,1048576,3.185859680,3.179501534
12,throughput4096.FP128.quantize4,0,0,toward_zero,1048576,5.681125641,5.671625137
12,throughput4096.FP128.quantize4,0,1,nearest_even,1048576,6.080272675,6.070407867
12,throughput4096.FP128.quantize4,1,0,nearest_even,1048576,6.089769363,6.077012062
12,throughput4096.FP128.quantize4,1,1,toward_zero,1048576,5.688778877,5.679175377
12,throughput4096.FP128.quantize4,2,0,toward_zero,1048576,5.689571381,5.679442406
12,throughput4096.FP128.quantize4,2,1,nearest_even,1048576,6.087457657,6.077431679
12,throughput4096.FP128.quantize4,3,0,nearest_even,1048576,6.215767860,6.203476906
12,throughput4096.FP128.quantize4,3,1,toward_zero,1048576,5.700511932,5.687928200
12,throughput4096.FP128.quantize4,4,0,toward_zero,1048576,5.696900368,5.686482430
12,throughput4096.FP128.quantize4,4,1,nearest_even,1048576,6.094547272,6.081954002
12,throughput4096.FP128.quantize4,5,0,nearest_even,1048576,6.090888023,6.079464912
12,throughput4096.FP128.quantize4,5,1,toward_zero,1048576,5.694559097,5.684907913
12,throughput4096.FP128.quantize4,6,0,toward_zero,1048576,5.695457458,5.685260773
12,throughput4096.FP128.quantize4,6,1,nearest_even,1048576,6.091795921,6.080304146
12,throughput4096.FP128.quantize4,7,0,nearest_even,1048576,6.086741447,6.076763153
12,throughput4096.FP128.quantize4,7,1,toward_zero,1048576,5.693652153,5.683597565
12,throughput4096.FP128.quantize4,8,0,toward_zero,1048576,5.693058968,5.683119774
12,throughput4096.FP128.quantize4,8,1,nearest_even,1048576,6.094059944,6.084329605
12,parse_extra_digit.FP64,0,0,nearest_even,1048576,34.556221962,34.494130135
12,parse_extra_digit.FP64,0,1,toward_zero,1048576,33.938091278,33.871216774
12,parse_extra_digit.FP64,1,0,toward_zero,1048576,33.931975365,33.871518135
12,parse_extra_digit.FP64,1,1,nearest_even,1048576,34.549409866,34.489498138
12,parse_extra_digit.FP64,2,0,nearest_even,1048576,34.659317017,34.598329544
12,parse_extra_digit.FP64,2,1,toward_zero,1048576,34.050004959,33.989415169
12,parse_extra_digit.FP64,3,0,toward_zero,1048576,34.031669617,33.976569176
12,parse_extra_digit.FP64,3,1,nearest_even,1048576,34.583691597,34.513879776
12,parse_extra_digit.FP64,4,0,nearest_even,1048576,34.576831818,34.518062592
12,parse_extra_digit.FP64,4,1,toward_zero,1048576,34.047080994,33.985425949
12,parse_extra_digit.FP64,5,0,toward_zero,1048576,34.048600197,33.987549782
12,parse_extra_digit.FP64,5,1,nearest_even,1048576,34.604501724,34.545174599
12,parse_extra_digit.FP64,6,0,nearest_even,1048576,34.632439613,34.567467690
12,parse_extra_digit.FP64,6,1,toward_zero,1048576,34.058232307,33.999479294
12,parse_extra_digit.FP64,7,0,toward_zero,1048576,34.183149338,34.121392250
12,parse_extra_digit.FP64,7,1,nearest_even,1048576,34.591039658,34.529897690
12,parse_extra_digit.FP64,8,0,nearest_even,1048576,34.684187889,34.628514290
12,parse_extra_digit.FP64,8,1,toward_zero,1048576,34.034335136,33.969989777
12,format_2digits.FP64,0,0,nearest_even,1048576,17.263315201,17.235439301
12,format_2digits.FP64,0,1,toward_zero,1048576,16.067574501,16.041287422
12,format_2digits.FP64,1,0,toward_zero,1048576,16.082021713,16.052778244
12,format_2digits.FP64,1,1,nearest_even,1048576,17.319458961,17.287524223
12,format_2digits.FP64,2,0,nearest_even,1048576,17.284498215,17.253046036
12,format_2digits.FP64,2,1,toward_zero,1048576,16.058917999,16.033864975
12,format_2digits.FP64,3,0,toward_zero,1048576,16.067106247,16.037724495
12,format_2digits.FP64,3,1,nearest_even,1048576,17.302250862,17.272561073
12,format_2digits.FP64,4,0,nearest_even,1048576,17.295495987,17.265337944
12,format_2digits.FP64,4,1,toward_zero,1048576,16.072093010,16.046416283
12,format_2digits.FP64,5,0,toward_zero,1048576,16.081666946,16.052754402
12,format_2digits.FP64,5,1,nearest_even,1048576,17.299928665,17.273959160
12,format_2digits.FP64,6,0,nearest_even,1048576,17.295457840,17.265734673
12,format_2digits.FP64,6,1,toward_zero,1048576,16.082679749,16.056281090
12,format_2digits.FP64,7,0,toward_zero,1048576,16.083292007,16.056227684
12,format_2digits.FP64,7,1,nearest_even,1048576,17.304429054,17.276417732
12,format_2digits.FP64,8,0,nearest_even,1048576,17.316477776,17.284502029
12,format_2digits.FP64,8,1,toward_zero,1048576,16.078514099,16.051054955
12,parse_extra_digit.FP128,0,0,nearest_even,1048576,34.830155373,34.769432068
12,parse_extra_digit.FP128,0,1,toward_zero,1048576,34.366847992,34.302448273
12,parse_extra_digit.FP128,1,0,toward_zero,1048576,34.427549362,34.364523888
12,parse_extra_digit.FP128,1,1,nearest_even,1048576,34.873399734,34.810989380
12,parse_extra_digit.FP128,2,0,nearest_even,1048576,34.817848206,34.754446030
12,parse_extra_digit.FP128,2,1,toward_zero,1048576,34.382268906,34.326436043
12,parse_extra_digit.FP128,3,0,toward_zero,1048576,34.470325470,34.411893845
12,parse_extra_digit.FP128,3,1,nearest_even,1048576,34.859288216,34.799250603
12,parse_extra_digit.FP128,4,0,nearest_even,1048576,34.862306595,34.801259995
12,parse_extra_digit.FP128,4,1,toward_zero,1048576,34.440304756,34.379981041
12,parse_extra_digit.FP128,5,0,toward_zero,1048576,34.632525444,34.573546410
12,parse_extra_digit.FP128,5,1,nearest_even,1048576,34.762135506,34.699922562
12,parse_extra_digit.FP128,6,0,nearest_even,1048576,34.863520622,34.798433304
12,parse_extra_digit.FP128,6,1,toward_zero,1048576,34.376461029,34.311563492
12,parse_extra_digit.FP128,7,0,toward_zero,1048576,34.360485077,34.299303055
12,parse_extra_digit.FP128,7,1,nearest_even,1048576,34.783805847,34.707880020
12,parse_extra_digit.FP128,8,0,nearest_even,1048576,34.768480301,34.706853867
12,parse_extra_digit.FP128,8,1,toward_zero,1048576,34.365663528,34.301098824
12,format_2digits.FP128,0,0,toward_zero,1048576,15.956233978,15.927879333
12,format_2digits.FP128,0,1,nearest_even,1048576,17.196853638,17.164111137
12,format_2digits.FP128,1,0,nearest_even,1048576,17.169947624,17.139498711
12,format_2digits.FP128,1,1,toward_zero,1048576,15.981103897,15.952037811
12,format_2digits.FP128,2,0,toward_zero,1048576,15.983100891,15.953759193
12,format_2digits.FP128,2,1,nearest_even,1048576,17.199395180,17.169417381
12,format_2digits.FP128,3,0,nearest_even,1048576,17.191359520,17.162099838
12,format_2digits.FP128,3,1,toward_zero,1048576,15.978983879,15.952520370
12,format_2digits.FP128,4,0,toward_zero,1048576,15.969218254,15.942192078
12,format_2digits.FP128,4,1,nearest_even,1048576,17.201840401,17.169767380
12,format_2digits.FP128,5,0,nearest_even,1048576,17.192191124,17.160474777
12,format_2digits.FP128,5,1,toward_zero,1048576,15.963333130,15.932085991
12,format_2digits.FP128,6,0,toward_zero,1048576,15.967594147,15.938161850
12,format_2digits.FP128,6,1,nearest_even,1048576,17.182043076,17.152188301
12,format_2digits.FP128,7,0,nearest_even,1048576,17.186009407,17.154862404
12,format_2digits.FP128,7,1,toward_zero,1048576,15.966123581,15.936715126
12,format_2digits.FP128,8,0,toward_zero,1048576,15.972391129,15.941787720
12,format_2digits.FP128,8,1,nearest_even,1048576,17.179377556,17.147633553
