digits,workload,pair_index,order_slot,mode,iterations,ns_per_op,cpu_ns_per_op
12,throughput4096.FP64.mul,0,0,nearest_even,1048576,2.656028748,2.643297195
12,throughput4096.FP64.mul,0,1,toward_zero,1048576,2.435180664,2.431020737
12,throughput4096.FP64.mul,1,0,toward_zero,1048576,2.427241325,2.421723366
12,throughput4096.FP64.mul,1,1,nearest_even,1048576,2.592203140,2.588490486
12,throughput4096.FP64.mul,2,0,nearest_even,1048576,2.603162766,2.595924377
12,throughput4096.FP64.mul,2,1,toward_zero,1048576,2.468355179,2.460229874
12,throughput4096.FP64.mul,3,0,toward_zero,1048576,2.444736481,2.442620277
12,throughput4096.FP64.mul,3,1,nearest_even,1048576,2.592785835,2.588308334
12,throughput4096.FP64.mul,4,0,nearest_even,1048576,2.590425491,2.585021973
12,throughput4096.FP64.mul,4,1,toward_zero,1048576,2.464017868,2.460935593
12,throughput4096.FP64.mul,5,0,toward_zero,1048576,2.411868095,2.406455994
12,throughput4096.FP64.mul,5,1,nearest_even,1048576,2.583603859,2.577884674
12,throughput4096.FP64.mul,6,0,nearest_even,1048576,2.577154160,2.573929787
12,throughput4096.FP64.mul,6,1,toward_zero,1048576,2.456459999,2.448237419
12,throughput4096.FP64.mul,7,0,toward_zero,1048576,2.474795341,2.464469910
12,throughput4096.FP64.mul,7,1,nearest_even,1048576,2.592452049,2.585892677
12,throughput4096.FP64.mul,8,0,nearest_even,1048576,2.584845543,2.579652786
12,throughput4096.FP64.mul,8,1,toward_zero,1048576,2.463568687,2.460457802
12,throughput256.FP64.mul,0,0,nearest_even,1048576,2.590004921,2.585348129
12,throughput256.FP64.mul,0,1,toward_zero,1048576,2.407339096,2.402414322
12,throughput256.FP64.mul,1,0,toward_zero,1048576,2.435707092,2.429014206
12,throughput256.FP64.mul,1,1,nearest_even,1048576,2.601079941,2.596582413
12,throughput256.FP64.mul,2,0,nearest_even,1048576,2.613576889,2.607933044
12,throughput256.FP64.mul,2,1,toward_zero,1048576,2.407721519,2.404268265
12,throughput256.FP64.mul,3,0,toward_zero,1048576,2.419702530,2.414633751
12,throughput256.FP64.mul,3,1,nearest_even,1048576,2.583766937,2.578763962
12,throughput256.FP64.mul,4,0,nearest_even,1048576,2.583431244,2.580321312
12,throughput256.FP64.mul,4,1,toward_zero,1048576,2.411992073,2.406035423
12,throughput256.FP64.mul,5,0,toward_zero,1048576,2.401949883,2.398839951
12,throughput256.FP64.mul,5,1,nearest_even,1048576,2.611121178,2.599258423
12,throughput256.FP64.mul,6,0,nearest_even,1048576,2.592413902,2.587494850
12,throughput256.FP64.mul,6,1,toward_zero,1048576,2.443350792,2.440402985
12,throughput256.FP64.mul,7,0,toward_zero,1048576,2.428971291,2.425068855
12,throughput256.FP64.mul,7,1,nearest_even,1048576,2.552063942,2.546727180
12,throughput256.FP64.mul,8,0,nearest_even,1048576,2.571497917,2.564374924
12,throughput256.FP64.mul,8,1,toward_zero,1048576,2.428206444,2.424102783
12,exact_results.FP64.mul,0,0,nearest_even,1048576,2.506382942,2.502118111
12,exact_results.FP64.mul,0,1,toward_zero,1048576,2.430576324,2.425545692
12,exact_results.FP64.mul,1,0,toward_zero,1048576,2.436327934,2.433152199
12,exact_results.FP64.mul,1,1,nearest_even,1048576,2.511427879,2.505948067
12,exact_results.FP64.mul,2,0,nearest_even,1048576,2.496914864,2.494176865
12,exact_results.FP64.mul,2,1,toward_zero,1048576,2.405351639,2.400778770
12,exact_results.FP64.mul,3,0,toward_zero,1048576,2.421853065,2.418465614
12,exact_results.FP64.mul,3,1,nearest_even,1048576,2.506468773,2.501896858
12,exact_results.FP64.mul,4,0,nearest_even,1048576,2.499560356,2.494473457
12,exact_results.FP64.mul,4,1,toward_zero,1048576,2.429018021,2.426003456
12,exact_results.FP64.mul,5,0,toward_zero,1048576,2.409326553,2.404306412
12,exact_results.FP64.mul,5,1,nearest_even,1048576,2.500363350,2.497167587
12,exact_results.FP64.mul,6,0,nearest_even,1048576,2.499704361,2.495275497
12,exact_results.FP64.mul,6,1,toward_zero,1048576,2.420438766,2.417214394
12,exact_results.FP64.mul,7,0,toward_zero,1048576,2.398310661,2.393995285
12,exact_results.FP64.mul,7,1,nearest_even,1048576,2.504634857,2.499612808
12,exact_results.FP64.mul,8,0,nearest_even,1048576,2.496178627,2.492965698
12,exact_results.FP64.mul,8,1,toward_zero,1048576,2.416646004,2.408021927
12,halfway_ties.FP64.mul,0,0,nearest_even,1048576,2.581578255,2.577617645
12,halfway_ties.FP64.mul,0,1,toward_zero,1048576,2.419607162,2.414978027
12,halfway_ties.FP64.mul,1,0,toward_zero,1048576,2.437026024,2.434107780
12,halfway_ties.FP64.mul,1,1,nearest_even,1048576,2.570151329,2.562139511
12,halfway_ties.FP64.mul,2,0,nearest_even,1048576,2.557691574,2.553014755
12,halfway_ties.FP64.mul,2,1,toward_zero,1048576,2.436194420,2.432941437
12,halfway_ties.FP64.mul,3,0,toward_zero,1048576,2.403536797,2.398944855
12,halfway_ties.FP64.mul,3,1,nearest_even,1048576,2.555551529,2.552507401
12,halfway_ties.FP64.mul,4,0,nearest_even,1048576,2.560329437,2.552014351
12,halfway_ties.FP64.mul,4,1,toward_zero,1048576,2.402791023,2.398859024
12,halfway_ties.FP64.mul,5,0,toward_zero,1048576,2.440550804,2.438061714
12,halfway_ties.FP64.mul,5,1,nearest_even,1048576,2.572080612,2.567450523
12,halfway_ties.FP64.mul,6,0,nearest_even,1048576,2.559907913,2.551610947
12,halfway_ties.FP64.mul,6,1,toward_zero,1048576,2.438745499,2.436493874
12,halfway_ties.FP64.mul,7,0,toward_zero,1048576,2.418384552,2.413917542
12,halfway_ties.FP64.mul,7,1,nearest_even,1048576,2.555561066,2.552420616
12,halfway_ties.FP64.mul,8,0,nearest_even,1048576,2.560997009,2.552555084
12,halfway_ties.FP64.mul,8,1,toward_zero,1048576,2.420467377,2.415645599
12,exact_chain.FP64.mul,0,0,nearest_even,1048576,3.686366081,3.667632103
12,exact_chain.FP64.mul,0,1,toward_zero,1048576,3.696074486,3.689380646
12,exact_chain.FP64.mul,1,0,toward_zero,1048576,3.691764832,3.687038422
12,exact_chain.FP64.mul,1,1,nearest_even,1048576,3.656775475,3.647078514
12,exact_chain.FP64.mul,2,0,nearest_even,1048576,3.656842232,3.651292801
12,exact_chain.FP64.mul,2,1,toward_zero,1048576,3.698538780,3.689673424
12,exact_chain.FP64.mul,3,0,toward_zero,1048576,3.689577103,3.683368683
12,exact_chain.FP64.mul,3,1,nearest_even,1048576,3.673850060,3.667049408
12,exact_chain.FP64.mul,4,0,nearest_even,1048576,3.624251366,3.619038582
12,exact_chain.FP64.mul,4,1,toward_zero,1048576,3.697660446,3.688156128
12,exact_chain.FP64.mul,5,0,toward_zero,1048576,3.684694290,3.678409576
12,exact_chain.FP64.mul,5,1,nearest_even,1048576,3.688869476,3.682231903
12,exact_chain.FP64.mul,6,0,nearest_even,1048576,3.695242882,3.682135582
12,exact_chain.FP64.mul,6,1,toward_zero,1048576,3.692128181,3.687178612
12,exact_chain.FP64.mul,7,0,toward_zero,1048576,3.684398651,3.677645683
12,exact_chain.FP64.mul,7,1,nearest_even,1048576,3.654243469,3.644432068
12,exact_chain.FP64.mul,8,0,nearest_even,1048576,3.638173103,3.633799553
12,exact_chain.FP64.mul,8,1,toward_zero,1048576,3.689213753,3.683273315
12,inexact_chain.FP64.mul,0,0,nearest_even,1048576,4.793323517,4.785834312
12,inexact_chain.FP64.mul,0,1,toward_zero,1048576,3.688850403,3.679020882
12,inexact_chain.FP64.mul,1,0,toward_zero,1048576,3.682668686,3.676441193
12,inexact_chain.FP64.mul,1,1,nearest_even,1048576,4.795101166,4.783634186
12,inexact_chain.FP64.mul,2,0,nearest_even,1048576,4.812241554,4.803462029
12,inexact_chain.FP64.mul,2,1,toward_zero,1048576,3.686672211,3.680253029
12,inexact_chain.FP64.mul,3,0,toward_zero,1048576,3.681694031,3.673421860
12,inexact_chain.FP64.mul,3,1,nearest_even,1048576,4.778800964,4.770687103
12,inexact_chain.FP64.mul,4,0,nearest_even,1048576,4.788336754,4.780986786
12,inexact_chain.FP64.mul,4,1,toward_zero,1048576,3.685564041,3.679632187
12,inexact_chain.FP64.mul,5,0,toward_zero,1048576,3.689108849,3.682842255
12,inexact_chain.FP64.mul,5,1,nearest_even,1048576,4.791440964,4.783139229
12,inexact_chain.FP64.mul,6,0,nearest_even,1048576,4.796552658,4.788717270
12,inexact_chain.FP64.mul,6,1,toward_zero,1048576,3.683614731,3.676768303
12,inexact_chain.FP64.mul,7,0,toward_zero,1048576,3.689624786,3.684189796
12,inexact_chain.FP64.mul,7,1,nearest_even,1048576,4.791460037,4.783396721
12,inexact_chain.FP64.mul,8,0,nearest_even,1048576,4.804731369,4.790256500
12,inexact_chain.FP64.mul,8,1,toward_zero,1048576,3.683748245,3.677245140
12,throughput4096.FP64.div,0,0,toward_zero,1048576,2.435487747,2.430867195
12,throughput4096.FP64.div,0,1,nearest_even,1048576,2.970797539,2.966072083
12,throughput4096.FP64.div,1,0,nearest_even,1048576,2.973549843,2.968861580
12,throughput4096.FP64.div,1,1,toward_zero,1048576,2.471469879,2.465961456
12,throughput4096.FP64.div,2,0,toward_zero,1048576,2.474986076,2.471529961
12,throughput4096.FP64.div,2,1,nearest_even,1048576,2.979817390,2.972969055
12,throughput4096.FP64.div,3,0,nearest_even,1048576,2.972537041,2.967658043
12,throughput4096.FP64.div,3,1,toward_zero,1048576,2.449465752,2.446010590
12,throughput4096.FP64.div,4,0,toward_zero,1048576,2.461819649,2.456121445
12,throughput4096.FP64.div,4,1,nearest_even,1048576,2.976367950,2.971231461
12,throughput4096.FP64.div,5,0,nearest_even,1048576,2.972517967,2.968469620
12,throughput4096.FP64.div,5,1,toward_zero,1048576,2.461303711,2.455278397
12,throughput4096.FP64.div,6,0,toward_zero,1048576,2.452293396,2.448887825
12,throughput4096.FP64.div,6,1,nearest_even,1048576,2.978174210,2.973860741
12,throughput4096.FP64.div,7,0,nearest_even,1048576,2.980371475,2.973036766
12,throughput4096.FP64.div,7,1,toward_zero,1048576,2.453755379,2.449316025
12,throughput4096.FP64.div,8,0,toward_zero,1048576,2.452570915,2.447704315
12,throughput4096.FP64.div,8,1,nearest_even,1048576,2.983123779,2.978666306
12,throughput256.FP64.div,0,0,toward_zero,1048576,2.464781761,2.461615562
12,throughput256.FP64.div,0,1,nearest_even,1048576,2.983247757,2.976744652
12,throughput256.FP64.div,1,0,nearest_even,1048576,2.976607323,2.971907616
12,throughput256.FP64.div,1,1,toward_zero,1048576,2.482056618,2.475966454
12,throughput256.FP64.div,2,0,toward_zero,1048576,2.474011421,2.468943596
12,throughput256.FP64.div,2,1,nearest_even,1048576,2.976979256,2.971431732
12,throughput256.FP64.div,3,0,nearest_even,1048576,2.975087166,2.970553398
12,throughput256.FP64.div,3,1,toward_zero,1048576,2.465699196,2.457678795
12,throughput256.FP64.div,4,0,toward_zero,1048576,2.484837532,2.481536865
12,throughput256.FP64.div,4,1,nearest_even,1048576,2.982425690,2.977843285
12,throughput256.FP64.div,5,0,nearest_even,1048576,2.977457047,2.970661163
12,throughput256.FP64.div,5,1,toward_zero,1048576,2.463864326,2.459941864
12,throughput256.FP64.div,6,0,toward_zero,1048576,2.487932205,2.480084419
12,throughput256.FP64.div,6,1,nearest_even,1048576,2.977199554,2.972434998
12,throughput256.FP64.div,7,0,nearest_even,1048576,2.972862244,2.968460083
12,throughput256.FP64.div,7,1,toward_zero,1048576,2.466118813,2.461204529
12,throughput256.FP64.div,8,0,toward_zero,1048576,2.468775749,2.462971687
12,throughput256.FP64.div,8,1,nearest_even,1048576,2.978078842,2.973896980
12,exact_results.FP64.div,0,0,nearest_even,1048576,2.736793518,2.732480049
12,exact_results.FP64.div,0,1,toward_zero,1048576,2.724869728,2.719494820
12,exact_results.FP64.div,1,0,toward_zero,1048576,2.706400871,2.702335358
12,exact_results.FP64.div,1,1,nearest_even,1048576,2.713270187,2.708029747
12,exact_results.FP64.div,2,0,nearest_even,1048576,2.712038040,2.707293510
12,exact_results.FP64.div,2,1,toward_zero,1048576,2.703791618,2.698644638
12,exact_results.FP64.div,3,0,toward_zero,1048576,2.702989578,2.697127342
12,exact_results.FP64.div,3,1,nearest_even,1048576,2.712228775,2.707370758
12,exact_results.FP64.div,4,0,nearest_even,1048576,2.710041046,2.706320763
12,exact_results.FP64.div,4,1,toward_zero,1048576,2.697839737,2.692759514
12,exact_results.FP64.div,5,0,toward_zero,1048576,2.707479477,2.698522568
12,exact_results.FP64.div,5,1,nearest_even,1048576,2.712381363,2.707093239
12,exact_results.FP64.div,6,0,nearest_even,1048576,2.703237534,2.698360443
12,exact_results.FP64.div,6,1,toward_zero,1048576,2.706371307,2.701274872
12,exact_results.FP64.div,7,0,toward_zero,1048576,2.727144241,2.712271690
12,exact_results.FP64.div,7,1,nearest_even,1048576,2.710739136,2.706107140
12,exact_results.FP64.div,8,0,nearest_even,1048576,2.713470459,2.706318855
12,exact_results.FP64.div,8,1,toward_zero,1048576,2.698345184,2.693649292
12,halfway_ties.FP64.div,0,0,nearest_even,1048576,3.010965347,3.006144524
12,halfway_ties.FP64.div,0,1,toward_zero,1048576,2.717197418,2.713007927
12,halfway_ties.FP64.div,1,0,toward_zero,1048576,2.712658882,2.706625938
12,halfway_ties.FP64.div,1,1,nearest_even,1048576,2.988702774,2.981770515
12,halfway_ties.FP64.div,2,0,nearest_even,1048576,2.991129875,2.985516548
12,halfway_ties.FP64.div,2,1,toward_zero,1048576,2.709649086,2.701446533
12,halfway_ties.FP64.div,3,0,toward_zero,1048576,2.701824188,2.698513031
12,halfway_ties.FP64.div,3,1,nearest_even,1048576,2.985148430,2.979180336
12,halfway_ties.FP64.div,4,0,nearest_even,1048576,2.987661362,2.983268738
12,halfway_ties.FP64.div,4,1,toward_zero,1048576,2.725395203,2.720165253
12,halfway_ties.FP64.div,5,0,toward_zero,1048576,2.715324402,2.712289810
12,halfway_ties.FP64.div,5,1,nearest_even,1048576,2.984068871,2.978466034
12,halfway_ties.FP64.div,6,0,nearest_even,1048576,2.987011909,2.982447624
12,halfway_ties.FP64.div,6,1,toward_zero,1048576,2.705378532,2.703022003
12,halfway_ties.FP64.div,7,0,toward_zero,1048576,2.724267960,2.716102600
12,halfway_ties.FP64.div,7,1,nearest_even,1048576,2.985311508,2.979304314
12,halfway_ties.FP64.div,8,0,nearest_even,1048576,2.986907005,2.981148720
12,halfway_ties.FP64.div,8,1,toward_zero,1048576,2.745067596,2.739788055
12,exact_chain.FP64.div,0,0,nearest_even,1048576,3.792662621,3.783157349
12,exact_chain.FP64.div,0,1,toward_zero,1048576,3.766845703,3.760913849
12,exact_chain.FP64.div,1,0,toward_zero,1048576,3.768460274,3.761603355
12,exact_chain.FP64.div,1,1,nearest_even,1048576,3.786012650,3.779973984
12,exact_chain.FP64.div,2,0,nearest_even,1048576,3.788792610,3.782258034
12,exact_chain.FP64.div,2,1,toward_zero,1048576,3.764102936,3.759413719
12,exact_chain.FP64.div,3,0,toward_zero,1048576,3.764303207,3.758506775
12,exact_chain.FP64.div,3,1,nearest_even,1048576,3.789729118,3.780559540
12,exact_chain.FP64.div,4,0,nearest_even,1048576,3.785658836,3.780156136
12,exact_chain.FP64.div,4,1,toward_zero,1048576,3.765679359,3.759012222
12,exact_chain.FP64.div,5,0,toward_zero,1048576,3.766309738,3.757321358
12,exact_chain.FP64.div,5,1,nearest_even,1048576,3.785763741,3.779544830
12,exact_chain.FP64.div,6,0,nearest_even,1048576,3.788783073,3.780892372
12,exact_chain.FP64.div,6,1,toward_zero,1048576,3.767877579,3.759310722
12,exact_chain.FP64.div,7,0,toward_zero,1048576,3.763071060,3.758868217
12,exact_chain.FP64.div,7,1,nearest_even,1048576,3.785047531,3.779076576
12,exact_chain.FP64.div,8,0,nearest_even,1048576,3.789089203,3.780061722
12,exact_chain.FP64.div,8,1,toward_zero,1048576,3.763731003,3.757358551
12,inexact_chain.FP64.div,0,0,nearest_even,1048576,4.913129807,4.896323204
12,inexact_chain.FP64.div,0,1,toward_zero,1048576,3.766339302,3.756774902
12,inexact_chain.FP64.div,1,0,toward_zero,1048576,3.761886597,3.755640030
12,inexact_chain.FP64.div,1,1,nearest_even,1048576,4.903661728,4.895051956
12,inexact_chain.FP64.div,2,0,nearest_even,1048576,4.905418396,4.897432327
12,inexact_chain.FP64.div,2,1,toward_zero,1048576,3.767657280,3.761048317
12,inexact_chain.FP64.div,3,0,toward_zero,1048576,3.768279076,3.759126663
12,inexact_chain.FP64.div,3,1,nearest_even,1048576,4.903317451,4.894775391
12,inexact_chain.FP64.div,4,0,nearest_even,1048576,4.901396751,4.893495560
12,inexact_chain.FP64.div,4,1,toward_zero,1048576,3.763834953,3.754550934
12,inexact_chain.FP64.div,5,0,toward_zero,1048576,3.763300896,3.756803513
12,inexact_chain.FP64.div,5,1,nearest_even,1048576,4.900880814,4.893553734
12,inexact_chain.FP64.div,6,0,nearest_even,1048576,4.905247688,4.895988464
12,inexact_chain.FP64.div,6,1,toward_zero,1048576,3.767074585,3.759708405
12,inexact_chain.FP64.div,7,0,toward_zero,1048576,3.767801285,3.760835648
12,inexact_chain.FP64.div,7,1,nearest_even,1048576,4.911477089,4.898949623
12,inexact_chain.FP64.div,8,0,nearest_even,1048576,4.906250954,4.897315979
12,inexact_chain.FP64.div,8,1,toward_zero,1048576,3.772119522,3.760533333
12,throughput4096.FP64.mul_div,0,0,toward_zero,1048576,2.641944885,2.636380196
12,throughput4096.FP64.mul_div,0,1,nearest_even,1048576,3.025966644,3.022635460
12,throughput4096.FP64.mul_div,1,0,nearest_even,1048576,3.022220612,3.017724991
12,throughput4096.FP64.mul_div,1,1,toward_zero,1048576,2.650277138,2.644931793
12,throughput4096.FP64.mul_div,2,0,toward_zero,1048576,2.652101517,2.647136688
12,throughput4096.FP64.mul_div,2,1,nearest_even,1048576,3.025517464,3.020858765
12,throughput4096.FP64.mul_div,3,0,nearest_even,1048576,3.020261765,3.014542580
12,throughput4096.FP64.mul_div,3,1,toward_zero,1048576,2.647915840,2.642855644
12,throughput4096.FP64.mul_div,4,0,toward_zero,1048576,2.652139664,2.646821022
12,throughput4096.FP64.mul_div,4,1,nearest_even,1048576,3.025106430,3.019929886
12,throughput4096.FP64.mul_div,5,0,nearest_even,1048576,3.021418571,3.016453743
12,throughput4096.FP64.mul_div,5,1,toward_zero,1048576,2.648824692,2.643525124
12,throughput4096.FP64.mul_div,6,0,toward_zero,1048576,2.651700020,2.648025513
12,throughput4096.FP64.mul_div,6,1,nearest_even,1048576,3.024093628,3.018325806
12,throughput4096.FP64.mul_div,7,0,nearest_even,1048576,3.023109436,3.013893127
12,throughput4096.FP64.mul_div,7,1,toward_zero,1048576,2.646923065,2.642043114
12,throughput4096.FP64.mul_div,8,0,toward_zero,1048576,2.651709557,2.648407936
12,throughput4096.FP64.mul_div,8,1,nearest_even,1048576,3.034030914,3.023533821
12,throughput256.FP64.mul_div,0,0,nearest_even,1048576,3.007745743,3.002951622
12,throughput256.FP64.mul_div,0,1,toward_zero,1048576,2.636460304,2.631563187
12,throughput256.FP64.mul_div,1,0,toward_zero,1048576,2.634196281,2.631124496
12,throughput256.FP64.mul_div,1,1,nearest_even,1048576,3.012331963,3.008236885
12,throughput256.FP64.mul_div,2,0,nearest_even,1048576,3.015685081,3.004968643
12,throughput256.FP64.mul_div,2,1,toward_zero,1048576,2.640597343,2.636396408
12,throughput256.FP64.mul_div,3,0,toward_zero,1048576,2.632637978,2.628629684
12,throughput256.FP64.mul_div,3,1,nearest_even,1048576,3.012990952,3.008301735
12,throughput256.FP64.mul_div,4,0,nearest_even,1048576,3.011194229,3.006402969
12,throughput256.FP64.mul_div,4,1,toward_zero,1048576,2.637062073,2.631754875
12,throughput256.FP64.mul_div,5,0,toward_zero,1048576,2.646416664,2.641318321
12,throughput256.FP64.mul_div,5,1,nearest_even,1048576,3.014195442,3.009716988
12,throughput256.FP64.mul_div,6,0,nearest_even,1048576,3.008777618,3.003974915
12,throughput256.FP64.mul_div,6,1,toward_zero,1048576,2.639241219,2.634371758
12,throughput256.FP64.mul_div,7,0,toward_zero,1048576,2.644113541,2.638700485
12,throughput256.FP64.mul_div,7,1,nearest_even,1048576,3.016153336,3.011714935
12,throughput256.FP64.mul_div,8,0,nearest_even,1048576,3.016010284,3.007203102
12,throughput256.FP64.mul_div,8,1,toward_zero,1048576,2.635666847,2.630722046
12,exact_results.FP64.mul_div,0,0,toward_zero,1048576,2.691992760,2.688529015
12,exact_results.FP64.mul_div,0,1,nearest_even,1048576,2.686727524,2.681028366
12,exact_results.FP64.mul_div,1,0,nearest_even,1048576,2.680277824,2.675925255
12,exact_results.FP64.mul_div,1,1,toward_zero,1048576,2.678253174,2.673747063
12,exact_results.FP64.mul_div,2,0,toward_zero,1048576,2.674774170,2.669924736
12,exact_results.FP64.mul_div,2,1,nearest_even,1048576,2.673724174,2.670754433
12,exact_results.FP64.mul_div,3,0,nearest_even,1048576,2.675204277,2.668148041
12,exact_results.FP64.mul_div,3,1,toward_zero,1048576,2.675499916,2.671109200
12,exact_results.FP64.mul_div,4,0,toward_zero,1048576,2.683058739,2.670441628
12,exact_results.FP64.mul_div,4,1,nearest_even,1048576,2.670857430,2.666268349
12,exact_results.FP64.mul_div,5,0,nearest_even,1048576,2.673102379,2.667556763
12,exact_results.FP64.mul_div,5,1,toward_zero,1048576,2.669710159,2.666018486
12,exact_results.FP64.mul_div,6,0,toward_zero,1048576,2.674335480,2.669474602
12,exact_results.FP64.mul_div,6,1,nearest_even,1048576,2.679867744,2.672149658
12,exact_results.FP64.mul_div,7,0,nearest_even,1048576,2.685915947,2.673641205
12,exact_results.FP64.mul_div,7,1,toward_zero,1048576,2.676848412,2.671175003
12,exact_results.FP64.mul_div,8,0,toward_zero,1048576,2.673991203,2.669457436
12,exact_results.FP64.mul_div,8,1,nearest_even,1048576,2.675291061,2.670326233
12,halfway_ties.FP64.mul_div,0,0,toward_zero,1048576,2.698555946,2.692563057
12,halfway_ties.FP64.mul_div,0,1,nearest_even,1048576,3.044616699,3.037538528
12,halfway_ties.FP64.mul_div,1,0,nearest_even,1048576,3.037326813,3.030508995
12,halfway_ties.FP64.mul_div,1,1,toward_zero,1048576,2.675845146,2.671100616
12,halfway_ties.FP64.mul_div,2,0,toward_zero,1048576,2.679820061,2.674203873
12,halfway_ties.FP64.mul_div,2,1,nearest_even,1048576,3.032740593,3.027277946
12,halfway_ties.FP64.mul_div,3,0,nearest_even,1048576,3.034880638,3.026397705
12,halfway_ties.FP64.mul_div,3,1,toward_zero,1048576,2.677326202,2.672114372
12,halfway_ties.FP64.mul_div,4,0,toward_zero,1048576,2.677993774,2.671885490
12,halfway_ties.FP64.mul_div,4,1,nearest_even,1048576,3.033399582,3.027794838
12,halfway_ties.FP64.mul_div,5,0,nearest_even,1048576,3.032769203,3.024106979
12,halfway_ties.FP64.mul_div,5,1,toward_zero,1048576,2.678462982,2.672790527
12,halfway_ties.FP64.mul_div,6,0,toward_zero,1048576,2.675796509,2.671730995
12,halfway_ties.FP64.mul_div,6,1,nearest_even,1048576,3.033075333,3.028014183
12,halfway_ties.FP64.mul_div,7,0,nearest_even,1048576,3.034794807,3.025627136
12,halfway_ties.FP64.mul_div,7,1,toward_zero,1048576,2.676456451,2.670985222
12,halfway_ties.FP64.mul_div,8,0,toward_zero,1048576,2.676350594,2.671808243
12,halfway_ties.FP64.mul_div,8,1,nearest_even,1048576,3.030505180,3.022283554
12,exact_chain.FP64.mul_div,0,0,nearest_even,1048576,3.761600494,3.753078461
12,exact_chain.FP64.mul_div,0,1,toward_zero,1048576,3.734999657,3.728513718
12,exact_chain.FP64.mul_div,1,0,toward_zero,1048576,3.738668442,3.731307030
12,exact_chain.FP64.mul_div,1,1,nearest_even,1048576,3.754185677,3.744359016
12,exact_chain.FP64.mul_div,2,0,nearest_even,1048576,3.754147530,3.746112823
12,exact_chain.FP64.mul_div,2,1,toward_zero,1048576,3.739423752,3.730167389
12,exact_chain.FP64.mul_div,3,0,toward_zero,1048576,3.739461899,3.727636337
12,exact_chain.FP64.mul_div,3,1,nearest_even,1048576,3.749961853,3.741529465
12,exact_chain.FP64.mul_div,4,0,nearest_even,1048576,3.747879028,3.741633415
12,exact_chain.FP64.mul_div,4,1,toward_zero,1048576,3.738267899,3.725801468
12,exact_chain.FP64.mul_div,5,0,toward_zero,1048576,3.732219696,3.725887299
12,exact_chain.FP64.mul_div,5,1,nearest_even,1048576,3.747029305,3.740879059
12,exact_chain.FP64.mul_div,6,0,nearest_even,1048576,3.752303123,3.743198395
12,exact_chain.FP64.mul_div,6,1,toward_zero,1048576,3.745787621,3.729462624
12,exact_chain.FP64.mul_div,7,0,toward_zero,1048576,3.735658646,3.727892876
12,exact_chain.FP64.mul_div,7,1,nearest_even,1048576,3.755131721,3.743725777
12,exact_chain.FP64.mul_div,8,0,nearest_even,1048576,3.751347542,3.745015144
12,exact_chain.FP64.mul_div,8,1,toward_zero,1048576,3.736069679,3.727511406
12,inexact_chain.FP64.mul_div,0,0,toward_zero,1048576,3.735888481,3.729146957
12,inexact_chain.FP64.mul_div,0,1,nearest_even,1048576,5.136318207,5.128196716
12,inexact_chain.FP64.mul_div,1,0,nearest_even,1048576,5.159544945,5.144400597
12,inexact_chain.FP64.mul_div,1,1,toward_zero,1048576,3.741497040,3.725247383
12,inexact_chain.FP64.mul_div,2,0,toward_zero,1048576,3.736347198,3.728369713
12,inexact_chain.FP64.mul_div,2,1,nearest_even,1048576,5.162354469,5.149742126
12,inexact_chain.FP64.mul_div,3,0,nearest_even,1048576,5.156477928,5.142117500
12,inexact_chain.FP64.mul_div,3,1,toward_zero,1048576,3.733815193,3.725647926
12,inexact_chain.FP64.mul_div,4,0,toward_zero,1048576,3.733461380,3.726966858
12,inexact_chain.FP64.mul_div,4,1,nearest_even,1048576,5.152082443,5.139308929
12,inexact_chain.FP64.mul_div,5,0,nearest_even,1048576,5.153172493,5.145066261
12,inexact_chain.FP64.mul_div,5,1,toward_zero,1048576,3.735936165,3.725046158
12,inexact_chain.FP64.mul_div,6,0,toward_zero,1048576,3.733041763,3.727340698
12,inexact_chain.FP64.mul_div,6,1,nearest_even,1048576,5.152225494,5.143117905
12,inexact_chain.FP64.mul_div,7,0,nearest_even,1048576,5.163748741,5.149223328
12,inexact_chain.FP64.mul_div,7,1,toward_zero,1048576,3.730413437,3.724568367
12,inexact_chain.FP64.mul_div,8,0,toward_zero,1048576,3.740531921,3.727871895
12,inexact_chain.FP64.mul_div,8,1,nearest_even,1048576,5.148137093,5.138818741
12,throughput4096.FP128.mul,0,0,toward_zero,1048576,2.573026657,2.569993973
12,throughput4096.FP128.mul,0,1,nearest_even,1048576,2.685600281,2.680272102
12,throughput4096.FP128.mul,1,0,nearest_even,1048576,2.692259789,2.686376572
12,throughput4096.FP128.mul,1,1,toward_zero,1048576,2.589976311,2.585196495
12,throughput4096.FP128.mul,2,0,toward_zero,1048576,2.581540108,2.578429222
12,throughput4096.FP128.mul,2,1,nearest_even,1048576,2.684119225,2.678361893
12,throughput4096.FP128.mul,3,0,nearest_even,1048576,2.690434456,2.681620598
12,throughput4096.FP128.mul,3,1,toward_zero,1048576,2.587407112,2.582861900
12,throughput4096.FP128.mul,4,0,toward_zero,1048576,2.590225220,2.584812164
12,throughput4096.FP128.mul,4,1,nearest_even,1048576,2.684395790,2.680348396
12,throughput4096.FP128.mul,5,0,nearest_even,1048576,2.689651489,2.684390068
12,throughput4096.FP128.mul,5,1,toward_zero,1048576,2.594409943,2.588119507
12,throughput4096.FP128.mul,6,0,toward_zero,1048576,2.591190338,2.586446762
12,throughput4096.FP128.mul,6,1,nearest_even,1048576,2.684473038,2.681926727
12,throughput4096.FP128.mul,7,0,nearest_even,1048576,2.688973427,2.681248665
12,throughput4096.FP128.mul,7,1,toward_zero,1048576,2.589671135,2.585662842
12,throughput4096.FP128.mul,8,0,toward_zero,1048576,2.592184067,2.587171555
12,throughput4096.FP128.mul,8,1,nearest_even,1048576,2.684272766,2.680692673
12,throughput256.FP128.mul,0,0,nearest_even,1048576,2.690243721,2.684057236
12,throughput256.FP128.mul,0,1,toward_zero,1048576,2.588696480,2.584831238
12,throughput256.FP128.mul,1,0,toward_zero,1048576,2.586661339,2.581706047
12,throughput256.FP128.mul,1,1,nearest_even,1048576,2.681328773,2.676650047
12,throughput256.FP128.mul,2,0,nearest_even,1048576,2.685217857,2.679565430
12,throughput256.FP128.mul,2,1,toward_zero,1048576,2.588285446,2.581965446
12,throughput256.FP128.mul,3,0,toward_zero,1048576,2.593425751,2.587852478
12,throughput256.FP128.mul,3,1,nearest_even,1048576,2.681471825,2.675656319
12,throughput256.FP128.mul,4,0,nearest_even,1048576,2.688236237,2.679804802
12,throughput256.FP128.mul,4,1,toward_zero,1048576,2.581243515,2.578208923
12,throughput256.FP128.mul,5,0,toward_zero,1048576,2.574039459,2.569400787
12,throughput256.FP128.mul,5,1,nearest_even,1048576,2.677927017,2.672859192
12,throughput256.FP128.mul,6,0,nearest_even,1048576,2.685551643,2.678210258
12,throughput256.FP128.mul,6,1,toward_zero,1048576,2.579275131,2.575829506
12,throughput256.FP128.mul,7,0,toward_zero,1048576,2.583374977,2.578448296
12,throughput256.FP128.mul,7,1,nearest_even,1048576,2.677010536,2.673450470
12,throughput256.FP128.mul,8,0,nearest_even,1048576,2.689421654,2.678713799
12,throughput256.FP128.mul,8,1,toward_zero,1048576,2.585428238,2.582069397
12,exact_results.FP128.mul,0,0,nearest_even,1048576,2.654403687,2.650215149
12,exact_results.FP128.mul,0,1,toward_zero,1048576,2.564944267,2.562051773
12,exact_results.FP128.mul,1,0,toward_zero,1048576,2.562201500,2.557399750
12,exact_results.FP128.mul,1,1,nearest_even,1048576,2.639794350,2.631725311
12,exact_results.FP128.mul,2,0,nearest_even,1048576,2.633002281,2.628582001
12,exact_results.FP128.mul,2,1,toward_zero,1048576,2.554509163,2.551371574
12,exact_results.FP128.mul,3,0,toward_zero,1048576,2.559171677,2.554131508
12,exact_results.FP128.mul,3,1,nearest_even,1048576,2.635037422,2.629787445
12,exact_results.FP128.mul,4,0,nearest_even,1048576,2.632704735,2.626269341
12,exact_results.FP128.mul,4,1,toward_zero,1048576,2.556716919,2.551572800
12,exact_results.FP128.mul,5,0,toward_zero,1048576,2.561093330,2.556626320
12,exact_results.FP128.mul,5,1,nearest_even,1048576,2.628559113,2.622848511
12,exact_results.FP128.mul,6,0,nearest_even,1048576,2.623571396,2.620555878
12,exact_results.FP128.mul,6,1,toward_zero,1048576,2.560949326,2.555920601
12,exact_results.FP128.mul,7,0,toward_zero,1048576,2.559974670,2.554973602
12,exact_results.FP128.mul,7,1,nearest_even,1048576,2.629561424,2.626214027
12,exact_results.FP128.mul,8,0,nearest_even,1048576,2.624507904,2.619647980
12,exact_results.FP128.mul,8,1,toward_zero,1048576,2.569940567,2.565416336
12,halfway_ties.FP128.mul,0,0,toward_zero,1048576,2.569864273,2.567231178
12,halfway_ties.FP128.mul,0,1,nearest_even,1048576,2.690596581,2.685908318
12,halfway_ties.FP128.mul,1,0,nearest_even,1048576,2.691476822,2.687104225
12,halfway_ties.FP128.mul,1,1,toward_zero,1048576,2.566252708,2.558480263
12,halfway_ties.FP128.mul,2,0,toward_zero,1048576,2.562095642,2.558057785
12,halfway_ties.FP128.mul,2,1,nearest_even,1048576,2.685954094,2.680999756
12,halfway_ties.FP128.mul,3,0,nearest_even,1048576,2.687788010,2.683930397
12,halfway_ties.FP128.mul,3,1,toward_zero,1048576,2.568116188,2.559521675
12,halfway_ties.FP128.mul,4,0,toward_zero,1048576,2.562812805,2.559108734
12,halfway_ties.FP128.mul,4,1,nearest_even,1048576,2.690348625,2.684219360
12,halfway_ties.FP128.mul,5,0,nearest_even,1048576,2.690463066,2.685115814
12,halfway_ties.FP128.mul,5,1,toward_zero,1048576,2.561877251,2.558794022
12,halfway_ties.FP128.mul,6,0,toward_zero,1048576,2.560385704,2.557292938
12,halfway_ties.FP128.mul,6,1,nearest_even,1048576,2.685762405,2.680550575
12,halfway_ties.FP128.mul,7,0,nearest_even,1048576,2.691447258,2.686930656
12,halfway_ties.FP128.mul,7,1,toward_zero,1048576,2.569854736,2.560944557
12,halfway_ties.FP128.mul,8,0,toward_zero,1048576,2.560501099,2.556339264
12,halfway_ties.FP128.mul,8,1,nearest_even,1048576,2.688934326,2.684017181
12,exact_chain.FP128.mul,0,0,nearest_even,1048576,3.762976646,3.757350922
12,exact_chain.FP128.mul,0,1,toward_zero,1048576,3.717705727,3.712224007
12,exact_chain.FP128.mul,1,0,toward_zero,1048576,3.696657181,3.689629555
12,exact_chain.FP128.mul,1,1,nearest_even,1048576,3.761580467,3.752742767
12,exact_chain.FP128.mul,2,0,nearest_even,1048576,3.763988495,3.757713318
12,exact_chain.FP128.mul,2,1,toward_zero,1048576,3.698233604,3.691757202
12,exact_chain.FP128.mul,3,0,toward_zero,1048576,3.718508720,3.711450577
12,exact_chain.FP128.mul,3,1,nearest_even,1048576,3.764313698,3.755248070
12,exact_chain.FP128.mul,4,0,nearest_even,1048576,3.754501343,3.747891426
12,exact_chain.FP128.mul,4,1,toward_zero,1048576,3.673362732,3.666810036
12,exact_chain.FP128.mul,5,0,toward_zero,1048576,3.725521088,3.718471527
12,exact_chain.FP128.mul,5,1,nearest_even,1048576,3.760635376,3.753653526
12,exact_chain.FP128.mul,6,0,nearest_even,1048576,3.760042191,3.754120827
12,exact_chain.FP128.mul,6,1,toward_zero,1048576,3.733691216,3.729622841
12,exact_chain.FP128.mul,7,0,toward_zero,1048576,3.759278297,3.753545761
12,exact_chain.FP128.mul,7,1,nearest_even,1048576,3.761495590,3.754558563
12,exact_chain.FP128.mul,8,0,nearest_even,1048576,3.760855675,3.754005432
12,exact_chain.FP128.mul,8,1,toward_zero,1048576,3.688037872,3.681838989
12,inexact_chain.FP128.mul,0,0,nearest_even,1048576,4.819111824,4.811351776
12,inexact_chain.FP128.mul,0,1,toward_zero,1048576,3.718021393,3.712959290
12,inexact_chain.FP128.mul,1,0,toward_zero,1048576,3.676955223,3.670316696
12,inexact_chain.FP128.mul,1,1,nearest_even,1048576,4.830844879,4.817077637
12,inexact_chain.FP128.mul,2,0,nearest_even,1048576,4.828398705,4.817872047
12,inexact_chain.FP128.mul,2,1,toward_zero,1048576,3.702408791,3.695732117
12,inexact_chain.FP128.mul,3,0,toward_zero,1048576,3.702857971,3.694368362
12,inexact_chain.FP128.mul,3,1,nearest_even,1048576,4.828169823,4.815948486
12,inexact_chain.FP128.mul,4,0,nearest_even,1048576,4.825551033,4.817515373
12,inexact_chain.FP128.mul,4,1,toward_zero,1048576,3.700507164,3.690887451
12,inexact_chain.FP128.mul,5,0,toward_zero,1048576,3.677250862,3.667155266
12,inexact_chain.FP128.mul,5,1,nearest_even,1048576,4.824366570,4.816265106
12,inexact_chain.FP128.mul,6,0,nearest_even,1048576,4.829440117,4.817920685
12,inexact_chain.FP128.mul,6,1,toward_zero,1048576,3.698787689,3.688441277
12,inexact_chain.FP128.mul,7,0,toward_zero,1048576,3.697268486,3.690984726
12,inexact_chain.FP128.mul,7,1,nearest_even,1048576,4.830576897,4.819950104
12,inexact_chain.FP128.mul,8,0,nearest_even,1048576,4.830405235,4.822170258
12,inexact_chain.FP128.mul,8,1,toward_zero,1048576,3.677747726,3.671244621
12,throughput4096.FP128.div,0,0,toward_zero,1048576,2.312995911,2.309226990
12,throughput4096.FP128.div,0,1,nearest_even,1048576,3.438651085,3.431584358
12,throughput4096.FP128.div,1,0,nearest_even,1048576,3.375170708,3.370882988
12,throughput4096.FP128.div,1,1,toward_zero,1048576,2.332812309,2.327515602
12,throughput4096.FP128.div,2,0,toward_zero,1048576,2.379152298,2.371724129
12,throughput4096.FP128.div,2,1,nearest_even,1048576,3.431886673,3.424850464
12,throughput4096.FP128.div,3,0,nearest_even,1048576,3.378353119,3.373730659
12,throughput4096.FP128.div,3,1,toward_zero,1048576,2.340580940,2.335281372
12,throughput4096.FP128.div,4,0,toward_zero,1048576,2.378837585,2.371942520
12,throughput4096.FP128.div,4,1,nearest_even,1048576,3.440830231,3.433352470
12,throughput4096.FP128.div,5,0,nearest_even,1048576,3.407370567,3.394769669
12,throughput4096.FP128.div,5,1,toward_zero,1048576,2.336395264,2.333554268
12,throughput4096.FP128.div,6,0,toward_zero,1048576,2.394966125,2.379847527
12,throughput4096.FP128.div,6,1,nearest_even,1048576,3.434524536,3.426291466
12,throughput4096.FP128.div,7,0,nearest_even,1048576,3.407226562,3.400273323
12,throughput4096.FP128.div,7,1,toward_zero,1048576,2.338879585,2.335799217
12,throughput4096.FP128.div,8,0,toward_zero,1048576,2.383118629,2.375267029
12,throughput4096.FP128.div,8,1,nearest_even,1048576,3.433740616,3.428697586
12,throughput256.FP128.div,0,0,nearest_even,1048576,3.371912956,3.362713814
12,throughput256.FP128.div,0,1,toward_zero,1048576,2.343638420,2.340633392
12,throughput256.FP128.div,1,0,toward_zero,1048576,2.381598473,2.373522758
12,throughput256.FP128.div,1,1,nearest_even,1048576,3.432336807,3.426528931
12,throughput256.FP128.div,2,0,nearest_even,1048576,3.396181107,3.388881683
12,throughput256.FP128.div,2,1,toward_zero,1048576,2.347556114,2.340995789
12,throughput256.FP128.div,3,0,toward_zero,1048576,2.384398460,2.376415253
12,throughput256.FP128.div,3,1,nearest_even,1048576,3.431400299,3.424381256
12,throughput256.FP128.div,4,0,nearest_even,1048576,3.395379066,3.390564919
12,throughput256.FP128.div,4,1,toward_zero,1048576,2.353555679,2.344913483
12,throughput256.FP128.div,5,0,toward_zero,1048576,2.431885719,2.427120209
12,throughput256.FP128.div,5,1,nearest_even,1048576,3.415615082,3.409655571
12,throughput256.FP128.div,6,0,nearest_even,1048576,3.387887955,3.383132935
12,throughput256.FP128.div,6,1,toward_zero,1048576,2.348912239,2.343480110
12,throughput256.FP128.div,7,0,toward_zero,1048576,2.376334190,2.372431755
12,throughput256.FP128.div,7,1,nearest_even,1048576,3.437190056,3.430150032
12,throughput256.FP128.div,8,0,nearest_even,1048576,3.389731407,3.384900093
12,throughput256.FP128.div,8,1,toward_zero,1048576,2.347030640,2.339507103
12,exact_results.FP128.div,0,0,nearest_even,1048576,2.465163231,2.459158897
12,exact_results.FP128.div,0,1,toward_zero,1048576,2.448071480,2.442608833
12,exact_results.FP128.div,1,0,toward_zero,1048576,2.459096909,2.455078125
12,exact_results.FP128.div,1,1,nearest_even,1048576,2.456871033,2.448073387
12,exact_results.FP128.div,2,0,nearest_even,1048576,2.429878235,2.426767349
12,exact_results.FP128.div,2,1,toward_zero,1048576,2.435334206,2.430639267
12,exact_results.FP128.div,3,0,toward_zero,1048576,2.459220886,2.456444740
12,exact_results.FP128.div,3,1,nearest_even,1048576,2.461543083,2.454533577
12,exact_results.FP128.div,4,0,nearest_even,1048576,2.435716629,2.431796074
12,exact_results.FP128.div,4,1,toward_zero,1048576,2.439385414,2.436304092
12,exact_results.FP128.div,5,0,toward_zero,1048576,2.458371162,2.452594757
12,exact_results.FP128.div,5,1,nearest_even,1048576,2.450612068,2.447731972
12,exact_results.FP128.div,6,0,nearest_even,1048576,2.441238403,2.432044983
12,exact_results.FP128.div,6,1,toward_zero,1048576,2.442395210,2.438787460
12,exact_results.FP128.div,7,0,toward_zero,1048576,2.461972237,2.454092979
12,exact_results.FP128.div,7,1,nearest_even,1048576,2.456392288,2.450397491
12,exact_results.FP128.div,8,0,nearest_even,1048576,2.436289787,2.432777405
12,exact_results.FP128.div,8,1,toward_zero,1048576,2.437742233,2.429195404
12,halfway_ties.FP128.div,0,0,toward_zero,1048576,2.470629692,2.465035439
12,halfway_ties.FP128.div,0,1,nearest_even,1048576,3.442597389,3.437597275
12,halfway_ties.FP128.div,1,0,nearest_even,1048576,3.404503822,3.396862984
12,halfway_ties.FP128.div,1,1,toward_zero,1048576,2.423935890,2.419554710
12,halfway_ties.FP128.div,2,0,toward_zero,1048576,2.463864326,2.458174706
12,halfway_ties.FP128.div,2,1,nearest_even,1048576,3.440179825,3.433597565
12,halfway_ties.FP128.div,3,0,nearest_even,1048576,3.407781601,3.393223763
12,halfway_ties.FP128.div,3,1,toward_zero,1048576,2.416674614,2.411614418
12,halfway_ties.FP128.div,4,0,toward_zero,1048576,2.463338852,2.459091187
12,halfway_ties.FP128.div,4,1,nearest_even,1048576,3.440047264,3.435111046
12,halfway_ties.FP128.div,5,0,nearest_even,1048576,3.393180847,3.383352280
12,halfway_ties.FP128.div,5,1,toward_zero,1048576,2.419932365,2.416841507
12,halfway_ties.FP128.div,6,0,toward_zero,1048576,2.466300964,2.460430145
12,halfway_ties.FP128.div,6,1,nearest_even,1048576,3.436167717,3.431325912
12,halfway_ties.FP128.div,7,0,nearest_even,1048576,3.398684502,3.389265060
12,halfway_ties.FP128.div,7,1,toward_zero,1048576,2.421356201,2.416400909
12,halfway_ties.FP128.div,8,0,toward_zero,1048576,2.464667320,2.460848808
12,halfway_ties.FP128.div,8,1,nearest_even,1048576,3.451149940,3.440784454
12,exact_chain.FP128.div,0,0,nearest_even,1048576,4.076885223,4.064827919
12,exact_chain.FP128.div,0,1,toward_zero,1048576,3.999855995,3.993206024
12,exact_chain.FP128.div,1,0,toward_zero,1048576,4.003744125,3.996456146
12,exact_chain.FP128.div,1,1,nearest_even,1048576,4.025309563,4.015058517
12,exact_chain.FP128.div,2,0,nearest_even,1048576,4.023828506,4.016911507
12,exact_chain.FP128.div,2,1,toward_zero,1048576,3.995440483,3.979649544
12,exact_chain.FP128.div,3,0,toward_zero,1048576,3.993969917,3.986911774
12,exact_chain.FP128.div,3,1,nearest_even,1048576,4.011321068,4.004489899
12,exact_chain.FP128.div,4,0,nearest_even,1048576,4.027324677,4.020943642
12,exact_chain.FP128.div,4,1,toward_zero,1048576,3.987081528,3.976257324
12,exact_chain.FP128.div,5,0,toward_zero,1048576,3.993243217,3.984092712
12,exact_chain.FP128.div,5,1,nearest_even,1048576,4.012592316,4.001986504
12,exact_chain.FP128.div,6,0,nearest_even,1048576,4.002253532,3.995407104
12,exact_chain.FP128.div,6,1,toward_zero,1048576,3.981395721,3.973746300
12,exact_chain.FP128.div,7,0,toward_zero,1048576,4.002321243,3.990609169
12,exact_chain.FP128.div,7,1,nearest_even,1048576,4.015878677,4.007664680
12,exact_chain.FP128.div,8,0,nearest_even,1048576,4.012018204,3.999331474
12,exact_chain.FP128.div,8,1,toward_zero,1048576,3.978117943,3.970448494
12,inexact_chain.FP128.div,0,0,nearest_even,1048576,5.407718658,5.400235176
12,inexact_chain.FP128.div,0,1,toward_zero,1048576,3.985981941,3.977021217
12,inexact_chain.FP128.div,1,0,toward_zero,1048576,4.000199318,3.993216515
12,inexact_chain.FP128.div,1,1,nearest_even,1048576,5.383735657,5.375135422
12,inexact_chain.FP128.div,2,0,nearest_even,1048576,5.375308990,5.361660957
12,inexact_chain.FP128.div,2,1,toward_zero,1048576,3.978176117,3.972598076
12,inexact_chain.FP128.div,3,0,toward_zero,1048576,3.996741295,3.988871574
12,inexact_chain.FP128.div,3,1,nearest_even,1048576,5.340062141,5.328605652
12,inexact_chain.FP128.div,4,0,nearest_even,1048576,5.350533485,5.325717926
12,inexact_chain.FP128.div,4,1,toward_zero,1048576,3.978117943,3.972148895
12,inexact_chain.FP128.div,5,0,toward_zero,1048576,3.996253967,3.989539146
12,inexact_chain.FP128.div,5,1,nearest_even,1048576,5.372155190,5.359627724
12,inexact_chain.FP128.div,6,0,nearest_even,1048576,5.372107506,5.361626625
12,inexact_chain.FP128.div,6,1,toward_zero,1048576,3.975376129,3.968992233
12,inexact_chain.FP128.div,7,0,toward_zero,1048576,4.000418663,3.989439964
12,inexact_chain.FP128.div,7,1,nearest_even,1048576,5.386507034,5.376589775
12,inexact_chain.FP128.div,8,0,nearest_even,1048576,5.360547066,5.344944954
12,inexact_chain.FP128.div,8,1,toward_zero,1048576,3.977087021,3.969980240
12,throughput4096.FP128.mul_div,0,0,nearest_even,1048576,4.784581184,4.772683144
12,throughput4096.FP128.mul_div,0,1,toward_zero,1048576,3.506499290,3.500941277
12,throughput4096.FP128.mul_div,1,0,toward_zero,1048576,3.525953293,3.519277573
12,throughput4096.FP128.mul_div,1,1,nearest_even,1048576,4.786416054,4.777655602
12,throughput4096.FP128.mul_div,2,0,nearest_even,1048576,4.759757996,4.751359940
12,throughput4096.FP128.mul_div,2,1,toward_zero,1048576,3.502993584,3.495638847
12,throughput4096.FP128.mul_div,3,0,toward_zero,1048576,3.521500587,3.508913040
12,throughput4096.FP128.mul_div,3,1,nearest_even,1048576,4.780128479,4.772313118
12,throughput4096.FP128.mul_div,4,0,nearest_even,1048576,4.782755852,4.771156311
12,throughput4096.FP128.mul_div,4,1,toward_zero,1048576,3.503328323,3.498913765
12,throughput4096.FP128.mul_div,5,0,toward_zero,1048576,3.522437096,3.516256332
12,throughput4096.FP128.mul_div,5,1,nearest_even,1048576,4.805964470,4.794363976
12,throughput4096.FP128.mul_div,6,0,nearest_even,1048576,4.764420509,4.756060600
12,throughput4096.FP128.mul_div,6,1,toward_zero,1048576,3.497585297,3.483103752
12,throughput4096.FP128.mul_div,7,0,toward_zero,1048576,3.520238876,3.512083054
12,throughput4096.FP128.mul_div,7,1,nearest_even,1048576,4.812557220,4.804473877
12,throughput4096.FP128.mul_div,8,0,nearest_even,1048576,4.787160873,4.776632309
12,throughput4096.FP128.mul_div,8,1,toward_zero,1048576,3.507273674,3.500626564
12,throughput256.FP128.mul_div,0,0,toward_zero,1048576,3.521605492,3.514107704
12,throughput256.FP128.mul_div,0,1,nearest_even,1048576,4.818614960,4.811078072
12,throughput256.FP128.mul_div,1,0,nearest_even,1048576,4.761591911,4.751358986
12,throughput256.FP128.mul_div,1,1,toward_zero,1048576,3.500107765,3.490070343
12,throughput256.FP128.mul_div,2,0,toward_zero,1048576,3.567926407,3.563525200
12,throughput256.FP128.mul_div,2,1,nearest_even,1048576,4.789502144,4.781218529
12,throughput256.FP128.mul_div,3,0,nearest_even,1048576,4.776134491,4.767734528
12,throughput256.FP128.mul_div,3,1,toward_zero,1048576,3.508210182,3.498056412
12,throughput256.FP128.mul_div,4,0,toward_zero,1048576,3.515882492,3.509042740
12,throughput256.FP128.mul_div,4,1,nearest_even,1048576,4.803948402,4.788577080
12,throughput256.FP128.mul_div,5,0,nearest_even,1048576,4.776794434,4.763549805
12,throughput256.FP128.mul_div,5,1,toward_zero,1048576,3.486950874,3.481698990
12,throughput256.FP128.mul_div,6,0,toward_zero,1048576,3.519924164,3.511088371
12,throughput256.FP128.mul_div,6,1,nearest_even,1048576,4.784333229,4.776296616
12,throughput256.FP128.mul_div,7,0,nearest_even,1048576,4.756681442,4.748885155
12,throughput256.FP128.mul_div,7,1,toward_zero,1048576,3.493782997,3.487040520
12,throughput256.FP128.mul_div,8,0,toward_zero,1048576,3.515175819,3.508404732
12,throughput256.FP128.mul_div,8,1,nearest_even,1048576,4.783119202,4.774347305
12,exact_results.FP128.mul_div,0,0,nearest_even,1048576,3.465882301,3.456350327
12,exact_results.FP128.mul_div,0,1,toward_zero,1048576,3.520851135,3.514097214
12,exact_results.FP128.mul_div,1,0,toward_zero,1048576,3.518165588,3.513411522
12,exact_results.FP128.mul_div,1,1,nearest_even,1048576,3.467621803,3.461405754
12,exact_results.FP128.mul_div,2,0,nearest_even,1048576,3.467421532,3.462008476
12,exact_results.FP128.mul_div,2,1,toward_zero,1048576,3.524720192,3.518159866
12,exact_results.FP128.mul_div,3,0,toward_zero,1048576,3.518376350,3.511002541
12,exact_results.FP128.mul_div,3,1,nearest_even,1048576,3.465319633,3.453434944
12,exact_results.FP128.mul_div,4,0,nearest_even,1048576,3.463570595,3.455577850
12,exact_results.FP128.mul_div,4,1,toward_zero,1048576,3.523106575,3.516400337
12,exact_results.FP128.mul_div,5,0,toward_zero,1048576,3.525093079,3.519019127
12,exact_results.FP128.mul_div,5,1,nearest_even,1048576,3.460532188,3.456282616
12,exact_results.FP128.mul_div,6,0,nearest_even,1048576,3.467134476,3.460870743
12,exact_results.FP128.mul_div,6,1,toward_zero,1048576,3.528715134,3.523059845
12,exact_results.FP128.mul_div,7,0,toward_zero,1048576,3.535326004,3.525038719
12,exact_results.FP128.mul_div,7,1,nearest_even,1048576,3.466837883,3.456169128
12,exact_results.FP128.mul_div,8,0,nearest_even,1048576,3.466541290,3.462082863
12,exact_results.FP128.mul_div,8,1,toward_zero,1048576,3.514257431,3.509426117
12,halfway_ties.FP128.mul_div,0,0,toward_zero,1048576,3.542520523,3.536025047
12,halfway_ties.FP128.mul_div,0,1,nearest_even,1048576,4.822388649,4.814535141
12,halfway_ties.FP128.mul_div,1,0,nearest_even,1048576,4.804512024,4.793171883
12,halfway_ties.FP128.mul_div,1,1,toward_zero,1048576,3.506662369,3.501141548
12,halfway_ties.FP128.mul_div,2,0,toward_zero,1048576,3.512452126,3.506185532
12,halfway_ties.FP128.mul_div,2,1,nearest_even,1048576,4.822437286,4.810771942
12,halfway_ties.FP128.mul_div,3,0,nearest_even,1048576,4.796944618,4.786731720
12,halfway_ties.FP128.mul_div,3,1,toward_zero,1048576,3.513255119,3.507057190
12,halfway_ties.FP128.mul_div,4,0,toward_zero,1048576,3.518500328,3.511174202
12,halfway_ties.FP128.mul_div,4,1,nearest_even,1048576,4.807770729,4.796946526
12,halfway_ties.FP128.mul_div,5,0,nearest_even,1048576,4.782880783,4.773641586
12,halfway_ties.FP128.mul_div,5,1,toward_zero,1048576,3.498846054,3.492635727
12,halfway_ties.FP128.mul_div,6,0,toward_zero,1048576,3.517679214,3.511594772
12,halfway_ties.FP128.mul_div,6,1,nearest_even,1048576,4.803174019,4.793660164
12,halfway_ties.FP128.mul_div,7,0,nearest_even,1048576,4.793590546,4.779737473
12,halfway_ties.FP128.mul_div,7,1,toward_zero,1048576,3.501015663,3.494042397
12,halfway_ties.FP128.mul_div,8,0,toward_zero,1048576,3.523105621,3.513831139
12,halfway_ties.FP128.mul_div,8,1,nearest_even,1048576,4.820363998,4.812565804
12,exact_chain.FP128.mul_div,0,0,toward_zero,1048576,3.928730965,3.922035217
12,exact_chain.FP128.mul_div,0,1,nearest_even,1048576,3.920217514,3.914504051
12,exact_chain.FP128.mul_div,1,0,nearest_even,1048576,3.915621758,3.908916473
12,exact_chain.FP128.mul_div,1,1,toward_zero,1048576,3.934930801,3.928617477
12,exact_chain.FP128.mul_div,2,0,toward_zero,1048576,3.945631981,3.935995102
12,exact_chain.FP128.mul_div,2,1,nearest_even,1048576,3.914981842,3.904100418
12,exact_chain.FP128.mul_div,3,0,nearest_even,1048576,3.911273956,3.905083656
12,exact_chain.FP128.mul_div,3,1,toward_zero,1048576,3.934778214,3.926121712
12,exact_chain.FP128.mul_div,4,0,toward_zero,1048576,3.933546066,3.927061081
12,exact_chain.FP128.mul_div,4,1,nearest_even,1048576,3.907643318,3.900964737
12,exact_chain.FP128.mul_div,5,0,nearest_even,1048576,3.910815239,3.904807091
12,exact_chain.FP128.mul_div,5,1,toward_zero,1048576,3.933717728,3.927844048
12,exact_chain.FP128.mul_div,6,0,toward_zero,1048576,3.943329811,3.927901268
12,exact_chain.FP128.mul_div,6,1,nearest_even,1048576,3.905981064,3.899244308
12,exact_chain.FP128.mul_div,7,0,nearest_even,1048576,3.911465645,3.904241562
12,exact_chain.FP128.mul_div,7,1,toward_zero,1048576,3.934433937,3.928368568
12,exact_chain.FP128.mul_div,8,0,toward_zero,1048576,3.933736801,3.927623749
12,exact_chain.FP128.mul_div,8,1,nearest_even,1048576,3.907299042,3.899971962
12,inexact_chain.FP128.mul_div,0,0,toward_zero,1048576,3.919576645,3.910156250
12,inexact_chain.FP128.mul_div,0,1,nearest_even,1048576,5.163730621,5.149986267
12,inexact_chain.FP128.mul_div,1,0,nearest_even,1048576,5.128921509,5.121229172
12,inexact_chain.FP128.mul_div,1,1,toward_zero,1048576,3.917465210,3.910655022
12,inexact_chain.FP128.mul_div,2,0,toward_zero,1048576,3.930803299,3.925502777
12,inexact_chain.FP128.mul_div,2,1,nearest_even,1048576,5.143206596,5.130841255
12,inexact_chain.FP128.mul_div,3,0,nearest_even,1048576,5.126839638,5.119403839
12,inexact_chain.FP128.mul_div,3,1,toward_zero,1048576,3.917006493,3.910608292
12,inexact_chain.FP128.mul_div,4,0,toward_zero,1048576,3.927383423,3.920450211
12,inexact_chain.FP128.mul_div,4,1,nearest_even,1048576,5.150018692,5.139516830
12,inexact_chain.FP128.mul_div,5,0,nearest_even,1048576,5.125472069,5.114455223
12,inexact_chain.FP128.mul_div,5,1,toward_zero,1048576,3.927135468,3.913882256
12,inexact_chain.FP128.mul_div,6,0,toward_zero,1048576,3.929121971,3.921050072
12,inexact_chain.FP128.mul_div,6,1,nearest_even,1048576,5.146159172,5.134036064
12,inexact_chain.FP128.mul_div,7,0,nearest_even,1048576,5.134980202,5.121783257
12,inexact_chain.FP128.mul_div,7,1,toward_zero,1048576,3.920513153,3.913799286
12,inexact_chain.FP128.mul_div,8,0,toward_zero,1048576,3.938189507,3.925532341
12,inexact_chain.FP128.mul_div,8,1,nearest_even,1048576,5.152980804,5.142977715
12,wide_product.FP128.mul,0,0,toward_zero,1048576,6.258314133,6.243692398
12,wide_product.FP128.mul,0,1,nearest_even,1048576,7.329239845,7.318389893
12,wide_product.FP128.mul,1,0,nearest_even,1048576,7.319073677,7.299242973
12,wide_product.FP128.mul,1,1,toward_zero,1048576,6.196285248,6.186604500
12,wide_product.FP128.mul,2,0,toward_zero,1048576,6.206613541,6.194374084
12,wide_product.FP128.mul,2,1,nearest_even,1048576,7.328866959,7.312686920
12,wide_product.FP128.mul,3,0,nearest_even,1048576,7.309824944,7.299577713
12,wide_product.FP128.mul,3,1,toward_zero,1048576,6.200976372,6.186334610
12,wide_product.FP128.mul,4,0,toward_zero,1048576,6.202036858,6.187987328
12,wide_product.FP128.mul,4,1,nearest_even,1048576,7.330204964,7.312973976
12,wide_product.FP128.mul,5,0,nearest_even,1048576,7.321864128,7.301239967
12,wide_product.FP128.mul,5,1,toward_zero,1048576,6.196657181,6.186594009
12,wide_product.FP128.mul,6,0,toward_zero,1048576,6.210139275,6.195679665
12,wide_product.FP128.mul,6,1,nearest_even,1048576,7.330339432,7.309417725
12,wide_product.FP128.mul,7,0,nearest_even,1048576,7.326545715,7.309722900
12,wide_product.FP128.mul,7,1,toward_zero,1048576,6.207387924,6.192478180
12,wide_product.FP128.mul,8,0,toward_zero,1048576,6.203889847,6.190311432
12,wide_product.FP128.mul,8,1,nearest_even,1048576,7.338947296,7.323734283
12,native_by64.FP128.div,0,0,toward_zero,1048576,3.972558022,3.966053963
12,native_by64.FP128.div,0,1,nearest_even,1048576,6.443062782,6.430237770
12,native_by64.FP128.div,1,0,nearest_even,1048576,6.428157806,6.416688919
12,native_by64.FP128.div,1,1,toward_zero,1048576,3.950457573,3.943455696
12,native_by64.FP128.div,2,0,toward_zero,1048576,3.967102051,3.955445290
12,native_by64.FP128.div,2,1,nearest_even,1048576,6.426465988,6.416896820
12,native_by64.FP128.div,3,0,nearest_even,1048576,6.423810005,6.412666321
12,native_by64.FP128.div,3,1,toward_zero,1048576,3.950849533,3.944458961
12,native_by64.FP128.div,4,0,toward_zero,1048576,3.958856583,3.947477341
12,native_by64.FP128.div,4,1,nearest_even,1048576,6.421937943,6.410514832
12,native_by64.FP128.div,5,0,nearest_even,1048576,6.430307388,6.416125298
12,native_by64.FP128.div,5,1,toward_zero,1048576,4.016796112,4.008112907
12,native_by64.FP128.div,6,0,toward_zero,1048576,4.027257919,4.020820618
12,native_by64.FP128.div,6,1,nearest_even,1048576,6.434483528,6.412915230
12,native_by64.FP128.div,7,0,nearest_even,1048576,6.427718163,6.413632393
12,native_by64.FP128.div,7,1,toward_zero,1048576,3.972729683,3.963514328
12,native_by64.FP128.div,8,0,toward_zero,1048576,3.987176895,3.980690002
12,native_by64.FP128.div,8,1,nearest_even,1048576,6.416539192,6.402538300
12,native_by128.FP128.div,0,0,nearest_even,1048576,9.792933464,9.769536018
12,native_by128.FP128.div,0,1,toward_zero,1048576,5.685042381,5.674942017
12,native_by128.FP128.div,1,0,toward_zero,1048576,5.712196350,5.702409744
12,native_by128.FP128.div,1,1,nearest_even,1048576,9.779384613,9.758697510
12,native_by128.FP128.div,2,0,nearest_even,1048576,9.745293617,9.729183197
12,native_by128.FP128.div,2,1,toward_zero,1048576,5.683370590,5.670882225
12,native_by128.FP128.div,3,0,toward_zero,1048576,5.689581871,5.680310249
12,native_by128.FP128.div,3,1,nearest_even,1048576,9.789235115,9.768388748
12,native_by128.FP128.div,4,0,nearest_even,1048576,9.739378929,9.720768929
12,native_by128.FP128.div,4,1,toward_zero,1048576,5.693957329,5.682557106
12,native_by128.FP128.div,5,0,toward_zero,1048576,5.664270401,5.651082993
12,native_by128.FP128.div,5,1,nearest_even,1048576,9.781046867,9.760686874
12,native_by128.FP128.div,6,0,nearest_even,1048576,9.757819176,9.735444069
12,native_by128.FP128.div,6,1,toward_zero,1048576,5.684248924,5.673773766
12,native_by128.FP128.div,7,0,toward_zero,1048576,5.687612534,5.673154831
12,native_by128.FP128.div,7,1,nearest_even,1048576,9.783024788,9.761305809
12,native_by128.FP128.div,8,0,nearest_even,1048576,9.772877693,9.750641823
12,native_by128.FP128.div,8,1,toward_zero,1048576,5.687479019,5.670210838
12,wide_by64.FP128.div,0,0,toward_zero,1048576,6.600800514,6.586847305
12,wide_by64.FP128.div,0,1,nearest_even,1048576,7.931749344,7.918795586
12,wide_by64.FP128.div,1,0,nearest_even,1048576,7.924677849,7.908847809
12,wide_by64.FP128.div,1,1,toward_zero,1048576,6.521315575,6.504400253
12,wide_by64.FP128.div,2,0,toward_zero,1048576,6.544008255,6.526224136
12,wide_by64.FP128.div,2,1,nearest_even,1048576,7.920397758,7.907387733
12,wide_by64.FP128.div,3,0,nearest_even,1048576,7.913279533,7.896029472
12,wide_by64.FP128.div,3,1,toward_zero,1048576,6.528271675,6.513522148
12,wide_by64.FP128.div,4,0,toward_zero,1048576,6.529054642,6.515465736
12,wide_by64.FP128.div,4,1,nearest_even,1048576,7.912610054,7.896428108
12,wide_by64.FP128.div,5,0,nearest_even,1048576,7.917846680,7.898749352
12,wide_by64.FP128.div,5,1,toward_zero,1048576,6.525080681,6.513478279
12,wide_by64.FP128.div,6,0,toward_zero,1048576,6.537080765,6.524350166
12,wide_by64.FP128.div,6,1,nearest_even,1048576,7.923607826,7.907504082
12,wide_by64.FP128.div,7,0,nearest_even,1048576,7.916480064,7.903681755
12,wide_by64.FP128.div,7,1,toward_zero,1048576,6.531338692,6.513530731
12,wide_by64.FP128.div,8,0,toward_zero,1048576,6.542135239,6.529564857
12,wide_by64.FP128.div,8,1,nearest_even,1048576,7.936813354,7.918774605
12,wide_by128.FP128.div,0,0,toward_zero,1048576,13.216134071,13.188743591
12,wide_by128.FP128.div,0,1,nearest_even,1048576,13.569026947,13.536755562
12,wide_by128.FP128.div,1,0,nearest_even,1048576,13.513695717,13.484879494
12,wide_by128.FP128.div,1,1,toward_zero,1048576,13.077659607,13.049924850
12,wide_by128.FP128.div,2,0,toward_zero,1048576,13.025480270,12.996787071
12,wide_by128.FP128.div,2,1,nearest_even,1048576,13.546257973,13.513707161
12,wide_by128.FP128.div,3,0,nearest_even,1048576,13.494768143,13.460544586
12,wide_by128.FP128.div,3,1,toward_zero,1048576,13.078318596,13.039534569
12,wide_by128.FP128.div,4,0,toward_zero,1048576,13.048583984,13.005280495
12,wide_by128.FP128.div,4,1,nearest_even,1048576,13.553749084,13.518836975
12,wide_by128.FP128.div,5,0,nearest_even,1048576,13.511163712,13.473686218
12,wide_by128.FP128.div,5,1,toward_zero,1048576,13.089794159,13.058552742
12,wide_by128.FP128.div,6,0,toward_zero,1048576,13.040042877,13.000470161
12,wide_by128.FP128.div,6,1,nearest_even,1048576,13.543831825,13.502177238
12,wide_by128.FP128.div,7,0,nearest_even,1048576,13.514947891,13.470776558
12,wide_by128.FP128.div,7,1,toward_zero,1048576,13.056074142,13.028577805
12,wide_by128.FP128.div,8,0,toward_zero,1048576,13.037261963,13.017648697
12,wide_by128.FP128.div,8,1,nearest_even,1048576,13.540315628,13.511718750
12,wide_product.FP128.mul_div,0,0,toward_zero,1048576,12.623936653,12.605041504
12,wide_product.FP128.mul_div,0,1,nearest_even,1048576,13.192601204,13.170555115
12,wide_product.FP128.mul_div,1,0,nearest_even,1048576,13.226960182,13.208513260
12,wide_product.FP128.mul_div,1,1,toward_zero,1048576,12.376230240,12.357299805
12,wide_product.FP128.mul_div,2,0,toward_zero,1048576,12.370718002,12.353371620
12,wide_product.FP128.mul_div,2,1,nearest_even,1048576,13.185301781,13.164811134
12,wide_product.FP128.mul_div,3,0,nearest_even,1048576,13.169335365,13.145909309
12,wide_product.FP128.mul_div,3,1,toward_zero,1048576,12.427205086,12.410449982
12,wide_product.FP128.mul_div,4,0,toward_zero,1048576,12.419599533,12.400892258
12,wide_product.FP128.mul_div,4,1,nearest_even,1048576,13.168227196,13.143235207
12,wide_product.FP128.mul_div,5,0,nearest_even,1048576,13.183858871,13.164188385
12,wide_product.FP128.mul_div,5,1,toward_zero,1048576,12.374548912,12.347858429
12,wide_product.FP128.mul_div,6,0,toward_zero,1048576,12.377883911,12.358280182
12,wide_product.FP128.mul_div,6,1,nearest_even,1048576,13.223940849,13.202643394
12,wide_product.FP128.mul_div,7,0,nearest_even,1048576,13.207669258,13.186097145
12,wide_product.FP128.mul_div,7,1,toward_zero,1048576,12.358640671,12.335025787
12,wide_product.FP128.mul_div,8,0,toward_zero,1048576,12.365071297,12.347008705
12,wide_product.FP128.mul_div,8,1,nearest_even,1048576,13.172364235,13.153239250
12,throughput4096.FP64.mul_wide,0,0,toward_zero,1048576,2.540186882,2.536139488
12,throughput4096.FP64.mul_wide,0,1,nearest_even,1048576,2.506631851,2.499307632
12,throughput4096.FP64.mul_wide,1,0,nearest_even,1048576,2.487111092,2.484629631
12,throughput4096.FP64.mul_wide,1,1,toward_zero,1048576,2.565345764,2.561633110
12,throughput4096.FP64.mul_wide,2,0,toward_zero,1048576,2.525291443,2.520652771
12,throughput4096.FP64.mul_wide,2,1,nearest_even,1048576,2.466042519,2.462616920
12,throughput4096.FP64.mul_wide,3,0,nearest_even,1048576,2.486986160,2.479283333
12,throughput4096.FP64.mul_wide,3,1,toward_zero,1048576,2.532142639,2.529252052
12,throughput4096.FP64.mul_wide,4,0,toward_zero,1048576,2.536785126,2.531659126
12,throughput4096.FP64.mul_wide,4,1,nearest_even,1048576,2.457339287,2.452192307
12,throughput4096.FP64.mul_wide,5,0,nearest_even,1048576,2.479189873,2.475400925
12,throughput4096.FP64.mul_wide,5,1,toward_zero,1048576,2.555169106,2.550127983
12,throughput4096.FP64.mul_wide,6,0,toward_zero,1048576,2.552962303,2.547128677
12,throughput4096.FP64.mul_wide,6,1,nearest_even,1048576,2.447373390,2.444682121
12,throughput4096.FP64.mul_wide,7,0,nearest_even,1048576,2.470982552,2.465723991
12,throughput4096.FP64.mul_wide,7,1,toward_zero,1048576,2.544544220,2.540917397
12,throughput4096.FP64.mul_wide,8,0,toward_zero,1048576,2.543827057,2.535721779
12,throughput4096.FP64.mul_wide,8,1,nearest_even,1048576,2.454233170,2.449699402
12,fullrange.FP64.mul_wide,0,0,toward_zero,1048576,2.685896873,2.681207657
12,fullrange.FP64.mul_wide,0,1,nearest_even,1048576,2.567761421,2.563084602
12,fullrange.FP64.mul_wide,1,0,nearest_even,1048576,2.519539833,2.514738083
12,fullrange.FP64.mul_wide,1,1,toward_zero,1048576,2.666862488,2.663591385
12,fullrange.FP64.mul_wide,2,0,toward_zero,1048576,2.653028488,2.648052216
12,fullrange.FP64.mul_wide,2,1,nearest_even,1048576,2.520122528,2.514490128
12,fullrange.FP64.mul_wide,3,0,nearest_even,1048576,2.518173218,2.515675545
12,fullrange.FP64.mul_wide,3,1,toward_zero,1048576,2.661588669,2.653557777
12,fullrange.FP64.mul_wide,4,0,toward_zero,1048576,2.646626472,2.640582085
12,fullrange.FP64.mul_wide,4,1,nearest_even,1048576,2.505485535,2.500272751
12,fullrange.FP64.mul_wide,5,0,nearest_even,1048576,2.517704964,2.514901161
12,fullrange.FP64.mul_wide,5,1,toward_zero,1048576,2.659516335,2.653748512
12,fullrange.FP64.mul_wide,6,0,toward_zero,1048576,2.642766953,2.638163567
12,fullrange.FP64.mul_wide,6,1,nearest_even,1048576,2.508685112,2.502585411
12,fullrange.FP64.mul_wide,7,0,nearest_even,1048576,2.516596794,2.511740685
12,fullrange.FP64.mul_wide,7,1,toward_zero,1048576,2.655884743,2.651396751
12,fullrange.FP64.mul_wide,8,0,toward_zero,1048576,2.643473625,2.638288498
12,fullrange.FP64.mul_wide,8,1,nearest_even,1048576,2.505092621,2.501591682
12,throughput4096.FP64.quantize4,0,0,nearest_even,1048576,2.878289223,2.870657921
12,throughput4096.FP64.quantize4,0,1,toward_zero,1048576,2.149314880,2.145814896
12,throughput4096.FP64.quantize4,1,0,toward_zero,1048576,2.145685196,2.143100739
12,throughput4096.FP64.quantize4,1,1,nearest_even,1048576,2.862705231,2.858685493
12,throughput4096.FP64.quantize4,2,0,nearest_even,1048576,2.856447220,2.852381706
12,throughput4096.FP64.quantize4,2,1,toward_zero,1048576,2.144643784,2.140902519
12,throughput4096.FP64.quantize4,3,0,toward_zero,1048576,2.139502525,2.135744095
12,throughput4096.FP64.quantize4,3,1,nearest_even,1048576,2.862524033,2.857338905
12,throughput4096.FP64.quantize4,4,0,nearest_even,1048576,2.862189293,2.858610153
12,throughput4096.FP64.quantize4,4,1,toward_zero,1048576,2.146745682,2.140233994
12,throughput4096.FP64.quantize4,5,0,toward_zero,1048576,2.144833565,2.141612053
12,throughput4096.FP64.quantize4,5,1,nearest_even,1048576,2.858300209,2.853240013
12,throughput4096.FP64.quantize4,6,0,nearest_even,1048576,2.863632202,2.855237007
12,throughput4096.FP64.quantize4,6,1,toward_zero,1048576,2.140983582,2.137138367
12,throughput4096.FP64.quantize4,7,0,toward_zero,1048576,2.140372276,2.135877609
12,throughput4096.FP64.quantize4,7,1,nearest_even,1048576,2.861540794,2.856526375
12,throughput4096.FP64.quantize4,8,0,nearest_even,1048576,2.859485626,2.854444504
12,throughput4096.FP64.quantize4,8,1,toward_zero,1048576,2.142339706,2.136553764
12,throughput4096.FP128.quantize4,0,0,toward_zero,1048576,3.729200363,3.724205017
12,throughput4096.FP128.quantize4,0,1,nearest_even,1048576,4.737266541,4.730031967
12,throughput4096.FP128.quantize4,1,0,nearest_even,1048576,4.727702141,4.719990730
12,throughput4096.FP128.quantize4,1,1,toward_zero,1048576,3.805752754,3.798224449
12,throughput4096.FP128.quantize4,2,0,toward_zero,1048576,3.788715363,3.782270432
12,throughput4096.FP128.quantize4,2,1,nearest_even,1048576,4.727625847,4.716465950
12,throughput4096.FP128.quantize4,3,0,nearest_even,1048576,4.729345322,4.718997955
12,throughput4096.FP128.quantize4,3,1,toward_zero,1048576,3.766491890,3.759317398
12,throughput4096.FP128.quantize4,4,0,toward_zero,1048576,3.732419968,3.726089478
12,throughput4096.FP128.quantize4,4,1,nearest_even,1048576,4.722217560,4.696408272
12,throughput4096.FP128.quantize4,5,0,nearest_even,1048576,4.714364052,4.706674576
12,throughput4096.FP128.quantize4,5,1,toward_zero,1048576,3.751997948,3.745863914
12,throughput4096.FP128.quantize4,6,0,toward_zero,1048576,3.763596535,3.755105019
12,throughput4096.FP128.quantize4,6,1,nearest_even,1048576,4.742129326,4.734314919
12,throughput4096.FP128.quantize4,7,0,nearest_even,1048576,4.723995209,4.715463638
12,throughput4096.FP128.quantize4,7,1,toward_zero,1048576,3.794018745,3.784074783
12,throughput4096.FP128.quantize4,8,0,toward_zero,1048576,3.783088684,3.776326180
12,throughput4096.FP128.quantize4,8,1,nearest_even,1048576,4.723660469,4.716159821
12,parse_extra_digit.FP64,0,0,toward_zero,1048576,24.675279617,24.621129990
12,parse_extra_digit.FP64,0,1,nearest_even,1048576,24.752155304,24.696505547
12,parse_extra_digit.FP64,1,0,nearest_even,1048576,24.769851685,24.722863197
12,parse_extra_digit.FP64,1,1,toward_zero,1048576,24.611855507,24.558892250
12,parse_extra_digit.FP64,2,0,toward_zero,1048576,24.587232590,24.529886246
12,parse_extra_digit.FP64,2,1,nearest_even,1048576,24.762981415,24.715364456
12,parse_extra_digit.FP64,3,0,nearest_even,1048576,24.752767563,24.705228806
12,parse_extra_digit.FP64,3,1,toward_zero,1048576,24.586678505,24.531398773
12,parse_extra_digit.FP64,4,0,toward_zero,1048576,24.584109306,24.523734093
12,parse_extra_digit.FP64,4,1,nearest_even,1048576,24.756217003,24.709271431
12,parse_extra_digit.FP64,5,0,nearest_even,1048576,24.756321907,24.697533607
12,parse_extra_digit.FP64,5,1,toward_zero,1048576,24.578796387,24.530842781
12,parse_extra_digit.FP64,6,0,toward_zero,1048576,24.590777397,24.535284996
12,parse_extra_digit.FP64,6,1,nearest_even,1048576,24.746977806,24.699410439
12,parse_extra_digit.FP64,7,0,nearest_even,1048576,24.765169144,24.715654373
12,parse_extra_digit.FP64,7,1,toward_zero,1048576,24.595296860,24.545131683
12,parse_extra_digit.FP64,8,0,toward_zero,1048576,24.594590187,24.547245026
12,parse_extra_digit.FP64,8,1,nearest_even,1048576,24.757755280,24.707028389
12,format_2digits.FP64,0,0,nearest_even,1048576,11.639995575,11.594270706
12,format_2digits.FP64,0,1,toward_zero,1048576,11.253643036,11.232583046
12,format_2digits.FP64,1,0,toward_zero,1048576,11.255764008,11.234852791
12,format_2digits.FP64,1,1,nearest_even,1048576,11.614015579,11.588981628
12,format_2digits.FP64,2,0,nearest_even,1048576,11.617532730,11.588683128
12,format_2digits.FP64,2,1,toward_zero,1048576,11.267601013,11.244514465
12,format_2digits.FP64,3,0,toward_zero,1048576,11.257081985,11.228230476
12,format_2digits.FP64,3,1,nearest_even,1048576,11.644227982,11.613310814
12,format_2digits.FP64,4,0,nearest_even,1048576,11.680382729,11.654749870
12,format_2digits.FP64,4,1,toward_zero,1048576,11.306288719,11.288436890
12,format_2digits.FP64,5,0,toward_zero,1048576,11.279268265,11.259111404
12,format_2digits.FP64,5,1,nearest_even,1048576,11.687138557,11.664383888
12,format_2digits.FP64,6,0,nearest_even,1048576,11.632704735,11.607150078
12,format_2digits.FP64,6,1,toward_zero,1048576,11.271891594,11.245024681
12,format_2digits.FP64,7,0,toward_zero,1048576,11.282125473,11.264060020
12,format_2digits.FP64,7,1,nearest_even,1048576,11.695785522,11.674648285
12,format_2digits.FP64,8,0,nearest_even,1048576,11.720102310,11.694911957
12,format_2digits.FP64,8,1,toward_zero,1048576,11.283432961,11.263836861
12,parse_extra_digit.FP128,0,0,toward_zero,1048576,25.748708725,25.696568489
12,parse_extra_digit.FP128,0,1,nearest_even,1048576,27.018076897,26.961522102
12,parse_extra_digit.FP128,1,0,nearest_even,1048576,27.021219254,26.969856262
12,parse_extra_digit.FP128,1,1,toward_zero,1048576,25.700687408,25.644710541
12,parse_extra_digit.FP128,2,0,toward_zero,1048576,25.705101013,25.651201248
12,parse_extra_digit.FP128,2,1,nearest_even,1048576,27.039020538,26.978048325
12,parse_extra_digit.FP128,3,0,nearest_even,1048576,27.054757118,26.998800278
12,parse_extra_digit.FP128,3,1,toward_zero,1048576,25.687024117,25.639217377
12,parse_extra_digit.FP128,4,0,toward_zero,1048576,25.691362381,25.641566277
12,parse_extra_digit.FP128,4,1,nearest_even,1048576,27.020044327,26.957454681
12,parse_extra_digit.FP128,5,0,nearest_even,1048576,27.023799896,26.959699631
12,parse_extra_digit.FP128,5,1,toward_zero,1048576,25.697295189,25.652264595
12,parse_extra_digit.FP128,6,0,toward_zero,1048576,25.698365211,25.643106461
12,parse_extra_digit.FP128,6,1,nearest_even,1048576,27.010919571,26.961539268
12,parse_extra_digit.FP128,7,0,nearest_even,1048576,27.033994675,26.979305267
12,parse_extra_digit.FP128,7,1,toward_zero,1048576,26.413428307,26.349194527
12,parse_extra_digit.FP128,8,0,toward_zero,1048576,26.397758484,26.337995529
12,parse_extra_digit.FP128,8,1,nearest_even,1048576,27.019977570,26.967857361
12,format_2digits.FP128,0,0,toward_zero,1048576,11.515831947,11.491394043
12,format_2digits.FP128,0,1,nearest_even,1048576,12.049833298,12.022836685
12,format_2digits.FP128,1,0,nearest_even,1048576,12.024103165,12.006440163
12,format_2digits.FP128,1,1,toward_zero,1048576,11.534168243,11.502584457
12,format_2digits.FP128,2,0,toward_zero,1048576,11.533145905,11.503404617
12,format_2digits.FP128,2,1,nearest_even,1048576,12.030475616,12.007180214
12,format_2digits.FP128,3,0,nearest_even,1048576,12.037766457,12.017049789
12,format_2digits.FP128,3,1,toward_zero,1048576,11.516720772,11.498621941
12,format_2digits.FP128,4,0,toward_zero,1048576,11.539155006,11.515707970
12,format_2digits.FP128,4,1,nearest_even,1048576,12.062588692,12.039645195
12,format_2digits.FP128,5,0,nearest_even,1048576,12.066850662,12.044964790
12,format_2digits.FP128,5,1,toward_zero,1048576,11.537081718,11.518973351
12,format_2digits.FP128,6,0,toward_zero,1048576,11.575825691,11.550024033
12,format_2digits.FP128,6,1,nearest_even,1048576,12.072669983,12.039487839
12,format_2digits.FP128,7,0,nearest_even,1048576,12.041282654,12.014498711
12,format_2digits.FP128,7,1,toward_zero,1048576,11.516749382,11.492211342
12,format_2digits.FP128,8,0,toward_zero,1048576,11.513099670,11.492794991
12,format_2digits.FP128,8,1,nearest_even,1048576,12.050464630,12.027154922
12,throughput4096.FP64.mul,0,0,toward_zero,1048576,2.457434654,2.451992035
12,throughput4096.FP64.mul,0,1,nearest_even,1048576,2.619702339,2.613849640
12,throughput4096.FP64.mul,1,0,nearest_even,1048576,2.602369308,2.591555595
12,throughput4096.FP64.mul,1,1,toward_zero,1048576,2.425521851,2.417738914
12,throughput4096.FP64.mul,2,0,toward_zero,1048576,2.455637932,2.446754456
12,throughput4096.FP64.mul,2,1,nearest_even,1048576,2.585840225,2.582472801
12,throughput4096.FP64.mul,3,0,nearest_even,1048576,2.594027519,2.589490891
12,throughput4096.FP64.mul,3,1,toward_zero,1048576,2.426524162,2.418397903
12,throughput4096.FP64.mul,4,0,toward_zero,1048576,2.456058502,2.452604294
12,throughput4096.FP64.mul,4,1,nearest_even,1048576,2.592117310,2.584466934
12,throughput4096.FP64.mul,5,0,nearest_even,1048576,2.576906204,2.571053505
12,throughput4096.FP64.mul,5,1,toward_zero,1048576,2.459325790,2.452660561
12,throughput4096.FP64.mul,6,0,toward_zero,1048576,2.437083244,2.431461334
12,throughput4096.FP64.mul,6,1,nearest_even,1048576,2.575797081,2.572553635
12,throughput4096.FP64.mul,7,0,nearest_even,1048576,2.584959984,2.580943108
12,throughput4096.FP64.mul,7,1,toward_zero,1048576,2.475722313,2.469772339
12,throughput4096.FP64.mul,8,0,toward_zero,1048576,2.444669724,2.440995216
12,throughput4096.FP64.mul,8,1,nearest_even,1048576,2.587884903,2.582595825
12,throughput256.FP64.mul,0,0,toward_zero,1048576,2.424164772,2.409427643
12,throughput256.FP64.mul,0,1,nearest_even,1048576,2.571574211,2.568731308
12,throughput256.FP64.mul,1,0,nearest_even,1048576,2.588219643,2.582482338
12,throughput256.FP64.mul,1,1,toward_zero,1048576,2.414495468,2.409559250
12,throughput256.FP64.mul,2,0,toward_zero,1048576,2.445471764,2.439828873
12,throughput256.FP64.mul,2,1,nearest_even,1048576,2.582332611,2.577361107
12,throughput256.FP64.mul,3,0,nearest_even,1048576,2.575855255,2.570872307
12,throughput256.FP64.mul,3,1,toward_zero,1048576,2.450019836,2.446507454
12,throughput256.FP64.mul,4,0,toward_zero,1048576,2.419178009,2.410496712
12,throughput256.FP64.mul,4,1,nearest_even,1048576,2.564055443,2.560580254
12,throughput256.FP64.mul,5,0,nearest_even,1048576,2.581597328,2.576661110
12,throughput256.FP64.mul,5,1,toward_zero,1048576,2.395997047,2.390460014
12,throughput256.FP64.mul,6,0,toward_zero,1048576,2.403392792,2.399976730
12,throughput256.FP64.mul,6,1,nearest_even,1048576,2.568440437,2.563811302
12,throughput256.FP64.mul,7,0,nearest_even,1048576,2.578252792,2.573392868
12,throughput256.FP64.mul,7,1,toward_zero,1048576,2.455790520,2.452424049
12,throughput256.FP64.mul,8,0,toward_zero,1048576,2.424900055,2.419164658
12,throughput256.FP64.mul,8,1,nearest_even,1048576,2.561609268,2.557293892
12,exact_results.FP64.mul,0,0,nearest_even,1048576,2.504548073,2.499631882
12,exact_results.FP64.mul,0,1,toward_zero,1048576,2.396447182,2.393681526
12,exact_results.FP64.mul,1,0,toward_zero,1048576,2.414639473,2.409512520
12,exact_results.FP64.mul,1,1,nearest_even,1048576,2.495824814,2.493287086
12,exact_results.FP64.mul,2,0,nearest_even,1048576,2.500172615,2.495532990
12,exact_results.FP64.mul,2,1,toward_zero,1048576,2.400908470,2.394215584
12,exact_results.FP64.mul,3,0,toward_zero,1048576,2.397336006,2.392411232
12,exact_results.FP64.mul,3,1,nearest_even,1048576,2.496426582,2.493327141
12,exact_results.FP64.mul,4,0,nearest_even,1048576,2.502991676,2.497824669
12,exact_results.FP64.mul,4,1,toward_zero,1048576,2.441267967,2.435624123
12,exact_results.FP64.mul,5,0,toward_zero,1048576,2.403316498,2.399223328
12,exact_results.FP64.mul,5,1,nearest_even,1048576,2.500229836,2.494950294
12,exact_results.FP64.mul,6,0,nearest_even,1048576,2.497783661,2.493956566
12,exact_results.FP64.mul,6,1,toward_zero,1048576,2.409202576,2.404008865
12,exact_results.FP64.mul,7,0,toward_zero,1048576,2.425626755,2.422611237
12,exact_results.FP64.mul,7,1,nearest_even,1048576,2.500363350,2.494597435
12,exact_results.FP64.mul,8,0,nearest_even,1048576,2.496273994,2.491827011
12,exact_results.FP64.mul,8,1,toward_zero,1048576,2.429811478,2.426828384
12,halfway_ties.FP64.mul,0,0,toward_zero,1048576,2.431636810,2.428306580
12,halfway_ties.FP64.mul,0,1,nearest_even,1048576,2.587961197,2.577855110
12,halfway_ties.FP64.mul,1,0,nearest_even,1048576,2.566538811,2.560466766
12,halfway_ties.FP64.mul,1,1,toward_zero,1048576,2.432448387,2.422546387
12,halfway_ties.FP64.mul,2,0,toward_zero,1048576,2.407970428,2.399642944
12,halfway_ties.FP64.mul,2,1,nearest_even,1048576,2.561322212,2.555850983
12,halfway_ties.FP64.mul,3,0,nearest_even,1048576,2.557758331,2.554494858
12,halfway_ties.FP64.mul,3,1,toward_zero,1048576,2.396867752,2.392641068
12,halfway_ties.FP64.mul,4,0,toward_zero,1048576,2.398099899,2.394807816
12,halfway_ties.FP64.mul,4,1,nearest_even,1048576,2.564857483,2.560189247
12,halfway_ties.FP64.mul,5,0,nearest_even,1048576,2.563692093,2.558535576
12,halfway_ties.FP64.mul,5,1,toward_zero,1048576,2.398711205,2.395009041
12,halfway_ties.FP64.mul,6,0,toward_zero,1048576,2.414591789,2.409770966
12,halfway_ties.FP64.mul,6,1,nearest_even,1048576,2.559745789,2.553452492
12,halfway_ties.FP64.mul,7,0,nearest_even,1048576,2.576333046,2.571321487
12,halfway_ties.FP64.mul,7,1,toward_zero,1048576,2.415116310,2.410237312
12,halfway_ties.FP64.mul,8,0,toward_zero,1048576,2.430786133,2.427609444
12,halfway_ties.FP64.mul,8,1,nearest_even,1048576,2.564514160,2.559022903
12,exact_chain.FP64.mul,0,0,nearest_even,1048576,3.688507080,3.681696892
12,exact_chain.FP64.mul,0,1,toward_zero,1048576,3.694171906,3.685077667
12,exact_chain.FP64.mul,1,0,toward_zero,1048576,3.689682007,3.683225632
12,exact_chain.FP64.mul,1,1,nearest_even,1048576,3.651625633,3.643726349
12,exact_chain.FP64.mul,2,0,nearest_even,1048576,3.654386520,3.646194458
12,exact_chain.FP64.mul,2,1,toward_zero,1048576,3.697803497,3.689864159
12,exact_chain.FP64.mul,3,0,toward_zero,1048576,3.681674957,3.674145699
12,exact_chain.FP64.mul,3,1,nearest_even,1048576,3.658008575,3.650430679
12,exact_chain.FP64.mul,4,0,nearest_even,1048576,3.659164429,3.649946213
12,exact_chain.FP64.mul,4,1,toward_zero,1048576,3.684846878,3.678533554
12,exact_chain.FP64.mul,5,0,toward_zero,1048576,3.678398132,3.671823502
12,exact_chain.FP64.mul,5,1,nearest_even,1048576,3.625866890,3.618606567
12,exact_chain.FP64.mul,6,0,nearest_even,1048576,3.676333427,3.669258118
12,exact_chain.FP64.mul,6,1,toward_zero,1048576,3.692940712,3.686979294
12,exact_chain.FP64.mul,7,0,toward_zero,1048576,3.678263664,3.671750069
12,exact_chain.FP64.mul,7,1,nearest_even,1048576,3.662623405,3.656243324
12,exact_chain.FP64.mul,8,0,nearest_even,1048576,3.642702103,3.632929802
12,exact_chain.FP64.mul,8,1,toward_zero,1048576,3.680308342,3.674091339
12,inexact_chain.FP64.mul,0,0,nearest_even,1048576,4.800633430,4.792481422
12,inexact_chain.FP64.mul,0,1,toward_zero,1048576,3.679018974,3.673362732
12,inexact_chain.FP64.mul,1,0,toward_zero,1048576,3.680949211,3.673988342
12,inexact_chain.FP64.mul,1,1,nearest_even,1048576,4.792415619,4.783998489
12,inexact_chain.FP64.mul,2,0,nearest_even,1048576,4.782317162,4.771165848
12,inexact_chain.FP64.mul,2,1,toward_zero,1048576,3.676095009,3.669933319
12,inexact_chain.FP64.mul,3,0,toward_zero,1048576,3.685983658,3.679173470
12,inexact_chain.FP64.mul,3,1,nearest_even,1048576,4.794461250,4.783979416
12,inexact_chain.FP64.mul,4,0,nearest_even,1048576,4.800584793,4.791868210
12,inexact_chain.FP64.mul,4,1,toward_zero,1048576,3.682965279,3.675323486
12,inexact_chain.FP64.mul,5,0,toward_zero,1048576,3.682725906,3.677444458
12,inexact_chain.FP64.mul,5,1,nearest_even,1048576,4.792072296,4.782774925
12,inexact_chain.FP64.mul,6,0,nearest_even,1048576,4.792415619,4.783891678
12,inexact_chain.FP64.mul,6,1,toward_zero,1048576,3.687092781,3.677644730
12,inexact_chain.FP64.mul,7,0,toward_zero,1048576,3.692385674,3.685834885
12,inexact_chain.FP64.mul,7,1,nearest_even,1048576,4.806031227,4.794813156
12,inexact_chain.FP64.mul,8,0,nearest_even,1048576,4.798855782,4.789252281
12,inexact_chain.FP64.mul,8,1,toward_zero,1048576,3.679582596,3.672695160
12,throughput4096.FP64.div,0,0,toward_zero,1048576,2.419387817,2.416563988
12,throughput4096.FP64.div,0,1,nearest_even,1048576,2.973559380,2.966082573
12,throughput4096.FP64.div,1,0,nearest_even,1048576,2.980505943,2.973258018
12,throughput4096.FP64.div,1,1,toward_zero,1048576,2.458169937,2.454401016
12,throughput4096.FP64.div,2,0,toward_zero,1048576,2.462651253,2.457439423
12,throughput4096.FP64.div,2,1,nearest_even,1048576,2.977849007,2.973151207
12,throughput4096.FP64.div,3,0,nearest_even,1048576,2.977352142,2.972261429
12,throughput4096.FP64.div,3,1,toward_zero,1048576,2.454051971,2.450874329
12,throughput4096.FP64.div,4,0,toward_zero,1048576,2.459001541,2.452394485
12,throughput4096.FP64.div,4,1,nearest_even,1048576,2.982741356,2.977480888
12,throughput4096.FP64.div,5,0,nearest_even,1048576,2.975793839,2.969913483
12,throughput4096.FP64.div,5,1,toward_zero,1048576,2.448185921,2.443650246
12,throughput4096.FP64.div,6,0,toward_zero,1048576,2.452972412,2.449537277
12,throughput4096.FP64.div,6,1,nearest_even,1048576,2.986161232,2.980088234
12,throughput4096.FP64.div,7,0,nearest_even,1048576,2.983237267,2.975492477
12,throughput4096.FP64.div,7,1,toward_zero,1048576,2.451405525,2.448399544
12,throughput4096.FP64.div,8,0,toward_zero,1048576,2.456269264,2.451237679
12,throughput4096.FP64.div,8,1,nearest_even,1048576,2.984852791,2.979456902
12,throughput256.FP64.div,0,0,nearest_even,1048576,2.976587296,2.971756935
12,throughput256.FP64.div,0,1,toward_zero,1048576,2.475578308,2.470597267
12,throughput256.FP64.div,1,0,toward_zero,1048576,2.463711739,2.460707664
12,throughput256.FP64.div,1,1,nearest_even,1048576,2.979406357,2.973016739
12,throughput256.FP64.div,2,0,nearest_even,1048576,2.975355148,2.970438004
12,throughput256.FP64.div,2,1,toward_zero,1048576,2.464370728,2.461405754
12,throughput256.FP64.div,3,0,toward_zero,1048576,2.471565247,2.467223167
12,throughput256.FP64.div,3,1,nearest_even,1048576,2.980257034,2.975796700
12,throughput256.FP64.div,4,0,nearest_even,1048576,2.974648476,2.970763206
12,throughput256.FP64.div,4,1,toward_zero,1048576,2.467925072,2.463027954
12,throughput256.FP64.div,5,0,toward_zero,1048576,2.485620499,2.478775024
12,throughput256.FP64.div,5,1,nearest_even,1048576,2.976912498,2.971270561
12,throughput256.FP64.div,6,0,nearest_even,1048576,2.976339340,2.972101212
12,throughput256.FP64.div,6,1,toward_zero,1048576,2.472464561,2.467727661
12,throughput256.FP64.div,7,0,toward_zero,1048576,2.471394539,2.466744423
12,throughput256.FP64.div,7,1,nearest_even,1048576,2.982100487,2.974346161
12,throughput256.FP64.div,8,0,nearest_even,1048576,2.981020927,2.976448059
12,throughput256.FP64.div,8,1,toward_zero,1048576,2.459689140,2.454829216
12,exact_results.FP64.div,0,0,toward_zero,1048576,2.750810623,2.746478081
12,exact_results.FP64.div,0,1,nearest_even,1048576,2.723818779,2.718539238
12,exact_results.FP64.div,1,0,nearest_even,1048576,2.716289520,2.711125374
12,exact_results.FP64.div,1,1,toward_zero,1048576,2.752501488,2.746888161
12,exact_results.FP64.div,2,0,toward_zero,1048576,2.730019569,2.726114273
12,exact_results.FP64.div,2,1,nearest_even,1048576,2.714741707,2.709653854
12,exact_results.FP64.div,3,0,nearest_even,1048576,2.712057114,2.707332611
12,exact_results.FP64.div,3,1,toward_zero,1048576,2.725557327,2.720268250
12,exact_results.FP64.div,4,0,toward_zero,1048576,2.706849098,2.701981544
12,exact_results.FP64.div,4,1,nearest_even,1048576,2.708999634,2.703694344
12,exact_results.FP64.div,5,0,nearest_even,1048576,2.707031250,2.703784943
12,exact_results.FP64.div,5,1,toward_zero,1048576,2.717130661,2.709405899
12,exact_results.FP64.div,6,0,toward_zero,1048576,2.706161499,2.701377869
12,exact_results.FP64.div,6,1,nearest_even,1048576,2.707212448,2.702678680
12,exact_results.FP64.div,7,0,nearest_even,1048576,2.712735176,2.706813812
12,exact_results.FP64.div,7,1,toward_zero,1048576,2.711188316,2.706175804
12,exact_results.FP64.div,8,0,toward_zero,1048576,2.717043877,2.711199760
12,exact_results.FP64.div,8,1,nearest_even,1048576,2.705703735,2.702487946
12,halfway_ties.FP64.div,0,0,toward_zero,1048576,2.759170532,2.751475334
12,halfway_ties.FP64.div,0,1,nearest_even,1048576,2.986572266,2.983127594
12,halfway_ties.FP64.div,1,0,nearest_even,1048576,2.986113548,2.981235504
12,halfway_ties.FP64.div,1,1,toward_zero,1048576,2.743921280,2.739456177
12,halfway_ties.FP64.div,2,0,toward_zero,1048576,2.706562996,2.702011108
12,halfway_ties.FP64.div,2,1,nearest_even,1048576,2.980581284,2.976593018
12,halfway_ties.FP64.div,3,0,nearest_even,1048576,2.989783287,2.982879639
12,halfway_ties.FP64.div,3,1,toward_zero,1048576,2.729981422,2.724586487
12,halfway_ties.FP64.div,4,0,toward_zero,1048576,2.727439880,2.722963333
12,halfway_ties.FP64.div,4,1,nearest_even,1048576,2.981222153,2.976476669
12,halfway_ties.FP64.div,5,0,nearest_even,1048576,2.983160973,2.978807449
12,halfway_ties.FP64.div,5,1,toward_zero,1048576,2.726552010,2.722151756
12,halfway_ties.FP64.div,6,0,toward_zero,1048576,2.750724792,2.746857643
12,halfway_ties.FP64.div,6,1,nearest_even,1048576,2.983524323,2.975588799
12,halfway_ties.FP64.div,7,0,nearest_even,1048576,2.983676910,2.979285240
12,halfway_ties.FP64.div,7,1,toward_zero,1048576,2.723417282,2.718834877
12,halfway_ties.FP64.div,8,0,toward_zero,1048576,2.722404480,2.717965126
12,halfway_ties.FP64.div,8,1,nearest_even,1048576,2.982789040,2.977326393
12,exact_chain.FP64.div,0,0,toward_zero,1048576,3.765116692,3.759548187
12,exact_chain.FP64.div,0,1,nearest_even,1048576,3.787062645,3.781467438
12,exact_chain.FP64.div,1,0,nearest_even,1048576,3.786508560,3.779620171
12,exact_chain.FP64.div,1,1,toward_zero,1048576,3.763492584,3.757272720
12,exact_chain.FP64.div,2,0,toward_zero,1048576,3.768507957,3.758360863
12,exact_chain.FP64.div,2,1,nearest_even,1048576,3.785257339,3.778397560
12,exact_chain.FP64.div,3,0,nearest_even,1048576,3.787798882,3.780156136
12,exact_chain.FP64.div,3,1,toward_zero,1048576,3.763272285,3.757102013
12,exact_chain.FP64.div,4,0,toward_zero,1048576,3.763931274,3.756261826
12,exact_chain.FP64.div,4,1,nearest_even,1048576,3.784005165,3.777340889
12,exact_chain.FP64.div,5,0,nearest_even,1048576,3.785065651,3.778810501
12,exact_chain.FP64.div,5,1,toward_zero,1048576,3.763902664,3.756012917
12,exact_chain.FP64.div,6,0,toward_zero,1048576,3.763510704,3.756137848
12,exact_chain.FP64.div,6,1,nearest_even,1048576,3.785449028,3.778419495
12,exact_chain.FP64.div,7,0,nearest_even,1048576,3.786881447,3.780261993
12,exact_chain.FP64.div,7,1,toward_zero,1048576,3.764198303,3.757971764
12,exact_chain.FP64.div,8,0,toward_zero,1048576,3.763854980,3.757877350
12,exact_chain.FP64.div,8,1,nearest_even,1048576,3.788678169,3.778780937
12,inexact_chain.FP64.div,0,0,toward_zero,1048576,3.764056206,3.758755684
12,inexact_chain.FP64.div,0,1,nearest_even,1048576,4.906106949,4.895091057
12,inexact_chain.FP64.div,1,0,nearest_even,1048576,4.901005745,4.892931938
12,inexact_chain.FP64.div,1,1,toward_zero,1048576,3.764561653,3.758143425
12,inexact_chain.FP64.div,2,0,toward_zero,1048576,3.764571190,3.757637978
12,inexact_chain.FP64.div,2,1,nearest_even,1048576,4.900833130,4.894222260
12,inexact_chain.FP64.div,3,0,nearest_even,1048576,4.905323029,4.896830559
12,inexact_chain.FP64.div,3,1,toward_zero,1048576,3.765890121,3.758652687
12,inexact_chain.FP64.div,4,0,toward_zero,1048576,3.769387245,3.759731293
12,inexact_chain.FP64.div,4,1,nearest_even,1048576,4.905486107,4.896533966
12,inexact_chain.FP64.div,5,0,nearest_even,1048576,4.907282829,4.899247169
12,inexact_chain.FP64.div,5,1,toward_zero,1048576,3.770714760,3.761571884
12,inexact_chain.FP64.div,6,0,toward_zero,1048576,3.766042709,3.758573532
12,inexact_chain.FP64.div,6,1,nearest_even,1048576,4.911075592,4.898387909
12,inexact_chain.FP64.div,7,0,nearest_even,1048576,4.906680107,4.897871971
12,inexact_chain.FP64.div,7,1,toward_zero,1048576,3.767074585,3.760332108
12,inexact_chain.FP64.div,8,0,toward_zero,1048576,3.764188766,3.756803513
12,inexact_chain.FP64.div,8,1,nearest_even,1048576,4.904138565,4.894862175
12,throughput4096.FP64.mul_div,0,0,nearest_even,1048576,3.019325256,3.011227608
12,throughput4096.FP64.mul_div,0,1,toward_zero,1048576,2.641505241,2.638080597
12,throughput4096.FP64.mul_div,1,0,toward_zero,1048576,2.650964737,2.643478394
12,throughput4096.FP64.mul_div,1,1,nearest_even,1048576,3.025058746,3.020026207
12,throughput4096.FP64.mul_div,2,0,nearest_even,1048576,3.021160126,3.015450478
12,throughput4096.FP64.mul_div,2,1,toward_zero,1048576,2.643731117,2.638883591
12,throughput4096.FP64.mul_div,3,0,toward_zero,1048576,2.648948669,2.643486977
12,throughput4096.FP64.mul_div,3,1,nearest_even,1048576,3.029052734,3.023971558
12,throughput4096.FP64.mul_div,4,0,nearest_even,1048576,3.022880554,3.017095566
12,throughput4096.FP64.mul_div,4,1,toward_zero,1048576,2.645604134,2.639809608
12,throughput4096.FP64.mul_div,5,0,toward_zero,1048576,2.646397591,2.639466286
12,throughput4096.FP64.mul_div,5,1,nearest_even,1048576,3.034708977,3.026131630
12,throughput4096.FP64.mul_div,6,0,nearest_even,1048576,3.022909164,3.017809868
12,throughput4096.FP64.mul_div,6,1,toward_zero,1048576,2.643913269,2.639225960
12,throughput4096.FP64.mul_div,7,0,toward_zero,1048576,2.648078918,2.642081261
12,throughput4096.FP64.mul_div,7,1,nearest_even,1048576,3.024036407,3.019214630
12,throughput4096.FP64.mul_div,8,0,nearest_even,1048576,3.018694878,3.014821053
12,throughput4096.FP64.mul_div,8,1,toward_zero,1048576,2.651375771,2.642522812
12,throughput256.FP64.mul_div,0,0,nearest_even,1048576,3.015227318,3.009841919
12,throughput256.FP64.mul_div,0,1,toward_zero,1048576,2.636575699,2.628734589
12,throughput256.FP64.mul_div,1,0,toward_zero,1048576,2.634014130,2.629087448
12,throughput256.FP64.mul_div,1,1,nearest_even,1048576,3.007287025,3.001989365
12,throughput256.FP64.mul_div,2,0,nearest_even,1048576,3.005137444,3.000211716
12,throughput256.FP64.mul_div,2,1,toward_zero,1048576,2.627469063,2.623126984
12,throughput256.FP64.mul_div,3,0,toward_zero,1048576,2.632696152,2.629776955
12,throughput256.FP64.mul_div,3,1,nearest_even,1048576,3.014242172,3.006505966
12,throughput256.FP64.mul_div,4,0,nearest_even,1048576,3.003580093,2.997946739
12,throughput256.FP64.mul_div,4,1,toward_zero,1048576,2.632351875,2.626861572
12,throughput256.FP64.mul_div,5,0,toward_zero,1048576,2.629714966,2.625990868
12,throughput256.FP64.mul_div,5,1,nearest_even,1048576,3.009264946,3.003755569
12,throughput256.FP64.mul_div,6,0,nearest_even,1048576,3.012370110,3.002819061
12,throughput256.FP64.mul_div,6,1,toward_zero,1048576,2.629075050,2.625027657
12,throughput256.FP64.mul_div,7,0,toward_zero,1048576,2.633947372,2.628417969
12,throughput256.FP64.mul_div,7,1,nearest_even,1048576,3.013822556,3.009553909
12,throughput256.FP64.mul_div,8,0,nearest_even,1048576,3.006302834,3.001692772
12,throughput256.FP64.mul_div,8,1,toward_zero,1048576,2.627000809,2.622866631
12,exact_results.FP64.mul_div,0,0,nearest_even,1048576,2.700448990,2.693105698
12,exact_results.FP64.mul_div,0,1,toward_zero,1048576,2.687424660,2.682452202
12,exact_results.FP64.mul_div,1,0,toward_zero,1048576,2.679093361,2.674901962
12,exact_results.FP64.mul_div,1,1,nearest_even,1048576,2.680306435,2.671884537
12,exact_results.FP64.mul_div,2,0,nearest_even,1048576,2.678834915,2.672581673
12,exact_results.FP64.mul_div,2,1,toward_zero,1048576,2.677583694,2.671834946
12,exact_results.FP64.mul_div,3,0,toward_zero,1048576,2.674756050,2.669361115
12,exact_results.FP64.mul_div,3,1,nearest_even,1048576,2.672730446,2.669600487
12,exact_results.FP64.mul_div,4,0,nearest_even,1048576,2.673245430,2.668701172
12,exact_results.FP64.mul_div,4,1,toward_zero,1048576,2.674210548,2.668828011
12,exact_results.FP64.mul_div,5,0,toward_zero,1048576,2.678625107,2.670739174
12,exact_results.FP64.mul_div,5,1,nearest_even,1048576,2.672844887,2.666291237
12,exact_results.FP64.mul_div,6,0,nearest_even,1048576,2.671649933,2.667583466
12,exact_results.FP64.mul_div,6,1,toward_zero,1048576,2.675653458,2.668473244
12,exact_results.FP64.mul_div,7,0,toward_zero,1048576,2.671745300,2.667192459
12,exact_results.FP64.mul_div,7,1,nearest_even,1048576,2.675519943,2.670583725
12,exact_results.FP64.mul_div,8,0,nearest_even,1048576,2.677975655,2.671156883
12,exact_results.FP64.mul_div,8,1,toward_zero,1048576,2.675835609,2.670325279
12,halfway_ties.FP64.mul_div,0,0,nearest_even,1048576,3.050521851,3.046054840
12,halfway_ties.FP64.mul_div,0,1,toward_zero,1048576,2.691935539,2.687074661
12,halfway_ties.FP64.mul_div,1,0,toward_zero,1048576,2.684205055,2.678984642
12,halfway_ties.FP64.mul_div,1,1,nearest_even,1048576,3.037078857,3.031246185
12,halfway_ties.FP64.mul_div,2,0,nearest_even,1048576,3.028603554,3.022242546
12,halfway_ties.FP64.mul_div,2,1,toward_zero,1048576,2.674765587,2.669849396
12,halfway_ties.FP64.mul_div,3,0,toward_zero,1048576,2.683038712,2.676977158
12,halfway_ties.FP64.mul_div,3,1,nearest_even,1048576,3.033227921,3.024746895
12,halfway_ties.FP64.mul_div,4,0,nearest_even,1048576,3.029338837,3.024517059
12,halfway_ties.FP64.mul_div,4,1,toward_zero,1048576,2.670246124,2.665788651
12,halfway_ties.FP64.mul_div,5,0,toward_zero,1048576,2.678003311,2.671789169
12,halfway_ties.FP64.mul_div,5,1,nearest_even,1048576,3.030657768,3.026466370
12,halfway_ties.FP64.mul_div,6,0,nearest_even,1048576,3.023673058,3.019406319
12,halfway_ties.FP64.mul_div,6,1,toward_zero,1048576,2.672883034,2.667114258
12,halfway_ties.FP64.mul_div,7,0,toward_zero,1048576,2.676781654,2.671348572
12,halfway_ties.FP64.mul_div,7,1,nearest_even,1048576,3.028497696,3.021764755
12,halfway_ties.FP64.mul_div,8,0,nearest_even,1048576,3.025794029,3.020123482
12,halfway_ties.FP64.mul_div,8,1,toward_zero,1048576,2.673732758,2.668330193
12,exact_chain.FP64.mul_div,0,0,nearest_even,1048576,3.751299858,3.743169785
12,exact_chain.FP64.mul_div,0,1,toward_zero,1048576,3.726449013,3.719170570
12,exact_chain.FP64.mul_div,1,0,toward_zero,1048576,3.721174240,3.715232849
12,exact_chain.FP64.mul_div,1,1,nearest_even,1048576,3.748424530,3.741728783
12,exact_chain.FP64.mul_div,2,0,nearest_even,1048576,3.749197960,3.741328239
12,exact_chain.FP64.mul_div,2,1,toward_zero,1048576,3.720686913,3.713035583
12,exact_chain.FP64.mul_div,3,0,toward_zero,1048576,3.722396851,3.714537621
12,exact_chain.FP64.mul_div,3,1,nearest_even,1048576,3.748547554,3.738338470
12,exact_chain.FP64.mul_div,4,0,nearest_even,1048576,3.747411728,3.740297318
12,exact_chain.FP64.mul_div,4,1,toward_zero,1048576,3.719129562,3.712633133
12,exact_chain.FP64.mul_div,5,0,toward_zero,1048576,3.723381042,3.713836670
12,exact_chain.FP64.mul_div,5,1,nearest_even,1048576,3.750421524,3.742966652
12,exact_chain.FP64.mul_div,6,0,nearest_even,1048576,3.749637604,3.743009567
12,exact_chain.FP64.mul_div,6,1,toward_zero,1048576,3.722569466,3.715232849
12,exact_chain.FP64.mul_div,7,0,toward_zero,1048576,3.720744133,3.715739250
12,exact_chain.FP64.mul_div,7,1,nearest_even,1048576,3.747612000,3.740811348
12,exact_chain.FP64.mul_div,8,0,nearest_even,1048576,3.745510101,3.739150047
12,exact_chain.FP64.mul_div,8,1,toward_zero,1048576,3.720324516,3.710886955
12,inexact_chain.FP64.mul_div,0,0,nearest_even,1048576,5.079008102,5.067477226
12,inexact_chain.FP64.mul_div,0,1,toward_zero,1048576,3.717648506,3.712080956
12,inexact_chain.FP64.mul_div,1,0,toward_zero,1048576,3.723447800,3.716362000
12,inexact_chain.FP64.mul_div,1,1,nearest_even,1048576,4.965212822,4.950966835
12,inexact_chain.FP64.mul_div,2,0,nearest_even,1048576,5.007185936,4.998796463
12,inexact_chain.FP64.mul_div,2,1,toward_zero,1048576,3.717524529,3.710188866
12,inexact_chain.FP64.mul_div,3,0,toward_zero,1048576,3.719788551,3.712882996
12,inexact_chain.FP64.mul_div,3,1,nearest_even,1048576,4.907215118,4.898721695
12,inexact_chain.FP64.mul_div,4,0,nearest_even,1048576,5.003039360,4.990626335
12,inexact_chain.FP64.mul_div,4,1,toward_zero,1048576,3.718422890,3.710721970
12,inexact_chain.FP64.mul_div,5,0,toward_zero,1048576,3.719942093,3.712673187
12,inexact_chain.FP64.mul_div,5,1,nearest_even,1048576,4.946971893,4.938374519
12,inexact_chain.FP64.mul_div,6,0,nearest_even,1048576,4.954711914,4.943696022
12,inexact_chain.FP64.mul_div,6,1,toward_zero,1048576,3.713692665,3.706873894
12,inexact_chain.FP64.mul_div,7,0,toward_zero,1048576,3.715756416,3.708135605
12,inexact_chain.FP64.mul_div,7,1,nearest_even,1048576,5.046226501,5.032199860
12,inexact_chain.FP64.mul_div,8,0,nearest_even,1048576,4.960253716,4.950116158
12,inexact_chain.FP64.mul_div,8,1,toward_zero,1048576,3.718029976,3.711467743
12,throughput4096.FP128.mul,0,0,toward_zero,1048576,2.592078209,2.586761475
12,throughput4096.FP128.mul,0,1,nearest_even,1048576,2.687119484,2.684027672
12,throughput4096.FP128.mul,1,0,nearest_even,1048576,2.693578720,2.689073563
12,throughput4096.FP128.mul,1,1,toward_zero,1048576,2.594429016,2.588930130
12,throughput4096.FP128.mul,2,0,toward_zero,1048576,2.591887474,2.585692406
12,throughput4096.FP128.mul,2,1,nearest_even,1048576,2.683622360,2.679099083
12,throughput4096.FP128.mul,3,0,nearest_even,1048576,2.687530518,2.684370995
12,throughput4096.FP128.mul,3,1,toward_zero,1048576,2.592088699,2.587153435
12,throughput4096.FP128.mul,4,0,toward_zero,1048576,2.591648102,2.586502075
12,throughput4096.FP128.mul,4,1,nearest_even,1048576,2.686393738,2.682070732
12,throughput4096.FP128.mul,5,0,nearest_even,1048576,2.686489105,2.683493614
12,throughput4096.FP128.mul,5,1,toward_zero,1048576,2.589040756,2.584573746
12,throughput4096.FP128.mul,6,0,toward_zero,1048576,2.592652321,2.587086678
12,throughput4096.FP128.mul,6,1,nearest_even,1048576,2.690176964,2.682708740
12,throughput4096.FP128.mul,7,0,nearest_even,1048576,2.690893173,2.685338020
12,throughput4096.FP128.mul,7,1,toward_zero,1048576,2.594801903,2.591061592
12,throughput4096.FP128.mul,8,0,toward_zero,1048576,2.595833778,2.589637756
12,throughput4096.FP128.mul,8,1,nearest_even,1048576,2.688256264,2.682402611
12,throughput256.FP128.mul,0,0,nearest_even,1048576,2.689498901,2.684362411
12,throughput256.FP128.mul,0,1,toward_zero,1048576,2.596387863,2.592915535
12,throughput256.FP128.mul,1,0,toward_zero,1048576,2.590272903,2.585233688
12,throughput256.FP128.mul,1,1,nearest_even,1048576,2.683889389,2.678676605
12,throughput256.FP128.mul,2,0,nearest_even,1048576,2.688160896,2.683627129
12,throughput256.FP128.mul,2,1,toward_zero,1048576,2.587435722,2.583991051
12,throughput256.FP128.mul,3,0,toward_zero,1048576,2.581272125,2.575392723
12,throughput256.FP128.mul,3,1,nearest_even,1048576,2.684797287,2.679604530
12,throughput256.FP128.mul,4,0,nearest_even,1048576,2.685189247,2.680130005
12,throughput256.FP128.mul,4,1,toward_zero,1048576,2.580365181,2.575735092
12,throughput256.FP128.mul,5,0,toward_zero,1048576,2.585256577,2.581890106
12,throughput256.FP128.mul,5,1,nearest_even,1048576,2.686249733,2.680309296
12,throughput256.FP128.mul,6,0,nearest_even,1048576,2.679599762,2.674301147
12,throughput256.FP128.mul,6,1,toward_zero,1048576,2.586422920,2.582030296
12,throughput256.FP128.mul,7,0,toward_zero,1048576,2.582983017,2.579089165
12,throughput256.FP128.mul,7,1,nearest_even,1048576,2.684587479,2.679356575
12,throughput256.FP128.mul,8,0,nearest_even,1048576,2.692317009,2.683482170
12,throughput256.FP128.mul,8,1,toward_zero,1048576,2.584578514,2.579682350
12,exact_results.FP128.mul,0,0,toward_zero,1048576,2.578062057,2.573253632
12,exact_results.FP128.mul,0,1,nearest_even,1048576,2.640482903,2.635058403
12,exact_results.FP128.mul,1,0,nearest_even,1048576,2.633995056,2.630284309
12,exact_results.FP128.mul,1,1,toward_zero,1048576,2.560758591,2.555441856
12,exact_results.FP128.mul,2,0,toward_zero,1048576,2.559123993,2.553932190
12,exact_results.FP128.mul,2,1,nearest_even,1048576,2.630517006,2.624999046
12,exact_results.FP128.mul,3,0,nearest_even,1048576,2.624631882,2.621281624
12,exact_results.FP128.mul,3,1,toward_zero,1048576,2.553831100,2.548667908
12,exact_results.FP128.mul,4,0,toward_zero,1048576,2.554357529,2.550425529
12,exact_results.FP128.mul,4,1,nearest_even,1048576,2.625787735,2.621940613
12,exact_results.FP128.mul,5,0,nearest_even,1048576,2.625538826,2.620230675
12,exact_results.FP128.mul,5,1,toward_zero,1048576,2.553153992,2.543889999
12,exact_results.FP128.mul,6,0,toward_zero,1048576,2.557318687,2.551856995
12,exact_results.FP128.mul,6,1,nearest_even,1048576,2.623208046,2.620183945
12,exact_results.FP128.mul,7,0,nearest_even,1048576,2.627068520,2.621713638
12,exact_results.FP128.mul,7,1,toward_zero,1048576,2.552924156,2.547644615
12,exact_results.FP128.mul,8,0,toward_zero,1048576,2.552704811,2.549431801
12,exact_results.FP128.mul,8,1,nearest_even,1048576,2.622930527,2.618186951
12,halfway_ties.FP128.mul,0,0,nearest_even,1048576,2.701068878,2.695282936
12,halfway_ties.FP128.mul,0,1,toward_zero,1048576,2.564933777,2.561135292
12,halfway_ties.FP128.mul,1,0,toward_zero,1048576,2.569089890,2.563629150
12,halfway_ties.FP128.mul,1,1,nearest_even,1048576,2.688112259,2.681858063
12,halfway_ties.FP128.mul,2,0,nearest_even,1048576,2.691161156,2.686072350
12,halfway_ties.FP128.mul,2,1,toward_zero,1048576,2.562325478,2.558077812
12,halfway_ties.FP128.mul,3,0,toward_zero,1048576,2.564608574,2.559549332
12,halfway_ties.FP128.mul,3,1,nearest_even,1048576,2.685418129,2.681380272
12,halfway_ties.FP128.mul,4,0,nearest_even,1048576,2.691905975,2.687029839
12,halfway_ties.FP128.mul,4,1,toward_zero,1048576,2.562765121,2.558586121
12,halfway_ties.FP128.mul,5,0,toward_zero,1048576,2.562268257,2.557686806
12,halfway_ties.FP128.mul,5,1,nearest_even,1048576,2.687568665,2.678792000
12,halfway_ties.FP128.mul,6,0,nearest_even,1048576,2.691514015,2.685957909
12,halfway_ties.FP128.mul,6,1,toward_zero,1048576,2.565354347,2.562024117
12,halfway_ties.FP128.mul,7,0,toward_zero,1048576,2.567494392,2.559109688
12,halfway_ties.FP128.mul,7,1,nearest_even,1048576,2.689661026,2.683777809
12,halfway_ties.FP128.mul,8,0,nearest_even,1048576,2.691723824,2.685690880
12,halfway_ties.FP128.mul,8,1,toward_zero,1048576,2.562746048,2.559005737
12,exact_chain.FP128.mul,0,0,toward_zero,1048576,3.715994835,3.709318161
12,exact_chain.FP128.mul,0,1,nearest_even,1048576,3.762373924,3.756347656
12,exact_chain.FP128.mul,1,0,nearest_even,1048576,3.763529778,3.754894257
12,exact_chain.FP128.mul,1,1,toward_zero,1048576,3.675617218,3.668720245
12,exact_chain.FP128.mul,2,0,toward_zero,1048576,3.674556732,3.669925690
12,exact_chain.FP128.mul,2,1,nearest_even,1048576,3.760329247,3.753833771
12,exact_chain.FP128.mul,3,0,nearest_even,1048576,3.760721207,3.755524635
12,exact_chain.FP128.mul,3,1,toward_zero,1048576,3.684025764,3.674662590
12,exact_chain.FP128.mul,4,0,toward_zero,1048576,3.678455353,3.671120644
12,exact_chain.FP128.mul,4,1,nearest_even,1048576,3.763769150,3.756413460
12,exact_chain.FP128.mul,5,0,nearest_even,1048576,3.762985229,3.756604195
12,exact_chain.FP128.mul,5,1,toward_zero,1048576,3.678655624,3.669322014
12,exact_chain.FP128.mul,6,0,toward_zero,1048576,3.700287819,3.693085670
12,exact_chain.FP128.mul,6,1,nearest_even,1048576,3.764944077,3.756949425
12,exact_chain.FP128.mul,7,0,nearest_even,1048576,3.760605812,3.755066872
12,exact_chain.FP128.mul,7,1,toward_zero,1048576,3.674910545,3.667423248
12,exact_chain.FP128.mul,8,0,toward_zero,1048576,3.676687241,3.669897079
12,exact_chain.FP128.mul,8,1,nearest_even,1048576,3.761819839,3.754989624
12,inexact_chain.FP128.mul,0,0,toward_zero,1048576,3.693207741,3.686426163
12,inexact_chain.FP128.mul,0,1,nearest_even,1048576,4.822418213,4.813934326
12,inexact_chain.FP128.mul,1,0,nearest_even,1048576,4.824672699,4.814485550
12,inexact_chain.FP128.mul,1,1,toward_zero,1048576,3.725932121,3.719256401
12,inexact_chain.FP128.mul,2,0,toward_zero,1048576,3.700794220,3.693917274
12,inexact_chain.FP128.mul,2,1,nearest_even,1048576,4.830262184,4.817860603
12,inexact_chain.FP128.mul,3,0,nearest_even,1048576,4.828370094,4.819980621
12,inexact_chain.FP128.mul,3,1,toward_zero,1048576,3.680117607,3.673033714
12,inexact_chain.FP128.mul,4,0,toward_zero,1048576,3.704931259,3.696974754
12,inexact_chain.FP128.mul,4,1,nearest_even,1048576,4.825160027,4.816072464
12,inexact_chain.FP128.mul,5,0,nearest_even,1048576,4.822188377,4.814785004
12,inexact_chain.FP128.mul,5,1,toward_zero,1048576,3.679238319,3.673415184
12,inexact_chain.FP128.mul,6,0,toward_zero,1048576,3.703746796,3.693572998
12,inexact_chain.FP128.mul,6,1,nearest_even,1048576,4.826621056,4.817964554
12,inexact_chain.FP128.mul,7,0,nearest_even,1048576,4.826755524,4.818682671
12,inexact_chain.FP128.mul,7,1,toward_zero,1048576,3.678655624,3.672609329
12,inexact_chain.FP128.mul,8,0,toward_zero,1048576,3.681292534,3.675402641
12,inexact_chain.FP128.mul,8,1,nearest_even,1048576,4.822628021,4.814438820
12,throughput4096.FP128.div,0,0,nearest_even,1048576,3.353071213,3.347906113
12,throughput4096.FP128.div,0,1,toward_zero,1048576,2.328657150,2.321092606
12,throughput4096.FP128.div,1,0,toward_zero,1048576,2.380577087,2.377181053
12,throughput4096.FP128.div,1,1,nearest_even,1048576,3.429307938,3.422133446
12,throughput4096.FP128.div,2,0,nearest_even,1048576,3.390725136,3.385244370
12,throughput4096.FP128.div,2,1,toward_zero,1048576,2.333452225,2.328307152
12,throughput4096.FP128.div,3,0,toward_zero,1048576,2.384311676,2.381430626
12,throughput4096.FP128.div,3,1,nearest_even,1048576,3.454216957,3.447100639
12,throughput4096.FP128.div,4,0,nearest_even,1048576,3.399687767,3.392476082
12,throughput4096.FP128.div,4,1,toward_zero,1048576,2.337838173,2.334623337
12,throughput4096.FP128.div,5,0,toward_zero,1048576,2.385469437,2.380275726
12,throughput4096.FP128.div,5,1,nearest_even,1048576,3.444662094,3.439132690
12,throughput4096.FP128.div,6,0,nearest_even,1048576,3.400624275,3.394475937
12,throughput4096.FP128.div,6,1,toward_zero,1048576,2.343628883,2.340069771
12,throughput4096.FP128.div,7,0,toward_zero,1048576,2.384895325,2.379595757
12,throughput4096.FP128.div,7,1,nearest_even,1048576,3.447251320,3.442620277
12,throughput4096.FP128.div,8,0,nearest_even,1048576,3.400051117,3.393356323
12,throughput4096.FP128.div,8,1,toward_zero,1048576,2.334618568,2.331642151
12,throughput256.FP128.div,0,0,toward_zero,1048576,2.397746086,2.393794060
12,throughput256.FP128.div,0,1,nearest_even,1048576,3.444327354,3.439360619
12,throughput256.FP128.div,1,0,nearest_even,1048576,3.393115044,3.387614250
12,throughput256.FP128.div,1,1,toward_zero,1048576,2.341975212,2.336583138
12,throughput256.FP128.div,2,0,toward_zero,1048576,2.387006760,2.380380630
12,throughput256.FP128.div,2,1,nearest_even,1048576,3.444327354,3.436963081
12,throughput256.FP128.div,3,0,nearest_even,1048576,3.383492470,3.377896309
12,throughput256.FP128.div,3,1,toward_zero,1048576,2.334035873,2.329674721
12,throughput256.FP128.div,4,0,toward_zero,1048576,2.388305664,2.384985924
12,throughput256.FP128.div,4,1,nearest_even,1048576,3.430244446,3.424148560
12,throughput256.FP128.div,5,0,nearest_even,1048576,3.385403633,3.381040573
12,throughput256.FP128.div,5,1,toward_zero,1048576,2.336997986,2.332176208
12,throughput256.FP128.div,6,0,toward_zero,1048576,2.382487297,2.379091263
12,throughput256.FP128.div,6,1,nearest_even,1048576,3.426880836,3.421085358
12,throughput256.FP128.div,7,0,nearest_even,1048576,3.393936157,3.388625145
12,throughput256.FP128.div,7,1,toward_zero,1048576,2.341058731,2.336621284
12,throughput256.FP128.div,8,0,toward_zero,1048576,2.382276535,2.378746986
12,throughput256.FP128.div,8,1,nearest_even,1048576,3.435375214,3.429682732
12,exact_results.FP128.div,0,0,toward_zero,1048576,2.448854446,2.445360184
12,exact_results.FP128.div,0,1,nearest_even,1048576,2.465316772,2.461519241
12,exact_results.FP128.div,1,0,nearest_even,1048576,2.437340736,2.433702469
12,exact_results.FP128.div,1,1,toward_zero,1048576,2.439767838,2.435156822
12,exact_results.FP128.div,2,0,toward_zero,1048576,2.459631920,2.456129074
12,exact_results.FP128.div,2,1,nearest_even,1048576,2.463090897,2.457888603
12,exact_results.FP128.div,3,0,nearest_even,1048576,2.442500114,2.436760902
12,exact_results.FP128.div,3,1,toward_zero,1048576,2.443341255,2.439591408
12,exact_results.FP128.div,4,0,toward_zero,1048576,2.463109970,2.457744598
12,exact_results.FP128.div,4,1,nearest_even,1048576,2.458036423,2.454879761
12,exact_results.FP128.div,5,0,nearest_even,1048576,2.438602448,2.434602737
12,exact_results.FP128.div,5,1,toward_zero,1048576,2.429687500,2.427207947
12,exact_results.FP128.div,6,0,toward_zero,1048576,2.468479156,2.463392258
12,exact_results.FP128.div,6,1,nearest_even,1048576,2.480289459,2.474619865
12,exact_results.FP128.div,7,0,nearest_even,1048576,2.459650993,2.456369400
12,exact_results.FP128.div,7,1,toward_zero,1048576,2.440952301,2.433247566
12,exact_results.FP128.div,8,0,toward_zero,1048576,2.455323219,2.452365875
12,exact_results.FP128.div,8,1,nearest_even,1048576,2.481856346,2.476577759
12,halfway_ties.FP128.div,0,0,nearest_even,1048576,3.431514740,3.425575256
12,halfway_ties.FP128.div,0,1,toward_zero,1048576,2.433309555,2.428183556
12,halfway_ties.FP128.div,1,0,toward_zero,1048576,2.468249321,2.464815140
12,halfway_ties.FP128.div,1,1,nearest_even,1048576,3.446065903,3.439151764
12,halfway_ties.FP128.div,2,0,nearest_even,1048576,3.405019760,3.399815559
12,halfway_ties.FP128.div,2,1,toward_zero,1048576,2.428130150,2.423778534
12,halfway_ties.FP128.div,3,0,toward_zero,1048576,2.461170197,2.456292152
12,halfway_ties.FP128.div,3,1,nearest_even,1048576,3.422113419,3.417328835
12,halfway_ties.FP128.div,4,0,nearest_even,1048576,3.390353203,3.382681847
12,halfway_ties.FP128.div,4,1,toward_zero,1048576,2.425932884,2.422000885
12,halfway_ties.FP128.div,5,0,toward_zero,1048576,2.467275620,2.462930679
12,halfway_ties.FP128.div,5,1,nearest_even,1048576,3.434954643,3.429005623
12,halfway_ties.FP128.div,6,0,nearest_even,1048576,3.388289452,3.381061554
12,halfway_ties.FP128.div,6,1,toward_zero,1048576,2.429754257,2.423978806
12,halfway_ties.FP128.div,7,0,toward_zero,1048576,2.462135315,2.458862305
12,halfway_ties.FP128.div,7,1,nearest_even,1048576,3.430157661,3.423254013
12,halfway_ties.FP128.div,8,0,nearest_even,1048576,3.402095795,3.395323753
12,halfway_ties.FP128.div,8,1,toward_zero,1048576,2.422683716,2.416794777
12,exact_chain.FP128.div,0,0,nearest_even,1048576,4.057202339,4.048422813
12,exact_chain.FP128.div,0,1,toward_zero,1048576,4.012401581,4.004560471
12,exact_chain.FP128.div,1,0,toward_zero,1048576,4.016318321,4.006516457
12,exact_chain.FP128.div,1,1,nearest_even,1048576,4.045173645,4.036739349
12,exact_chain.FP128.div,2,0,nearest_even,1048576,4.032283783,4.023258209
12,exact_chain.FP128.div,2,1,toward_zero,1048576,3.994781494,3.988879204
12,exact_chain.FP128.div,3,0,toward_zero,1048576,4.011846542,4.004368782
12,exact_chain.FP128.div,3,1,nearest_even,1048576,4.065963745,4.059008598
12,exact_chain.FP128.div,4,0,nearest_even,1048576,4.074372292,4.068382263
12,exact_chain.FP128.div,4,1,toward_zero,1048576,3.996530533,3.985669136
12,exact_chain.FP128.div,5,0,toward_zero,1048576,4.012974739,4.003735542
12,exact_chain.FP128.div,5,1,nearest_even,1048576,4.026103020,4.019560814
12,exact_chain.FP128.div,6,0,nearest_even,1048576,4.010757446,4.004054070
12,exact_chain.FP128.div,6,1,toward_zero,1048576,3.993998528,3.987961769
12,exact_chain.FP128.div,7,0,toward_zero,1048576,4.011941910,4.001815796
12,exact_chain.FP128.div,7,1,nearest_even,1048576,4.055253983,4.047200203
12,exact_chain.FP128.div,8,0,nearest_even,1048576,4.039736748,4.033615112
12,exact_chain.FP128.div,8,1,toward_zero,1048576,3.999492645,3.992031097
12,inexact_chain.FP128.div,0,0,toward_zero,1048576,4.013814926,4.007140160
12,inexact_chain.FP128.div,0,1,nearest_even,1048576,5.353762627,5.343166351
12,inexact_chain.FP128.div,1,0,nearest_even,1048576,5.311359406,5.299177170
12,inexact_chain.FP128.div,1,1,toward_zero,1048576,3.999043465,3.987721443
12,inexact_chain.FP128.div,2,0,toward_zero,1048576,4.011263847,4.003506660
12,inexact_chain.FP128.div,2,1,nearest_even,1048576,5.324659348,5.309266090
12,inexact_chain.FP128.div,3,0,nearest_even,1048576,5.352883339,5.343748093
12,inexact_chain.FP128.div,3,1,toward_zero,1048576,3.985361099,3.978702545
12,inexact_chain.FP128.div,4,0,toward_zero,1048576,4.003477097,3.995395660
12,inexact_chain.FP128.div,4,1,nearest_even,1048576,5.339268684,5.329779625
12,inexact_chain.FP128.div,5,0,nearest_even,1048576,5.341331482,5.328940392
12,inexact_chain.FP128.div,5,1,toward_zero,1048576,3.987607002,3.980680466
12,inexact_chain.FP128.div,6,0,toward_zero,1048576,4.003801346,3.996715546
12,inexact_chain.FP128.div,6,1,nearest_even,1048576,5.348660469,5.336412430
12,inexact_chain.FP128.div,7,0,nearest_even,1048576,5.380057335,5.372373581
12,inexact_chain.FP128.div,7,1,toward_zero,1048576,3.985799789,3.976161003
12,inexact_chain.FP128.div,8,0,toward_zero,1048576,4.004709244,3.997241020
12,inexact_chain.FP128.div,8,1,nearest_even,1048576,5.315678596,5.307229996
12,throughput4096.FP128.mul_div,0,0,toward_zero,1048576,3.567697525,3.561335564
12,throughput4096.FP128.mul_div,0,1,nearest_even,1048576,4.867878914,4.860531807
12,throughput4096.FP128.mul_div,1,0,nearest_even,1048576,4.858448029,4.850181580
12,throughput4096.FP128.mul_div,1,1,toward_zero,1048576,3.551063538,3.544233322
12,throughput4096.FP128.mul_div,2,0,toward_zero,1048576,3.569168091,3.561738968
12,throughput4096.FP128.mul_div,2,1,nearest_even,1048576,4.878169060,4.868300438
12,throughput4096.FP128.mul_div,3,0,nearest_even,1048576,4.845636368,4.836424828
12,throughput4096.FP128.mul_div,3,1,toward_zero,1048576,3.536358833,3.530398369
12,throughput4096.FP128.mul_div,4,0,toward_zero,1048576,3.553221703,3.545619011
12,throughput4096.FP128.mul_div,4,1,nearest_even,1048576,4.861716270,4.853127480
12,throughput4096.FP128.mul_div,5,0,nearest_even,1048576,4.856174469,4.847145081
12,throughput4096.FP128.mul_div,5,1,toward_zero,1048576,3.552208900,3.545219421
12,throughput4096.FP128.mul_div,6,0,toward_zero,1048576,3.575055122,3.568452835
12,throughput4096.FP128.mul_div,6,1,nearest_even,1048576,4.841631889,4.832036972
12,throughput4096.FP128.mul_div,7,0,nearest_even,1048576,4.850250244,4.841279030
12,throughput4096.FP128.mul_div,7,1,toward_zero,1048576,3.542291641,3.535300255
12,throughput4096.FP128.mul_div,8,0,toward_zero,1048576,3.546714783,3.542400360
12,throughput4096.FP128.mul_div,8,1,nearest_even,1048576,4.877185822,4.866446495
12,throughput256.FP128.mul_div,0,0,toward_zero,1048576,3.531838417,3.527493477
12,throughput256.FP128.mul_div,0,1,nearest_even,1048576,4.843600273,4.834486961
12,throughput256.FP128.mul_div,1,0,nearest_even,1048576,4.811372757,4.803882599
12,throughput256.FP128.mul_div,1,1,toward_zero,1048576,3.542387009,3.536160469
12,throughput256.FP128.mul_div,2,0,toward_zero,1048576,3.571088791,3.564738274
12,throughput256.FP128.mul_div,2,1,nearest_even,1048576,4.832201958,4.822360039
12,throughput256.FP128.mul_div,3,0,nearest_even,1048576,4.817678452,4.809282303
12,throughput256.FP128.mul_div,3,1,toward_zero,1048576,3.541642189,3.534546852
12,throughput256.FP128.mul_div,4,0,toward_zero,1048576,3.541107178,3.534946442
12,throughput256.FP128.mul_div,4,1,nearest_even,1048576,4.848711967,4.831675529
12,throughput256.FP128.mul_div,5,0,nearest_even,1048576,4.814946175,4.805861473
12,throughput256.FP128.mul_div,5,1,toward_zero,1048576,3.513264656,3.509005547
12,throughput256.FP128.mul_div,6,0,toward_zero,1048576,3.558572769,3.550235748
12,throughput256.FP128.mul_div,6,1,nearest_even,1048576,4.844403267,4.836011887
12,throughput256.FP128.mul_div,7,0,nearest_even,1048576,4.819045067,4.809758186
12,throughput256.FP128.mul_div,7,1,toward_zero,1048576,3.535365105,3.528085709
12,throughput256.FP128.mul_div,8,0,toward_zero,1048576,3.542711258,3.536275864
12,throughput256.FP128.mul_div,8,1,nearest_even,1048576,4.842004776,4.832374573
12,exact_results.FP128.mul_div,0,0,nearest_even,1048576,3.501339912,3.494470596
12,exact_results.FP128.mul_div,0,1,toward_zero,1048576,3.562356949,3.554552078
12,exact_results.FP128.mul_div,1,0,toward_zero,1048576,3.563149452,3.558755875
12,exact_results.FP128.mul_div,1,1,nearest_even,1048576,3.497661591,3.491195679
12,exact_results.FP128.mul_div,2,0,nearest_even,1048576,3.504368782,3.493815422
12,exact_results.FP128.mul_div,2,1,toward_zero,1048576,3.560979843,3.553234100
12,exact_results.FP128.mul_div,3,0,toward_zero,1048576,3.568146706,3.562493324
12,exact_results.FP128.mul_div,3,1,nearest_even,1048576,3.509366035,3.499535561
12,exact_results.FP128.mul_div,4,0,nearest_even,1048576,3.508792877,3.502184868
12,exact_results.FP128.mul_div,4,1,toward_zero,1048576,3.555256844,3.549622536
12,exact_results.FP128.mul_div,5,0,toward_zero,1048576,3.560120583,3.552861214
12,exact_results.FP128.mul_div,5,1,nearest_even,1048576,3.503184319,3.495226860
12,exact_results.FP128.mul_div,6,0,nearest_even,1048576,3.515137672,3.510104179
12,exact_results.FP128.mul_div,6,1,toward_zero,1048576,3.564630508,3.556941032
12,exact_results.FP128.mul_div,7,0,toward_zero,1048576,3.570009232,3.562005043
12,exact_results.FP128.mul_div,7,1,nearest_even,1048576,3.499716759,3.492762566
12,exact_results.FP128.mul_div,8,0,nearest_even,1048576,3.507712364,3.502430916
12,exact_results.FP128.mul_div,8,1,toward_zero,1048576,3.573782921,3.566705704
12,halfway_ties.FP128.mul_div,0,0,nearest_even,1048576,4.870620728,4.862307549
12,halfway_ties.FP128.mul_div,0,1,toward_zero,1048576,3.534581184,3.528240204
12,halfway_ties.FP128.mul_div,1,0,toward_zero,1048576,3.560311317,3.555203438
12,halfway_ties.FP128.mul_div,1,1,nearest_even,1048576,4.850375175,4.841984749
12,halfway_ties.FP128.mul_div,2,0,nearest_even,1048576,4.822475433,4.810894966
12,halfway_ties.FP128.mul_div,2,1,toward_zero,1048576,3.555802345,3.548019409
12,halfway_ties.FP128.mul_div,3,0,toward_zero,1048576,3.569456100,3.562396049
12,halfway_ties.FP128.mul_div,3,1,nearest_even,1048576,4.855830193,4.847458839
12,halfway_ties.FP128.mul_div,4,0,nearest_even,1048576,4.825561523,4.816867828
12,halfway_ties.FP128.mul_div,4,1,toward_zero,1048576,3.551320076,3.544485092
12,halfway_ties.FP128.mul_div,5,0,toward_zero,1048576,3.554359436,3.549059868
12,halfway_ties.FP128.mul_div,5,1,nearest_even,1048576,4.841269493,4.833080292
12,halfway_ties.FP128.mul_div,6,0,nearest_even,1048576,4.824404716,4.814719200
12,halfway_ties.FP128.mul_div,6,1,toward_zero,1048576,3.545396805,3.539543152
12,halfway_ties.FP128.mul_div,7,0,toward_zero,1048576,3.575274467,3.567526817
12,halfway_ties.FP128.mul_div,7,1,nearest_even,1048576,4.843419075,4.834426880
12,halfway_ties.FP128.mul_div,8,0,nearest_even,1048576,4.828609467,4.820087433
12,halfway_ties.FP128.mul_div,8,1,toward_zero,1048576,3.563674927,3.556358337
12,exact_chain.FP128.mul_div,0,0,toward_zero,1048576,3.936527252,3.929724693
12,exact_chain.FP128.mul_div,0,1,nearest_even,1048576,3.914866447,3.909002304
12,exact_chain.FP128.mul_div,1,0,nearest_even,1048576,3.913596153,3.906794548
12,exact_chain.FP128.mul_div,1,1,toward_zero,1048576,3.944505692,3.938155174
12,exact_chain.FP128.mul_div,2,0,toward_zero,1048576,3.938781738,3.930828094
12,exact_chain.FP128.mul_div,2,1,nearest_even,1048576,3.912248611,3.906325340
12,exact_chain.FP128.mul_div,3,0,nearest_even,1048576,3.912583351,3.907169342
12,exact_chain.FP128.mul_div,3,1,toward_zero,1048576,3.953773499,3.944695473
12,exact_chain.FP128.mul_div,4,0,toward_zero,1048576,3.943147659,3.937367439
12,exact_chain.FP128.mul_div,4,1,nearest_even,1048576,3.913290024,3.906336784
12,exact_chain.FP128.mul_div,5,0,nearest_even,1048576,3.913805962,3.906402588
12,exact_chain.FP128.mul_div,5,1,toward_zero,1048576,3.937597275,3.931550026
12,exact_chain.FP128.mul_div,6,0,toward_zero,1048576,3.938046455,3.930814743
12,exact_chain.FP128.mul_div,6,1,nearest_even,1048576,3.913786888,3.907272339
12,exact_chain.FP128.mul_div,7,0,nearest_even,1048576,3.908187866,3.901799202
12,exact_chain.FP128.mul_div,7,1,toward_zero,1048576,3.946626663,3.938305855
12,exact_chain.FP128.mul_div,8,0,toward_zero,1048576,3.940262794,3.933385849
12,exact_chain.FP128.mul_div,8,1,nearest_even,1048576,3.913825035,3.906517029
12,inexact_chain.FP128.mul_div,0,0,nearest_even,1048576,5.126074791,5.117502213
12,inexact_chain.FP128.mul_div,0,1,toward_zero,1048576,3.932666779,3.926162720
12,inexact_chain.FP128.mul_div,1,0,toward_zero,1048576,3.946664810,3.939673424
12,inexact_chain.FP128.mul_div,1,1,nearest_even,1048576,5.146273613,5.135313034
12,inexact_chain.FP128.mul_div,2,0,nearest_even,1048576,5.127365112,5.118067741
12,inexact_chain.FP128.mul_div,2,1,toward_zero,1048576,3.918191910,3.912346840
12,inexact_chain.FP128.mul_div,3,0,toward_zero,1048576,3.938714981,3.931359291
12,inexact_chain.FP128.mul_div,3,1,nearest_even,1048576,5.141725540,5.131332397
12,inexact_chain.FP128.mul_div,4,0,nearest_even,1048576,5.134301186,5.125124931
12,inexact_chain.FP128.mul_div,4,1,toward_zero,1048576,3.922452927,3.915773392
12,inexact_chain.FP128.mul_div,5,0,toward_zero,1048576,3.930785179,3.924900055
12,inexact_chain.FP128.mul_div,5,1,nearest_even,1048576,5.155808449,5.145010948
12,inexact_chain.FP128.mul_div,6,0,nearest_even,1048576,5.125741005,5.117415428
12,inexact_chain.FP128.mul_div,6,1,toward_zero,1048576,3.933785439,3.927000999
12,inexact_chain.FP128.mul_div,7,0,toward_zero,1048576,3.942364693,3.932343483
12,inexact_chain.FP128.mul_div,7,1,nearest_even,1048576,5.149044991,5.138164520
12,inexact_chain.FP128.mul_div,8,0,nearest_even,1048576,5.126332283,5.118116379
12,inexact_chain.FP128.mul_div,8,1,toward_zero,1048576,3.926981926,3.919778824
12,wide_product.FP128.mul,0,0,nearest_even,1048576,7.413455009,7.399537086
12,wide_product.FP128.mul,0,1,toward_zero,1048576,6.218624115,6.208819389
12,wide_product.FP128.mul,1,0,toward_zero,1048576,6.224308968,6.209237099
12,wide_product.FP128.mul,1,1,nearest_even,1048576,7.357999802,7.345362663
12,wide_product.FP128.mul,2,0,nearest_even,1048576,7.322112083,7.307241440
12,wide_product.FP128.mul,2,1,toward_zero,1048576,6.212948799,6.204057693
12,wide_product.FP128.mul,3,0,toward_zero,1048576,6.213311195,6.202263832
12,wide_product.FP128.mul,3,1,nearest_even,1048576,7.336272240,7.321985245
12,wide_product.FP128.mul,4,0,nearest_even,1048576,7.338326454,7.324725151
12,wide_product.FP128.mul,4,1,toward_zero,1048576,6.211524963,6.199960709
12,wide_product.FP128.mul,5,0,toward_zero,1048576,6.215298653,6.205024719
12,wide_product.FP128.mul,5,1,nearest_even,1048576,7.350365639,7.334434509
12,wide_product.FP128.mul,6,0,nearest_even,1048576,7.325877190,7.312217712
12,wide_product.FP128.mul,6,1,toward_zero,1048576,6.206862450,6.195887566
12,wide_product.FP128.mul,7,0,toward_zero,1048576,6.216540337,6.203706741
12,wide_product.FP128.mul,7,1,nearest_even,1048576,7.340353012,7.326875687
12,wide_product.FP128.mul,8,0,nearest_even,1048576,7.344031334,7.332512856
12,wide_product.FP128.mul,8,1,toward_zero,1048576,6.208160400,6.197181702
12,native_by64.FP128.div,0,0,toward_zero,1048576,3.960385323,3.952906609
12,native_by64.FP128.div,0,1,nearest_even,1048576,6.454127312,6.443305969
12,native_by64.FP128.div,1,0,nearest_even,1048576,6.445269585,6.433150291
12,native_by64.FP128.div,1,1,toward_zero,1048576,3.949980736,3.943197250
12,native_by64.FP128.div,2,0,toward_zero,1048576,3.931892395,3.925836563
12,native_by64.FP128.div,2,1,nearest_even,1048576,6.441295624,6.429961205
12,native_by64.FP128.div,3,0,nearest_even,1048576,6.437693596,6.425747871
12,native_by64.FP128.div,3,1,toward_zero,1048576,3.933774948,3.924426079
12,native_by64.FP128.div,4,0,toward_zero,1048576,3.947993279,3.940073013
12,native_by64.FP128.div,4,1,nearest_even,1048576,6.443712234,6.430611610
12,native_by64.FP128.div,5,0,nearest_even,1048576,6.432170868,6.421186447
12,native_by64.FP128.div,5,1,toward_zero,1048576,3.943970680,3.935708046
12,native_by64.FP128.div,6,0,toward_zero,1048576,3.937443733,3.930421829
12,native_by64.FP128.div,6,1,nearest_even,1048576,6.445221901,6.432875633
12,native_by64.FP128.div,7,0,nearest_even,1048576,6.440254211,6.428498268
12,native_by64.FP128.div,7,1,toward_zero,1048576,3.927248955,3.920840263
12,native_by64.FP128.div,8,0,toward_zero,1048576,3.952225685,3.946425438
12,native_by64.FP128.div,8,1,nearest_even,1048576,6.445605278,6.429635048
12,native_by128.FP128.div,0,0,toward_zero,1048576,5.967106819,5.958008766
12,native_by128.FP128.div,0,1,nearest_even,1048576,9.800701141,9.783450127
12,native_by128.FP128.div,1,0,nearest_even,1048576,9.751408577,9.734562874
12,native_by128.FP128.div,1,1,toward_zero,1048576,5.912339211,5.900309563
12,native_by128.FP128.div,2,0,toward_zero,1048576,5.892302513,5.883216858
12,native_by128.FP128.div,2,1,nearest_even,1048576,9.808755875,9.789569855
12,native_by128.FP128.div,3,0,nearest_even,1048576,9.781973839,9.764451981
12,native_by128.FP128.div,3,1,toward_zero,1048576,5.875696182,5.863942146
12,native_by128.FP128.div,4,0,toward_zero,1048576,5.852411270,5.840123177
12,native_by128.FP128.div,4,1,nearest_even,1048576,9.812567711,9.786972046
12,native_by128.FP128.div,5,0,nearest_even,1048576,9.762405396,9.740181923
12,native_by128.FP128.div,5,1,toward_zero,1048576,5.877980232,5.868032455
12,native_by128.FP128.div,6,0,toward_zero,1048576,5.911612511,5.899868965
12,native_by128.FP128.div,6,1,nearest_even,1048576,9.803548813,9.772553444
12,native_by128.FP128.div,7,0,nearest_even,1048576,9.758917809,9.739074707
12,native_by128.FP128.div,7,1,toward_zero,1048576,5.873470306,5.862631798
12,native_by128.FP128.div,8,0,toward_zero,1048576,5.859587669,5.849208832
12,native_by128.FP128.div,8,1,nearest_even,1048576,9.807656288,9.789521217
12,wide_by64.FP128.div,0,0,toward_zero,1048576,6.587930679,6.574868202
12,wide_by64.FP128.div,0,1,nearest_even,1048576,7.946376801,7.934070587
12,wide_by64.FP128.div,1,0,nearest_even,1048576,7.934901237,7.916972160
12,wide_by64.FP128.div,1,1,toward_zero,1048576,6.532046318,6.514492035
12,wide_by64.FP128.div,2,0,toward_zero,1048576,6.546702385,6.530791283
12,wide_by64.FP128.div,2,1,nearest_even,1048576,7.957393646,7.939539909
12,wide_by64.FP128.div,3,0,nearest_even,1048576,7.941160202,7.927020073
12,wide_by64.FP128.div,3,1,toward_zero,1048576,6.551183701,6.541729927
12,wide_by64.FP128.div,4,0,toward_zero,1048576,6.562410355,6.549205780
12,wide_by64.FP128.div,4,1,nearest_even,1048576,7.948832512,7.931063652
12,wide_by64.FP128.div,5,0,nearest_even,1048576,7.940052032,7.926366806
12,wide_by64.FP128.div,5,1,toward_zero,1048576,6.484501839,6.472410202
12,wide_by64.FP128.div,6,0,toward_zero,1048576,6.554920197,6.542667389
12,wide_by64.FP128.div,6,1,nearest_even,1048576,7.947513580,7.933299065
12,wide_by64.FP128.div,7,0,nearest_even,1048576,7.930114746,7.916605949
12,wide_by64.FP128.div,7,1,toward_zero,1048576,6.538436890,6.525287628
12,wide_by64.FP128.div,8,0,toward_zero,1048576,6.554957390,6.543577194
12,wide_by64.FP128.div,8,1,nearest_even,1048576,7.951488495,7.936204910
12,wide_by128.FP128.div,0,0,toward_zero,1048576,13.231785774,13.207845688
12,wide_by128.FP128.div,0,1,nearest_even,1048576,13.586932182,13.560844421
12,wide_by128.FP128.div,1,0,nearest_even,1048576,13.524961472,13.499931335
12,wide_by128.FP128.div,1,1,toward_zero,1048576,13.123311996,13.097223282
12,wide_by128.FP128.div,2,0,toward_zero,1048576,13.042927742,13.019130707
12,wide_by128.FP128.div,2,1,nearest_even,1048576,13.560695648,13.535872459
12,wide_by128.FP128.div,3,0,nearest_even,1048576,13.526356697,13.500312805
12,wide_by128.FP128.div,3,1,toward_zero,1048576,13.069643021,13.047822952
12,wide_by128.FP128.div,4,0,toward_zero,1048576,13.022976875,13.000272751
12,wide_by128.FP128.div,4,1,nearest_even,1048576,13.574368477,13.551812172
12,wide_by128.FP128.div,5,0,nearest_even,1048576,13.531535149,13.507505417
12,wide_by128.FP128.div,5,1,toward_zero,1048576,13.078108788,13.051309586
12,wide_by128.FP128.div,6,0,toward_zero,1048576,13.025146484,13.002222061
12,wide_by128.FP128.div,6,1,nearest_even,1048576,13.561717987,13.537307739
12,wide_by128.FP128.div,7,0,nearest_even,1048576,13.523193359,13.491507530
12,wide_by128.FP128.div,7,1,toward_zero,1048576,13.117177963,13.091370583
12,wide_by128.FP128.div,8,0,toward_zero,1048576,13.060327530,13.034595490
12,wide_by128.FP128.div,8,1,nearest_even,1048576,13.541815758,13.516643524
12,wide_product.FP128.mul_div,0,0,toward_zero,1048576,12.525876045,12.502340317
12,wide_product.FP128.mul_div,0,1,nearest_even,1048576,13.214587212,13.183508873
12,wide_product.FP128.mul_div,1,0,nearest_even,1048576,13.199595451,13.174161911
12,wide_product.FP128.mul_div,1,1,toward_zero,1048576,12.431533813,12.412035942
12,wide_product.FP128.mul_div,2,0,toward_zero,1048576,12.416303635,12.398361206
12,wide_product.FP128.mul_div,2,1,nearest_even,1048576,13.191445351,13.168049812
12,wide_product.FP128.mul_div,3,0,nearest_even,1048576,13.196471214,13.175149918
12,wide_product.FP128.mul_div,3,1,toward_zero,1048576,12.431667328,12.405644417
12,wide_product.FP128.mul_div,4,0,toward_zero,1048576,12.433874130,12.412568092
12,wide_product.FP128.mul_div,4,1,nearest_even,1048576,13.205080032,13.180287361
12,wide_product.FP128.mul_div,5,0,nearest_even,1048576,13.211310387,13.187648773
12,wide_product.FP128.mul_div,5,1,toward_zero,1048576,12.455018997,12.431918144
12,wide_product.FP128.mul_div,6,0,toward_zero,1048576,12.448111534,12.422231674
12,wide_product.FP128.mul_div,6,1,nearest_even,1048576,13.203590393,13.180219650
12,wide_product.FP128.mul_div,7,0,nearest_even,1048576,13.185694695,13.162528992
12,wide_product.FP128.mul_div,7,1,toward_zero,1048576,12.424415588,12.398296356
12,wide_product.FP128.mul_div,8,0,toward_zero,1048576,12.446219444,12.422935486
12,wide_product.FP128.mul_div,8,1,nearest_even,1048576,13.244474411,13.220302582
12,throughput4096.FP64.mul_wide,0,0,nearest_even,1048576,2.515068054,2.509541512
12,throughput4096.FP64.mul_wide,0,1,toward_zero,1048576,2.573877335,2.568701744
12,throughput4096.FP64.mul_wide,1,0,toward_zero,1048576,2.562927246,2.557293892
12,throughput4096.FP64.mul_wide,1,1,nearest_even,1048576,2.484837532,2.482176781
12,throughput4096.FP64.mul_wide,2,0,nearest_even,1048576,2.481722832,2.476740837
12,throughput4096.FP64.mul_wide,2,1,toward_zero,1048576,2.561493874,2.558251381
12,throughput4096.FP64.mul_wide,3,0,toward_zero,1048576,2.547620773,2.542903900
12,throughput4096.FP64.mul_wide,3,1,nearest_even,1048576,2.465231895,2.460218430
12,throughput4096.FP64.mul_wide,4,0,nearest_even,1048576,2.473724365,2.470185280
12,throughput4096.FP64.mul_wide,4,1,toward_zero,1048576,2.554529190,2.548285484
12,throughput4096.FP64.mul_wide,5,0,toward_zero,1048576,2.547563553,2.541865349
12,throughput4096.FP64.mul_wide,5,1,nearest_even,1048576,2.477404594,2.473930359
12,throughput4096.FP64.mul_wide,6,0,nearest_even,1048576,2.473228455,2.468608856
12,throughput4096.FP64.mul_wide,6,1,toward_zero,1048576,2.559507370,2.556328773
12,throughput4096.FP64.mul_wide,7,0,toward_zero,1048576,2.546684265,2.542064667
12,throughput4096.FP64.mul_wide,7,1,nearest_even,1048576,2.451730728,2.446746826
12,throughput4096.FP64.mul_wide,8,0,nearest_even,1048576,2.469988823,2.466459274
12,throughput4096.FP64.mul_wide,8,1,toward_zero,1048576,2.563425064,2.558144569
12,fullrange.FP64.mul_wide,0,0,toward_zero,1048576,2.676695824,2.672600746
12,fullrange.FP64.mul_wide,0,1,nearest_even,1048576,2.564733505,2.560076714
12,fullrange.FP64.mul_wide,1,0,nearest_even,1048576,2.522052765,2.516686440
12,fullrange.FP64.mul_wide,1,1,toward_zero,1048576,2.661904335,2.656423569
12,fullrange.FP64.mul_wide,2,0,toward_zero,1048576,2.640645027,2.638174057
12,fullrange.FP64.mul_wide,2,1,nearest_even,1048576,2.511380196,2.506636620
12,fullrange.FP64.mul_wide,3,0,nearest_even,1048576,2.519731522,2.513648987
12,fullrange.FP64.mul_wide,3,1,toward_zero,1048576,2.649044037,2.645771980
12,fullrange.FP64.mul_wide,4,0,toward_zero,1048576,2.642976761,2.637697220
12,fullrange.FP64.mul_wide,4,1,nearest_even,1048576,2.515622139,2.510830879
12,fullrange.FP64.mul_wide,5,0,nearest_even,1048576,2.517255783,2.513265610
12,fullrange.FP64.mul_wide,5,1,toward_zero,1048576,2.654490471,2.649038315
12,fullrange.FP64.mul_wide,6,0,toward_zero,1048576,2.643664360,2.639274597
12,fullrange.FP64.mul_wide,6,1,nearest_even,1048576,2.513434410,2.507953644
12,fullrange.FP64.mul_wide,7,0,nearest_even,1048576,2.517189026,2.513802528
12,fullrange.FP64.mul_wide,7,1,toward_zero,1048576,2.659181595,2.654484749
12,fullrange.FP64.mul_wide,8,0,toward_zero,1048576,2.642346382,2.637496948
12,fullrange.FP64.mul_wide,8,1,nearest_even,1048576,2.507022858,2.503857613
12,throughput4096.FP64.quantize4,0,0,nearest_even,1048576,2.887987137,2.882870674
12,throughput4096.FP64.quantize4,0,1,toward_zero,1048576,2.150691032,2.147850037
12,throughput4096.FP64.quantize4,1,0,toward_zero,1048576,2.150930405,2.146177292
12,throughput4096.FP64.quantize4,1,1,nearest_even,1048576,2.864979744,2.859328270
12,throughput4096.FP64.quantize4,2,0,nearest_even,1048576,2.861358643,2.856901169
12,throughput4096.FP64.quantize4,2,1,toward_zero,1048576,2.141423225,2.138867378
12,throughput4096.FP64.quantize4,3,0,toward_zero,1048576,2.141193390,2.137529373
12,throughput4096.FP64.quantize4,3,1,nearest_even,1048576,2.859399796,2.854558945
12,throughput4096.FP64.quantize4,4,0,nearest_even,1048576,2.858128548,2.854177475
12,throughput4096.FP64.quantize4,4,1,toward_zero,1048576,2.144785881,2.141820908
12,throughput4096.FP64.quantize4,5,0,toward_zero,1048576,2.146047592,2.142155647
12,throughput4096.FP64.quantize4,5,1,nearest_even,1048576,2.864071846,2.858934402
12,throughput4096.FP64.quantize4,6,0,nearest_even,1048576,2.861090660,2.857195854
12,throughput4096.FP64.quantize4,6,1,toward_zero,1048576,2.145493507,2.142786026
12,throughput4096.FP64.quantize4,7,0,toward_zero,1048576,2.145379066,2.142718315
12,throughput4096.FP64.quantize4,7,1,nearest_even,1048576,2.863842010,2.858448029
12,throughput4096.FP64.quantize4,8,0,nearest_even,1048576,2.861530304,2.856901169
12,throughput4096.FP64.quantize4,8,1,toward_zero,1048576,2.141479492,2.138782501
12,throughput4096.FP128.quantize4,0,0,toward_zero,1048576,3.726773262,3.721886635
12,throughput4096.FP128.quantize4,0,1,nearest_even,1048576,4.709366798,4.701789856
12,throughput4096.FP128.quantize4,1,0,nearest_even,1048576,4.693993568,4.686242104
12,throughput4096.FP128.quantize4,1,1,toward_zero,1048576,3.808264732,3.801416397
12,throughput4096.FP128.quantize4,2,0,toward_zero,1048576,3.754453659,3.747670174
12,throughput4096.FP128.quantize4,2,1,nearest_even,1048576,4.712987900,4.706004143
12,throughput4096.FP128.quantize4,3,0,nearest_even,1048576,4.711392403,4.703346252
12,throughput4096.FP128.quantize4,3,1,toward_zero,1048576,3.803440094,3.797231674
12,throughput4096.FP128.quantize4,4,0,toward_zero,1048576,3.814084053,3.807720184
12,throughput4096.FP128.quantize4,4,1,nearest_even,1048576,4.734906197,4.726067543
12,throughput4096.FP128.quantize4,5,0,nearest_even,1048576,4.735183716,4.727031708
12,throughput4096.FP128.quantize4,5,1,toward_zero,1048576,3.807959557,3.800797462
12,throughput4096.FP128.quantize4,6,0,toward_zero,1048576,3.797926903,3.790905952
12,throughput4096.FP128.quantize4,6,1,nearest_even,1048576,4.748627663,4.740488052
12,throughput4096.FP128.quantize4,7,0,nearest_even,1048576,4.738727570,4.730751991
12,throughput4096.FP128.quantize4,7,1,toward_zero,1048576,3.736729622,3.730501175
12,throughput4096.FP128.quantize4,8,0,toward_zero,1048576,3.810243607,3.802124023
12,throughput4096.FP128.quantize4,8,1,nearest_even,1048576,4.733110428,4.723928452
12,parse_extra_digit.FP64,0,0,toward_zero,1048576,24.653350830,24.607907295
12,parse_extra_digit.FP64,0,1,nearest_even,1048576,24.755624771,24.709818840
12,parse_extra_digit.FP64,1,0,nearest_even,1048576,24.755242348,24.706587791
12,parse_extra_digit.FP64,1,1,toward_zero,1048576,24.612992287,24.565062523
12,parse_extra_digit.FP64,2,0,toward_zero,1048576,24.595804214,24.547418594
12,parse_extra_digit.FP64,2,1,nearest_even,1048576,24.763087273,24.717493057
12,parse_extra_digit.FP64,3,0,nearest_even,1048576,24.785415649,24.739786148
12,parse_extra_digit.FP64,3,1,toward_zero,1048576,24.624439240,24.582763672
12,parse_extra_digit.FP64,4,0,toward_zero,1048576,24.591886520,24.547025681
12,parse_extra_digit.FP64,4,1,nearest_even,1048576,24.786418915,24.739425659
12,parse_extra_digit.FP64,5,0,nearest_even,1048576,24.772421837,24.727982521
12,parse_extra_digit.FP64,5,1,toward_zero,1048576,24.610441208,24.560942650
12,parse_extra_digit.FP64,6,0,toward_zero,1048576,24.615878105,24.568133354
12,parse_extra_digit.FP64,6,1,nearest_even,1048576,24.793795586,24.743193626
12,parse_extra_digit.FP64,7,0,nearest_even,1048576,24.799022675,24.747604370
12,parse_extra_digit.FP64,7,1,toward_zero,1048576,24.609189987,24.559280396
12,parse_extra_digit.FP64,8,0,toward_zero,1048576,24.591723442,24.545134544
12,parse_extra_digit.FP64,8,1,nearest_even,1048576,24.770099640,24.723537445
12,format_2digits.FP64,0,0,toward_zero,1048576,11.263464928,11.240303040
12,format_2digits.FP64,0,1,nearest_even,1048576,11.641782761,11.618521690
12,format_2digits.FP64,1,0,nearest_even,1048576,11.615067482,11.596175194
12,format_2digits.FP64,1,1,toward_zero,1048576,11.279535294,11.258065224
12,format_2digits.FP64,2,0,toward_zero,1048576,11.270505905,11.249371529
12,format_2digits.FP64,2,1,nearest_even,1048576,11.768476486,11.748781204
12,format_2digits.FP64,3,0,nearest_even,1048576,11.662334442,11.642681122
12,format_2digits.FP64,3,1,toward_zero,1048576,11.328388214,11.303101540
12,format_2digits.FP64,4,0,toward_zero,1048576,11.349208832,11.324643135
12,format_2digits.FP64,4,1,nearest_even,1048576,11.720656395,11.695372581
12,format_2digits.FP64,5,0,nearest_even,1048576,11.652111053,11.626789093
12,format_2digits.FP64,5,1,toward_zero,1048576,11.279860497,11.258806229
12,format_2digits.FP64,6,0,toward_zero,1048576,11.272111893,11.252577782
12,format_2digits.FP64,6,1,nearest_even,1048576,11.791934013,11.770048141
12,format_2digits.FP64,7,0,nearest_even,1048576,11.631683350,11.606872559
12,format_2digits.FP64,7,1,toward_zero,1048576,11.279784203,11.260721207
12,format_2digits.FP64,8,0,toward_zero,1048576,11.269990921,11.246459007
12,format_2digits.FP64,8,1,nearest_even,1048576,11.722175598,11.691746712
12,parse_extra_digit.FP128,0,0,nearest_even,1048576,28.086414337,28.030634880
12,parse_extra_digit.FP128,0,1,toward_zero,1048576,25.896003723,25.846020699
12,parse_extra_digit.FP128,1,0,toward_zero,1048576,25.901546478,25.850758553
12,parse_extra_digit.FP128,1,1,nearest_even,1048576,27.198335648,27.149104118
12,parse_extra_digit.FP128,2,0,nearest_even,1048576,27.137290955,27.087126732
12,parse_extra_digit.FP128,2,1,toward_zero,1048576,25.874134064,25.823476791
12,parse_extra_digit.FP128,3,0,toward_zero,1048576,25.864330292,25.814401627
12,parse_extra_digit.FP128,3,1,nearest_even,1048576,27.139372826,27.088051796
12,parse_extra_digit.FP128,4,0,nearest_even,1048576,27.149252892,27.098713875
12,parse_extra_digit.FP128,4,1,toward_zero,1048576,25.851814270,25.807782173
12,parse_extra_digit.FP128,5,0,toward_zero,1048576,25.848841667,25.805158615
12,parse_extra_digit.FP128,5,1,nearest_even,1048576,27.137959480,27.081874847
12,parse_extra_digit.FP128,6,0,nearest_even,1048576,27.146825790,27.091951370
12,parse_extra_digit.FP128,6,1,toward_zero,1048576,25.888360023,25.842984200
12,parse_extra_digit.FP128,7,0,toward_zero,1048576,25.876770020,25.826301575
12,parse_extra_digit.FP128,7,1,nearest_even,1048576,27.155329704,27.103551865
12,parse_extra_digit.FP128,8,0,nearest_even,1048576,27.155310631,27.098093987
12,parse_extra_digit.FP128,8,1,toward_zero,1048576,25.889831543,25.839803696
12,format_2digits.FP128,0,0,nearest_even,1048576,12.013459206,11.988625526
12,format_2digits.FP128,0,1,toward_zero,1048576,11.551643372,11.530287743
12,format_2digits.FP128,1,0,toward_zero,1048576,11.555637360,11.537156105
12,format_2digits.FP128,1,1,nearest_even,1048576,12.039763451,12.016135216
12,format_2digits.FP128,2,0,nearest_even,1048576,12.031497955,12.012622833
12,format_2digits.FP128,2,1,toward_zero,1048576,11.658531189,11.635826111
12,format_2digits.FP128,3,0,toward_zero,1048576,11.649559975,11.625810623
12,format_2digits.FP128,3,1,nearest_even,1048576,12.034584045,12.013978958
12,format_2digits.FP128,4,0,nearest_even,1048576,12.045858383,12.021976471
12,format_2digits.FP128,4,1,toward_zero,1048576,11.543311119,11.518286705
12,format_2digits.FP128,5,0,toward_zero,1048576,11.553572655,11.524981499
12,format_2digits.FP128,5,1,nearest_even,1048576,12.038147926,12.011994362
12,format_2digits.FP128,6,0,nearest_even,1048576,12.043689728,12.015270233
12,format_2digits.FP128,6,1,toward_zero,1048576,11.532056808,11.512221336
12,format_2digits.FP128,7,0,toward_zero,1048576,11.554281235,11.530025482
12,format_2digits.FP128,7,1,nearest_even,1048576,12.037031174,12.012204170
12,format_2digits.FP128,8,0,nearest_even,1048576,12.029329300,12.006947517
12,format_2digits.FP128,8,1,toward_zero,1048576,11.553726196,11.522115707
12,throughput4096.FP64.mul,0,0,nearest_even,1048576,2.628664017,2.625630379
12,throughput4096.FP64.mul,0,1,toward_zero,1048576,2.429744720,2.421437263
12,throughput4096.FP64.mul,1,0,toward_zero,1048576,2.430003166,2.427045822
12,throughput4096.FP64.mul,1,1,nearest_even,1048576,2.609726906,2.598226547
12,throughput4096.FP64.mul,2,0,nearest_even,1048576,2.605971336,2.595628738
12,throughput4096.FP64.mul,2,1,toward_zero,1048576,2.444822311,2.441454887
12,throughput4096.FP64.mul,3,0,toward_zero,1048576,2.448157310,2.442896843
12,throughput4096.FP64.mul,3,1,nearest_even,1048576,2.582036972,2.576807022
12,throughput4096.FP64.mul,4,0,nearest_even,1048576,2.586384773,2.579423904
12,throughput4096.FP64.mul,4,1,toward_zero,1048576,2.420486450,2.415867805
12,throughput4096.FP64.mul,5,0,toward_zero,1048576,2.444239616,2.438643456
12,throughput4096.FP64.mul,5,1,nearest_even,1048576,2.579084396,2.575752258
12,throughput4096.FP64.mul,6,0,nearest_even,1048576,2.589460373,2.583847046
12,throughput4096.FP64.mul,6,1,toward_zero,1048576,2.406259537,2.402585030
12,throughput4096.FP64.mul,7,0,toward_zero,1048576,2.439987183,2.432950020
12,throughput4096.FP64.mul,7,1,nearest_even,1048576,2.587415695,2.582214355
12,throughput4096.FP64.mul,8,0,nearest_even,1048576,2.578492165,2.575437546
12,throughput4096.FP64.mul,8,1,toward_zero,1048576,2.415452003,2.410411835
12,throughput256.FP64.mul,0,0,toward_zero,1048576,2.430271149,2.425383568
12,throughput256.FP64.mul,0,1,nearest_even,1048576,2.566252708,2.563160896
12,throughput256.FP64.mul,1,0,nearest_even,1048576,2.581989288,2.577510834
12,throughput256.FP64.mul,1,1,toward_zero,1048576,2.429152489,2.424455643
12,throughput256.FP64.mul,2,0,toward_zero,1048576,2.394775391,2.391828537
12,throughput256.FP64.mul,2,1,nearest_even,1048576,2.594611168,2.589463234
12,throughput256.FP64.mul,3,0,nearest_even,1048576,2.567103386,2.563706398
12,throughput256.FP64.mul,3,1,toward_zero,1048576,2.410100937,2.404687881
12,throughput256.FP64.mul,4,0,toward_zero,1048576,2.418279648,2.412760735
12,throughput256.FP64.mul,4,1,nearest_even,1048576,2.569911957,2.566678047
12,throughput256.FP64.mul,5,0,nearest_even,1048576,2.580355644,2.574933052
12,throughput256.FP64.mul,5,1,toward_zero,1048576,2.403001785,2.399729729
12,throughput256.FP64.mul,6,0,toward_zero,1048576,2.409460068,2.404113770
12,throughput256.FP64.mul,6,1,nearest_even,1048576,2.579620361,2.574905396
12,throughput256.FP64.mul,7,0,nearest_even,1048576,2.574871063,2.572333336
12,throughput256.FP64.mul,7,1,toward_zero,1048576,2.403813362,2.398983002
12,throughput256.FP64.mul,8,0,toward_zero,1048576,2.410205841,2.407792091
12,throughput256.FP64.mul,8,1,nearest_even,1048576,2.579418182,2.574482918
12,exact_results.FP64.mul,0,0,nearest_even,1048576,2.501290321,2.498180389
12,exact_results.FP64.mul,0,1,toward_zero,1048576,2.445558548,2.440777779
12,exact_results.FP64.mul,1,0,toward_zero,1048576,2.418728828,2.415226936
12,exact_results.FP64.mul,1,1,nearest_even,1048576,2.500287056,2.496296883
12,exact_results.FP64.mul,2,0,nearest_even,1048576,2.499570847,2.495534897
12,exact_results.FP64.mul,2,1,toward_zero,1048576,2.395777702,2.392477036
12,exact_results.FP64.mul,3,0,toward_zero,1048576,2.407654762,2.402805328
12,exact_results.FP64.mul,3,1,nearest_even,1048576,2.495767593,2.492676735
12,exact_results.FP64.mul,4,0,nearest_even,1048576,2.500306129,2.495448112
12,exact_results.FP64.mul,4,1,toward_zero,1048576,2.404062271,2.398802757
12,exact_results.FP64.mul,5,0,toward_zero,1048576,2.435478210,2.432969093
12,exact_results.FP64.mul,5,1,nearest_even,1048576,2.499341965,2.494338989
12,exact_results.FP64.mul,6,0,nearest_even,1048576,2.496894836,2.493841171
12,exact_results.FP64.mul,6,1,toward_zero,1048576,2.402830124,2.398038864
12,exact_results.FP64.mul,7,0,toward_zero,1048576,2.432524681,2.429281235
12,exact_results.FP64.mul,7,1,nearest_even,1048576,2.503325462,2.495409012
12,exact_results.FP64.mul,8,0,nearest_even,1048576,2.504539490,2.496211052
12,exact_results.FP64.mul,8,1,toward_zero,1048576,2.398262024,2.395180702
12,halfway_ties.FP64.mul,0,0,toward_zero,1048576,2.433652878,2.430389404
12,halfway_ties.FP64.mul,0,1,nearest_even,1048576,2.583049774,2.578124046
12,halfway_ties.FP64.mul,1,0,nearest_even,1048576,2.560385704,2.555583954
12,halfway_ties.FP64.mul,1,1,toward_zero,1048576,2.400077820,2.396385193
12,halfway_ties.FP64.mul,2,0,toward_zero,1048576,2.407281876,2.402489662
12,halfway_ties.FP64.mul,2,1,nearest_even,1048576,2.558896065,2.555622101
12,halfway_ties.FP64.mul,3,0,nearest_even,1048576,2.567217827,2.559159279
12,halfway_ties.FP64.mul,3,1,toward_zero,1048576,2.415517807,2.409741402
12,halfway_ties.FP64.mul,4,0,toward_zero,1048576,2.433251381,2.430170059
12,halfway_ties.FP64.mul,4,1,nearest_even,1048576,2.564150810,2.558890343
12,halfway_ties.FP64.mul,5,0,nearest_even,1048576,2.555197716,2.550540924
12,halfway_ties.FP64.mul,5,1,toward_zero,1048576,2.432554245,2.429596901
12,halfway_ties.FP64.mul,6,0,toward_zero,1048576,2.414314270,2.408909798
12,halfway_ties.FP64.mul,6,1,nearest_even,1048576,2.559870720,2.553778648
12,halfway_ties.FP64.mul,7,0,nearest_even,1048576,2.560615540,2.555317879
12,halfway_ties.FP64.mul,7,1,toward_zero,1048576,2.408390045,2.402319908
12,halfway_ties.FP64.mul,8,0,toward_zero,1048576,2.430384636,2.427743912
12,halfway_ties.FP64.mul,8,1,nearest_even,1048576,2.562841415,2.557782173
12,exact_chain.FP64.mul,0,0,nearest_even,1048576,3.678770065,3.669846535
12,exact_chain.FP64.mul,0,1,toward_zero,1048576,3.685191154,3.678771019
12,exact_chain.FP64.mul,1,0,toward_zero,1048576,3.689538956,3.683176994
12,exact_chain.FP64.mul,1,1,nearest_even,1048576,3.643762589,3.634610176
12,exact_chain.FP64.mul,2,0,nearest_even,1048576,3.662002563,3.657294273
12,exact_chain.FP64.mul,2,1,toward_zero,1048576,3.680863380,3.674962044
12,exact_chain.FP64.mul,3,0,toward_zero,1048576,3.689643860,3.684486389
12,exact_chain.FP64.mul,3,1,nearest_even,1048576,3.670907021,3.665253639
12,exact_chain.FP64.mul,4,0,nearest_even,1048576,3.633968353,3.628092766
12,exact_chain.FP64.mul,4,1,toward_zero,1048576,3.687313080,3.678554535
12,exact_chain.FP64.mul,5,0,toward_zero,1048576,3.690245628,3.685061455
12,exact_chain.FP64.mul,5,1,nearest_even,1048576,3.677127838,3.670420647
12,exact_chain.FP64.mul,6,0,nearest_even,1048576,3.645606041,3.638902664
12,exact_chain.FP64.mul,6,1,toward_zero,1048576,3.689013481,3.682707787
12,exact_chain.FP64.mul,7,0,toward_zero,1048576,3.696093559,3.689655304
12,exact_chain.FP64.mul,7,1,nearest_even,1048576,3.636548996,3.629793167
12,exact_chain.FP64.mul,8,0,nearest_even,1048576,3.636223793,3.629823685
12,exact_chain.FP64.mul,8,1,toward_zero,1048576,3.696179390,3.691776276
12,inexact_chain.FP64.mul,0,0,toward_zero,1048576,3.699800491,3.693496704
12,inexact_chain.FP64.mul,0,1,nearest_even,1048576,4.794460297,4.787179947
12,inexact_chain.FP64.mul,1,0,nearest_even,1048576,4.797098160,4.789491653
12,inexact_chain.FP64.mul,1,1,toward_zero,1048576,3.692242622,3.685586929
12,inexact_chain.FP64.mul,2,0,toward_zero,1048576,3.690465927,3.684255600
12,inexact_chain.FP64.mul,2,1,nearest_even,1048576,4.791861534,4.783856392
12,inexact_chain.FP64.mul,3,0,nearest_even,1048576,4.789722443,4.781524658
12,inexact_chain.FP64.mul,3,1,toward_zero,1048576,3.690015793,3.684093475
12,inexact_chain.FP64.mul,4,0,toward_zero,1048576,3.697622299,3.688223839
12,inexact_chain.FP64.mul,4,1,nearest_even,1048576,4.791537285,4.782391548
12,inexact_chain.FP64.mul,5,0,nearest_even,1048576,4.786845207,4.777455330
12,inexact_chain.FP64.mul,5,1,toward_zero,1048576,3.686386108,3.680615425
12,inexact_chain.FP64.mul,6,0,toward_zero,1048576,3.683519363,3.676718712
12,inexact_chain.FP64.mul,6,1,nearest_even,1048576,4.810025215,4.798586845
12,inexact_chain.FP64.mul,7,0,nearest_even,1048576,4.792664528,4.784955025
12,inexact_chain.FP64.mul,7,1,toward_zero,1048576,3.686586380,3.679422379
12,inexact_chain.FP64.mul,8,0,toward_zero,1048576,3.693943977,3.685488701
12,inexact_chain.FP64.mul,8,1,nearest_even,1048576,4.795445442,4.781180382
12,throughput4096.FP64.div,0,0,toward_zero,1048576,2.435535431,2.432214737
12,throughput4096.FP64.div,0,1,nearest_even,1048576,2.968695641,2.964266777
12,throughput4096.FP64.div,1,0,nearest_even,1048576,2.981719017,2.973945618
12,throughput4096.FP64.div,1,1,toward_zero,1048576,2.445625305,2.442208290
12,throughput4096.FP64.div,2,0,toward_zero,1048576,2.466979980,2.462836266
12,throughput4096.FP64.div,2,1,nearest_even,1048576,2.977065086,2.972836494
12,throughput4096.FP64.div,3,0,nearest_even,1048576,2.980544090,2.975532532
12,throughput4096.FP64.div,3,1,toward_zero,1048576,2.462498665,2.459617615
12,throughput4096.FP64.div,4,0,toward_zero,1048576,2.457883835,2.452994347
12,throughput4096.FP64.div,4,1,nearest_even,1048576,2.982846260,2.977861404
12,throughput4096.FP64.div,5,0,nearest_even,1048576,2.978833199,2.974116325
12,throughput4096.FP64.div,5,1,toward_zero,1048576,2.459488869,2.455125809
12,throughput4096.FP64.div,6,0,toward_zero,1048576,2.451529503,2.448361397
12,throughput4096.FP64.div,6,1,nearest_even,1048576,2.981528282,2.974775314
12,throughput4096.FP64.div,7,0,nearest_even,1048576,2.977236748,2.972434998
12,throughput4096.FP64.div,7,1,toward_zero,1048576,2.451673508,2.448907852
12,throughput4096.FP64.div,8,0,toward_zero,1048576,2.461706161,2.457095146
12,throughput4096.FP64.div,8,1,nearest_even,1048576,2.984221458,2.979515076
12,throughput256.FP64.div,0,0,nearest_even,1048576,2.979530334,2.971634865
12,throughput256.FP64.div,0,1,toward_zero,1048576,2.471909523,2.466839790
12,throughput256.FP64.div,1,0,toward_zero,1048576,2.478263855,2.474658012
12,throughput256.FP64.div,1,1,nearest_even,1048576,2.981212616,2.973590851
12,throughput256.FP64.div,2,0,nearest_even,1048576,2.974494934,2.970255852
12,throughput256.FP64.div,2,1,toward_zero,1048576,2.466578484,2.463323593
12,throughput256.FP64.div,3,0,toward_zero,1048576,2.474060059,2.469467163
12,throughput256.FP64.div,3,1,nearest_even,1048576,2.978603363,2.973217010
12,throughput256.FP64.div,4,0,nearest_even,1048576,2.978097916,2.973297119
12,throughput256.FP64.div,4,1,toward_zero,1048576,2.476916313,2.472727776
12,throughput256.FP64.div,5,0,toward_zero,1048576,2.476008415,2.472756386
12,throughput256.FP64.div,5,1,nearest_even,1048576,2.980466843,2.975934029
12,throughput256.FP64.div,6,0,nearest_even,1048576,2.979120255,2.972205162
12,throughput256.FP64.div,6,1,toward_zero,1048576,2.480451584,2.477178574
12,throughput256.FP64.div,7,0,toward_zero,1048576,2.485850334,2.480905533
12,throughput256.FP64.div,7,1,nearest_even,1048576,2.978995323,2.974212646
12,throughput256.FP64.div,8,0,nearest_even,1048576,2.977888107,2.974422455
12,throughput256.FP64.div,8,1,toward_zero,1048576,2.481703758,2.476510048
12,exact_results.FP64.div,0,0,nearest_even,1048576,2.729780197,2.725399971
12,exact_results.FP64.div,0,1,toward_zero,1048576,2.724612236,2.718969345
12,exact_results.FP64.div,1,0,toward_zero,1048576,2.709544182,2.703910828
12,exact_results.FP64.div,1,1,nearest_even,1048576,2.717589378,2.713256836
12,exact_results.FP64.div,2,0,nearest_even,1048576,2.708932877,2.704665184
12,exact_results.FP64.div,2,1,toward_zero,1048576,2.721630096,2.716561317
12,exact_results.FP64.div,3,0,toward_zero,1048576,2.739766121,2.734372139
12,exact_results.FP64.div,3,1,nearest_even,1048576,2.709295273,2.703892708
12,exact_results.FP64.div,4,0,nearest_even,1048576,2.711933136,2.706339836
12,exact_results.FP64.div,4,1,toward_zero,1048576,2.717245102,2.712825775
12,exact_results.FP64.div,5,0,toward_zero,1048576,2.696578979,2.694024086
12,exact_results.FP64.div,5,1,nearest_even,1048576,2.708588600,2.703729630
12,exact_results.FP64.div,6,0,nearest_even,1048576,2.707948685,2.702622414
12,exact_results.FP64.div,6,1,toward_zero,1048576,2.724907875,2.716588974
12,exact_results.FP64.div,7,0,toward_zero,1048576,2.727631569,2.722428322
12,exact_results.FP64.div,7,1,nearest_even,1048576,2.711560249,2.706615448
12,exact_results.FP64.div,8,0,nearest_even,1048576,2.712305069,2.706986427
12,exact_results.FP64.div,8,1,toward_zero,1048576,2.701041222,2.698082924
12,halfway_ties.FP64.div,0,0,nearest_even,1048576,3.014127731,3.009428978
12,halfway_ties.FP64.div,0,1,toward_zero,1048576,2.715506554,2.709939957
12,halfway_ties.FP64.div,1,0,toward_zero,1048576,2.729293823,2.724414825
12,halfway_ties.FP64.div,1,1,nearest_even,1048576,2.985941887,2.980965614
12,halfway_ties.FP64.div,2,0,nearest_even,1048576,2.990786552,2.986643791
12,halfway_ties.FP64.div,2,1,toward_zero,1048576,2.729035378,2.724138260
12,halfway_ties.FP64.div,3,0,toward_zero,1048576,2.703610420,2.699467659
12,halfway_ties.FP64.div,3,1,nearest_even,1048576,2.980935097,2.976000786
12,halfway_ties.FP64.div,4,0,nearest_even,1048576,2.985511780,2.980547905
12,halfway_ties.FP64.div,4,1,toward_zero,1048576,2.707404137,2.703003883
12,halfway_ties.FP64.div,5,0,toward_zero,1048576,2.704986572,2.700192451
12,halfway_ties.FP64.div,5,1,nearest_even,1048576,2.980868340,2.975483894
12,halfway_ties.FP64.div,6,0,nearest_even,1048576,2.986591339,2.980069160
12,halfway_ties.FP64.div,6,1,toward_zero,1048576,2.704089165,2.699447632
12,halfway_ties.FP64.div,7,0,toward_zero,1048576,2.705072403,2.699917793
12,halfway_ties.FP64.div,7,1,nearest_even,1048576,2.983219147,2.977939606
12,halfway_ties.FP64.div,8,0,nearest_even,1048576,2.986696243,2.980546951
12,halfway_ties.FP64.div,8,1,toward_zero,1048576,2.710318565,2.704915047
12,exact_chain.FP64.div,0,0,toward_zero,1048576,3.742576599,3.736550331
12,exact_chain.FP64.div,0,1,nearest_even,1048576,3.747010231,3.740200996
12,exact_chain.FP64.div,1,0,nearest_even,1048576,3.745108604,3.738375664
12,exact_chain.FP64.div,1,1,toward_zero,1048576,3.743781090,3.736634254
12,exact_chain.FP64.div,2,0,toward_zero,1048576,3.741477966,3.734496117
12,exact_chain.FP64.div,2,1,nearest_even,1048576,3.743722916,3.737207413
12,exact_chain.FP64.div,3,0,nearest_even,1048576,3.742901802,3.737140656
12,exact_chain.FP64.div,3,1,toward_zero,1048576,3.742510796,3.734505653
12,exact_chain.FP64.div,4,0,toward_zero,1048576,3.740914345,3.734628677
12,exact_chain.FP64.div,4,1,nearest_even,1048576,3.743685722,3.736462593
12,exact_chain.FP64.div,5,0,nearest_even,1048576,3.744038582,3.737876892
12,exact_chain.FP64.div,5,1,toward_zero,1048576,3.741564751,3.735278130
12,exact_chain.FP64.div,6,0,toward_zero,1048576,3.739136696,3.734095573
12,exact_chain.FP64.div,6,1,nearest_even,1048576,3.742777824,3.736360550
12,exact_chain.FP64.div,7,0,nearest_even,1048576,3.743168831,3.736948967
12,exact_chain.FP64.div,7,1,toward_zero,1048576,3.740532875,3.734113693
12,exact_chain.FP64.div,8,0,toward_zero,1048576,3.735888481,3.729890823
12,exact_chain.FP64.div,8,1,nearest_even,1048576,3.743627548,3.738432884
12,inexact_chain.FP64.div,0,0,toward_zero,1048576,3.739261627,3.732786179
12,inexact_chain.FP64.div,0,1,nearest_even,1048576,5.033929825,5.026170731
12,inexact_chain.FP64.div,1,0,nearest_even,1048576,5.068689346,5.059125900
12,inexact_chain.FP64.div,1,1,toward_zero,1048576,3.736863136,3.731063843
12,inexact_chain.FP64.div,2,0,toward_zero,1048576,3.739586830,3.732795715
12,inexact_chain.FP64.div,2,1,nearest_even,1048576,5.067332268,5.059363365
12,inexact_chain.FP64.div,3,0,nearest_even,1048576,5.038668633,5.032283783
12,inexact_chain.FP64.div,3,1,toward_zero,1048576,3.740952492,3.733628273
12,inexact_chain.FP64.div,4,0,toward_zero,1048576,3.740082741,3.733924866
12,inexact_chain.FP64.div,4,1,nearest_even,1048576,5.063128471,5.055342674
12,inexact_chain.FP64.div,5,0,nearest_even,1048576,5.071059227,5.061427116
12,inexact_chain.FP64.div,5,1,toward_zero,1048576,3.738459587,3.732717514
12,inexact_chain.FP64.div,6,0,toward_zero,1048576,3.743168831,3.735711098
12,inexact_chain.FP64.div,6,1,nearest_even,1048576,5.041792870,5.029658318
12,inexact_chain.FP64.div,7,0,nearest_even,1048576,5.043876648,5.035181999
12,inexact_chain.FP64.div,7,1,toward_zero,1048576,3.739194870,3.733118057
12,inexact_chain.FP64.div,8,0,toward_zero,1048576,3.740760803,3.735039711
12,inexact_chain.FP64.div,8,1,nearest_even,1048576,5.043378830,5.035533905
12,throughput4096.FP64.mul_div,0,0,toward_zero,1048576,2.649139404,2.644519806
12,throughput4096.FP64.mul_div,0,1,nearest_even,1048576,3.030562401,3.024871826
12,throughput4096.FP64.mul_div,1,0,nearest_even,1048576,3.027800560,3.020746231
12,throughput4096.FP64.mul_div,1,1,toward_zero,1048576,2.646521568,2.642208099
12,throughput4096.FP64.mul_div,2,0,toward_zero,1048576,2.660605431,2.654829979
12,throughput4096.FP64.mul_div,2,1,nearest_even,1048576,3.027752876,3.022959709
12,throughput4096.FP64.mul_div,3,0,nearest_even,1048576,3.024744034,3.019672394
12,throughput4096.FP64.mul_div,3,1,toward_zero,1048576,2.648996353,2.644750595
12,throughput4096.FP64.mul_div,4,0,toward_zero,1048576,2.650257111,2.647462845
12,throughput4096.FP64.mul_div,4,1,nearest_even,1048576,3.030332565,3.023074150
12,throughput4096.FP64.mul_div,5,0,nearest_even,1048576,3.023653984,3.019205093
12,throughput4096.FP64.mul_div,5,1,toward_zero,1048576,2.652722359,2.644262314
12,throughput4096.FP64.mul_div,6,0,toward_zero,1048576,2.651289940,2.648007393
12,throughput4096.FP64.mul_div,6,1,nearest_even,1048576,3.036065102,3.029963493
12,throughput4096.FP64.mul_div,7,0,nearest_even,1048576,3.024007797,3.019490242
12,throughput4096.FP64.mul_div,7,1,toward_zero,1048576,2.650382042,2.646861076
12,throughput4096.FP64.mul_div,8,0,toward_zero,1048576,2.653868675,2.648428917
12,throughput4096.FP64.mul_div,8,1,nearest_even,1048576,3.031785965,3.026267052
12,throughput256.FP64.mul_div,0,0,toward_zero,1048576,2.632429123,2.629747391
12,throughput256.FP64.mul_div,0,1,nearest_even,1048576,3.020234108,3.012287140
12,throughput256.FP64.mul_div,1,0,nearest_even,1048576,3.009217262,3.002560616
12,throughput256.FP64.mul_div,1,1,toward_zero,1048576,2.637023926,2.633655548
12,throughput256.FP64.mul_div,2,0,toward_zero,1048576,2.640006065,2.635680199
12,throughput256.FP64.mul_div,2,1,nearest_even,1048576,3.016783714,3.011569977
12,throughput256.FP64.mul_div,3,0,nearest_even,1048576,3.014281273,3.009613991
12,throughput256.FP64.mul_div,3,1,toward_zero,1048576,2.640635490,2.635422707
12,throughput256.FP64.mul_div,4,0,toward_zero,1048576,2.638170242,2.633245468
12,throughput256.FP64.mul_div,4,1,nearest_even,1048576,3.017205238,3.011818886
12,throughput256.FP64.mul_div,5,0,nearest_even,1048576,3.010439873,3.006077766
12,throughput256.FP64.mul_div,5,1,toward_zero,1048576,2.637272835,2.632690430
12,throughput256.FP64.mul_div,6,0,toward_zero,1048576,2.640559196,2.635192871
12,throughput256.FP64.mul_div,6,1,nearest_even,1048576,3.015379906,3.010471344
12,throughput256.FP64.mul_div,7,0,nearest_even,1048576,3.011644363,3.007281303
12,throughput256.FP64.mul_div,7,1,toward_zero,1048576,2.641495705,2.636952400
12,throughput256.FP64.mul_div,8,0,toward_zero,1048576,2.646435738,2.638689995
12,throughput256.FP64.mul_div,8,1,nearest_even,1048576,3.015589714,3.009840965
12,exact_results.FP64.mul_div,0,0,toward_zero,1048576,2.688753128,2.685805321
12,exact_results.FP64.mul_div,0,1,nearest_even,1048576,2.688313484,2.684169769
12,exact_results.FP64.mul_div,1,0,nearest_even,1048576,2.686154366,2.681925774
12,exact_results.FP64.mul_div,1,1,toward_zero,1048576,2.683890343,2.678867340
12,exact_results.FP64.mul_div,2,0,toward_zero,1048576,2.678548813,2.673413277
12,exact_results.FP64.mul_div,2,1,nearest_even,1048576,2.674783707,2.671330452
12,exact_results.FP64.mul_div,3,0,nearest_even,1048576,2.679436684,2.671670914
12,exact_results.FP64.mul_div,3,1,toward_zero,1048576,2.674135208,2.668644905
12,exact_results.FP64.mul_div,4,0,toward_zero,1048576,2.677659988,2.672704697
12,exact_results.FP64.mul_div,4,1,nearest_even,1048576,2.675291061,2.669646263
12,exact_results.FP64.mul_div,5,0,nearest_even,1048576,2.671545029,2.668119431
12,exact_results.FP64.mul_div,5,1,toward_zero,1048576,2.679255486,2.670725822
12,exact_results.FP64.mul_div,6,0,toward_zero,1048576,2.674632072,2.670363426
12,exact_results.FP64.mul_div,6,1,nearest_even,1048576,2.674899101,2.670947075
12,exact_results.FP64.mul_div,7,0,nearest_even,1048576,2.672797203,2.668310165
12,exact_results.FP64.mul_div,7,1,toward_zero,1048576,2.674057961,2.670919418
12,exact_results.FP64.mul_div,8,0,toward_zero,1048576,2.673226357,2.668740273
12,exact_results.FP64.mul_div,8,1,nearest_even,1048576,2.677861214,2.670042038
12,halfway_ties.FP64.mul_div,0,0,toward_zero,1048576,2.704680443,2.699459076
12,halfway_ties.FP64.mul_div,0,1,nearest_even,1048576,3.044722557,3.039701462
12,halfway_ties.FP64.mul_div,1,0,nearest_even,1048576,3.033964157,3.028912544
12,halfway_ties.FP64.mul_div,1,1,toward_zero,1048576,2.678338051,2.672227859
12,halfway_ties.FP64.mul_div,2,0,toward_zero,1048576,2.679905891,2.674695015
12,halfway_ties.FP64.mul_div,2,1,nearest_even,1048576,3.033810616,3.028827667
12,halfway_ties.FP64.mul_div,3,0,nearest_even,1048576,3.026855469,3.021565437
12,halfway_ties.FP64.mul_div,3,1,toward_zero,1048576,2.672146797,2.667658806
12,halfway_ties.FP64.mul_div,4,0,toward_zero,1048576,2.676437378,2.672122955
12,halfway_ties.FP64.mul_div,4,1,nearest_even,1048576,3.035416603,3.031147957
12,halfway_ties.FP64.mul_div,5,0,nearest_even,1048576,3.024714470,3.019874573
12,halfway_ties.FP64.mul_div,5,1,toward_zero,1048576,2.674736977,2.669334412
12,halfway_ties.FP64.mul_div,6,0,toward_zero,1048576,2.677115440,2.671769142
12,halfway_ties.FP64.mul_div,6,1,nearest_even,1048576,3.037240982,3.028338432
12,halfway_ties.FP64.mul_div,7,0,nearest_even,1048576,3.030695915,3.025090218
12,halfway_ties.FP64.mul_div,7,1,toward_zero,1048576,2.673151016,2.667803764
12,halfway_ties.FP64.mul_div,8,0,toward_zero,1048576,2.677086830,2.671702385
12,halfway_ties.FP64.mul_div,8,1,nearest_even,1048576,3.030819893,3.026179314
12,exact_chain.FP64.mul_div,0,0,nearest_even,1048576,3.764218330,3.755093575
12,exact_chain.FP64.mul_div,0,1,toward_zero,1048576,3.764332771,3.754110336
12,exact_chain.FP64.mul_div,1,0,toward_zero,1048576,3.754357338,3.747440338
12,exact_chain.FP64.mul_div,1,1,nearest_even,1048576,3.761294365,3.751638412
12,exact_chain.FP64.mul_div,2,0,nearest_even,1048576,3.756860733,3.750926971
12,exact_chain.FP64.mul_div,2,1,toward_zero,1048576,3.748844147,3.742990494
12,exact_chain.FP64.mul_div,3,0,toward_zero,1048576,3.752542496,3.745837212
12,exact_chain.FP64.mul_div,3,1,nearest_even,1048576,3.755809784,3.750087738
12,exact_chain.FP64.mul_div,4,0,nearest_even,1048576,3.761447906,3.752278328
12,exact_chain.FP64.mul_div,4,1,toward_zero,1048576,3.753936768,3.747080803
12,exact_chain.FP64.mul_div,5,0,toward_zero,1048576,3.752399445,3.745273590
12,exact_chain.FP64.mul_div,5,1,nearest_even,1048576,3.756230354,3.750269890
12,exact_chain.FP64.mul_div,6,0,nearest_even,1048576,3.756995201,3.750386238
12,exact_chain.FP64.mul_div,6,1,toward_zero,1048576,3.755179405,3.746582031
12,exact_chain.FP64.mul_div,7,0,toward_zero,1048576,3.749102592,3.744490623
12,exact_chain.FP64.mul_div,7,1,nearest_even,1048576,3.757368088,3.751177788
12,exact_chain.FP64.mul_div,8,0,nearest_even,1048576,3.756517410,3.750144958
12,exact_chain.FP64.mul_div,8,1,toward_zero,1048576,3.754434586,3.748665810
12,inexact_chain.FP64.mul_div,0,0,toward_zero,1048576,3.752274513,3.746353149
12,inexact_chain.FP64.mul_div,0,1,nearest_even,1048576,4.989385605,4.979038239
12,inexact_chain.FP64.mul_div,1,0,nearest_even,1048576,4.971385002,4.960225105
12,inexact_chain.FP64.mul_div,1,1,toward_zero,1048576,3.752829552,3.745953560
12,inexact_chain.FP64.mul_div,2,0,toward_zero,1048576,3.754998207,3.748273849
12,inexact_chain.FP64.mul_div,2,1,nearest_even,1048576,5.037503242,5.028643608
12,inexact_chain.FP64.mul_div,3,0,nearest_even,1048576,5.126830101,5.118535042
12,inexact_chain.FP64.mul_div,3,1,toward_zero,1048576,3.753039360,3.746046066
12,inexact_chain.FP64.mul_div,4,0,toward_zero,1048576,3.757185936,3.747366905
12,inexact_chain.FP64.mul_div,4,1,nearest_even,1048576,4.974366188,4.967216492
12,inexact_chain.FP64.mul_div,5,0,nearest_even,1048576,5.023944855,5.011425972
12,inexact_chain.FP64.mul_div,5,1,toward_zero,1048576,3.751787186,3.745368958
12,inexact_chain.FP64.mul_div,6,0,toward_zero,1048576,3.749772072,3.745006561
12,inexact_chain.FP64.mul_div,6,1,nearest_even,1048576,5.040637016,5.030756950
12,inexact_chain.FP64.mul_div,7,0,nearest_even,1048576,5.055743217,5.045822144
12,inexact_chain.FP64.mul_div,7,1,toward_zero,1048576,3.752245903,3.745922089
12,inexact_chain.FP64.mul_div,8,0,toward_zero,1048576,3.752322197,3.745397568
12,inexact_chain.FP64.mul_div,8,1,nearest_even,1048576,4.977414131,4.969035149
12,throughput4096.FP128.mul,0,0,toward_zero,1048576,2.579744339,2.576634407
12,throughput4096.FP128.mul,0,1,nearest_even,1048576,2.693531036,2.685384750
12,throughput4096.FP128.mul,1,0,nearest_even,1048576,2.689507484,2.684274673
12,throughput4096.FP128.mul,1,1,toward_zero,1048576,2.590598106,2.586368561
12,throughput4096.FP128.mul,2,0,toward_zero,1048576,2.587540627,2.582727432
12,throughput4096.FP128.mul,2,1,nearest_even,1048576,2.681701660,2.678438187
12,throughput4096.FP128.mul,3,0,nearest_even,1048576,2.686125755,2.681181908
12,throughput4096.FP128.mul,3,1,toward_zero,1048576,2.591534615,2.583922386
12,throughput4096.FP128.mul,4,0,toward_zero,1048576,2.585084915,2.579625130
12,throughput4096.FP128.mul,4,1,nearest_even,1048576,2.681405067,2.677921295
12,throughput4096.FP128.mul,5,0,nearest_even,1048576,2.686775208,2.681409836
12,throughput4096.FP128.mul,5,1,toward_zero,1048576,2.591094971,2.585940361
12,throughput4096.FP128.mul,6,0,toward_zero,1048576,2.592479706,2.585613251
12,throughput4096.FP128.mul,6,1,nearest_even,1048576,2.680555344,2.677014351
12,throughput4096.FP128.mul,7,0,nearest_even,1048576,2.691304207,2.685346603
12,throughput4096.FP128.mul,7,1,toward_zero,1048576,2.593979836,2.586071968
12,throughput4096.FP128.mul,8,0,toward_zero,1048576,2.582877159,2.577989578
12,throughput4096.FP128.mul,8,1,nearest_even,1048576,2.679513931,2.674090385
12,throughput256.FP128.mul,0,0,nearest_even,1048576,2.682561874,2.679433823
12,throughput256.FP128.mul,0,1,toward_zero,1048576,2.582045555,2.577531815
12,throughput256.FP128.mul,1,0,toward_zero,1048576,2.586785316,2.581934929
12,throughput256.FP128.mul,1,1,nearest_even,1048576,2.678577423,2.674041748
12,throughput256.FP128.mul,2,0,nearest_even,1048576,2.679256439,2.672887802
12,throughput256.FP128.mul,2,1,toward_zero,1048576,2.576084137,2.573593140
12,throughput256.FP128.mul,3,0,toward_zero,1048576,2.572386742,2.568455696
12,throughput256.FP128.mul,3,1,nearest_even,1048576,2.678597450,2.672934532
12,throughput256.FP128.mul,4,0,nearest_even,1048576,2.684156418,2.678667068
12,throughput256.FP128.mul,4,1,toward_zero,1048576,2.578682899,2.575601578
12,throughput256.FP128.mul,5,0,toward_zero,1048576,2.574402809,2.567231178
12,throughput256.FP128.mul,5,1,nearest_even,1048576,2.676800728,2.672312737
12,throughput256.FP128.mul,6,0,nearest_even,1048576,2.679055214,2.675256729
12,throughput256.FP128.mul,6,1,toward_zero,1048576,2.579475403,2.576777458
12,throughput256.FP128.mul,7,0,toward_zero,1048576,2.580059052,2.575477600
12,throughput256.FP128.mul,7,1,nearest_even,1048576,2.679207802,2.674043655
12,throughput256.FP128.mul,8,0,nearest_even,1048576,2.679246902,2.674347878
12,throughput256.FP128.mul,8,1,toward_zero,1048576,2.582600594,2.579452515
12,exact_results.FP128.mul,0,0,nearest_even,1048576,2.642632484,2.637602806
12,exact_results.FP128.mul,0,1,toward_zero,1048576,2.553277969,2.550167084
12,exact_results.FP128.mul,1,0,toward_zero,1048576,2.558713913,2.553750038
12,exact_results.FP128.mul,1,1,nearest_even,1048576,2.626810074,2.622314453
12,exact_results.FP128.mul,2,0,nearest_even,1048576,2.625406265,2.620432854
12,exact_results.FP128.mul,2,1,toward_zero,1048576,2.547983170,2.545018196
12,exact_results.FP128.mul,3,0,toward_zero,1048576,2.553621292,2.549393654
12,exact_results.FP128.mul,3,1,nearest_even,1048576,2.626571655,2.622152328
12,exact_results.FP128.mul,4,0,nearest_even,1048576,2.621936798,2.618328094
12,exact_results.FP128.mul,4,1,toward_zero,1048576,2.554471016,2.549011230
12,exact_results.FP128.mul,5,0,toward_zero,1048576,2.553439140,2.548399925
12,exact_results.FP128.mul,5,1,nearest_even,1048576,2.622205734,2.618530273
12,exact_results.FP128.mul,6,0,nearest_even,1048576,2.624011040,2.618609428
12,exact_results.FP128.mul,6,1,toward_zero,1048576,2.551567078,2.546871185
12,exact_results.FP128.mul,7,0,toward_zero,1048576,2.554357529,2.549259186
12,exact_results.FP128.mul,7,1,nearest_even,1048576,2.625893593,2.619771004
12,exact_results.FP128.mul,8,0,nearest_even,1048576,2.641448021,2.636923790
12,exact_results.FP128.mul,8,1,toward_zero,1048576,2.553774834,2.549057961
12,halfway_ties.FP128.mul,0,0,toward_zero,1048576,2.581797600,2.577014923
12,halfway_ties.FP128.mul,0,1,nearest_even,1048576,2.695775986,2.690841675
12,halfway_ties.FP128.mul,1,0,nearest_even,1048576,2.690329552,2.685689926
12,halfway_ties.FP128.mul,1,1,toward_zero,1048576,2.622864723,2.617193222
12,halfway_ties.FP128.mul,2,0,toward_zero,1048576,2.563595772,2.557869911
12,halfway_ties.FP128.mul,2,1,nearest_even,1048576,2.685686111,2.681161880
12,halfway_ties.FP128.mul,3,0,nearest_even,1048576,2.690797806,2.685736656
12,halfway_ties.FP128.mul,3,1,toward_zero,1048576,2.563424110,2.558651924
12,halfway_ties.FP128.mul,4,0,toward_zero,1048576,2.562220573,2.558823586
12,halfway_ties.FP128.mul,4,1,nearest_even,1048576,2.683966637,2.678763390
12,halfway_ties.FP128.mul,5,0,nearest_even,1048576,2.693053246,2.688325882
12,halfway_ties.FP128.mul,5,1,toward_zero,1048576,2.568478584,2.560706139
12,halfway_ties.FP128.mul,6,0,toward_zero,1048576,2.563157082,2.560153961
12,halfway_ties.FP128.mul,6,1,nearest_even,1048576,2.689613342,2.684715271
12,halfway_ties.FP128.mul,7,0,nearest_even,1048576,2.688552856,2.683873177
12,halfway_ties.FP128.mul,7,1,toward_zero,1048576,2.563625336,2.558651924
12,halfway_ties.FP128.mul,8,0,toward_zero,1048576,2.558159828,2.554888725
12,halfway_ties.FP128.mul,8,1,nearest_even,1048576,2.683335304,2.679068565
12,exact_chain.FP128.mul,0,0,nearest_even,1048576,3.765288353,3.760228157
12,exact_chain.FP128.mul,0,1,toward_zero,1048576,3.675407410,3.671327591
12,exact_chain.FP128.mul,1,0,toward_zero,1048576,3.677232742,3.670344353
12,exact_chain.FP128.mul,1,1,nearest_even,1048576,3.764676094,3.755411148
12,exact_chain.FP128.mul,2,0,nearest_even,1048576,3.763902664,3.756709099
12,exact_chain.FP128.mul,2,1,toward_zero,1048576,3.675072670,3.667850494
12,exact_chain.FP128.mul,3,0,toward_zero,1048576,3.697774887,3.690477371
12,exact_chain.FP128.mul,3,1,nearest_even,1048576,3.761743546,3.754741669
12,exact_chain.FP128.mul,4,0,nearest_even,1048576,3.761695862,3.755906105
12,exact_chain.FP128.mul,4,1,toward_zero,1048576,3.672302246,3.665740013
12,exact_chain.FP128.mul,5,0,toward_zero,1048576,3.671862602,3.667535782
12,exact_chain.FP128.mul,5,1,nearest_even,1048576,3.760941505,3.754446030
12,exact_chain.FP128.mul,6,0,nearest_even,1048576,3.762975693,3.755839348
12,exact_chain.FP128.mul,6,1,toward_zero,1048576,3.679468155,3.668930054
12,exact_chain.FP128.mul,7,0,toward_zero,1048576,3.674862862,3.668636322
12,exact_chain.FP128.mul,7,1,nearest_even,1048576,3.766263008,3.759507179
12,exact_chain.FP128.mul,8,0,nearest_even,1048576,3.765316963,3.758380890
12,exact_chain.FP128.mul,8,1,toward_zero,1048576,3.702283859,3.694013596
12,inexact_chain.FP128.mul,0,0,nearest_even,1048576,4.828982353,4.818547249
12,inexact_chain.FP128.mul,0,1,toward_zero,1048576,3.676553726,3.670171738
12,inexact_chain.FP128.mul,1,0,toward_zero,1048576,3.677222252,3.669477463
12,inexact_chain.FP128.mul,1,1,nearest_even,1048576,4.829058647,4.821508408
12,inexact_chain.FP128.mul,2,0,nearest_even,1048576,4.830615997,4.823422432
12,inexact_chain.FP128.mul,2,1,toward_zero,1048576,3.676572800,3.671435356
12,inexact_chain.FP128.mul,3,0,toward_zero,1048576,3.671881676,3.667038918
12,inexact_chain.FP128.mul,3,1,nearest_even,1048576,4.822704315,4.815278053
12,inexact_chain.FP128.mul,4,0,nearest_even,1048576,4.829163551,4.821069717
12,inexact_chain.FP128.mul,4,1,toward_zero,1048576,3.677423477,3.672171593
12,inexact_chain.FP128.mul,5,0,toward_zero,1048576,3.676410675,3.670526505
12,inexact_chain.FP128.mul,5,1,nearest_even,1048576,4.825112343,4.817355156
12,inexact_chain.FP128.mul,6,0,nearest_even,1048576,4.825924873,4.818825722
12,inexact_chain.FP128.mul,6,1,toward_zero,1048576,3.688888550,3.674941063
12,inexact_chain.FP128.mul,7,0,toward_zero,1048576,3.682334900,3.673184395
12,inexact_chain.FP128.mul,7,1,nearest_even,1048576,4.829813004,4.820029259
12,inexact_chain.FP128.mul,8,0,nearest_even,1048576,4.834074974,4.824394226
12,inexact_chain.FP128.mul,8,1,toward_zero,1048576,3.677557945,3.669798851
12,throughput4096.FP128.div,0,0,nearest_even,1048576,3.359338760,3.352825165
12,throughput4096.FP128.div,0,1,toward_zero,1048576,2.326688766,2.321151733
12,throughput4096.FP128.div,1,0,toward_zero,1048576,2.370936394,2.365715027
12,throughput4096.FP128.div,1,1,nearest_even,1048576,3.429928780,3.425421715
12,throughput4096.FP128.div,2,0,nearest_even,1048576,3.399238586,3.391092300
12,throughput4096.FP128.div,2,1,toward_zero,1048576,2.329535484,2.325766563
12,throughput4096.FP128.div,3,0,toward_zero,1048576,2.376439095,2.371485710
12,throughput4096.FP128.div,3,1,nearest_even,1048576,3.446314812,3.436274529
12,throughput4096.FP128.div,4,0,nearest_even,1048576,3.397194862,3.392745018
12,throughput4096.FP128.div,4,1,toward_zero,1048576,2.341898918,2.337452888
12,throughput4096.FP128.div,5,0,toward_zero,1048576,2.378235817,2.375039101
12,throughput4096.FP128.div,5,1,nearest_even,1048576,3.442560196,3.436638832
12,throughput4096.FP128.div,6,0,nearest_even,1048576,3.402086258,3.397245407
12,throughput4096.FP128.div,6,1,toward_zero,1048576,2.337609291,2.332509041
12,throughput4096.FP128.div,7,0,toward_zero,1048576,2.376334190,2.373090744
12,throughput4096.FP128.div,7,1,nearest_even,1048576,3.442550659,3.433381081
12,throughput4096.FP128.div,8,0,nearest_even,1048576,3.394958496,3.389773369
12,throughput4096.FP128.div,8,1,toward_zero,1048576,2.347832680,2.342705727
12,throughput256.FP128.div,0,0,nearest_even,1048576,3.448091507,3.439151764
12,throughput256.FP128.div,0,1,toward_zero,1048576,2.348540306,2.345944405
12,throughput256.FP128.div,1,0,toward_zero,1048576,2.386261940,2.382223129
12,throughput256.FP128.div,1,1,nearest_even,1048576,3.435375214,3.427688599
12,throughput256.FP128.div,2,0,nearest_even,1048576,3.402076721,3.392486572
12,throughput256.FP128.div,2,1,toward_zero,1048576,2.339118958,2.336581230
12,throughput256.FP128.div,3,0,toward_zero,1048576,2.378273964,2.372392654
12,throughput256.FP128.div,3,1,nearest_even,1048576,3.429116249,3.423520088
12,throughput256.FP128.div,4,0,nearest_even,1048576,3.402009964,3.395113945
12,throughput256.FP128.div,4,1,toward_zero,1048576,2.344125748,2.340844154
12,throughput256.FP128.div,5,0,toward_zero,1048576,2.386892319,2.380962372
12,throughput256.FP128.div,5,1,nearest_even,1048576,3.426822662,3.422412872
12,throughput256.FP128.div,6,0,nearest_even,1048576,3.379642487,3.372853279
12,throughput256.FP128.div,6,1,toward_zero,1048576,2.342406273,2.338711739
12,throughput256.FP128.div,7,0,toward_zero,1048576,2.376535416,2.372088432
12,throughput256.FP128.div,7,1,nearest_even,1048576,3.432489395,3.424063683
12,throughput256.FP128.div,8,0,nearest_even,1048576,3.398312569,3.391256332
12,throughput256.FP128.div,8,1,toward_zero,1048576,2.339693069,2.336583138
12,exact_results.FP128.div,0,0,toward_zero,1048576,2.470362663,2.464606285
12,exact_results.FP128.div,0,1,nearest_even,1048576,2.458476067,2.453205109
12,exact_results.FP128.div,1,0,nearest_even,1048576,2.444067001,2.437949181
12,exact_results.FP128.div,1,1,toward_zero,1048576,2.439835548,2.433772087
12,exact_results.FP128.div,2,0,toward_zero,1048576,2.463138580,2.458220482
12,exact_results.FP128.div,2,1,nearest_even,1048576,2.457969666,2.454380035
12,exact_results.FP128.div,3,0,nearest_even,1048576,2.439480782,2.434986115
12,exact_results.FP128.div,3,1,toward_zero,1048576,2.436491013,2.431326866
12,exact_results.FP128.div,4,0,toward_zero,1048576,2.459803581,2.456951141
12,exact_results.FP128.div,4,1,nearest_even,1048576,2.463071823,2.458558083
12,exact_results.FP128.div,5,0,nearest_even,1048576,2.440465927,2.437002182
12,exact_results.FP128.div,5,1,toward_zero,1048576,2.442117691,2.437680244
12,exact_results.FP128.div,6,0,toward_zero,1048576,2.458647728,2.455338478
12,exact_results.FP128.div,6,1,nearest_even,1048576,2.462240219,2.457152367
12,exact_results.FP128.div,7,0,nearest_even,1048576,2.447230339,2.438941002
12,exact_results.FP128.div,7,1,toward_zero,1048576,2.442806244,2.439466476
12,exact_results.FP128.div,8,0,toward_zero,1048576,2.460033417,2.454946518
12,exact_results.FP128.div,8,1,nearest_even,1048576,2.457568169,2.454410553
12,halfway_ties.FP128.div,0,0,toward_zero,1048576,2.453680038,2.450366974
12,halfway_ties.FP128.div,0,1,nearest_even,1048576,3.448034286,3.443374634
12,halfway_ties.FP128.div,1,0,nearest_even,1048576,3.400911331,3.394778252
12,halfway_ties.FP128.div,1,1,toward_zero,1048576,2.422627449,2.419478416
12,halfway_ties.FP128.div,2,0,toward_zero,1048576,2.469291687,2.464431763
12,halfway_ties.FP128.div,2,1,nearest_even,1048576,3.442541122,3.437537193
12,halfway_ties.FP128.div,3,0,nearest_even,1048576,3.395837784,3.388157845
12,halfway_ties.FP128.div,3,1,toward_zero,1048576,2.428703308,2.423224449
12,halfway_ties.FP128.div,4,0,toward_zero,1048576,2.461887360,2.458441734
12,halfway_ties.FP128.div,4,1,nearest_even,1048576,3.433588028,3.426711082
12,halfway_ties.FP128.div,5,0,nearest_even,1048576,3.385183334,3.380180359
12,halfway_ties.FP128.div,5,1,toward_zero,1048576,2.430967331,2.426291466
12,halfway_ties.FP128.div,6,0,toward_zero,1048576,2.457950592,2.455346107
12,halfway_ties.FP128.div,6,1,nearest_even,1048576,3.442063332,3.436304092
12,halfway_ties.FP128.div,7,0,nearest_even,1048576,3.404953003,3.397769928
12,halfway_ties.FP128.div,7,1,toward_zero,1048576,2.422291756,2.418753624
12,halfway_ties.FP128.div,8,0,toward_zero,1048576,2.468030930,2.463725090
12,halfway_ties.FP128.div,8,1,nearest_even,1048576,3.439789772,3.435138702
12,exact_chain.FP128.div,0,0,toward_zero,1048576,4.025835037,4.019330025
12,exact_chain.FP128.div,0,1,nearest_even,1048576,4.036822319,4.029657364
12,exact_chain.FP128.div,1,0,nearest_even,1048576,4.011139870,4.003613472
12,exact_chain.FP128.div,1,1,toward_zero,1048576,3.992861748,3.986404419
12,exact_chain.FP128.div,2,0,toward_zero,1048576,4.001069069,3.994763374
12,exact_chain.FP128.div,2,1,nearest_even,1048576,4.016356468,4.010558128
12,exact_chain.FP128.div,3,0,nearest_even,1048576,4.024257660,4.014081001
12,exact_chain.FP128.div,3,1,toward_zero,1048576,3.983584404,3.976188660
12,exact_chain.FP128.div,4,0,toward_zero,1048576,3.998078346,3.990406990
12,exact_chain.FP128.div,4,1,nearest_even,1048576,4.025711060,4.019712448
12,exact_chain.FP128.div,5,0,nearest_even,1048576,4.052558899,4.046253204
12,exact_chain.FP128.div,5,1,toward_zero,1048576,3.984357834,3.977786064
12,exact_chain.FP128.div,6,0,toward_zero,1048576,3.998479843,3.988976479
12,exact_chain.FP128.div,6,1,nearest_even,1048576,4.016145706,4.007923126
12,exact_chain.FP128.div,7,0,nearest_even,1048576,4.004996300,3.998682022
12,exact_chain.FP128.div,7,1,toward_zero,1048576,3.982953072,3.976649284
12,exact_chain.FP128.div,8,0,toward_zero,1048576,3.998948097,3.993541718
12,exact_chain.FP128.div,8,1,nearest_even,1048576,4.019596100,4.012153625
12,inexact_chain.FP128.div,0,0,toward_zero,1048576,4.002635956,3.994746208
12,inexact_chain.FP128.div,0,1,nearest_even,1048576,5.367598534,5.358694077
12,inexact_chain.FP128.div,1,0,nearest_even,1048576,5.340682983,5.329739571
12,inexact_chain.FP128.div,1,1,toward_zero,1048576,3.975137711,3.969291687
12,inexact_chain.FP128.div,2,0,toward_zero,1048576,3.998909950,3.992614746
12,inexact_chain.FP128.div,2,1,nearest_even,1048576,5.321411133,5.309589386
12,inexact_chain.FP128.div,3,0,nearest_even,1048576,5.353466988,5.345372200
12,inexact_chain.FP128.div,3,1,toward_zero,1048576,3.977392197,3.969894409
12,inexact_chain.FP128.div,4,0,toward_zero,1048576,4.000791550,3.990990639
12,inexact_chain.FP128.div,4,1,nearest_even,1048576,5.361894608,5.353991508
12,inexact_chain.FP128.div,5,0,nearest_even,1048576,5.366766930,5.357439995
12,inexact_chain.FP128.div,5,1,toward_zero,1048576,3.978988647,3.972865105
12,inexact_chain.FP128.div,6,0,toward_zero,1048576,3.998537064,3.986586571
12,inexact_chain.FP128.div,6,1,nearest_even,1048576,5.392373085,5.378786087
12,inexact_chain.FP128.div,7,0,nearest_even,1048576,5.283603668,5.274189949
12,inexact_chain.FP128.div,7,1,toward_zero,1048576,3.979293823,3.972301483
12,inexact_chain.FP128.div,8,0,toward_zero,1048576,3.992574692,3.986392975
12,inexact_chain.FP128.div,8,1,nearest_even,1048576,5.339545250,5.327218056
12,throughput4096.FP128.mul_div,0,0,toward_zero,1048576,3.639089584,3.633273125
12,throughput4096.FP128.mul_div,0,1,nearest_even,1048576,4.988124847,4.980023384
12,throughput4096.FP128.mul_div,1,0,nearest_even,1048576,4.956115723,4.946725845
12,throughput4096.FP128.mul_div,1,1,toward_zero,1048576,3.641116142,3.631829262
12,throughput4096.FP128.mul_div,2,0,toward_zero,1048576,3.672235489,3.664344788
12,throughput4096.FP128.mul_div,2,1,nearest_even,1048576,4.972291946,4.963911057
12,throughput4096.FP128.mul_div,3,0,nearest_even,1048576,4.949522972,4.939967155
12,throughput4096.FP128.mul_div,3,1,toward_zero,1048576,3.640581131,3.633234978
12,throughput4096.FP128.mul_div,4,0,toward_zero,1048576,3.663291931,3.656234741
12,throughput4096.FP128.mul_div,4,1,nearest_even,1048576,4.995157242,4.986968994
12,throughput4096.FP128.mul_div,5,0,nearest_even,1048576,4.953392982,4.943724632
12,throughput4096.FP128.mul_div,5,1,toward_zero,1048576,3.637762070,3.633397102
12,throughput4096.FP128.mul_div,6,0,toward_zero,1048576,3.672636986,3.665940285
12,throughput4096.FP128.mul_div,6,1,nearest_even,1048576,4.989815712,4.979782104
12,throughput4096.FP128.mul_div,7,0,nearest_even,1048576,4.975187302,4.966376305
12,throughput4096.FP128.mul_div,7,1,toward_zero,1048576,3.627635002,3.620908737
12,throughput4096.FP128.mul_div,8,0,toward_zero,1048576,3.667295456,3.663305283
12,throughput4096.FP128.mul_div,8,1,nearest_even,1048576,4.993112564,4.982915878
12,throughput256.FP128.mul_div,0,0,nearest_even,1048576,4.952418327,4.945215225
12,throughput256.FP128.mul_div,0,1,toward_zero,1048576,3.617305756,3.612625122
12,throughput256.FP128.mul_div,1,0,toward_zero,1048576,3.657750130,3.652154922
12,throughput256.FP128.mul_div,1,1,nearest_even,1048576,4.988220215,4.977603912
12,throughput256.FP128.mul_div,2,0,nearest_even,1048576,4.945472717,4.937617302
12,throughput256.FP128.mul_div,2,1,toward_zero,1048576,3.635153770,3.628657341
12,throughput256.FP128.mul_div,3,0,toward_zero,1048576,3.654540062,3.648388863
12,throughput256.FP128.mul_div,3,1,nearest_even,1048576,4.988515854,4.981282234
12,throughput256.FP128.mul_div,4,0,nearest_even,1048576,4.943455696,4.933413506
12,throughput256.FP128.mul_div,4,1,toward_zero,1048576,3.635870934,3.629956245
12,throughput256.FP128.mul_div,5,0,toward_zero,1048576,3.650355339,3.644069672
12,throughput256.FP128.mul_div,5,1,nearest_even,1048576,4.973993301,4.966135979
12,throughput256.FP128.mul_div,6,0,nearest_even,1048576,4.948844910,4.941850662
12,throughput256.FP128.mul_div,6,1,toward_zero,1048576,3.629564285,3.623115540
12,throughput256.FP128.mul_div,7,0,toward_zero,1048576,3.665126801,3.659386635
12,throughput256.FP128.mul_div,7,1,nearest_even,1048576,4.984522820,4.976792336
12,throughput256.FP128.mul_div,8,0,nearest_even,1048576,4.962527275,4.954596519
12,throughput256.FP128.mul_div,8,1,toward_zero,1048576,3.636233330,3.629862785
12,exact_results.FP128.mul_div,0,0,toward_zero,1048576,3.674394608,3.668099403
12,exact_results.FP128.mul_div,0,1,nearest_even,1048576,3.606920242,3.601474762
12,exact_results.FP128.mul_div,1,0,nearest_even,1048576,3.604607582,3.598916054
12,exact_results.FP128.mul_div,1,1,toward_zero,1048576,3.667037964,3.658010483
12,exact_results.FP128.mul_div,2,0,toward_zero,1048576,3.650546074,3.644987106
12,exact_results.FP128.mul_div,2,1,nearest_even,1048576,3.607339859,3.600154877
12,exact_results.FP128.mul_div,3,0,nearest_even,1048576,3.602418900,3.597336769
12,exact_results.FP128.mul_div,3,1,toward_zero,1048576,3.659823418,3.651398659
12,exact_results.FP128.mul_div,4,0,toward_zero,1048576,3.653298378,3.646641731
12,exact_results.FP128.mul_div,4,1,nearest_even,1048576,3.606155396,3.600157738
12,exact_results.FP128.mul_div,5,0,nearest_even,1048576,3.606575012,3.600432396
12,exact_results.FP128.mul_div,5,1,toward_zero,1048576,3.660072327,3.655296326
12,exact_results.FP128.mul_div,6,0,toward_zero,1048576,3.678426743,3.668739319
12,exact_results.FP128.mul_div,6,1,nearest_even,1048576,3.601845741,3.595103264
12,exact_results.FP128.mul_div,7,0,nearest_even,1048576,3.603317261,3.596756935
12,exact_results.FP128.mul_div,7,1,toward_zero,1048576,3.664094925,3.657713890
12,exact_results.FP128.mul_div,8,0,toward_zero,1048576,3.674968719,3.667898178
12,exact_results.FP128.mul_div,8,1,nearest_even,1048576,3.595311165,3.590133667
12,halfway_ties.FP128.mul_div,0,0,nearest_even,1048576,5.006661415,4.998700142
12,halfway_ties.FP128.mul_div,0,1,toward_zero,1048576,3.662631989,3.655611992
12,halfway_ties.FP128.mul_div,1,0,toward_zero,1048576,3.669607162,3.663551331
12,halfway_ties.FP128.mul_div,1,1,nearest_even,1048576,4.995682716,4.987418175
12,halfway_ties.FP128.mul_div,2,0,nearest_even,1048576,4.973515511,4.966195107
12,halfway_ties.FP128.mul_div,2,1,toward_zero,1048576,3.656852722,3.650100708
12,halfway_ties.FP128.mul_div,3,0,toward_zero,1048576,3.656957626,3.650549889
12,halfway_ties.FP128.mul_div,3,1,nearest_even,1048576,4.994803429,4.983525276
12,halfway_ties.FP128.mul_div,4,0,nearest_even,1048576,4.964514732,4.955263138
12,halfway_ties.FP128.mul_div,4,1,toward_zero,1048576,3.645625114,3.639598846
12,halfway_ties.FP128.mul_div,5,0,toward_zero,1048576,3.665546417,3.659760475
12,halfway_ties.FP128.mul_div,5,1,nearest_even,1048576,4.983136177,4.974937439
12,halfway_ties.FP128.mul_div,6,0,nearest_even,1048576,4.963588715,4.953222275
12,halfway_ties.FP128.mul_div,6,1,toward_zero,1048576,3.642892838,3.638070107
12,halfway_ties.FP128.mul_div,7,0,toward_zero,1048576,3.675207138,3.668179512
12,halfway_ties.FP128.mul_div,7,1,nearest_even,1048576,4.999008179,4.989950180
12,halfway_ties.FP128.mul_div,8,0,nearest_even,1048576,4.959574699,4.951193810
12,halfway_ties.FP128.mul_div,8,1,toward_zero,1048576,3.648788452,3.641997337
12,exact_chain.FP128.mul_div,0,0,toward_zero,1048576,3.967905045,3.962001801
12,exact_chain.FP128.mul_div,0,1,nearest_even,1048576,3.948804855,3.941679955
12,exact_chain.FP128.mul_div,1,0,nearest_even,1048576,3.944619179,3.937129974
12,exact_chain.FP128.mul_div,1,1,toward_zero,1048576,3.971296310,3.964435577
12,exact_chain.FP128.mul_div,2,0,toward_zero,1048576,3.970532417,3.964659691
12,exact_chain.FP128.mul_div,2,1,nearest_even,1048576,3.932466507,3.926954269
12,exact_chain.FP128.mul_div,3,0,nearest_even,1048576,3.935992241,3.929765701
12,exact_chain.FP128.mul_div,3,1,toward_zero,1048576,3.962401390,3.956335068
12,exact_chain.FP128.mul_div,4,0,toward_zero,1048576,3.974574089,3.961332321
12,exact_chain.FP128.mul_div,4,1,nearest_even,1048576,3.931472778,3.924622536
12,exact_chain.FP128.mul_div,5,0,nearest_even,1048576,3.931559563,3.925723076
12,exact_chain.FP128.mul_div,5,1,toward_zero,1048576,3.966509819,3.960567474
12,exact_chain.FP128.mul_div,6,0,toward_zero,1048576,3.966443062,3.960107803
12,exact_chain.FP128.mul_div,6,1,nearest_even,1048576,3.933239937,3.927022934
12,exact_chain.FP128.mul_div,7,0,nearest_even,1048576,3.940894127,3.932125092
12,exact_chain.FP128.mul_div,7,1,toward_zero,1048576,3.976160049,3.968037605
12,exact_chain.FP128.mul_div,8,0,toward_zero,1048576,3.964168549,3.957498550
12,exact_chain.FP128.mul_div,8,1,nearest_even,1048576,3.939059258,3.933118820
12,inexact_chain.FP128.mul_div,0,0,nearest_even,1048576,5.115679741,5.107623100
12,inexact_chain.FP128.mul_div,0,1,toward_zero,1048576,3.956257820,3.950201988
12,inexact_chain.FP128.mul_div,1,0,toward_zero,1048576,3.967771530,3.960356712
12,inexact_chain.FP128.mul_div,1,1,nearest_even,1048576,5.134502411,5.124526024
12,inexact_chain.FP128.mul_div,2,0,nearest_even,1048576,5.119912148,5.109418869
12,inexact_chain.FP128.mul_div,2,1,toward_zero,1048576,3.950657845,3.944515228
12,inexact_chain.FP128.mul_div,3,0,toward_zero,1048576,3.971306801,3.964283943
12,inexact_chain.FP128.mul_div,3,1,nearest_even,1048576,5.126533508,5.117474556
12,inexact_chain.FP128.mul_div,4,0,nearest_even,1048576,5.119597435,5.111760139
12,inexact_chain.FP128.mul_div,4,1,toward_zero,1048576,3.952331543,3.945557594
12,inexact_chain.FP128.mul_div,5,0,toward_zero,1048576,3.975042343,3.966005325
12,inexact_chain.FP128.mul_div,5,1,nearest_even,1048576,5.142614365,5.131298065
12,inexact_chain.FP128.mul_div,6,0,nearest_even,1048576,5.118670464,5.109364510
12,inexact_chain.FP128.mul_div,6,1,toward_zero,1048576,3.951308250,3.943952560
12,inexact_chain.FP128.mul_div,7,0,toward_zero,1048576,3.968755722,3.960387230
12,inexact_chain.FP128.mul_div,7,1,nearest_even,1048576,5.134683609,5.124269485
12,inexact_chain.FP128.mul_div,8,0,nearest_even,1048576,5.129811287,5.110692978
12,inexact_chain.FP128.mul_div,8,1,toward_zero,1048576,3.955837250,3.946733475
12,wide_product.FP128.mul,0,0,toward_zero,1048576,6.258428574,6.247179031
12,wide_product.FP128.mul,0,1,nearest_even,1048576,7.366657257,7.351945877
12,wide_product.FP128.mul,1,0,nearest_even,1048576,7.323143959,7.306505203
12,wide_product.FP128.mul,1,1,toward_zero,1048576,6.201376915,6.190903664
12,wide_product.FP128.mul,2,0,toward_zero,1048576,6.206756592,6.195401192
12,wide_product.FP128.mul,2,1,nearest_even,1048576,7.343553543,7.329703331
12,wide_product.FP128.mul,3,0,nearest_even,1048576,7.324845314,7.313796043
12,wide_product.FP128.mul,3,1,toward_zero,1048576,6.201635361,6.190206528
12,wide_product.FP128.mul,4,0,toward_zero,1048576,6.203852654,6.194762230
12,wide_product.FP128.mul,4,1,nearest_even,1048576,7.340715408,7.326963425
12,wide_product.FP128.mul,5,0,nearest_even,1048576,7.318157196,7.305262566
12,wide_product.FP128.mul,5,1,toward_zero,1048576,6.202314377,6.190873146
12,wide_product.FP128.mul,6,0,toward_zero,1048576,6.209469795,6.195967674
12,wide_product.FP128.mul,6,1,nearest_even,1048576,7.325743675,7.308415413
12,wide_product.FP128.mul,7,0,nearest_even,1048576,7.331638336,7.318325043
12,wide_product.FP128.mul,7,1,toward_zero,1048576,6.203708649,6.188954353
12,wide_product.FP128.mul,8,0,toward_zero,1048576,6.209691048,6.200274467
12,wide_product.FP128.mul,8,1,nearest_even,1048576,7.323173523,7.308757782
12,native_by64.FP128.div,0,0,toward_zero,1048576,3.937884331,3.932288170
12,native_by64.FP128.div,0,1,nearest_even,1048576,6.451271057,6.441967010
12,native_by64.FP128.div,1,0,nearest_even,1048576,6.431969643,6.420207024
12,native_by64.FP128.div,1,1,toward_zero,1048576,3.948910713,3.941908836
12,native_by64.FP128.div,2,0,toward_zero,1048576,3.964025497,3.953449249
12,native_by64.FP128.div,2,1,nearest_even,1048576,6.426084518,6.416940689
12,native_by64.FP128.div,3,0,nearest_even,1048576,6.434129715,6.423128128
12,native_by64.FP128.div,3,1,toward_zero,1048576,3.925692558,3.919425964
12,native_by64.FP128.div,4,0,toward_zero,1048576,3.946148872,3.938889503
12,native_by64.FP128.div,4,1,nearest_even,1048576,6.434415817,6.420795441
12,native_by64.FP128.div,5,0,nearest_even,1048576,6.436012268,6.422973633
12,native_by64.FP128.div,5,1,toward_zero,1048576,3.950639725,3.944556236
12,native_by64.FP128.div,6,0,toward_zero,1048576,3.962544441,3.955636978
12,native_by64.FP128.div,6,1,nearest_even,1048576,6.443541527,6.431975365
12,native_by64.FP128.div,7,0,nearest_even,1048576,6.429141998,6.417329788
12,native_by64.FP128.div,7,1,toward_zero,1048576,3.957098007,3.950526237
12,native_by64.FP128.div,8,0,toward_zero,1048576,3.958904266,3.951511383
12,native_by64.FP128.div,8,1,nearest_even,1048576,6.442461967,6.430731773
12,native_by128.FP128.div,0,0,toward_zero,1048576,5.948149681,5.937627792
12,native_by128.FP128.div,0,1,nearest_even,1048576,9.785088539,9.768826485
12,native_by128.FP128.div,1,0,nearest_even,1048576,9.748991966,9.725146294
12,native_by128.FP128.div,1,1,toward_zero,1048576,5.883072853,5.870676041
12,native_by128.FP128.div,2,0,toward_zero,1048576,5.866897583,5.854587555
12,native_by128.FP128.div,2,1,nearest_even,1048576,9.803339005,9.781526566
12,native_by128.FP128.div,3,0,nearest_even,1048576,9.762406349,9.741069794
12,native_by128.FP128.div,3,1,toward_zero,1048576,5.844882965,5.831924438
12,native_by128.FP128.div,4,0,toward_zero,1048576,5.850013733,5.839128494
12,native_by128.FP128.div,4,1,nearest_even,1048576,9.833837509,9.813053131
12,native_by128.FP128.div,5,0,nearest_even,1048576,9.783913612,9.762274742
12,native_by128.FP128.div,5,1,toward_zero,1048576,5.884477615,5.869606972
12,native_by128.FP128.div,6,0,toward_zero,1048576,5.879194260,5.868995667
12,native_by128.FP128.div,6,1,nearest_even,1048576,9.801427841,9.782497406
12,native_by128.FP128.div,7,0,nearest_even,1048576,9.766313553,9.745265961
12,native_by128.FP128.div,7,1,toward_zero,1048576,5.884640694,5.873965263
12,native_by128.FP128.div,8,0,toward_zero,1048576,5.893115044,5.879956245
12,native_by128.FP128.div,8,1,nearest_even,1048576,9.818176270,9.792263985
12,wide_by64.FP128.div,0,0,toward_zero,1048576,6.592995644,6.581219673
12,wide_by64.FP128.div,0,1,nearest_even,1048576,7.965658188,7.952295303
12,wide_by64.FP128.div,1,0,nearest_even,1048576,7.943090439,7.931055069
12,wide_by64.FP128.div,1,1,toward_zero,1048576,6.388086319,6.375127792
12,wide_by64.FP128.div,2,0,toward_zero,1048576,6.530478477,6.518980980
12,wide_by64.FP128.div,2,1,nearest_even,1048576,7.921401024,7.908886909
12,wide_by64.FP128.div,3,0,nearest_even,1048576,7.928433418,7.912497520
12,wide_by64.FP128.div,3,1,toward_zero,1048576,6.445949554,6.434510231
12,wide_by64.FP128.div,4,0,toward_zero,1048576,6.438774109,6.423022270
12,wide_by64.FP128.div,4,1,nearest_even,1048576,7.939803123,7.925876617
12,wide_by64.FP128.div,5,0,nearest_even,1048576,7.932274818,7.917278290
12,wide_by64.FP128.div,5,1,toward_zero,1048576,6.401672363,6.388375282
12,wide_by64.FP128.div,6,0,toward_zero,1048576,6.519270897,6.509405136
12,wide_by64.FP128.div,6,1,nearest_even,1048576,7.939869881,7.923700333
12,wide_by64.FP128.div,7,0,nearest_even,1048576,7.930755615,7.918079376
12,wide_by64.FP128.div,7,1,toward_zero,1048576,6.503535271,6.491864204
12,wide_by64.FP128.div,8,0,toward_zero,1048576,6.509104729,6.496957779
12,wide_by64.FP128.div,8,1,nearest_even,1048576,7.928003311,7.912750244
12,wide_by128.FP128.div,0,0,nearest_even,1048576,13.662472725,13.636496544
12,wide_by128.FP128.div,0,1,toward_zero,1048576,13.120035172,13.091599464
12,wide_by128.FP128.div,1,0,toward_zero,1048576,13.040586472,13.014312744
12,wide_by128.FP128.div,1,1,nearest_even,1048576,13.560887337,13.531767845
12,wide_by128.FP128.div,2,0,nearest_even,1048576,13.523156166,13.495344162
12,wide_by128.FP128.div,2,1,toward_zero,1048576,13.104288101,13.080814362
12,wide_by128.FP128.div,3,0,toward_zero,1048576,13.075156212,13.049590111
12,wide_by128.FP128.div,3,1,nearest_even,1048576,13.544501305,13.520023346
12,wide_by128.FP128.div,4,0,nearest_even,1048576,13.506665230,13.481017113
12,wide_by128.FP128.div,4,1,toward_zero,1048576,13.102578163,13.082304001
12,wide_by128.FP128.div,5,0,toward_zero,1048576,13.079647064,13.054602623
12,wide_by128.FP128.div,5,1,nearest_even,1048576,13.547749519,13.525687218
12,wide_by128.FP128.div,6,0,nearest_even,1048576,13.489628792,13.465420723
12,wide_by128.FP128.div,6,1,toward_zero,1048576,13.109543800,13.086383820
12,wide_by128.FP128.div,7,0,toward_zero,1048576,13.070618629,13.045845985
12,wide_by128.FP128.div,7,1,nearest_even,1048576,13.528821945,13.503867149
12,wide_by128.FP128.div,8,0,nearest_even,1048576,13.483857155,13.462932587
12,wide_by128.FP128.div,8,1,toward_zero,1048576,13.130593300,13.103562355
12,wide_product.FP128.mul_div,0,0,nearest_even,1048576,13.608670235,13.580331802
12,wide_product.FP128.mul_div,0,1,toward_zero,1048576,13.103055954,13.079258919
12,wide_product.FP128.mul_div,1,0,toward_zero,1048576,13.093129158,13.070352554
12,wide_product.FP128.mul_div,1,1,nearest_even,1048576,13.498858452,13.473815918
12,wide_product.FP128.mul_div,2,0,nearest_even,1048576,13.530388832,13.504457474
12,wide_product.FP128.mul_div,2,1,toward_zero,1048576,13.062916756,13.039362907
12,wide_product.FP128.mul_div,3,0,toward_zero,1048576,13.061836243,13.034137726
12,wide_product.FP128.mul_div,3,1,nearest_even,1048576,13.533741951,13.510875702
12,wide_product.FP128.mul_div,4,0,nearest_even,1048576,13.544701576,13.519497871
12,wide_product.FP128.mul_div,4,1,toward_zero,1048576,13.097715378,13.072533607
12,wide_product.FP128.mul_div,5,0,toward_zero,1048576,13.103008270,13.079403877
12,wide_product.FP128.mul_div,5,1,nearest_even,1048576,13.538548470,13.512785912
12,wide_product.FP128.mul_div,6,0,nearest_even,1048576,13.519620895,13.496792793
12,wide_product.FP128.mul_div,6,1,toward_zero,1048576,13.119423866,13.093785286
12,wide_product.FP128.mul_div,7,0,toward_zero,1048576,13.112123489,13.088149071
12,wide_product.FP128.mul_div,7,1,nearest_even,1048576,13.526232719,13.502665520
12,wide_product.FP128.mul_div,8,0,nearest_even,1048576,13.555077553,13.526673317
12,wide_product.FP128.mul_div,8,1,toward_zero,1048576,13.113815308,13.085500717
12,throughput4096.FP64.mul_wide,0,0,nearest_even,1048576,2.504681587,2.498874664
12,throughput4096.FP64.mul_wide,0,1,toward_zero,1048576,2.567543030,2.562704086
12,throughput4096.FP64.mul_wide,1,0,toward_zero,1048576,2.566157341,2.561860085
12,throughput4096.FP64.mul_wide,1,1,nearest_even,1048576,2.489252090,2.484632492
12,throughput4096.FP64.mul_wide,2,0,nearest_even,1048576,2.484302521,2.480648041
12,throughput4096.FP64.mul_wide,2,1,toward_zero,1048576,2.562889099,2.558603287
12,throughput4096.FP64.mul_wide,3,0,toward_zero,1048576,2.550239563,2.545351982
12,throughput4096.FP64.mul_wide,3,1,nearest_even,1048576,2.466588020,2.463352203
12,throughput4096.FP64.mul_wide,4,0,nearest_even,1048576,2.477746964,2.473050117
12,throughput4096.FP64.mul_wide,4,1,toward_zero,1048576,2.567781448,2.562827110
12,throughput4096.FP64.mul_wide,5,0,toward_zero,1048576,2.550295830,2.547023773
12,throughput4096.FP64.mul_wide,5,1,nearest_even,1048576,2.464390755,2.459332466
12,throughput4096.FP64.mul_wide,6,0,nearest_even,1048576,2.480977058,2.475679398
12,throughput4096.FP64.mul_wide,6,1,toward_zero,1048576,2.558523178,2.554265976
12,throughput4096.FP64.mul_wide,7,0,toward_zero,1048576,2.546885490,2.542511940
12,throughput4096.FP64.mul_wide,7,1,nearest_even,1048576,2.466367722,2.462951660
12,throughput4096.FP64.mul_wide,8,0,nearest_even,1048576,2.476974487,2.472287178
12,throughput4096.FP64.mul_wide,8,1,toward_zero,1048576,2.561522484,2.557227135
12,fullrange.FP64.mul_wide,0,0,toward_zero,1048576,2.656410217,2.652306557
12,fullrange.FP64.mul_wide,0,1,nearest_even,1048576,2.556143761,2.551877975
12,fullrange.FP64.mul_wide,1,0,nearest_even,1048576,2.514876366,2.511738777
12,fullrange.FP64.mul_wide,1,1,toward_zero,1048576,2.661006927,2.656033516
12,fullrange.FP64.mul_wide,2,0,toward_zero,1048576,2.645518303,2.639971733
12,fullrange.FP64.mul_wide,2,1,nearest_even,1048576,2.505246162,2.499862671
12,fullrange.FP64.mul_wide,3,0,nearest_even,1048576,2.515354156,2.512129784
12,fullrange.FP64.mul_wide,3,1,toward_zero,1048576,2.659497261,2.654639244
12,fullrange.FP64.mul_wide,4,0,toward_zero,1048576,2.651031494,2.645589828
12,fullrange.FP64.mul_wide,4,1,nearest_even,1048576,2.505341530,2.502614021
12,fullrange.FP64.mul_wide,5,0,nearest_even,1048576,2.521622658,2.517069817
12,fullrange.FP64.mul_wide,5,1,toward_zero,1048576,2.660529137,2.656548500
12,fullrange.FP64.mul_wide,6,0,toward_zero,1048576,2.650085449,2.645236015
12,fullrange.FP64.mul_wide,6,1,nearest_even,1048576,2.504548073,2.500701904
12,fullrange.FP64.mul_wide,7,0,nearest_even,1048576,2.519033432,2.514260292
12,fullrange.FP64.mul_wide,7,1,toward_zero,1048576,2.660853386,2.655832291
12,fullrange.FP64.mul_wide,8,0,toward_zero,1048576,2.647734642,2.644452095
12,fullrange.FP64.mul_wide,8,1,nearest_even,1048576,2.516883850,2.511404037
12,throughput4096.FP64.quantize4,0,0,nearest_even,1048576,2.883926392,2.879153252
12,throughput4096.FP64.quantize4,0,1,toward_zero,1048576,2.153289795,2.149922371
12,throughput4096.FP64.quantize4,1,0,toward_zero,1048576,2.151350975,2.147694588
12,throughput4096.FP64.quantize4,1,1,nearest_even,1048576,2.877104759,2.865921021
12,throughput4096.FP64.quantize4,2,0,nearest_even,1048576,2.864674568,2.861257553
12,throughput4096.FP64.quantize4,2,1,toward_zero,1048576,2.149066925,2.145833969
12,throughput4096.FP64.quantize4,3,0,toward_zero,1048576,2.149697304,2.145182610
12,throughput4096.FP64.quantize4,3,1,nearest_even,1048576,2.864311218,2.859642982
12,throughput4096.FP64.quantize4,4,0,nearest_even,1048576,2.865800858,2.860073090
12,throughput4096.FP64.quantize4,4,1,toward_zero,1048576,2.148866653,2.145566940
12,throughput4096.FP64.quantize4,5,0,toward_zero,1048576,2.148856163,2.145652771
12,throughput4096.FP64.quantize4,5,1,nearest_even,1048576,2.863365173,2.858821869
12,throughput4096.FP64.quantize4,6,0,nearest_even,1048576,2.867645264,2.862749100
12,throughput4096.FP64.quantize4,6,1,toward_zero,1048576,2.150136948,2.146874428
12,throughput4096.FP64.quantize4,7,0,toward_zero,1048576,2.153375626,2.148125648
12,throughput4096.FP64.quantize4,7,1,nearest_even,1048576,2.867549896,2.863052368
12,throughput4096.FP64.quantize4,8,0,nearest_even,1048576,2.865046501,2.860033989
12,throughput4096.FP64.quantize4,8,1,toward_zero,1048576,2.144758224,2.141571999
12,throughput4096.FP128.quantize4,0,0,toward_zero,1048576,3.736175537,3.730368614
12,throughput4096.FP128.quantize4,0,1,nearest_even,1048576,4.744824409,4.736854553
12,throughput4096.FP128.quantize4,1,0,nearest_even,1048576,4.716656685,4.707695007
12,throughput4096.FP128.quantize4,1,1,toward_zero,1048576,3.790015221,3.783376694
12,throughput4096.FP128.quantize4,2,0,toward_zero,1048576,3.763416290,3.756585121
12,throughput4096.FP128.quantize4,2,1,nearest_even,1048576,4.743143082,4.734468460
12,throughput4096.FP128.quantize4,3,0,nearest_even,1048576,4.730511665,4.722432137
12,throughput4096.FP128.quantize4,3,1,toward_zero,1048576,3.812593460,3.806200027
12,throughput4096.FP128.quantize4,4,0,toward_zero,1048576,3.788065910,3.781562805
12,throughput4096.FP128.quantize4,4,1,nearest_even,1048576,4.732909203,4.721874237
12,throughput4096.FP128.quantize4,5,0,nearest_even,1048576,4.717059135,4.708021164
12,throughput4096.FP128.quantize4,5,1,toward_zero,1048576,3.767983437,3.761842728
12,throughput4096.FP128.quantize4,6,0,toward_zero,1048576,3.810672760,3.802725792
12,throughput4096.FP128.quantize4,6,1,nearest_even,1048576,4.751761436,4.742837906
12,throughput4096.FP128.quantize4,7,0,nearest_even,1048576,4.741814613,4.730740547
12,throughput4096.FP128.quantize4,7,1,toward_zero,1048576,3.739940643,3.733825684
12,throughput4096.FP128.quantize4,8,0,toward_zero,1048576,3.789681435,3.783158302
12,throughput4096.FP128.quantize4,8,1,nearest_even,1048576,4.752067566,4.740066528
12,parse_extra_digit.FP64,0,0,nearest_even,1048576,24.917682648,24.869585991
12,parse_extra_digit.FP64,0,1,toward_zero,1048576,24.681223869,24.633319855
12,parse_extra_digit.FP64,1,0,toward_zero,1048576,24.659343719,24.616261482
12,parse_extra_digit.FP64,1,1,nearest_even,1048576,24.839669228,24.788974762
12,parse_extra_digit.FP64,2,0,nearest_even,1048576,24.833362579,24.787305832
12,parse_extra_digit.FP64,2,1,toward_zero,1048576,24.670197487,24.619395256
12,parse_extra_digit.FP64,3,0,toward_zero,1048576,24.679149628,24.630599022
12,parse_extra_digit.FP64,3,1,nearest_even,1048576,24.844675064,24.798400879
12,parse_extra_digit.FP64,4,0,nearest_even,1048576,24.837356567,24.789422035
12,parse_extra_digit.FP64,4,1,toward_zero,1048576,24.668362617,24.622879982
12,parse_extra_digit.FP64,5,0,toward_zero,1048576,24.660069466,24.611324310
12,parse_extra_digit.FP64,5,1,nearest_even,1048576,24.834872246,24.789855003
12,parse_extra_digit.FP64,6,0,nearest_even,1048576,24.844369888,24.797686577
12,parse_extra_digit.FP64,6,1,toward_zero,1048576,24.673924446,24.626543045
12,parse_extra_digit.FP64,7,0,toward_zero,1048576,24.662983894,24.617170334
12,parse_extra_digit.FP64,7,1,nearest_even,1048576,24.840672493,24.790305138
12,parse_extra_digit.FP64,8,0,nearest_even,1048576,24.836993217,24.791529655
12,parse_extra_digit.FP64,8,1,toward_zero,1048576,24.655693054,24.613569260
12,format_2digits.FP64,0,0,nearest_even,1048576,11.523428917,11.504762650
12,format_2digits.FP64,0,1,toward_zero,1048576,11.145580292,11.123075485
12,format_2digits.FP64,1,0,toward_zero,1048576,11.130349159,11.112345695
12,format_2digits.FP64,1,1,nearest_even,1048576,11.547353745,11.522677422
12,format_2digits.FP64,2,0,nearest_even,1048576,11.560462952,11.540551186
12,format_2digits.FP64,2,1,toward_zero,1048576,11.153519630,11.130720139
12,format_2digits.FP64,3,0,toward_zero,1048576,11.142187119,11.121280670
12,format_2digits.FP64,3,1,nearest_even,1048576,11.621517181,11.598393440
12,format_2digits.FP64,4,0,nearest_even,1048576,11.543694496,11.523147583
12,format_2digits.FP64,4,1,toward_zero,1048576,11.142827988,11.124097824
12,format_2digits.FP64,5,0,toward_zero,1048576,11.148015976,11.126054764
12,format_2digits.FP64,5,1,nearest_even,1048576,11.568259239,11.542074203
12,format_2digits.FP64,6,0,nearest_even,1048576,11.550477982,11.530778885
12,format_2digits.FP64,6,1,toward_zero,1048576,11.147433281,11.125923157
12,format_2digits.FP64,7,0,toward_zero,1048576,11.144442558,11.122712135
12,format_2digits.FP64,7,1,nearest_even,1048576,11.575215340,11.555582047
12,format_2digits.FP64,8,0,nearest_even,1048576,11.542385101,11.522574425
12,format_2digits.FP64,8,1,toward_zero,1048576,11.135565758,11.114711761
12,parse_extra_digit.FP128,0,0,nearest_even,1048576,27.098854065,27.048729897
12,parse_extra_digit.FP128,0,1,toward_zero,1048576,25.739384651,25.688691139
12,parse_extra_digit.FP128,1,0,toward_zero,1048576,25.755311966,25.705090523
12,parse_extra_digit.FP128,1,1,nearest_even,1048576,27.034435272,26.983615875
12,parse_extra_digit.FP128,2,0,nearest_even,1048576,27.018479347,26.967450142
12,parse_extra_digit.FP128,2,1,toward_zero,1048576,25.729324341,25.682231903
12,parse_extra_digit.FP128,3,0,toward_zero,1048576,25.724660873,25.679577827
12,parse_extra_digit.FP128,3,1,nearest_even,1048576,27.019433975,26.968670845
12,parse_extra_digit.FP128,4,0,nearest_even,1048576,27.026218414,26.976006508
12,parse_extra_digit.FP128,4,1,toward_zero,1048576,25.760882378,25.705466270
12,parse_extra_digit.FP128,5,0,toward_zero,1048576,25.730843544,25.684667587
12,parse_extra_digit.FP128,5,1,nearest_even,1048576,27.033766747,26.980997086
12,parse_extra_digit.FP128,6,0,nearest_even,1048576,27.007691383,26.957171440
12,parse_extra_digit.FP128,6,1,toward_zero,1048576,25.767552376,25.713955879
12,parse_extra_digit.FP128,7,0,toward_zero,1048576,25.762927055,25.715062141
12,parse_extra_digit.FP128,7,1,nearest_even,1048576,27.023657799,26.975473404
12,parse_extra_digit.FP128,8,0,nearest_even,1048576,27.016099930,26.964669228
12,parse_extra_digit.FP128,8,1,toward_zero,1048576,25.713147163,25.666687012
12,format_2digits.FP128,0,0,toward_zero,1048576,11.492184639,11.468339920
12,format_2digits.FP128,0,1,nearest_even,1048576,11.914674759,11.895272255
12,format_2digits.FP128,1,0,nearest_even,1048576,11.910508156,11.885450363
12,format_2digits.FP128,1,1,toward_zero,1048576,11.486652374,11.464665413
12,format_2digits.FP128,2,0,toward_zero,1048576,11.345043182,11.324303627
12,format_2digits.FP128,2,1,nearest_even,1048576,11.641142845,11.617395401
12,format_2digits.FP128,3,0,nearest_even,1048576,11.652550697,11.625866890
12,format_2digits.FP128,3,1,toward_zero,1048576,11.280587196,11.258458138
12,format_2digits.FP128,4,0,toward_zero,1048576,11.212987900,11.195574760
12,format_2digits.FP128,4,1,nearest_even,1048576,11.641075134,11.622074127
12,format_2digits.FP128,5,0,nearest_even,1048576,11.655273438,11.621959686
12,format_2digits.FP128,5,1,toward_zero,1048576,11.210121155,11.191429138
12,format_2digits.FP128,6,0,toward_zero,1048576,11.201828003,11.181427956
12,format_2digits.FP128,6,1,nearest_even,1048576,11.630527496,11.608304024
12,format_2digits.FP128,7,0,nearest_even,1048576,11.632619858,11.607954979
12,format_2digits.FP128,7,1,toward_zero,1048576,11.203461647,11.184231758
12,format_2digits.FP128,8,0,toward_zero,1048576,11.191652298,11.172321320
12,format_2digits.FP128,8,1,nearest_even,1048576,11.643560410,11.621217728
