INFO: Running with entropic power schedule (0xFF, 100).
INFO: Seed: 387115767
INFO: Loaded 1 modules   (5947 inline 8-bit counters): 5947 [0x5618f472ae20, 0x5618f472c55b), 
INFO: Loaded 1 PC tables (5947 PCs): 5947 [0x5618f472c560,0x5618f4743910), 
INFO: -max_len is not provided; libFuzzer will not generate inputs larger than 4096 bytes
INFO: A corpus is not provided, starting from an empty corpus
#2	INITED cov: 17 ft: 18 corp: 1/1b exec/s: 0 rss: 47Mb
#3	NEW    cov: 20 ft: 21 corp: 2/2b lim: 4 exec/s: 0 rss: 48Mb L: 1/1 MS: 1 ChangeByte-
#6	NEW    cov: 29 ft: 30 corp: 3/3b lim: 4 exec/s: 0 rss: 48Mb L: 1/1 MS: 3 CrossOver-CopyPart-ChangeByte-
	NEW_FUNC[1/19]: 0x5618f468bcd8 in fixedwide::wide::magnitude(fixedwide::wide::int256) (/home/shared/ws/fixedwide/build_fuzz/fuzz/fixedwide_fuzz+0x37ccd8) (BuildId: 079c249adcac8559c4aa8eb037567c022d261c83)
	NEW_FUNC[2/19]: 0x5618f468e208 in std::expected<fixedwide::detail::uint_limbs<4ul>, fixedwide::ArithmeticError> fixedwide::detail::round_magnitude<fixedwide::detail::uint_limbs<4ul>>(fixedwide::detail::uint_limbs<4ul>, fixedwide::detail::uint_limbs<4ul>, fixedwide::detail::uint_limbs<4ul>, bool, fixedwide::Rounding, fixedwide::detail::uint_limbs<4ul>) (/home/shared/ws/fixedwide/build_fuzz/fuzz/fixedwide_fuzz+0x37f208) (BuildId: 079c249adcac8559c4aa8eb037567c022d261c83)
#73	NEW    cov: 181 ft: 189 corp: 4/4b lim: 4 exec/s: 0 rss: 50Mb L: 1/1 MS: 2 CrossOver-ChangeByte-
#84	NEW    cov: 181 ft: 198 corp: 5/6b lim: 4 exec/s: 0 rss: 50Mb L: 2/2 MS: 1 InsertByte-
#100	NEW    cov: 183 ft: 208 corp: 6/8b lim: 4 exec/s: 0 rss: 50Mb L: 2/2 MS: 1 CopyPart-
#117	NEW    cov: 193 ft: 229 corp: 7/12b lim: 4 exec/s: 0 rss: 50Mb L: 4/4 MS: 2 ChangeASCIIInt-CopyPart-
#126	NEW    cov: 196 ft: 232 corp: 8/16b lim: 4 exec/s: 0 rss: 50Mb L: 4/4 MS: 4 ChangeBinInt-ChangeByte-CrossOver-ShuffleBytes-
#133	NEW    cov: 197 ft: 233 corp: 9/19b lim: 4 exec/s: 0 rss: 50Mb L: 3/4 MS: 2 CopyPart-InsertByte-
	NEW_FUNC[1/1]: 0x5618f469b5c0 in fixedwide::wide::int256::int256<int>(int) (/home/shared/ws/fixedwide/build_fuzz/fuzz/fixedwide_fuzz+0x38c5c0) (BuildId: 079c249adcac8559c4aa8eb037567c022d261c83)
#136	NEW    cov: 207 ft: 254 corp: 10/20b lim: 4 exec/s: 0 rss: 50Mb L: 1/4 MS: 3 CrossOver-EraseBytes-EraseBytes-
#156	NEW    cov: 207 ft: 260 corp: 11/24b lim: 4 exec/s: 0 rss: 50Mb L: 4/4 MS: 5 CopyPart-ChangeASCIIInt-InsertByte-ChangeBinInt-CopyPart-
#182	NEW    cov: 207 ft: 269 corp: 12/28b lim: 4 exec/s: 0 rss: 50Mb L: 4/4 MS: 1 ChangeBinInt-
#188	NEW    cov: 210 ft: 272 corp: 13/30b lim: 4 exec/s: 0 rss: 50Mb L: 2/4 MS: 1 CrossOver-
	NEW_FUNC[1/3]: 0x5618f46a6b60 in fixedwide::wide::uint256::operator~() const (/home/shared/ws/fixedwide/build_fuzz/fuzz/fixedwide_fuzz+0x397b60) (BuildId: 079c249adcac8559c4aa8eb037567c022d261c83)
	NEW_FUNC[2/3]: 0x5618f46a6d40 in fixedwide::wide::uint256::operator+(fixedwide::wide::uint256 const&) const (/home/shared/ws/fixedwide/build_fuzz/fuzz/fixedwide_fuzz+0x397d40) (BuildId: 079c249adcac8559c4aa8eb037567c022d261c83)
#224	NEW    cov: 231 ft: 299 corp: 14/32b lim: 4 exec/s: 0 rss: 50Mb L: 2/4 MS: 1 CrossOver-
#227	NEW    cov: 231 ft: 303 corp: 15/36b lim: 4 exec/s: 0 rss: 50Mb L: 4/4 MS: 3 EraseBytes-CrossOver-CopyPart-
#244	NEW    cov: 231 ft: 309 corp: 16/40b lim: 4 exec/s: 0 rss: 50Mb L: 4/4 MS: 2 ChangeBit-ChangeASCIIInt-
#305	NEW    cov: 234 ft: 312 corp: 17/42b lim: 4 exec/s: 0 rss: 50Mb L: 2/4 MS: 1 ChangeByte-
#324	NEW    cov: 234 ft: 314 corp: 18/45b lim: 4 exec/s: 0 rss: 50Mb L: 3/4 MS: 4 CrossOver-ChangeByte-CrossOver-CopyPart-
#390	REDUCE cov: 234 ft: 314 corp: 18/44b lim: 4 exec/s: 0 rss: 50Mb L: 3/4 MS: 1 EraseBytes-
#421	REDUCE cov: 234 ft: 314 corp: 18/43b lim: 4 exec/s: 0 rss: 50Mb L: 3/4 MS: 1 EraseBytes-
#528	NEW    cov: 234 ft: 320 corp: 19/47b lim: 4 exec/s: 0 rss: 50Mb L: 4/4 MS: 2 CrossOver-CrossOver-
#629	REDUCE cov: 234 ft: 320 corp: 19/46b lim: 4 exec/s: 0 rss: 50Mb L: 1/4 MS: 1 CrossOver-
#675	NEW    cov: 234 ft: 331 corp: 20/48b lim: 4 exec/s: 0 rss: 50Mb L: 2/4 MS: 1 ChangeByte-
#677	NEW    cov: 234 ft: 334 corp: 21/51b lim: 4 exec/s: 0 rss: 50Mb L: 3/4 MS: 2 ShuffleBytes-ChangeASCIIInt-
#710	REDUCE cov: 234 ft: 338 corp: 22/55b lim: 4 exec/s: 0 rss: 50Mb L: 4/4 MS: 3 ShuffleBytes-CrossOver-CrossOver-
#721	REDUCE cov: 234 ft: 338 corp: 22/54b lim: 4 exec/s: 0 rss: 50Mb L: 2/4 MS: 1 EraseBytes-
#750	NEW    cov: 240 ft: 344 corp: 23/58b lim: 4 exec/s: 0 rss: 50Mb L: 4/4 MS: 4 ShuffleBytes-ChangeBinInt-CrossOver-InsertByte-
	NEW_FUNC[1/1]: 0x5618f469b500 in std::basic_string_view<char, std::char_traits<char>>::operator[](unsigned long) const (/home/shared/ws/fixedwide/build_fuzz/fuzz/fixedwide_fuzz+0x38c500) (BuildId: 079c249adcac8559c4aa8eb037567c022d261c83)
#909	NEW    cov: 251 ft: 355 corp: 24/62b lim: 4 exec/s: 0 rss: 50Mb L: 4/4 MS: 4 ChangeBinInt-ShuffleBytes-ChangeBit-CrossOver-
#932	REDUCE cov: 251 ft: 355 corp: 24/61b lim: 4 exec/s: 0 rss: 50Mb L: 3/4 MS: 3 CopyPart-ChangeByte-EraseBytes-
#1025	NEW    cov: 254 ft: 358 corp: 25/65b lim: 4 exec/s: 0 rss: 50Mb L: 4/4 MS: 3 CopyPart-ChangeBit-ChangeByte-
#1090	NEW    cov: 260 ft: 364 corp: 26/67b lim: 4 exec/s: 0 rss: 50Mb L: 2/4 MS: 5 ShuffleBytes-ShuffleBytes-ShuffleBytes-CrossOver-EraseBytes-
#1137	REDUCE cov: 260 ft: 364 corp: 26/66b lim: 4 exec/s: 0 rss: 50Mb L: 2/4 MS: 2 InsertByte-EraseBytes-
#1158	NEW    cov: 263 ft: 369 corp: 27/70b lim: 4 exec/s: 0 rss: 50Mb L: 4/4 MS: 1 CopyPart-
#1204	REDUCE cov: 263 ft: 369 corp: 27/69b lim: 4 exec/s: 0 rss: 50Mb L: 3/4 MS: 1 EraseBytes-
#1248	NEW    cov: 301 ft: 429 corp: 28/73b lim: 4 exec/s: 0 rss: 51Mb L: 4/4 MS: 4 ChangeBinInt-ShuffleBytes-ChangeASCIIInt-InsertByte-
#1325	NEW    cov: 304 ft: 432 corp: 29/77b lim: 4 exec/s: 0 rss: 51Mb L: 4/4 MS: 2 CopyPart-CopyPart-
#1327	NEW    cov: 307 ft: 435 corp: 30/81b lim: 4 exec/s: 0 rss: 51Mb L: 4/4 MS: 2 ChangeASCIIInt-CopyPart-
#1428	NEW    cov: 307 ft: 436 corp: 31/84b lim: 4 exec/s: 0 rss: 51Mb L: 3/4 MS: 1 CrossOver-
#1459	REDUCE cov: 307 ft: 436 corp: 31/83b lim: 4 exec/s: 0 rss: 51Mb L: 3/4 MS: 1 EraseBytes-
#1495	NEW    cov: 315 ft: 472 corp: 32/87b lim: 4 exec/s: 0 rss: 51Mb L: 4/4 MS: 1 CrossOver-
#1498	NEW    cov: 315 ft: 476 corp: 33/91b lim: 4 exec/s: 0 rss: 51Mb L: 4/4 MS: 3 ShuffleBytes-ChangeASCIIInt-CopyPart-
#1559	NEW    cov: 315 ft: 480 corp: 34/95b lim: 4 exec/s: 0 rss: 51Mb L: 4/4 MS: 1 ChangeASCIIInt-
#1624	REDUCE cov: 318 ft: 483 corp: 35/99b lim: 4 exec/s: 0 rss: 51Mb L: 4/4 MS: 5 CrossOver-InsertByte-ChangeByte-CrossOver-ShuffleBytes-
#1696	NEW    cov: 326 ft: 522 corp: 36/103b lim: 4 exec/s: 0 rss: 51Mb L: 4/4 MS: 2 ChangeASCIIInt-CopyPart-
#1717	REDUCE cov: 326 ft: 522 corp: 36/102b lim: 4 exec/s: 0 rss: 51Mb L: 3/4 MS: 1 EraseBytes-
#1778	NEW    cov: 327 ft: 528 corp: 37/106b lim: 4 exec/s: 0 rss: 51Mb L: 4/4 MS: 1 ChangeBit-
#2042	NEW    cov: 327 ft: 531 corp: 38/111b lim: 6 exec/s: 0 rss: 51Mb L: 5/5 MS: 4 InsertByte-ChangeByte-EraseBytes-CrossOver-
#2065	NEW    cov: 327 ft: 537 corp: 39/117b lim: 6 exec/s: 0 rss: 51Mb L: 6/6 MS: 3 ShuffleBytes-ChangeByte-CopyPart-
#2106	NEW    cov: 329 ft: 542 corp: 40/122b lim: 6 exec/s: 0 rss: 51Mb L: 5/6 MS: 1 CrossOver-
#2222	NEW    cov: 329 ft: 544 corp: 41/127b lim: 6 exec/s: 0 rss: 51Mb L: 5/6 MS: 1 CrossOver-
#2263	NEW    cov: 330 ft: 548 corp: 42/132b lim: 6 exec/s: 0 rss: 51Mb L: 5/6 MS: 1 CopyPart-
#2338	NEW    cov: 330 ft: 557 corp: 43/138b lim: 6 exec/s: 0 rss: 51Mb L: 6/6 MS: 5 CopyPart-InsertByte-CrossOver-CrossOver-CopyPart-
#2376	NEW    cov: 330 ft: 560 corp: 44/143b lim: 6 exec/s: 0 rss: 51Mb L: 5/6 MS: 3 ChangeBit-ShuffleBytes-CrossOver-
#2392	NEW    cov: 330 ft: 561 corp: 45/148b lim: 6 exec/s: 0 rss: 51Mb L: 5/6 MS: 1 CrossOver-
#2396	NEW    cov: 330 ft: 565 corp: 46/154b lim: 6 exec/s: 0 rss: 51Mb L: 6/6 MS: 4 ShuffleBytes-CopyPart-ChangeASCIIInt-ChangeBit-
#2503	NEW    cov: 330 ft: 568 corp: 47/159b lim: 6 exec/s: 0 rss: 51Mb L: 5/6 MS: 2 CopyPart-CopyPart-
#2521	NEW    cov: 330 ft: 571 corp: 48/165b lim: 6 exec/s: 0 rss: 51Mb L: 6/6 MS: 3 ChangeBit-ChangeASCIIInt-CrossOver-
#2532	NEW    cov: 333 ft: 574 corp: 49/170b lim: 6 exec/s: 0 rss: 51Mb L: 5/6 MS: 1 ShuffleBytes-
#2691	NEW    cov: 333 ft: 576 corp: 50/176b lim: 6 exec/s: 0 rss: 51Mb L: 6/6 MS: 4 ChangeASCIIInt-CopyPart-ChangeBit-InsertByte-
#2717	REDUCE cov: 333 ft: 576 corp: 50/175b lim: 6 exec/s: 0 rss: 51Mb L: 3/6 MS: 1 EraseBytes-
#2733	NEW    cov: 333 ft: 578 corp: 51/181b lim: 6 exec/s: 0 rss: 51Mb L: 6/6 MS: 1 CopyPart-
#2809	NEW    cov: 333 ft: 581 corp: 52/187b lim: 6 exec/s: 0 rss: 51Mb L: 6/6 MS: 1 CopyPart-
#2820	NEW    cov: 333 ft: 594 corp: 53/191b lim: 6 exec/s: 0 rss: 51Mb L: 4/6 MS: 1 ChangeBit-
#2916	NEW    cov: 336 ft: 597 corp: 54/197b lim: 6 exec/s: 0 rss: 51Mb L: 6/6 MS: 1 CopyPart-
#2940	NEW    cov: 336 ft: 598 corp: 55/203b lim: 6 exec/s: 0 rss: 51Mb L: 6/6 MS: 4 EraseBytes-CrossOver-EraseBytes-CrossOver-
#2976	REDUCE cov: 336 ft: 598 corp: 55/201b lim: 6 exec/s: 0 rss: 51Mb L: 3/6 MS: 1 EraseBytes-
#2977	NEW    cov: 336 ft: 604 corp: 56/207b lim: 6 exec/s: 0 rss: 51Mb L: 6/6 MS: 1 CrossOver-
#3032	NEW    cov: 339 ft: 607 corp: 57/213b lim: 6 exec/s: 0 rss: 51Mb L: 6/6 MS: 5 CrossOver-ChangeASCIIInt-ChangeBit-ChangeASCIIInt-CopyPart-
#3113	NEW    cov: 342 ft: 611 corp: 58/219b lim: 6 exec/s: 0 rss: 51Mb L: 6/6 MS: 1 CrossOver-
#3138	REDUCE cov: 342 ft: 617 corp: 59/225b lim: 6 exec/s: 0 rss: 51Mb L: 6/6 MS: 5 CrossOver-CopyPart-CrossOver-CrossOver-CrossOver-
#3165	NEW    cov: 343 ft: 618 corp: 60/229b lim: 6 exec/s: 0 rss: 51Mb L: 4/6 MS: 2 CrossOver-CrossOver-
#3182	NEW    cov: 343 ft: 620 corp: 61/233b lim: 6 exec/s: 0 rss: 51Mb L: 4/6 MS: 2 CopyPart-ChangeASCIIInt-
#3478	NEW    cov: 343 ft: 621 corp: 62/241b lim: 8 exec/s: 0 rss: 51Mb L: 8/8 MS: 1 CopyPart-
#3484	NEW    cov: 344 ft: 622 corp: 63/249b lim: 8 exec/s: 0 rss: 51Mb L: 8/8 MS: 1 CrossOver-
#3570	NEW    cov: 344 ft: 625 corp: 64/257b lim: 8 exec/s: 0 rss: 51Mb L: 8/8 MS: 1 CrossOver-
#3676	NEW    cov: 345 ft: 627 corp: 65/264b lim: 8 exec/s: 0 rss: 51Mb L: 7/8 MS: 1 CrossOver-
#3687	NEW    cov: 345 ft: 628 corp: 66/272b lim: 8 exec/s: 0 rss: 51Mb L: 8/8 MS: 1 CopyPart-
#3804	NEW    cov: 345 ft: 631 corp: 67/279b lim: 8 exec/s: 0 rss: 51Mb L: 7/8 MS: 2 ChangeASCIIInt-CrossOver-
#3860	NEW    cov: 345 ft: 633 corp: 68/286b lim: 8 exec/s: 0 rss: 51Mb L: 7/8 MS: 1 CopyPart-
#3971	NEW    cov: 351 ft: 658 corp: 69/291b lim: 8 exec/s: 0 rss: 51Mb L: 5/8 MS: 1 ChangeASCIIInt-
#4016	NEW    cov: 351 ft: 661 corp: 70/299b lim: 8 exec/s: 0 rss: 51Mb L: 8/8 MS: 5 InsertRepeatedBytes-ChangeBit-CrossOver-ChangeASCIIInt-CrossOver-
#4127	NEW    cov: 351 ft: 662 corp: 71/304b lim: 8 exec/s: 0 rss: 51Mb L: 5/8 MS: 1 EraseBytes-
#4233	NEW    cov: 351 ft: 668 corp: 72/310b lim: 8 exec/s: 0 rss: 51Mb L: 6/8 MS: 1 CrossOver-
#4385	NEW    cov: 351 ft: 673 corp: 73/317b lim: 8 exec/s: 0 rss: 51Mb L: 7/8 MS: 2 ChangeByte-CopyPart-
#4651	NEW    cov: 352 ft: 675 corp: 74/325b lim: 8 exec/s: 0 rss: 51Mb L: 8/8 MS: 1 CrossOver-
#4799	NEW    cov: 352 ft: 678 corp: 75/331b lim: 8 exec/s: 0 rss: 51Mb L: 6/8 MS: 3 CopyPart-CrossOver-CrossOver-
#5122	NEW    cov: 352 ft: 679 corp: 76/334b lim: 11 exec/s: 0 rss: 51Mb L: 3/8 MS: 3 ChangeByte-EraseBytes-EraseBytes-
#5198	NEW    cov: 352 ft: 680 corp: 77/343b lim: 11 exec/s: 0 rss: 51Mb L: 9/9 MS: 1 InsertByte-
#5393	NEW    cov: 352 ft: 681 corp: 78/349b lim: 11 exec/s: 0 rss: 51Mb L: 6/9 MS: 5 ChangeBit-ChangeASCIIInt-ChangeASCIIInt-ChangeASCIIInt-ChangeBit-
#5441	NEW    cov: 352 ft: 684 corp: 79/357b lim: 11 exec/s: 0 rss: 51Mb L: 8/9 MS: 3 ShuffleBytes-CrossOver-EraseBytes-
#5563	NEW    cov: 358 ft: 690 corp: 80/366b lim: 11 exec/s: 0 rss: 51Mb L: 9/9 MS: 2 ChangeByte-CopyPart-
#5602	NEW    cov: 358 ft: 691 corp: 81/371b lim: 11 exec/s: 0 rss: 51Mb L: 5/9 MS: 4 ChangeBit-CopyPart-CopyPart-CrossOver-
#5747	NEW    cov: 358 ft: 694 corp: 82/382b lim: 11 exec/s: 0 rss: 51Mb L: 11/11 MS: 5 ChangeASCIIInt-CrossOver-ChangeASCIIInt-ChangeByte-CopyPart-
#6123	NEW    cov: 358 ft: 696 corp: 83/388b lim: 14 exec/s: 0 rss: 51Mb L: 6/11 MS: 1 ChangeASCIIInt-
#6364	REDUCE cov: 358 ft: 696 corp: 83/387b lim: 14 exec/s: 0 rss: 51Mb L: 1/11 MS: 1 EraseBytes-
#6510	NEW    cov: 359 ft: 697 corp: 84/392b lim: 14 exec/s: 0 rss: 51Mb L: 5/11 MS: 1 InsertByte-
#6525	NEW    cov: 359 ft: 699 corp: 85/403b lim: 14 exec/s: 0 rss: 51Mb L: 11/11 MS: 5 InsertByte-CrossOver-CopyPart-ChangeASCIIInt-CrossOver-
#6531	NEW    cov: 359 ft: 701 corp: 86/413b lim: 14 exec/s: 0 rss: 51Mb L: 10/11 MS: 1 CrossOver-
#6570	NEW    cov: 359 ft: 702 corp: 87/426b lim: 14 exec/s: 0 rss: 51Mb L: 13/13 MS: 4 InsertByte-CopyPart-ShuffleBytes-CopyPart-
#6616	NEW    cov: 359 ft: 705 corp: 88/439b lim: 14 exec/s: 0 rss: 51Mb L: 13/13 MS: 1 CrossOver-
#6717	REDUCE cov: 359 ft: 705 corp: 88/438b lim: 14 exec/s: 0 rss: 51Mb L: 5/13 MS: 1 EraseBytes-
#6788	NEW    cov: 359 ft: 709 corp: 89/450b lim: 14 exec/s: 0 rss: 51Mb L: 12/13 MS: 1 CopyPart-
#6795	NEW    cov: 359 ft: 711 corp: 90/454b lim: 14 exec/s: 0 rss: 51Mb L: 4/13 MS: 2 ChangeASCIIInt-EraseBytes-
#6876	NEW    cov: 359 ft: 712 corp: 91/468b lim: 14 exec/s: 0 rss: 51Mb L: 14/14 MS: 1 InsertByte-
#6882	NEW    cov: 359 ft: 715 corp: 92/472b lim: 14 exec/s: 0 rss: 51Mb L: 4/14 MS: 1 ChangeASCIIInt-
#6903	REDUCE cov: 359 ft: 715 corp: 92/469b lim: 14 exec/s: 0 rss: 51Mb L: 9/14 MS: 1 CrossOver-
#6914	NEW    cov: 359 ft: 716 corp: 93/476b lim: 14 exec/s: 0 rss: 51Mb L: 7/14 MS: 1 InsertByte-
#7005	NEW    cov: 361 ft: 720 corp: 94/482b lim: 14 exec/s: 0 rss: 51Mb L: 6/14 MS: 1 ChangeByte-
#7082	NEW    cov: 361 ft: 723 corp: 95/488b lim: 14 exec/s: 0 rss: 51Mb L: 6/14 MS: 2 InsertByte-ChangeByte-
#7249	REDUCE cov: 361 ft: 723 corp: 95/485b lim: 14 exec/s: 0 rss: 51Mb L: 10/14 MS: 2 ChangeBinInt-EraseBytes-
#7388	NEW    cov: 362 ft: 724 corp: 96/495b lim: 14 exec/s: 0 rss: 52Mb L: 10/14 MS: 4 CrossOver-CopyPart-ChangeBit-CrossOver-
#7551	NEW    cov: 363 ft: 725 corp: 97/503b lim: 14 exec/s: 0 rss: 52Mb L: 8/14 MS: 3 ChangeASCIIInt-CopyPart-ShuffleBytes-
#7727	REDUCE cov: 363 ft: 725 corp: 97/501b lim: 14 exec/s: 0 rss: 52Mb L: 5/14 MS: 1 EraseBytes-
#8016	NEW    cov: 363 ft: 727 corp: 98/512b lim: 14 exec/s: 0 rss: 52Mb L: 11/14 MS: 4 InsertByte-EraseBytes-ChangeASCIIInt-CrossOver-
#8048	NEW    cov: 363 ft: 728 corp: 99/518b lim: 14 exec/s: 0 rss: 52Mb L: 6/14 MS: 2 InsertByte-ChangeBit-
	NEW_FUNC[1/9]: 0x5618f4662bd8 in std::expected<fixedwide::basic_fixed<64ul, 4u>, fixedwide::ArithmeticError> fixedwide::mul<64ul, 4u>(fixedwide::basic_fixed<64ul, 4u>, fixedwide::basic_fixed<64ul, 4u>, fixedwide::Rounding) (/home/shared/ws/fixedwide/build_fuzz/fuzz/fixedwide_fuzz+0x353bd8) (BuildId: 079c249adcac8559c4aa8eb037567c022d261c83)
	NEW_FUNC[2/9]: 0x5618f4662dd8 in std::expected<fixedwide::basic_fixed<64ul, 4u>, fixedwide::ArithmeticError> fixedwide::div<64ul, 4u>(fixedwide::basic_fixed<64ul, 4u>, fixedwide::basic_fixed<64ul, 4u>, fixedwide::Rounding) (/home/shared/ws/fixedwide/build_fuzz/fuzz/fixedwide_fuzz+0x353dd8) (BuildId: 079c249adcac8559c4aa8eb037567c022d261c83)
#8386	REDUCE cov: 388 ft: 754 corp: 100/534b lim: 17 exec/s: 0 rss: 52Mb L: 16/16 MS: 3 InsertRepeatedBytes-InsertByte-CopyPart-
#8429	NEW    cov: 395 ft: 765 corp: 101/550b lim: 17 exec/s: 0 rss: 52Mb L: 16/16 MS: 3 CopyPart-InsertRepeatedBytes-InsertByte-
#8431	NEW    cov: 398 ft: 769 corp: 102/567b lim: 17 exec/s: 0 rss: 52Mb L: 17/17 MS: 2 ChangeASCIIInt-InsertRepeatedBytes-
#8454	NEW    cov: 399 ft: 770 corp: 103/584b lim: 17 exec/s: 0 rss: 52Mb L: 17/17 MS: 3 CopyPart-ChangeByte-ChangeBit-
#8497	NEW    cov: 402 ft: 773 corp: 104/600b lim: 17 exec/s: 0 rss: 52Mb L: 16/17 MS: 3 ChangeByte-InsertRepeatedBytes-CrossOver-
#8531	REDUCE cov: 404 ft: 775 corp: 105/616b lim: 17 exec/s: 0 rss: 52Mb L: 16/17 MS: 4 ChangeByte-ChangeBit-InsertRepeatedBytes-CrossOver-
#8582	NEW    cov: 404 ft: 776 corp: 106/633b lim: 17 exec/s: 0 rss: 52Mb L: 17/17 MS: 1 InsertByte-
#8619	NEW    cov: 405 ft: 777 corp: 107/644b lim: 17 exec/s: 0 rss: 52Mb L: 11/17 MS: 2 ShuffleBytes-CrossOver-
#8624	NEW    cov: 406 ft: 778 corp: 108/660b lim: 17 exec/s: 0 rss: 52Mb L: 16/17 MS: 5 ChangeBit-InsertByte-ChangeBinInt-InsertRepeatedBytes-ChangeByte-
#8629	NEW    cov: 408 ft: 780 corp: 109/677b lim: 17 exec/s: 0 rss: 52Mb L: 17/17 MS: 5 ShuffleBytes-InsertRepeatedBytes-CopyPart-ChangeBinInt-InsertRepeatedBytes-
#8633	NEW    cov: 409 ft: 781 corp: 110/694b lim: 17 exec/s: 0 rss: 52Mb L: 17/17 MS: 4 CopyPart-ChangeBinInt-ChangeASCIIInt-ChangeBinInt-
#8656	NEW    cov: 415 ft: 787 corp: 111/710b lim: 17 exec/s: 0 rss: 52Mb L: 16/17 MS: 3 ShuffleBytes-ChangeByte-InsertRepeatedBytes-
#8662	NEW    cov: 415 ft: 788 corp: 112/719b lim: 17 exec/s: 0 rss: 52Mb L: 9/17 MS: 1 CrossOver-
#8703	NEW    cov: 418 ft: 791 corp: 113/729b lim: 17 exec/s: 0 rss: 52Mb L: 10/17 MS: 1 CrossOver-
#8852	NEW    cov: 419 ft: 792 corp: 114/745b lim: 17 exec/s: 0 rss: 52Mb L: 16/17 MS: 4 ShuffleBytes-InsertRepeatedBytes-CMP-InsertByte- DE: "\000\000"-
#8863	NEW    cov: 419 ft: 794 corp: 115/757b lim: 17 exec/s: 0 rss: 52Mb L: 12/17 MS: 1 InsertByte-
#8914	NEW    cov: 419 ft: 795 corp: 116/761b lim: 17 exec/s: 0 rss: 52Mb L: 4/17 MS: 1 ChangeBit-
#8942	REDUCE cov: 420 ft: 796 corp: 117/778b lim: 17 exec/s: 0 rss: 52Mb L: 17/17 MS: 3 ChangeASCIIInt-CopyPart-InsertRepeatedBytes-
#8945	NEW    cov: 421 ft: 813 corp: 118/786b lim: 17 exec/s: 0 rss: 52Mb L: 8/17 MS: 3 EraseBytes-CopyPart-ShuffleBytes-
#8952	NEW    cov: 422 ft: 814 corp: 119/802b lim: 17 exec/s: 0 rss: 52Mb L: 16/17 MS: 2 InsertRepeatedBytes-CrossOver-
#9034	REDUCE cov: 422 ft: 814 corp: 119/799b lim: 17 exec/s: 0 rss: 52Mb L: 8/17 MS: 2 CopyPart-EraseBytes-
#9102	NEW    cov: 422 ft: 815 corp: 120/810b lim: 17 exec/s: 0 rss: 52Mb L: 11/17 MS: 3 ChangeASCIIInt-CopyPart-CrossOver-
#9366	REDUCE cov: 423 ft: 816 corp: 121/826b lim: 17 exec/s: 0 rss: 52Mb L: 16/17 MS: 4 InsertByte-ChangeBit-EraseBytes-InsertRepeatedBytes-
#9474	NEW    cov: 424 ft: 817 corp: 122/843b lim: 17 exec/s: 0 rss: 52Mb L: 17/17 MS: 3 ChangeBit-CopyPart-CMP- DE: "\377\377\377\016"-
#9491	NEW    cov: 424 ft: 818 corp: 123/847b lim: 17 exec/s: 0 rss: 52Mb L: 4/17 MS: 2 CrossOver-ChangeBit-
#9532	REDUCE cov: 424 ft: 820 corp: 124/861b lim: 17 exec/s: 0 rss: 52Mb L: 14/17 MS: 1 CrossOver-
#9562	REDUCE cov: 424 ft: 820 corp: 124/860b lim: 17 exec/s: 0 rss: 52Mb L: 16/17 MS: 5 CrossOver-ChangeASCIIInt-ShuffleBytes-InsertByte-CrossOver-
#9567	NEW    cov: 426 ft: 822 corp: 125/877b lim: 17 exec/s: 0 rss: 52Mb L: 17/17 MS: 5 CMP-ChangeASCIIInt-ChangeASCIIInt-CrossOver-InsertRepeatedBytes- DE: "\377\377"-
#9610	NEW    cov: 426 ft: 825 corp: 126/891b lim: 17 exec/s: 0 rss: 52Mb L: 14/17 MS: 3 ShuffleBytes-ChangeBinInt-CopyPart-
#9704	NEW    cov: 426 ft: 826 corp: 127/908b lim: 17 exec/s: 0 rss: 52Mb L: 17/17 MS: 4 InsertByte-PersAutoDict-InsertRepeatedBytes-InsertRepeatedBytes- DE: "\377\377\377\016"-
#9711	NEW    cov: 427 ft: 827 corp: 128/925b lim: 17 exec/s: 0 rss: 52Mb L: 17/17 MS: 2 ChangeByte-InsertByte-
#9818	NEW    cov: 430 ft: 830 corp: 129/942b lim: 17 exec/s: 0 rss: 52Mb L: 17/17 MS: 2 InsertRepeatedBytes-InsertRepeatedBytes-
#9821	NEW    cov: 430 ft: 833 corp: 130/947b lim: 17 exec/s: 0 rss: 52Mb L: 5/17 MS: 3 ChangeByte-ChangeASCIIInt-CrossOver-
#9904	NEW    cov: 430 ft: 834 corp: 131/963b lim: 17 exec/s: 0 rss: 52Mb L: 16/17 MS: 3 ChangeASCIIInt-EraseBytes-CrossOver-
#10070	NEW    cov: 432 ft: 840 corp: 132/974b lim: 17 exec/s: 0 rss: 52Mb L: 11/17 MS: 1 CrossOver-
#10110	NEW    cov: 432 ft: 841 corp: 133/980b lim: 17 exec/s: 0 rss: 52Mb L: 6/17 MS: 5 ChangeByte-ChangeByte-CrossOver-InsertByte-EraseBytes-
#10196	REDUCE cov: 432 ft: 841 corp: 133/979b lim: 17 exec/s: 0 rss: 52Mb L: 9/17 MS: 1 EraseBytes-
#10568	NEW    cov: 433 ft: 842 corp: 134/996b lim: 17 exec/s: 0 rss: 52Mb L: 17/17 MS: 2 CMP-InsertRepeatedBytes- DE: "\377\377z\377\220\203p\362"-
#10741	NEW    cov: 433 ft: 844 corp: 135/1003b lim: 17 exec/s: 0 rss: 52Mb L: 7/17 MS: 3 ShuffleBytes-ChangeASCIIInt-ChangeByte-
#10892	REDUCE cov: 433 ft: 844 corp: 135/1002b lim: 17 exec/s: 0 rss: 52Mb L: 3/17 MS: 1 EraseBytes-
#10968	NEW    cov: 434 ft: 845 corp: 136/1010b lim: 17 exec/s: 0 rss: 52Mb L: 8/17 MS: 1 ChangeASCIIInt-
#10987	NEW    cov: 434 ft: 846 corp: 137/1027b lim: 17 exec/s: 0 rss: 52Mb L: 17/17 MS: 4 ChangeByte-ChangeBinInt-CopyPart-ChangeByte-
#11398	NEW    cov: 434 ft: 847 corp: 138/1045b lim: 21 exec/s: 0 rss: 52Mb L: 18/18 MS: 1 CMP- DE: "\001\000"-
#11411	NEW    cov: 434 ft: 850 corp: 139/1062b lim: 21 exec/s: 0 rss: 52Mb L: 17/18 MS: 3 InsertRepeatedBytes-ChangeASCIIInt-ChangeBinInt-
#11437	NEW    cov: 434 ft: 851 corp: 140/1076b lim: 21 exec/s: 0 rss: 52Mb L: 14/18 MS: 1 CopyPart-
#11513	NEW    cov: 434 ft: 853 corp: 141/1083b lim: 21 exec/s: 0 rss: 52Mb L: 7/18 MS: 1 CrossOver-
#11989	REDUCE cov: 434 ft: 853 corp: 141/1082b lim: 25 exec/s: 0 rss: 52Mb L: 16/18 MS: 1 EraseBytes-
#12304	REDUCE cov: 434 ft: 854 corp: 142/1100b lim: 25 exec/s: 0 rss: 52Mb L: 18/18 MS: 5 PersAutoDict-CMP-ChangeBinInt-ChangeBinInt-InsertRepeatedBytes- DE: "\001\000"-"\260*}\217\337{\000\000"-
#12421	NEW    cov: 434 ft: 855 corp: 143/1124b lim: 25 exec/s: 0 rss: 52Mb L: 24/24 MS: 2 InsertRepeatedBytes-InsertRepeatedBytes-
#12584	NEW    cov: 434 ft: 856 corp: 144/1129b lim: 25 exec/s: 0 rss: 52Mb L: 5/24 MS: 3 ChangeASCIIInt-CrossOver-ChangeASCIIInt-
#12660	NEW    cov: 434 ft: 857 corp: 145/1154b lim: 25 exec/s: 0 rss: 53Mb L: 25/25 MS: 1 InsertRepeatedBytes-
#12810	REDUCE cov: 435 ft: 858 corp: 146/1179b lim: 25 exec/s: 0 rss: 53Mb L: 25/25 MS: 5 CrossOver-EraseBytes-InsertRepeatedBytes-PersAutoDict-ChangeByte- DE: "\377\377\377\016"-
#12873	REDUCE cov: 435 ft: 858 corp: 146/1177b lim: 25 exec/s: 0 rss: 53Mb L: 4/25 MS: 3 ChangeBit-CrossOver-EraseBytes-
#13109	REDUCE cov: 435 ft: 858 corp: 146/1176b lim: 25 exec/s: 0 rss: 53Mb L: 16/25 MS: 1 EraseBytes-
#13326	NEW    cov: 439 ft: 865 corp: 147/1192b lim: 25 exec/s: 0 rss: 53Mb L: 16/25 MS: 2 CrossOver-CrossOver-
#13642	REDUCE cov: 439 ft: 866 corp: 148/1200b lim: 25 exec/s: 0 rss: 53Mb L: 8/25 MS: 1 CrossOver-
#14009	REDUCE cov: 439 ft: 866 corp: 148/1199b lim: 25 exec/s: 0 rss: 53Mb L: 7/25 MS: 2 PersAutoDict-EraseBytes- DE: "\377\377\377\016"-
#14125	NEW    cov: 441 ft: 871 corp: 149/1204b lim: 25 exec/s: 0 rss: 53Mb L: 5/25 MS: 1 ChangeASCIIInt-
#14498	NEW    cov: 441 ft: 875 corp: 150/1222b lim: 25 exec/s: 0 rss: 53Mb L: 18/25 MS: 3 ChangeByte-CopyPart-CrossOver-
#14564	REDUCE cov: 441 ft: 876 corp: 151/1237b lim: 25 exec/s: 0 rss: 53Mb L: 15/25 MS: 1 CrossOver-
#14625	REDUCE cov: 441 ft: 876 corp: 151/1229b lim: 25 exec/s: 0 rss: 53Mb L: 17/25 MS: 1 EraseBytes-
#14721	REDUCE cov: 441 ft: 876 corp: 151/1228b lim: 25 exec/s: 0 rss: 53Mb L: 9/25 MS: 1 EraseBytes-
#15223	REDUCE cov: 442 ft: 877 corp: 152/1245b lim: 29 exec/s: 0 rss: 53Mb L: 17/25 MS: 2 ChangeBinInt-CopyPart-
#15550	NEW    cov: 443 ft: 878 corp: 153/1250b lim: 29 exec/s: 0 rss: 53Mb L: 5/25 MS: 2 ChangeBinInt-CopyPart-
#15593	REDUCE cov: 443 ft: 878 corp: 153/1249b lim: 29 exec/s: 0 rss: 53Mb L: 16/25 MS: 3 InsertByte-ChangeBit-EraseBytes-
#15635	REDUCE cov: 443 ft: 878 corp: 153/1248b lim: 29 exec/s: 0 rss: 53Mb L: 16/25 MS: 2 ShuffleBytes-EraseBytes-
#15901	REDUCE cov: 443 ft: 878 corp: 153/1244b lim: 29 exec/s: 0 rss: 53Mb L: 21/24 MS: 1 EraseBytes-
#16002	REDUCE cov: 443 ft: 878 corp: 153/1243b lim: 29 exec/s: 0 rss: 53Mb L: 5/24 MS: 1 EraseBytes-
#16110	REDUCE cov: 443 ft: 878 corp: 153/1240b lim: 29 exec/s: 0 rss: 53Mb L: 18/24 MS: 3 CopyPart-ChangeByte-EraseBytes-
#16176	NEW    cov: 444 ft: 879 corp: 154/1256b lim: 29 exec/s: 0 rss: 53Mb L: 16/24 MS: 1 ChangeASCIIInt-
#16282	NEW    cov: 444 ft: 880 corp: 155/1262b lim: 29 exec/s: 0 rss: 53Mb L: 6/24 MS: 1 ChangeASCIIInt-
#16386	REDUCE cov: 444 ft: 880 corp: 155/1261b lim: 29 exec/s: 0 rss: 53Mb L: 16/24 MS: 4 ChangeBinInt-EraseBytes-ChangeByte-InsertByte-
#16402	REDUCE cov: 444 ft: 880 corp: 155/1260b lim: 29 exec/s: 0 rss: 53Mb L: 12/24 MS: 1 EraseBytes-
	NEW_FUNC[1/9]: 0x5618f46630a8 in std::expected<fixedwide::basic_fixed<128ul, 12u>, fixedwide::ArithmeticError> fixedwide::mul<128ul, 12u>(fixedwide::basic_fixed<128ul, 12u>, fixedwide::basic_fixed<128ul, 12u>, fixedwide::Rounding) (/home/shared/ws/fixedwide/build_fuzz/fuzz/fixedwide_fuzz+0x3540a8) (BuildId: 079c249adcac8559c4aa8eb037567c022d261c83)
	NEW_FUNC[2/9]: 0x5618f4665a48 in void fixedwide::detail::encode_limbs<(fixedwide::endian)0, 128ul>(unsigned char*, unsigned long const*, unsigned long) (/home/shared/ws/fixedwide/build_fuzz/fuzz/fixedwide_fuzz+0x356a48) (BuildId: 079c249adcac8559c4aa8eb037567c022d261c83)
#16808	REDUCE cov: 481 ft: 917 corp: 156/1292b lim: 33 exec/s: 0 rss: 53Mb L: 32/32 MS: 1 InsertRepeatedBytes-
#16864	REDUCE cov: 494 ft: 931 corp: 157/1324b lim: 33 exec/s: 0 rss: 53Mb L: 32/32 MS: 1 CopyPart-
#16940	REDUCE cov: 494 ft: 931 corp: 157/1323b lim: 33 exec/s: 0 rss: 53Mb L: 16/32 MS: 1 EraseBytes-
#16954	NEW    cov: 496 ft: 933 corp: 158/1355b lim: 33 exec/s: 0 rss: 53Mb L: 32/32 MS: 4 ChangeBinInt-ChangeBit-InsertRepeatedBytes-InsertRepeatedBytes-
#16957	REDUCE cov: 496 ft: 933 corp: 158/1353b lim: 33 exec/s: 0 rss: 53Mb L: 5/32 MS: 3 ChangeASCIIInt-ChangeASCIIInt-EraseBytes-
#16984	NEW    cov: 497 ft: 957 corp: 159/1358b lim: 33 exec/s: 0 rss: 53Mb L: 5/32 MS: 2 ShuffleBytes-CrossOver-
#17022	NEW    cov: 499 ft: 959 corp: 160/1390b lim: 33 exec/s: 0 rss: 53Mb L: 32/32 MS: 3 CrossOver-ChangeBit-CopyPart-
#17111	NEW    cov: 505 ft: 965 corp: 161/1422b lim: 33 exec/s: 0 rss: 53Mb L: 32/32 MS: 4 ChangeBit-InsertRepeatedBytes-ShuffleBytes-InsertRepeatedBytes-
#17129	NEW    cov: 514 ft: 974 corp: 162/1454b lim: 33 exec/s: 0 rss: 53Mb L: 32/32 MS: 3 InsertRepeatedBytes-CopyPart-InsertRepeatedBytes-
#17174	NEW    cov: 516 ft: 976 corp: 163/1487b lim: 33 exec/s: 0 rss: 53Mb L: 33/33 MS: 5 InsertRepeatedBytes-ChangeByte-EraseBytes-InsertRepeatedBytes-CrossOver-
	NEW_FUNC[1/2]: 0x5618f4669688 in fixedwide::detail::(anonymous namespace)::divide_native_n(__int128, __int128, fixedwide::Rounding) arithmetic.cpp
	NEW_FUNC[2/2]: 0x5618f4693578 in fixedwide::detail::(anonymous namespace)::divide_native_general_n(__int128, __int128, fixedwide::Rounding) arithmetic.cpp
#17196	NEW    cov: 522 ft: 982 corp: 164/1520b lim: 33 exec/s: 0 rss: 53Mb L: 33/33 MS: 2 CopyPart-InsertRepeatedBytes-
#17220	NEW    cov: 524 ft: 984 corp: 165/1553b lim: 33 exec/s: 0 rss: 53Mb L: 33/33 MS: 4 PersAutoDict-InsertByte-InsertByte-InsertRepeatedBytes- DE: "\260*}\217\337{\000\000"-
#17265	NEW    cov: 525 ft: 985 corp: 166/1585b lim: 33 exec/s: 0 rss: 53Mb L: 32/33 MS: 5 InsertRepeatedBytes-ChangeASCIIInt-PersAutoDict-ChangeBit-InsertRepeatedBytes- DE: "\260*}\217\337{\000\000"-
#17315	NEW    cov: 526 ft: 986 corp: 167/1618b lim: 33 exec/s: 0 rss: 53Mb L: 33/33 MS: 5 InsertRepeatedBytes-PersAutoDict-InsertRepeatedBytes-ChangeASCIIInt-InsertRepeatedBytes- DE: "\377\377\377\016"-
#17337	NEW    cov: 537 ft: 997 corp: 168/1651b lim: 33 exec/s: 0 rss: 53Mb L: 33/33 MS: 2 InsertRepeatedBytes-CrossOver-
#17339	REDUCE cov: 538 ft: 998 corp: 169/1683b lim: 33 exec/s: 0 rss: 53Mb L: 32/33 MS: 2 InsertRepeatedBytes-ChangeByte-
#17360	NEW    cov: 546 ft: 1015 corp: 170/1694b lim: 33 exec/s: 0 rss: 53Mb L: 11/33 MS: 1 CopyPart-
#17366	REDUCE cov: 546 ft: 1015 corp: 170/1693b lim: 33 exec/s: 0 rss: 53Mb L: 3/33 MS: 1 EraseBytes-
#17368	NEW    cov: 546 ft: 1016 corp: 171/1703b lim: 33 exec/s: 0 rss: 53Mb L: 10/33 MS: 2 InsertByte-EraseBytes-
#17426	NEW    cov: 547 ft: 1017 corp: 172/1735b lim: 33 exec/s: 0 rss: 53Mb L: 32/33 MS: 3 InsertRepeatedBytes-CrossOver-CrossOver-
#17449	NEW    cov: 548 ft: 1018 corp: 173/1767b lim: 33 exec/s: 0 rss: 53Mb L: 32/33 MS: 3 ShuffleBytes-ChangeBinInt-CopyPart-
#17475	NEW    cov: 549 ft: 1019 corp: 174/1776b lim: 33 exec/s: 0 rss: 53Mb L: 9/33 MS: 1 ChangeASCIIInt-
#17526	NEW    cov: 549 ft: 1020 corp: 175/1782b lim: 33 exec/s: 0 rss: 53Mb L: 6/33 MS: 1 ChangeBinInt-
#17541	REDUCE cov: 557 ft: 1028 corp: 176/1815b lim: 33 exec/s: 0 rss: 53Mb L: 33/33 MS: 5 ShuffleBytes-CopyPart-InsertRepeatedBytes-CopyPart-CopyPart-
#17627	REDUCE cov: 557 ft: 1028 corp: 176/1814b lim: 33 exec/s: 0 rss: 53Mb L: 2/33 MS: 1 EraseBytes-
#17674	NEW    cov: 557 ft: 1029 corp: 177/1819b lim: 33 exec/s: 0 rss: 53Mb L: 5/33 MS: 2 ShuffleBytes-ChangeASCIIInt-
#17748	NEW    cov: 557 ft: 1031 corp: 178/1831b lim: 33 exec/s: 0 rss: 53Mb L: 12/33 MS: 4 PersAutoDict-ChangeBinInt-ChangeBinInt-EraseBytes- DE: "\000\000"-
#17768	NEW    cov: 559 ft: 1033 corp: 179/1863b lim: 33 exec/s: 0 rss: 53Mb L: 32/33 MS: 5 ShuffleBytes-ChangeBit-ChangeByte-ChangeASCIIInt-ChangeASCIIInt-
#17886	REDUCE cov: 560 ft: 1034 corp: 180/1895b lim: 33 exec/s: 0 rss: 53Mb L: 32/33 MS: 3 CopyPart-InsertRepeatedBytes-InsertByte-
#17928	REDUCE cov: 560 ft: 1034 corp: 180/1894b lim: 33 exec/s: 0 rss: 53Mb L: 16/33 MS: 2 ChangeBinInt-EraseBytes-
#17956	NEW    cov: 561 ft: 1035 corp: 181/1927b lim: 33 exec/s: 0 rss: 53Mb L: 33/33 MS: 3 CopyPart-ChangeByte-InsertRepeatedBytes-
#18007	NEW    cov: 561 ft: 1036 corp: 182/1939b lim: 33 exec/s: 0 rss: 53Mb L: 12/33 MS: 1 ShuffleBytes-
#18079	NEW    cov: 565 ft: 1040 corp: 183/1972b lim: 33 exec/s: 0 rss: 53Mb L: 33/33 MS: 2 ChangeBinInt-InsertRepeatedBytes-
#18125	NEW    cov: 566 ft: 1041 corp: 184/2005b lim: 33 exec/s: 0 rss: 53Mb L: 33/33 MS: 1 CrossOver-
#18257	NEW    cov: 567 ft: 1042 corp: 185/2038b lim: 33 exec/s: 0 rss: 53Mb L: 33/33 MS: 2 ChangeBinInt-InsertByte-
#18266	REDUCE cov: 567 ft: 1042 corp: 185/2037b lim: 33 exec/s: 0 rss: 53Mb L: 32/33 MS: 4 CopyPart-ChangeByte-EraseBytes-CopyPart-
#18440	NEW    cov: 571 ft: 1046 corp: 186/2069b lim: 33 exec/s: 0 rss: 53Mb L: 32/33 MS: 4 InsertByte-ChangeASCIIInt-ChangeBit-InsertRepeatedBytes-
#18536	NEW    cov: 574 ft: 1049 corp: 187/2102b lim: 33 exec/s: 0 rss: 53Mb L: 33/33 MS: 1 CopyPart-
#18657	NEW    cov: 576 ft: 1051 corp: 188/2135b lim: 33 exec/s: 0 rss: 53Mb L: 33/33 MS: 1 ChangeByte-
#18793	NEW    cov: 578 ft: 1053 corp: 189/2168b lim: 33 exec/s: 0 rss: 53Mb L: 33/33 MS: 1 ChangeBinInt-
#19059	NEW    cov: 580 ft: 1055 corp: 190/2200b lim: 33 exec/s: 0 rss: 53Mb L: 32/33 MS: 1 InsertRepeatedBytes-
#19231	NEW    cov: 582 ft: 1057 corp: 191/2233b lim: 33 exec/s: 0 rss: 53Mb L: 33/33 MS: 2 ChangeBinInt-ChangeByte-
#19322	NEW    cov: 583 ft: 1058 corp: 192/2266b lim: 33 exec/s: 0 rss: 53Mb L: 33/33 MS: 1 ChangeBit-
#19529	REDUCE cov: 584 ft: 1059 corp: 193/2298b lim: 33 exec/s: 0 rss: 53Mb L: 32/33 MS: 2 ShuffleBytes-InsertRepeatedBytes-
#19775	NEW    cov: 584 ft: 1067 corp: 194/2311b lim: 33 exec/s: 0 rss: 54Mb L: 13/33 MS: 1 CrossOver-
#19846	REDUCE cov: 584 ft: 1067 corp: 194/2310b lim: 33 exec/s: 0 rss: 54Mb L: 10/33 MS: 1 EraseBytes-
#19863	NEW    cov: 586 ft: 1069 corp: 195/2343b lim: 33 exec/s: 0 rss: 54Mb L: 33/33 MS: 2 CrossOver-CopyPart-
#19909	REDUCE cov: 586 ft: 1069 corp: 195/2342b lim: 33 exec/s: 0 rss: 54Mb L: 5/33 MS: 1 EraseBytes-
#20016	NEW    cov: 586 ft: 1070 corp: 196/2357b lim: 33 exec/s: 0 rss: 54Mb L: 15/33 MS: 2 CrossOver-ShuffleBytes-
#20132	NEW    cov: 586 ft: 1073 corp: 197/2377b lim: 33 exec/s: 0 rss: 54Mb L: 20/33 MS: 1 CopyPart-
#20199	REDUCE cov: 586 ft: 1079 corp: 198/2402b lim: 33 exec/s: 0 rss: 54Mb L: 25/33 MS: 2 CrossOver-InsertRepeatedBytes-
#20276	NEW    cov: 588 ft: 1081 corp: 199/2435b lim: 33 exec/s: 0 rss: 54Mb L: 33/33 MS: 2 ChangeBinInt-CrossOver-
#20295	NEW    cov: 589 ft: 1082 corp: 200/2468b lim: 33 exec/s: 0 rss: 54Mb L: 33/33 MS: 4 InsertRepeatedBytes-ChangeByte-CopyPart-CopyPart-
#20391	NEW    cov: 591 ft: 1084 corp: 201/2501b lim: 33 exec/s: 0 rss: 54Mb L: 33/33 MS: 1 InsertByte-
#20458	NEW    cov: 591 ft: 1088 corp: 202/2514b lim: 33 exec/s: 0 rss: 54Mb L: 13/33 MS: 2 ChangeBinInt-CrossOver-
#20499	NEW    cov: 592 ft: 1089 corp: 203/2547b lim: 33 exec/s: 0 rss: 54Mb L: 33/33 MS: 1 CrossOver-
#20566	NEW    cov: 593 ft: 1090 corp: 204/2580b lim: 33 exec/s: 0 rss: 54Mb L: 33/33 MS: 2 ChangeBit-CrossOver-
#20579	NEW    cov: 594 ft: 1091 corp: 205/2613b lim: 33 exec/s: 0 rss: 54Mb L: 33/33 MS: 3 ChangeBit-ChangeByte-ShuffleBytes-
#20748	NEW    cov: 597 ft: 1094 corp: 206/2646b lim: 33 exec/s: 0 rss: 54Mb L: 33/33 MS: 4 ShuffleBytes-InsertRepeatedBytes-ChangeASCIIInt-InsertRepeatedBytes-
#20784	NEW    cov: 598 ft: 1095 corp: 207/2678b lim: 33 exec/s: 0 rss: 54Mb L: 32/33 MS: 1 ChangeBinInt-
#20826	NEW    cov: 599 ft: 1096 corp: 208/2711b lim: 33 exec/s: 0 rss: 54Mb L: 33/33 MS: 2 InsertByte-ChangeBinInt-
#20847	NEW    cov: 609 ft: 1113 corp: 209/2739b lim: 33 exec/s: 0 rss: 54Mb L: 28/33 MS: 1 CrossOver-
#20873	NEW    cov: 610 ft: 1126 corp: 210/2753b lim: 33 exec/s: 0 rss: 54Mb L: 14/33 MS: 1 CrossOver-
#21029	NEW    cov: 610 ft: 1131 corp: 211/2761b lim: 33 exec/s: 0 rss: 54Mb L: 8/33 MS: 1 EraseBytes-
#21101	NEW    cov: 611 ft: 1132 corp: 212/2794b lim: 33 exec/s: 0 rss: 54Mb L: 33/33 MS: 2 ChangeBit-CrossOver-
#21159	NEW    cov: 616 ft: 1145 corp: 213/2823b lim: 33 exec/s: 0 rss: 54Mb L: 29/33 MS: 3 InsertRepeatedBytes-ChangeBit-ShuffleBytes-
#21180	NEW    cov: 616 ft: 1148 corp: 214/2856b lim: 33 exec/s: 0 rss: 54Mb L: 33/33 MS: 1 CopyPart-
#21391	NEW    cov: 617 ft: 1149 corp: 215/2888b lim: 33 exec/s: 0 rss: 54Mb L: 32/33 MS: 1 ChangeBit-
#22029	NEW    cov: 618 ft: 1150 corp: 216/2926b lim: 38 exec/s: 0 rss: 54Mb L: 38/38 MS: 3 InsertByte-ChangeBinInt-InsertRepeatedBytes-
#22118	NEW    cov: 621 ft: 1154 corp: 217/2944b lim: 38 exec/s: 0 rss: 54Mb L: 18/38 MS: 4 EraseBytes-CrossOver-EraseBytes-CrossOver-
#22238	NEW    cov: 622 ft: 1155 corp: 218/2980b lim: 38 exec/s: 0 rss: 54Mb L: 36/38 MS: 5 ChangeBinInt-CrossOver-PersAutoDict-PersAutoDict-CrossOver- DE: "\000\000"-"\001\000"-
#22291	NEW    cov: 623 ft: 1156 corp: 219/3008b lim: 38 exec/s: 0 rss: 54Mb L: 28/38 MS: 3 ChangeASCIIInt-ChangeBit-ChangeASCIIInt-
#22542	NEW    cov: 629 ft: 1162 corp: 220/3042b lim: 38 exec/s: 0 rss: 54Mb L: 34/38 MS: 1 InsertRepeatedBytes-
#22643	NEW    cov: 630 ft: 1163 corp: 221/3052b lim: 38 exec/s: 0 rss: 54Mb L: 10/38 MS: 1 CrossOver-
#22988	REDUCE cov: 631 ft: 1164 corp: 222/3086b lim: 38 exec/s: 0 rss: 54Mb L: 34/38 MS: 5 CopyPart-EraseBytes-ChangeASCIIInt-InsertRepeatedBytes-ChangeBinInt-
#23053	REDUCE cov: 632 ft: 1165 corp: 223/3119b lim: 38 exec/s: 0 rss: 54Mb L: 33/38 MS: 5 ChangeASCIIInt-ChangeByte-ChangeBinInt-ChangeBit-InsertRepeatedBytes-
#23070	NEW    cov: 633 ft: 1166 corp: 224/3151b lim: 38 exec/s: 0 rss: 54Mb L: 32/38 MS: 2 ChangeBinInt-ChangeByte-
#23121	NEW    cov: 634 ft: 1167 corp: 225/3189b lim: 38 exec/s: 0 rss: 54Mb L: 38/38 MS: 1 InsertRepeatedBytes-
#23483	REDUCE cov: 634 ft: 1167 corp: 225/3188b lim: 38 exec/s: 0 rss: 54Mb L: 15/38 MS: 2 ShuffleBytes-EraseBytes-
#23500	REDUCE cov: 634 ft: 1167 corp: 225/3187b lim: 38 exec/s: 0 rss: 54Mb L: 16/38 MS: 2 CMP-CrossOver- DE: "\377\377"-
#23538	REDUCE cov: 637 ft: 1170 corp: 226/3217b lim: 38 exec/s: 0 rss: 54Mb L: 30/38 MS: 3 InsertRepeatedBytes-InsertByte-ChangeBinInt-
#23620	NEW    cov: 637 ft: 1171 corp: 227/3221b lim: 38 exec/s: 0 rss: 54Mb L: 4/38 MS: 2 CopyPart-EraseBytes-
#23820	REDUCE cov: 637 ft: 1171 corp: 227/3217b lim: 38 exec/s: 0 rss: 55Mb L: 32/38 MS: 5 ChangeBit-CrossOver-InsertByte-CMP-CopyPart- DE: "\016\000\000\000\000\000\000\000"-
#24020	NEW    cov: 638 ft: 1172 corp: 228/3254b lim: 38 exec/s: 0 rss: 55Mb L: 37/38 MS: 5 CrossOver-ChangeByte-ChangeASCIIInt-CMP-ChangeBinInt- DE: "\304\215\215\217\337{\000\000"-
#24177	REDUCE cov: 639 ft: 1173 corp: 229/3291b lim: 38 exec/s: 0 rss: 55Mb L: 37/38 MS: 2 PersAutoDict-CopyPart- DE: "\377\377"-
#24180	NEW    cov: 640 ft: 1174 corp: 230/3329b lim: 38 exec/s: 0 rss: 55Mb L: 38/38 MS: 3 ChangeByte-InsertRepeatedBytes-ChangeBinInt-
#24201	REDUCE cov: 641 ft: 1175 corp: 231/3356b lim: 38 exec/s: 0 rss: 55Mb L: 27/38 MS: 1 CopyPart-
#24214	REDUCE cov: 641 ft: 1175 corp: 231/3354b lim: 38 exec/s: 0 rss: 55Mb L: 36/38 MS: 3 ChangeASCIIInt-CopyPart-EraseBytes-
#24435	NEW    cov: 641 ft: 1180 corp: 232/3372b lim: 38 exec/s: 0 rss: 55Mb L: 18/38 MS: 1 EraseBytes-
#24481	REDUCE cov: 641 ft: 1180 corp: 232/3371b lim: 38 exec/s: 0 rss: 55Mb L: 32/38 MS: 1 EraseBytes-
#25152	NEW    cov: 643 ft: 1182 corp: 233/3410b lim: 43 exec/s: 0 rss: 55Mb L: 39/39 MS: 1 InsertByte-
#25648	NEW    cov: 647 ft: 1186 corp: 234/3415b lim: 43 exec/s: 0 rss: 55Mb L: 5/39 MS: 1 ChangeASCIIInt-
#25757	NEW    cov: 648 ft: 1187 corp: 235/3449b lim: 43 exec/s: 0 rss: 55Mb L: 34/39 MS: 4 CopyPart-InsertByte-ShuffleBytes-ChangeBit-
#25835	REDUCE cov: 648 ft: 1187 corp: 235/3448b lim: 43 exec/s: 0 rss: 55Mb L: 3/39 MS: 3 ShuffleBytes-ChangeBit-EraseBytes-
#26178	NEW    cov: 648 ft: 1188 corp: 236/3455b lim: 43 exec/s: 0 rss: 55Mb L: 7/39 MS: 3 InsertByte-EraseBytes-CrossOver-
#26236	NEW    cov: 651 ft: 1191 corp: 237/3490b lim: 43 exec/s: 0 rss: 55Mb L: 35/39 MS: 3 ChangeBit-InsertRepeatedBytes-ChangeBinInt-
#26253	NEW    cov: 651 ft: 1192 corp: 238/3511b lim: 43 exec/s: 0 rss: 55Mb L: 21/39 MS: 2 ShuffleBytes-EraseBytes-
#26426	NEW    cov: 652 ft: 1193 corp: 239/3549b lim: 43 exec/s: 0 rss: 55Mb L: 38/39 MS: 3 InsertRepeatedBytes-ChangeBit-InsertByte-
#26532	REDUCE cov: 653 ft: 1194 corp: 240/3585b lim: 43 exec/s: 0 rss: 55Mb L: 36/39 MS: 1 ChangeByte-
#26815	NEW    cov: 653 ft: 1199 corp: 241/3601b lim: 43 exec/s: 0 rss: 55Mb L: 16/39 MS: 3 CopyPart-ShuffleBytes-EraseBytes-
#26818	REDUCE cov: 653 ft: 1202 corp: 242/3619b lim: 43 exec/s: 0 rss: 55Mb L: 18/39 MS: 3 CopyPart-InsertRepeatedBytes-EraseBytes-
#26919	NEW    cov: 653 ft: 1214 corp: 243/3624b lim: 43 exec/s: 0 rss: 55Mb L: 5/39 MS: 1 CrossOver-
#27002	REDUCE cov: 653 ft: 1214 corp: 243/3623b lim: 43 exec/s: 0 rss: 55Mb L: 16/39 MS: 3 CopyPart-ChangeBinInt-EraseBytes-
#27327	NEW    cov: 654 ft: 1215 corp: 244/3662b lim: 43 exec/s: 0 rss: 55Mb L: 39/39 MS: 5 CrossOver-CMP-ChangeBit-InsertRepeatedBytes-InsertRepeatedBytes- DE: "\012\000\000\000"-
#27424	NEW    cov: 654 ft: 1216 corp: 245/3676b lim: 43 exec/s: 0 rss: 55Mb L: 14/39 MS: 2 ShuffleBytes-EraseBytes-
#27464	NEW    cov: 654 ft: 1221 corp: 246/3689b lim: 43 exec/s: 0 rss: 55Mb L: 13/39 MS: 5 PersAutoDict-EraseBytes-ShuffleBytes-CopyPart-CrossOver- DE: "\001\000"-
#27510	NEW    cov: 654 ft: 1222 corp: 247/3695b lim: 43 exec/s: 0 rss: 55Mb L: 6/39 MS: 1 EraseBytes-
#27527	NEW    cov: 658 ft: 1226 corp: 248/3732b lim: 43 exec/s: 0 rss: 55Mb L: 37/39 MS: 2 ChangeByte-InsertRepeatedBytes-
#27573	REDUCE cov: 658 ft: 1226 corp: 248/3731b lim: 43 exec/s: 0 rss: 55Mb L: 6/39 MS: 1 EraseBytes-
#27675	REDUCE cov: 658 ft: 1226 corp: 248/3725b lim: 43 exec/s: 0 rss: 55Mb L: 18/39 MS: 2 CrossOver-EraseBytes-
#28687	NEW    cov: 658 ft: 1228 corp: 249/3736b lim: 53 exec/s: 0 rss: 55Mb L: 11/39 MS: 2 ShuffleBytes-CrossOver-
#28694	NEW    cov: 660 ft: 1230 corp: 250/3771b lim: 53 exec/s: 0 rss: 55Mb L: 35/39 MS: 2 InsertRepeatedBytes-ChangeBit-
#29067	NEW    cov: 661 ft: 1231 corp: 251/3804b lim: 53 exec/s: 0 rss: 56Mb L: 33/39 MS: 3 ShuffleBytes-ChangeBinInt-ChangeByte-
#29586	NEW    cov: 662 ft: 1232 corp: 252/3825b lim: 58 exec/s: 0 rss: 56Mb L: 21/39 MS: 4 PersAutoDict-ShuffleBytes-CrossOver-EraseBytes- DE: "\012\000\000\000"-
#30007	NEW    cov: 663 ft: 1233 corp: 253/3858b lim: 58 exec/s: 0 rss: 56Mb L: 33/39 MS: 1 CopyPart-
#30578	NEW    cov: 664 ft: 1234 corp: 254/3897b lim: 63 exec/s: 0 rss: 56Mb L: 39/39 MS: 1 ChangeBit-
#30917	REDUCE cov: 664 ft: 1234 corp: 254/3896b lim: 63 exec/s: 0 rss: 56Mb L: 32/39 MS: 4 CopyPart-EraseBytes-ShuffleBytes-CopyPart-
#31073	NEW    cov: 664 ft: 1236 corp: 255/3935b lim: 63 exec/s: 0 rss: 56Mb L: 39/39 MS: 1 CopyPart-
#31559	NEW    cov: 665 ft: 1238 corp: 256/3956b lim: 63 exec/s: 0 rss: 56Mb L: 21/39 MS: 1 CrossOver-
#32000	NEW    cov: 665 ft: 1239 corp: 257/3967b lim: 63 exec/s: 0 rss: 56Mb L: 11/39 MS: 1 ChangeASCIIInt-
#32192	NEW    cov: 665 ft: 1240 corp: 258/4014b lim: 63 exec/s: 0 rss: 56Mb L: 47/47 MS: 2 EraseBytes-InsertRepeatedBytes-
	NEW_FUNC[1/6]: 0x5618f4663988 in std::expected<fixedwide::basic_fixed<256ul, 18u>, fixedwide::BinaryError> fixedwide::from_bytes<fixedwide::basic_fixed<256ul, 18u>, (fixedwide::endian)0>(std::span<unsigned char const, 18446744073709551615ul>) (/home/shared/ws/fixedwide/build_fuzz/fuzz/fixedwide_fuzz+0x354988) (BuildId: 079c249adcac8559c4aa8eb037567c022d261c83)
	NEW_FUNC[2/6]: 0x5618f4663d58 in std::expected<fixedwide::basic_fixed<256ul, 18u>, fixedwide::BinaryError> fixedwide::from_bytes<fixedwide::basic_fixed<256ul, 18u>, (fixedwide::endian)1>(std::span<unsigned char const, 18446744073709551615ul>) (/home/shared/ws/fixedwide/build_fuzz/fuzz/fixedwide_fuzz+0x354d58) (BuildId: 079c249adcac8559c4aa8eb037567c022d261c83)
#32720	NEW    cov: 682 ft: 1257 corp: 259/4079b lim: 68 exec/s: 0 rss: 56Mb L: 65/65 MS: 3 CrossOver-CopyPart-InsertRepeatedBytes-
#32793	NEW    cov: 682 ft: 1258 corp: 260/4146b lim: 68 exec/s: 0 rss: 56Mb L: 67/67 MS: 3 PersAutoDict-ChangeByte-InsertRepeatedBytes- DE: "\012\000\000\000"-
#32800	NEW    cov: 682 ft: 1259 corp: 261/4214b lim: 68 exec/s: 0 rss: 56Mb L: 68/68 MS: 2 ShuffleBytes-CopyPart-
#33016	NEW    cov: 682 ft: 1260 corp: 262/4226b lim: 68 exec/s: 0 rss: 56Mb L: 12/68 MS: 1 EraseBytes-
#33056	REDUCE cov: 683 ft: 1262 corp: 263/4267b lim: 68 exec/s: 0 rss: 56Mb L: 41/68 MS: 5 ChangeBit-ShuffleBytes-CrossOver-ChangeByte-CrossOver-
#33782	NEW    cov: 683 ft: 1263 corp: 264/4321b lim: 74 exec/s: 0 rss: 56Mb L: 54/68 MS: 1 CopyPart-
#34309	REDUCE cov: 683 ft: 1263 corp: 264/4320b lim: 74 exec/s: 0 rss: 56Mb L: 5/68 MS: 2 EraseBytes-ShuffleBytes-
#34376	NEW    cov: 683 ft: 1265 corp: 265/4343b lim: 74 exec/s: 0 rss: 57Mb L: 23/68 MS: 2 CrossOver-EraseBytes-
#34516	NEW    cov: 684 ft: 1266 corp: 266/4375b lim: 74 exec/s: 0 rss: 57Mb L: 32/68 MS: 5 InsertByte-CrossOver-PersAutoDict-PersAutoDict-CrossOver- DE: "\260*}\217\337{\000\000"-"\377\377\377\016"-
#34802	NEW    cov: 684 ft: 1272 corp: 267/4429b lim: 74 exec/s: 0 rss: 57Mb L: 54/68 MS: 1 InsertRepeatedBytes-
#35284	NEW    cov: 684 ft: 1274 corp: 268/4441b lim: 74 exec/s: 0 rss: 57Mb L: 12/68 MS: 2 ChangeByte-EraseBytes-
#35435	REDUCE cov: 684 ft: 1274 corp: 268/4436b lim: 74 exec/s: 0 rss: 57Mb L: 33/68 MS: 1 EraseBytes-
#35438	NEW    cov: 684 ft: 1277 corp: 269/4490b lim: 74 exec/s: 0 rss: 57Mb L: 54/68 MS: 3 CopyPart-ShuffleBytes-ChangeBit-
#35954	REDUCE cov: 684 ft: 1277 corp: 269/4485b lim: 74 exec/s: 0 rss: 57Mb L: 9/68 MS: 1 EraseBytes-
#36051	NEW    cov: 684 ft: 1278 corp: 270/4497b lim: 74 exec/s: 0 rss: 57Mb L: 12/68 MS: 2 CopyPart-CopyPart-
#36092	REDUCE cov: 684 ft: 1278 corp: 270/4496b lim: 74 exec/s: 0 rss: 57Mb L: 5/68 MS: 1 EraseBytes-
#36138	REDUCE cov: 684 ft: 1278 corp: 270/4493b lim: 74 exec/s: 0 rss: 57Mb L: 10/68 MS: 1 EraseBytes-
#36615	NEW    cov: 684 ft: 1281 corp: 271/4499b lim: 74 exec/s: 0 rss: 57Mb L: 6/68 MS: 2 CopyPart-ShuffleBytes-
#37012	NEW    cov: 684 ft: 1283 corp: 272/4505b lim: 74 exec/s: 0 rss: 57Mb L: 6/68 MS: 2 ShuffleBytes-InsertByte-
#37666	NEW    cov: 685 ft: 1284 corp: 273/4541b lim: 80 exec/s: 0 rss: 57Mb L: 36/68 MS: 4 PersAutoDict-CrossOver-CopyPart-ChangeByte- DE: "\000\000"-
#37782	REDUCE cov: 685 ft: 1284 corp: 273/4540b lim: 80 exec/s: 0 rss: 57Mb L: 37/68 MS: 1 EraseBytes-
#37846	NEW    cov: 686 ft: 1285 corp: 274/4614b lim: 80 exec/s: 0 rss: 57Mb L: 74/74 MS: 4 ChangeByte-InsertRepeatedBytes-EraseBytes-InsertRepeatedBytes-
#38277	NEW    cov: 690 ft: 1298 corp: 275/4620b lim: 80 exec/s: 0 rss: 57Mb L: 6/74 MS: 1 CopyPart-
#38562	NEW    cov: 690 ft: 1301 corp: 276/4678b lim: 80 exec/s: 0 rss: 57Mb L: 58/74 MS: 5 CMP-CMP-ChangeBinInt-EraseBytes-InsertRepeatedBytes- DE: "\377\003"-"\000\000\000\001"-
#38690	REDUCE cov: 690 ft: 1301 corp: 276/4662b lim: 80 exec/s: 0 rss: 57Mb L: 38/74 MS: 3 ShuffleBytes-EraseBytes-ChangeBinInt-
#38811	REDUCE cov: 690 ft: 1301 corp: 276/4660b lim: 80 exec/s: 0 rss: 57Mb L: 4/74 MS: 1 EraseBytes-
#38837	REDUCE cov: 690 ft: 1301 corp: 276/4659b lim: 80 exec/s: 0 rss: 57Mb L: 6/74 MS: 1 EraseBytes-
#39094	REDUCE cov: 690 ft: 1301 corp: 276/4658b lim: 80 exec/s: 0 rss: 57Mb L: 27/74 MS: 2 ShuffleBytes-EraseBytes-
#39885	REDUCE cov: 690 ft: 1301 corp: 276/4657b lim: 86 exec/s: 0 rss: 57Mb L: 35/74 MS: 1 EraseBytes-
#40346	REDUCE cov: 691 ft: 1302 corp: 277/4684b lim: 86 exec/s: 0 rss: 57Mb L: 27/74 MS: 1 CopyPart-
#40877	REDUCE cov: 691 ft: 1302 corp: 277/4676b lim: 86 exec/s: 0 rss: 57Mb L: 60/74 MS: 1 EraseBytes-
#40948	NEW    cov: 691 ft: 1304 corp: 278/4696b lim: 86 exec/s: 0 rss: 57Mb L: 20/74 MS: 1 CrossOver-
#41134	NEW    cov: 691 ft: 1307 corp: 279/4746b lim: 86 exec/s: 0 rss: 57Mb L: 50/74 MS: 1 CrossOver-
#41825	NEW    cov: 692 ft: 1308 corp: 280/4791b lim: 92 exec/s: 0 rss: 57Mb L: 45/74 MS: 1 InsertRepeatedBytes-
#42066	REDUCE cov: 692 ft: 1308 corp: 280/4790b lim: 92 exec/s: 0 rss: 58Mb L: 33/74 MS: 1 EraseBytes-
#42082	REDUCE cov: 692 ft: 1308 corp: 280/4774b lim: 92 exec/s: 0 rss: 58Mb L: 42/74 MS: 1 EraseBytes-
#42309	REDUCE cov: 692 ft: 1308 corp: 280/4773b lim: 92 exec/s: 0 rss: 58Mb L: 10/74 MS: 2 ChangeBit-EraseBytes-
#43140	REDUCE cov: 692 ft: 1308 corp: 280/4772b lim: 98 exec/s: 0 rss: 58Mb L: 35/74 MS: 1 EraseBytes-
#43443	NEW    cov: 695 ft: 1311 corp: 281/4828b lim: 98 exec/s: 0 rss: 58Mb L: 56/74 MS: 3 ShuffleBytes-ShuffleBytes-InsertRepeatedBytes-
#43464	REDUCE cov: 695 ft: 1311 corp: 281/4825b lim: 98 exec/s: 0 rss: 58Mb L: 24/74 MS: 1 EraseBytes-
#43585	REDUCE cov: 695 ft: 1311 corp: 281/4818b lim: 98 exec/s: 0 rss: 58Mb L: 47/74 MS: 1 EraseBytes-
#44761	REDUCE cov: 695 ft: 1311 corp: 281/4816b lim: 104 exec/s: 0 rss: 58Mb L: 7/74 MS: 1 EraseBytes-
#44862	REDUCE cov: 695 ft: 1311 corp: 281/4815b lim: 104 exec/s: 0 rss: 58Mb L: 5/74 MS: 1 EraseBytes-
#45433	REDUCE cov: 695 ft: 1311 corp: 281/4812b lim: 104 exec/s: 0 rss: 58Mb L: 9/74 MS: 1 EraseBytes-
#45719	REDUCE cov: 695 ft: 1311 corp: 281/4811b lim: 104 exec/s: 0 rss: 58Mb L: 46/74 MS: 1 EraseBytes-
#45989	REDUCE cov: 695 ft: 1311 corp: 281/4810b lim: 104 exec/s: 0 rss: 58Mb L: 32/74 MS: 5 EraseBytes-PersAutoDict-ChangeBinInt-PersAutoDict-CrossOver- DE: "\016\000\000\000\000\000\000\000"-"\000\000\000\001"-
#46750	REDUCE cov: 695 ft: 1311 corp: 281/4808b lim: 110 exec/s: 0 rss: 58Mb L: 4/74 MS: 1 EraseBytes-
#46792	REDUCE cov: 695 ft: 1311 corp: 281/4805b lim: 110 exec/s: 0 rss: 58Mb L: 35/74 MS: 2 ChangeByte-EraseBytes-
#46863	NEW    cov: 696 ft: 1312 corp: 282/4844b lim: 110 exec/s: 0 rss: 58Mb L: 39/74 MS: 1 ChangeBit-
#47159	REDUCE cov: 696 ft: 1314 corp: 283/4853b lim: 110 exec/s: 0 rss: 58Mb L: 9/74 MS: 1 ChangeByte-
#47535	NEW    cov: 697 ft: 1315 corp: 284/4886b lim: 110 exec/s: 0 rss: 58Mb L: 33/74 MS: 1 ChangeBinInt-
#47604	REDUCE cov: 697 ft: 1315 corp: 284/4885b lim: 110 exec/s: 0 rss: 58Mb L: 16/74 MS: 4 CopyPart-ShuffleBytes-CopyPart-EraseBytes-
#48005	REDUCE cov: 697 ft: 1315 corp: 284/4872b lim: 110 exec/s: 0 rss: 58Mb L: 28/74 MS: 1 EraseBytes-
#48221	REDUCE cov: 697 ft: 1315 corp: 284/4868b lim: 110 exec/s: 0 rss: 58Mb L: 43/74 MS: 1 EraseBytes-
#49002	REDUCE cov: 697 ft: 1315 corp: 284/4867b lim: 116 exec/s: 0 rss: 59Mb L: 5/74 MS: 1 EraseBytes-
#50005	REDUCE cov: 697 ft: 1315 corp: 284/4864b lim: 122 exec/s: 0 rss: 59Mb L: 36/74 MS: 3 ShuffleBytes-ChangeBinInt-EraseBytes-
#50232	REDUCE cov: 697 ft: 1315 corp: 284/4863b lim: 122 exec/s: 0 rss: 59Mb L: 20/74 MS: 2 CopyPart-EraseBytes-
#50958	REDUCE cov: 697 ft: 1315 corp: 284/4862b lim: 128 exec/s: 0 rss: 59Mb L: 13/74 MS: 1 EraseBytes-
#51694	NEW    cov: 697 ft: 1333 corp: 285/4988b lim: 135 exec/s: 0 rss: 59Mb L: 126/126 MS: 1 InsertRepeatedBytes-
#51695	REDUCE cov: 697 ft: 1334 corp: 286/5012b lim: 135 exec/s: 0 rss: 59Mb L: 24/126 MS: 1 CopyPart-
#51811	REDUCE cov: 697 ft: 1334 corp: 286/5011b lim: 135 exec/s: 0 rss: 59Mb L: 9/126 MS: 1 EraseBytes-
#51877	NEW    cov: 698 ft: 1335 corp: 287/5032b lim: 135 exec/s: 0 rss: 59Mb L: 21/126 MS: 1 ChangeASCIIInt-
#52133	REDUCE cov: 699 ft: 1336 corp: 288/5039b lim: 135 exec/s: 0 rss: 59Mb L: 7/126 MS: 1 CrossOver-
#52269	REDUCE cov: 699 ft: 1336 corp: 288/5038b lim: 135 exec/s: 0 rss: 59Mb L: 4/126 MS: 1 EraseBytes-
#52390	REDUCE cov: 699 ft: 1336 corp: 288/5034b lim: 135 exec/s: 0 rss: 59Mb L: 20/126 MS: 1 EraseBytes-
#52476	REDUCE cov: 699 ft: 1336 corp: 288/5033b lim: 135 exec/s: 0 rss: 59Mb L: 17/126 MS: 1 EraseBytes-
#53617	NEW    cov: 699 ft: 1337 corp: 289/5058b lim: 142 exec/s: 0 rss: 59Mb L: 25/126 MS: 1 CrossOver-
#53985	REDUCE cov: 699 ft: 1337 corp: 289/5057b lim: 142 exec/s: 0 rss: 59Mb L: 38/126 MS: 3 ShuffleBytes-InsertByte-EraseBytes-
#54261	REDUCE cov: 699 ft: 1337 corp: 289/5054b lim: 142 exec/s: 0 rss: 59Mb L: 22/126 MS: 1 EraseBytes-
#54422	REDUCE cov: 699 ft: 1337 corp: 289/5049b lim: 142 exec/s: 0 rss: 59Mb L: 33/126 MS: 1 EraseBytes-
#54493	REDUCE cov: 699 ft: 1337 corp: 289/5048b lim: 142 exec/s: 0 rss: 59Mb L: 4/126 MS: 1 EraseBytes-
#55006	REDUCE cov: 699 ft: 1337 corp: 289/5047b lim: 142 exec/s: 0 rss: 59Mb L: 7/126 MS: 3 ShuffleBytes-ShuffleBytes-EraseBytes-
#55057	REDUCE cov: 699 ft: 1337 corp: 289/5044b lim: 142 exec/s: 0 rss: 59Mb L: 21/126 MS: 1 EraseBytes-
#55718	NEW    cov: 699 ft: 1346 corp: 290/5053b lim: 142 exec/s: 0 rss: 60Mb L: 9/126 MS: 1 ShuffleBytes-
#56166	REDUCE cov: 699 ft: 1346 corp: 290/5043b lim: 142 exec/s: 0 rss: 60Mb L: 25/126 MS: 3 PersAutoDict-ChangeByte-EraseBytes- DE: "\016\000\000\000\000\000\000\000"-
#56687	REDUCE cov: 699 ft: 1346 corp: 290/5041b lim: 142 exec/s: 0 rss: 60Mb L: 19/126 MS: 1 EraseBytes-
#57338	NEW    cov: 699 ft: 1349 corp: 291/5047b lim: 142 exec/s: 0 rss: 60Mb L: 6/126 MS: 1 ChangeASCIIInt-
#57984	REDUCE cov: 699 ft: 1350 corp: 292/5054b lim: 142 exec/s: 0 rss: 60Mb L: 7/126 MS: 1 EraseBytes-
#58326	REDUCE cov: 699 ft: 1350 corp: 292/5052b lim: 142 exec/s: 0 rss: 60Mb L: 33/126 MS: 2 ShuffleBytes-EraseBytes-
#58407	REDUCE cov: 699 ft: 1350 corp: 292/5050b lim: 142 exec/s: 0 rss: 60Mb L: 31/126 MS: 1 EraseBytes-
#58878	REDUCE cov: 699 ft: 1350 corp: 292/5045b lim: 142 exec/s: 0 rss: 60Mb L: 69/126 MS: 1 EraseBytes-
#59454	NEW    cov: 699 ft: 1352 corp: 293/5051b lim: 142 exec/s: 0 rss: 60Mb L: 6/126 MS: 1 EraseBytes-
#59455	NEW    cov: 699 ft: 1356 corp: 294/5155b lim: 142 exec/s: 0 rss: 60Mb L: 104/126 MS: 1 InsertRepeatedBytes-
#60286	REDUCE cov: 699 ft: 1356 corp: 294/5151b lim: 149 exec/s: 0 rss: 60Mb L: 21/126 MS: 1 EraseBytes-
#60732	REDUCE cov: 699 ft: 1356 corp: 294/5146b lim: 149 exec/s: 0 rss: 60Mb L: 22/126 MS: 1 EraseBytes-
#61220	REDUCE cov: 699 ft: 1356 corp: 294/5142b lim: 149 exec/s: 0 rss: 60Mb L: 41/126 MS: 3 ChangeByte-ShuffleBytes-EraseBytes-
#61492	REDUCE cov: 699 ft: 1356 corp: 294/5141b lim: 149 exec/s: 0 rss: 60Mb L: 10/126 MS: 2 EraseBytes-ChangeBit-
#62683	NEW    cov: 699 ft: 1360 corp: 295/5200b lim: 156 exec/s: 0 rss: 61Mb L: 59/126 MS: 1 EraseBytes-
#63284	REDUCE cov: 699 ft: 1360 corp: 295/5199b lim: 156 exec/s: 0 rss: 61Mb L: 38/126 MS: 1 EraseBytes-
#63461	REDUCE cov: 699 ft: 1360 corp: 295/5198b lim: 156 exec/s: 0 rss: 61Mb L: 11/126 MS: 2 EraseBytes-CopyPart-
#63503	REDUCE cov: 699 ft: 1360 corp: 295/5194b lim: 156 exec/s: 0 rss: 61Mb L: 5/126 MS: 2 CrossOver-EraseBytes-
#63754	NEW    cov: 699 ft: 1361 corp: 296/5231b lim: 156 exec/s: 0 rss: 61Mb L: 37/126 MS: 1 CopyPart-
#64290	REDUCE cov: 699 ft: 1361 corp: 296/5230b lim: 156 exec/s: 0 rss: 61Mb L: 4/126 MS: 1 EraseBytes-
#64411	REDUCE cov: 699 ft: 1361 corp: 296/5226b lim: 156 exec/s: 0 rss: 61Mb L: 17/126 MS: 1 EraseBytes-
#64602	REDUCE cov: 699 ft: 1361 corp: 296/5222b lim: 156 exec/s: 0 rss: 61Mb L: 39/126 MS: 1 EraseBytes-
#64757	REDUCE cov: 699 ft: 1361 corp: 296/5219b lim: 156 exec/s: 0 rss: 61Mb L: 11/126 MS: 5 CMP-InsertByte-CrossOver-ChangeBit-EraseBytes- DE: "\005\000\000\000"-
#64968	REDUCE cov: 699 ft: 1361 corp: 296/5214b lim: 156 exec/s: 0 rss: 61Mb L: 64/126 MS: 1 EraseBytes-
#65295	REDUCE cov: 699 ft: 1361 corp: 296/5213b lim: 156 exec/s: 0 rss: 61Mb L: 21/126 MS: 2 ChangeBit-EraseBytes-
#65666	REDUCE cov: 699 ft: 1361 corp: 296/5201b lim: 156 exec/s: 0 rss: 61Mb L: 42/126 MS: 1 EraseBytes-
#66845	REDUCE cov: 700 ft: 1365 corp: 297/5262b lim: 163 exec/s: 0 rss: 61Mb L: 61/126 MS: 4 CrossOver-ShuffleBytes-ChangeBinInt-ChangeASCIIInt-
#66933	REDUCE cov: 700 ft: 1365 corp: 297/5244b lim: 163 exec/s: 0 rss: 61Mb L: 43/126 MS: 3 ChangeASCIIInt-ChangeASCIIInt-EraseBytes-
#66994	REDUCE cov: 700 ft: 1365 corp: 297/5241b lim: 163 exec/s: 0 rss: 61Mb L: 17/126 MS: 1 EraseBytes-
#67010	REDUCE cov: 700 ft: 1365 corp: 297/5240b lim: 163 exec/s: 0 rss: 61Mb L: 4/126 MS: 1 EraseBytes-
#67042	REDUCE cov: 700 ft: 1365 corp: 297/5238b lim: 163 exec/s: 0 rss: 61Mb L: 7/126 MS: 2 InsertByte-EraseBytes-
#67574	REDUCE cov: 700 ft: 1365 corp: 297/5237b lim: 163 exec/s: 0 rss: 61Mb L: 14/126 MS: 2 CrossOver-EraseBytes-
#69431	REDUCE cov: 700 ft: 1365 corp: 297/5223b lim: 177 exec/s: 0 rss: 61Mb L: 42/126 MS: 2 PersAutoDict-EraseBytes- DE: "\016\000\000\000\000\000\000\000"-
#69847	REDUCE cov: 700 ft: 1365 corp: 297/5222b lim: 177 exec/s: 0 rss: 61Mb L: 6/126 MS: 1 EraseBytes-
#69985	REDUCE cov: 700 ft: 1365 corp: 297/5221b lim: 177 exec/s: 0 rss: 62Mb L: 10/126 MS: 3 ChangeASCIIInt-CrossOver-EraseBytes-
#70076	REDUCE cov: 700 ft: 1365 corp: 297/5220b lim: 177 exec/s: 0 rss: 62Mb L: 32/126 MS: 1 EraseBytes-
#70122	REDUCE cov: 700 ft: 1365 corp: 297/5219b lim: 177 exec/s: 0 rss: 62Mb L: 17/126 MS: 1 EraseBytes-
#70433	REDUCE cov: 700 ft: 1368 corp: 298/5287b lim: 177 exec/s: 0 rss: 62Mb L: 68/126 MS: 1 CopyPart-
#72801	REDUCE cov: 700 ft: 1368 corp: 298/5286b lim: 198 exec/s: 0 rss: 62Mb L: 8/126 MS: 3 CopyPart-ChangeBit-EraseBytes-
#72812	REDUCE cov: 700 ft: 1368 corp: 298/5285b lim: 198 exec/s: 0 rss: 62Mb L: 16/126 MS: 1 EraseBytes-
#74096	REDUCE cov: 700 ft: 1368 corp: 298/5284b lim: 205 exec/s: 0 rss: 62Mb L: 5/126 MS: 4 InsertByte-ChangeBinInt-CrossOver-EraseBytes-
#74337	REDUCE cov: 700 ft: 1368 corp: 298/5281b lim: 205 exec/s: 0 rss: 62Mb L: 14/126 MS: 1 EraseBytes-
#74434	REDUCE cov: 700 ft: 1368 corp: 298/5279b lim: 205 exec/s: 0 rss: 62Mb L: 15/126 MS: 2 CrossOver-EraseBytes-
#74855	REDUCE cov: 700 ft: 1368 corp: 298/5276b lim: 205 exec/s: 0 rss: 62Mb L: 7/126 MS: 1 EraseBytes-
#74890	REDUCE cov: 700 ft: 1368 corp: 298/5275b lim: 205 exec/s: 0 rss: 62Mb L: 32/126 MS: 5 ChangeBinInt-ChangeASCIIInt-ShuffleBytes-ChangeBinInt-EraseBytes-
#75287	REDUCE cov: 700 ft: 1368 corp: 298/5274b lim: 205 exec/s: 0 rss: 62Mb L: 32/126 MS: 2 ChangeBinInt-EraseBytes-
#76098	REDUCE cov: 700 ft: 1368 corp: 298/5273b lim: 212 exec/s: 0 rss: 62Mb L: 4/126 MS: 1 EraseBytes-
#77325	REDUCE cov: 700 ft: 1368 corp: 298/5270b lim: 219 exec/s: 0 rss: 63Mb L: 35/126 MS: 2 ShuffleBytes-EraseBytes-
#77401	REDUCE cov: 700 ft: 1368 corp: 298/5268b lim: 219 exec/s: 0 rss: 63Mb L: 13/126 MS: 1 EraseBytes-
#78257	REDUCE cov: 700 ft: 1368 corp: 298/5260b lim: 226 exec/s: 0 rss: 63Mb L: 34/126 MS: 1 EraseBytes-
#78459	NEW    cov: 700 ft: 1369 corp: 299/5279b lim: 226 exec/s: 0 rss: 63Mb L: 19/126 MS: 2 ChangeASCIIInt-EraseBytes-
#78910	REDUCE cov: 700 ft: 1371 corp: 300/5317b lim: 226 exec/s: 0 rss: 63Mb L: 38/126 MS: 1 ChangeASCIIInt-
#79286	REDUCE cov: 700 ft: 1371 corp: 300/5311b lim: 226 exec/s: 0 rss: 63Mb L: 32/126 MS: 1 EraseBytes-
#81267	REDUCE cov: 700 ft: 1371 corp: 300/5307b lim: 240 exec/s: 0 rss: 63Mb L: 23/126 MS: 1 EraseBytes-
#81540	REDUCE cov: 700 ft: 1371 corp: 300/5306b lim: 240 exec/s: 0 rss: 63Mb L: 5/126 MS: 3 CopyPart-InsertByte-EraseBytes-
#81637	NEW    cov: 700 ft: 1373 corp: 301/5494b lim: 240 exec/s: 0 rss: 63Mb L: 188/188 MS: 2 ShuffleBytes-InsertRepeatedBytes-
#82433	REDUCE cov: 700 ft: 1373 corp: 301/5492b lim: 247 exec/s: 0 rss: 63Mb L: 19/188 MS: 1 EraseBytes-
#82654	REDUCE cov: 700 ft: 1373 corp: 301/5491b lim: 247 exec/s: 0 rss: 63Mb L: 7/188 MS: 1 EraseBytes-
#84355	REDUCE cov: 700 ft: 1373 corp: 301/5487b lim: 261 exec/s: 0 rss: 64Mb L: 34/188 MS: 1 EraseBytes-
#84811	REDUCE cov: 700 ft: 1373 corp: 301/5486b lim: 261 exec/s: 0 rss: 64Mb L: 14/188 MS: 1 EraseBytes-
#85467	REDUCE cov: 700 ft: 1373 corp: 301/5485b lim: 261 exec/s: 0 rss: 64Mb L: 32/188 MS: 1 EraseBytes-
#86044	REDUCE cov: 701 ft: 1374 corp: 302/5513b lim: 261 exec/s: 0 rss: 64Mb L: 28/188 MS: 2 InsertRepeatedBytes-ChangeBit-
#86970	REDUCE cov: 701 ft: 1374 corp: 302/5512b lim: 269 exec/s: 0 rss: 64Mb L: 32/188 MS: 1 EraseBytes-
#88886	REDUCE cov: 701 ft: 1374 corp: 302/5511b lim: 285 exec/s: 0 rss: 64Mb L: 5/188 MS: 1 EraseBytes-
#89579	REDUCE cov: 701 ft: 1374 corp: 302/5509b lim: 285 exec/s: 0 rss: 64Mb L: 11/188 MS: 3 CrossOver-ShuffleBytes-EraseBytes-
#91977	REDUCE cov: 701 ft: 1374 corp: 302/5506b lim: 301 exec/s: 0 rss: 65Mb L: 6/188 MS: 3 CopyPart-ChangeASCIIInt-EraseBytes-
#92718	REDUCE cov: 701 ft: 1374 corp: 302/5505b lim: 301 exec/s: 0 rss: 65Mb L: 7/188 MS: 1 EraseBytes-
#92874	REDUCE cov: 701 ft: 1374 corp: 302/5493b lim: 301 exec/s: 0 rss: 65Mb L: 52/188 MS: 1 EraseBytes-
#94362	REDUCE cov: 701 ft: 1374 corp: 302/5485b lim: 309 exec/s: 0 rss: 65Mb L: 52/188 MS: 3 CrossOver-CopyPart-EraseBytes-
#95890	NEW    cov: 701 ft: 1375 corp: 303/5541b lim: 317 exec/s: 0 rss: 65Mb L: 56/188 MS: 3 CrossOver-ChangeASCIIInt-CopyPart-
#99226	REDUCE cov: 701 ft: 1375 corp: 303/5539b lim: 349 exec/s: 0 rss: 66Mb L: 26/188 MS: 1 EraseBytes-
#99367	REDUCE cov: 701 ft: 1375 corp: 303/5538b lim: 349 exec/s: 0 rss: 66Mb L: 5/188 MS: 1 EraseBytes-
#103688	REDUCE cov: 701 ft: 1375 corp: 303/5535b lim: 389 exec/s: 0 rss: 66Mb L: 34/188 MS: 1 EraseBytes-
#104309	REDUCE cov: 701 ft: 1375 corp: 303/5530b lim: 389 exec/s: 0 rss: 66Mb L: 15/188 MS: 1 EraseBytes-
#106150	REDUCE cov: 701 ft: 1375 corp: 303/5529b lim: 405 exec/s: 0 rss: 66Mb L: 35/188 MS: 1 EraseBytes-
#106371	REDUCE cov: 701 ft: 1375 corp: 303/5527b lim: 405 exec/s: 0 rss: 66Mb L: 32/188 MS: 1 EraseBytes-
#107047	NEW    cov: 701 ft: 1376 corp: 304/5539b lim: 405 exec/s: 0 rss: 67Mb L: 12/188 MS: 1 ShuffleBytes-
#107099	REDUCE cov: 701 ft: 1376 corp: 304/5538b lim: 405 exec/s: 0 rss: 67Mb L: 16/188 MS: 2 ChangeBinInt-EraseBytes-
#107445	REDUCE cov: 701 ft: 1376 corp: 304/5537b lim: 405 exec/s: 0 rss: 67Mb L: 20/188 MS: 1 EraseBytes-
#107666	REDUCE cov: 701 ft: 1376 corp: 304/5536b lim: 405 exec/s: 0 rss: 67Mb L: 36/188 MS: 1 EraseBytes-
#109658	REDUCE cov: 701 ft: 1376 corp: 304/5535b lim: 421 exec/s: 0 rss: 67Mb L: 36/188 MS: 2 ChangeASCIIInt-EraseBytes-
#111671	REDUCE cov: 701 ft: 1377 corp: 305/5686b lim: 437 exec/s: 0 rss: 67Mb L: 151/188 MS: 3 CopyPart-ChangeBinInt-CopyPart-
#112187	REDUCE cov: 701 ft: 1377 corp: 305/5679b lim: 437 exec/s: 0 rss: 67Mb L: 181/181 MS: 1 EraseBytes-
#112731	REDUCE cov: 701 ft: 1377 corp: 305/5674b lim: 437 exec/s: 0 rss: 67Mb L: 25/181 MS: 4 ChangeASCIIInt-ChangeByte-ShuffleBytes-CrossOver-
#113519	REDUCE cov: 701 ft: 1377 corp: 305/5669b lim: 437 exec/s: 0 rss: 67Mb L: 20/181 MS: 3 InsertByte-PersAutoDict-EraseBytes- DE: "\000\000\000\001"-
#115571	NEW    cov: 701 ft: 1380 corp: 306/5821b lim: 453 exec/s: 0 rss: 68Mb L: 152/181 MS: 2 InsertByte-CopyPart-
#115622	REDUCE cov: 701 ft: 1380 corp: 306/5820b lim: 453 exec/s: 0 rss: 68Mb L: 7/181 MS: 1 EraseBytes-
#115789	REDUCE cov: 701 ft: 1380 corp: 306/5819b lim: 453 exec/s: 0 rss: 68Mb L: 64/181 MS: 2 ChangeByte-EraseBytes-
#118060	REDUCE cov: 701 ft: 1380 corp: 306/5815b lim: 469 exec/s: 0 rss: 68Mb L: 6/181 MS: 1 EraseBytes-
#118625	REDUCE cov: 701 ft: 1380 corp: 306/5809b lim: 469 exec/s: 0 rss: 68Mb L: 98/181 MS: 5 PersAutoDict-CopyPart-ChangeByte-ShuffleBytes-EraseBytes- DE: "\377\377z\377\220\203p\362"-
#118712	REDUCE cov: 701 ft: 1380 corp: 306/5802b lim: 469 exec/s: 0 rss: 68Mb L: 36/181 MS: 2 ShuffleBytes-EraseBytes-
#119153	REDUCE cov: 701 ft: 1380 corp: 306/5801b lim: 469 exec/s: 0 rss: 68Mb L: 10/181 MS: 1 EraseBytes-
#119449	REDUCE cov: 701 ft: 1380 corp: 306/5784b lim: 469 exec/s: 0 rss: 68Mb L: 134/181 MS: 1 EraseBytes-
#119470	NEW    cov: 701 ft: 1381 corp: 307/5928b lim: 469 exec/s: 0 rss: 68Mb L: 144/181 MS: 1 EraseBytes-
#119778	REDUCE cov: 701 ft: 1381 corp: 307/5925b lim: 469 exec/s: 0 rss: 68Mb L: 7/181 MS: 3 EraseBytes-ShuffleBytes-ChangeBit-
#121284	REDUCE cov: 701 ft: 1381 corp: 307/5916b lim: 477 exec/s: 0 rss: 69Mb L: 33/181 MS: 1 EraseBytes-
#122490	REDUCE cov: 701 ft: 1382 corp: 308/6014b lim: 485 exec/s: 0 rss: 69Mb L: 98/181 MS: 1 ChangeBit-
#122936	REDUCE cov: 701 ft: 1382 corp: 308/6009b lim: 485 exec/s: 0 rss: 69Mb L: 28/181 MS: 1 EraseBytes-
#123013	REDUCE cov: 701 ft: 1383 corp: 309/6143b lim: 485 exec/s: 0 rss: 69Mb L: 134/181 MS: 2 ChangeBit-ChangeASCIIInt-
#123169	NEW    cov: 701 ft: 1388 corp: 310/6380b lim: 485 exec/s: 0 rss: 69Mb L: 237/237 MS: 1 CopyPart-
#123506	REDUCE cov: 701 ft: 1390 corp: 311/6416b lim: 485 exec/s: 0 rss: 69Mb L: 36/237 MS: 2 CopyPart-ChangeASCIIInt-
#123642	REDUCE cov: 701 ft: 1390 corp: 311/6414b lim: 485 exec/s: 0 rss: 69Mb L: 96/237 MS: 1 EraseBytes-
#123908	REDUCE cov: 701 ft: 1390 corp: 311/6411b lim: 485 exec/s: 0 rss: 69Mb L: 33/237 MS: 1 EraseBytes-
#124279	REDUCE cov: 701 ft: 1390 corp: 311/6409b lim: 485 exec/s: 0 rss: 69Mb L: 21/237 MS: 1 EraseBytes-
#124556	REDUCE cov: 701 ft: 1390 corp: 311/6404b lim: 485 exec/s: 0 rss: 69Mb L: 8/237 MS: 2 InsertByte-EraseBytes-
#125162	REDUCE cov: 701 ft: 1393 corp: 312/6409b lim: 485 exec/s: 0 rss: 69Mb L: 5/237 MS: 1 ChangeBinInt-
#125603	REDUCE cov: 701 ft: 1393 corp: 312/6407b lim: 485 exec/s: 0 rss: 69Mb L: 26/237 MS: 1 EraseBytes-
#126964	REDUCE cov: 701 ft: 1393 corp: 312/6400b lim: 493 exec/s: 0 rss: 69Mb L: 7/237 MS: 1 EraseBytes-
#127595	REDUCE cov: 701 ft: 1393 corp: 312/6397b lim: 493 exec/s: 0 rss: 70Mb L: 12/237 MS: 1 EraseBytes-
#128196	REDUCE cov: 701 ft: 1393 corp: 312/6396b lim: 493 exec/s: 0 rss: 70Mb L: 4/237 MS: 1 EraseBytes-
#128839	NEW    cov: 701 ft: 1394 corp: 313/6531b lim: 493 exec/s: 0 rss: 70Mb L: 135/237 MS: 3 ShuffleBytes-InsertRepeatedBytes-CopyPart-
#131641	REDUCE cov: 701 ft: 1394 corp: 313/6529b lim: 517 exec/s: 0 rss: 70Mb L: 66/237 MS: 2 ChangeBit-EraseBytes-
#131837	REDUCE cov: 701 ft: 1394 corp: 313/6525b lim: 517 exec/s: 0 rss: 70Mb L: 28/237 MS: 1 EraseBytes-
#132113	REDUCE cov: 701 ft: 1394 corp: 313/6524b lim: 517 exec/s: 0 rss: 70Mb L: 134/237 MS: 1 EraseBytes-
#133424	REDUCE cov: 701 ft: 1394 corp: 313/6523b lim: 526 exec/s: 0 rss: 70Mb L: 4/237 MS: 1 EraseBytes-
#135247	REDUCE cov: 701 ft: 1394 corp: 313/6522b lim: 544 exec/s: 0 rss: 71Mb L: 35/237 MS: 3 CopyPart-CrossOver-EraseBytes-
#136778	NEW    cov: 701 ft: 1400 corp: 314/6693b lim: 553 exec/s: 0 rss: 71Mb L: 171/237 MS: 1 CrossOver-
#138160	REDUCE cov: 701 ft: 1400 corp: 314/6658b lim: 562 exec/s: 0 rss: 71Mb L: 202/202 MS: 2 EraseBytes-CopyPart-
#138762	REDUCE cov: 701 ft: 1400 corp: 314/6657b lim: 562 exec/s: 0 rss: 71Mb L: 7/202 MS: 2 ChangeBit-EraseBytes-
#141455	REDUCE cov: 701 ft: 1400 corp: 314/6654b lim: 580 exec/s: 0 rss: 72Mb L: 32/202 MS: 3 ShuffleBytes-ChangeASCIIInt-EraseBytes-
#143041	REDUCE cov: 701 ft: 1400 corp: 314/6649b lim: 589 exec/s: 0 rss: 72Mb L: 27/202 MS: 1 EraseBytes-
#144904	REDUCE cov: 701 ft: 1400 corp: 314/6648b lim: 607 exec/s: 0 rss: 72Mb L: 32/202 MS: 3 ChangeBit-CopyPart-EraseBytes-
#146597	REDUCE cov: 701 ft: 1400 corp: 314/6642b lim: 616 exec/s: 0 rss: 72Mb L: 20/202 MS: 3 ChangeBinInt-ChangeBinInt-EraseBytes-
#147308	NEW    cov: 701 ft: 1401 corp: 315/6891b lim: 616 exec/s: 0 rss: 72Mb L: 249/249 MS: 1 CopyPart-
#149364	REDUCE cov: 701 ft: 1401 corp: 315/6889b lim: 634 exec/s: 0 rss: 73Mb L: 8/249 MS: 1 EraseBytes-
#150408	NEW    cov: 702 ft: 1402 corp: 316/6904b lim: 643 exec/s: 0 rss: 73Mb L: 15/249 MS: 4 InsertByte-ChangeBit-ShuffleBytes-ChangeByte-
#151044	REDUCE cov: 702 ft: 1402 corp: 316/6903b lim: 643 exec/s: 0 rss: 73Mb L: 17/249 MS: 1 EraseBytes-
#151300	NEW    cov: 702 ft: 1405 corp: 317/7155b lim: 643 exec/s: 0 rss: 73Mb L: 252/252 MS: 1 CrossOver-
#152736	REDUCE cov: 702 ft: 1405 corp: 317/7144b lim: 652 exec/s: 0 rss: 73Mb L: 22/252 MS: 1 EraseBytes-
#155622	REDUCE cov: 702 ft: 1405 corp: 317/7130b lim: 679 exec/s: 0 rss: 74Mb L: 20/252 MS: 1 EraseBytes-
#155628	NEW    cov: 702 ft: 1406 corp: 318/7141b lim: 679 exec/s: 0 rss: 74Mb L: 11/252 MS: 1 CrossOver-
#156982	REDUCE cov: 702 ft: 1407 corp: 319/7172b lim: 688 exec/s: 0 rss: 74Mb L: 31/252 MS: 4 ChangeByte-EraseBytes-EraseBytes-CrossOver-
#157524	REDUCE cov: 702 ft: 1407 corp: 319/7171b lim: 688 exec/s: 0 rss: 74Mb L: 34/252 MS: 2 PersAutoDict-EraseBytes- DE: "\000\000"-
#157827	REDUCE cov: 702 ft: 1407 corp: 319/7168b lim: 688 exec/s: 0 rss: 74Mb L: 34/252 MS: 3 CopyPart-ChangeBinInt-EraseBytes-
#158119	REDUCE cov: 702 ft: 1407 corp: 319/7163b lim: 688 exec/s: 0 rss: 74Mb L: 9/252 MS: 2 CopyPart-EraseBytes-
#158250	REDUCE cov: 702 ft: 1407 corp: 319/7162b lim: 688 exec/s: 0 rss: 74Mb L: 6/252 MS: 1 EraseBytes-
#160106	REDUCE cov: 702 ft: 1408 corp: 320/7226b lim: 706 exec/s: 0 rss: 74Mb L: 64/252 MS: 1 CrossOver-
#162337	REDUCE cov: 702 ft: 1408 corp: 320/7225b lim: 724 exec/s: 0 rss: 75Mb L: 18/252 MS: 1 EraseBytes-
#165878	REDUCE cov: 702 ft: 1408 corp: 320/7218b lim: 751 exec/s: 0 rss: 75Mb L: 24/252 MS: 1 EraseBytes-
#166455	REDUCE cov: 702 ft: 1408 corp: 320/7132b lim: 751 exec/s: 0 rss: 75Mb L: 166/249 MS: 2 PersAutoDict-EraseBytes- DE: "\001\000"-
#170786	REDUCE cov: 702 ft: 1408 corp: 320/7129b lim: 787 exec/s: 0 rss: 76Mb L: 17/249 MS: 1 EraseBytes-
#171402	REDUCE cov: 702 ft: 1408 corp: 320/7126b lim: 787 exec/s: 0 rss: 76Mb L: 38/249 MS: 1 EraseBytes-
#174189	REDUCE cov: 702 ft: 1408 corp: 320/7125b lim: 814 exec/s: 0 rss: 76Mb L: 35/249 MS: 2 ShuffleBytes-EraseBytes-
#175241	REDUCE cov: 702 ft: 1408 corp: 320/7118b lim: 823 exec/s: 0 rss: 76Mb L: 19/249 MS: 2 ChangeBit-EraseBytes-
#176247	REDUCE cov: 702 ft: 1408 corp: 320/7111b lim: 832 exec/s: 0 rss: 77Mb L: 159/249 MS: 1 EraseBytes-
#176553	REDUCE cov: 702 ft: 1408 corp: 320/7110b lim: 832 exec/s: 0 rss: 77Mb L: 34/249 MS: 1 EraseBytes-
#176660	REDUCE cov: 702 ft: 1408 corp: 320/7108b lim: 832 exec/s: 0 rss: 77Mb L: 25/249 MS: 2 EraseBytes-ChangeASCIIInt-
#177231	REDUCE cov: 702 ft: 1408 corp: 320/7107b lim: 832 exec/s: 0 rss: 77Mb L: 17/249 MS: 1 EraseBytes-
#177768	REDUCE cov: 702 ft: 1408 corp: 320/7106b lim: 832 exec/s: 0 rss: 77Mb L: 4/249 MS: 2 ChangeByte-EraseBytes-
#178644	REDUCE cov: 702 ft: 1408 corp: 320/7104b lim: 832 exec/s: 0 rss: 77Mb L: 23/249 MS: 1 EraseBytes-
#181811	REDUCE cov: 702 ft: 1409 corp: 321/7351b lim: 859 exec/s: 0 rss: 78Mb L: 247/249 MS: 2 ChangeASCIIInt-CopyPart-
#184188	REDUCE cov: 702 ft: 1409 corp: 321/7350b lim: 877 exec/s: 0 rss: 78Mb L: 5/249 MS: 2 ChangeASCIIInt-EraseBytes-
#185360	REDUCE cov: 702 ft: 1409 corp: 321/7348b lim: 886 exec/s: 0 rss: 78Mb L: 32/249 MS: 2 ShuffleBytes-EraseBytes-
#185896	REDUCE cov: 702 ft: 1409 corp: 321/7347b lim: 886 exec/s: 0 rss: 78Mb L: 13/249 MS: 1 EraseBytes-
#186037	REDUCE cov: 702 ft: 1409 corp: 321/7330b lim: 886 exec/s: 0 rss: 78Mb L: 79/249 MS: 1 EraseBytes-
#188469	REDUCE cov: 702 ft: 1409 corp: 321/7328b lim: 904 exec/s: 0 rss: 78Mb L: 36/249 MS: 2 ChangeBinInt-EraseBytes-
#190042	REDUCE cov: 702 ft: 1409 corp: 321/7326b lim: 913 exec/s: 0 rss: 79Mb L: 57/249 MS: 3 ShuffleBytes-ChangeBit-EraseBytes-
#191940	REDUCE cov: 702 ft: 1409 corp: 321/7325b lim: 931 exec/s: 0 rss: 79Mb L: 28/249 MS: 3 ShuffleBytes-ChangeASCIIInt-EraseBytes-
#191986	REDUCE cov: 702 ft: 1409 corp: 321/7323b lim: 931 exec/s: 0 rss: 79Mb L: 19/249 MS: 1 EraseBytes-
#192099	REDUCE cov: 702 ft: 1409 corp: 321/7295b lim: 931 exec/s: 0 rss: 79Mb L: 51/249 MS: 3 PersAutoDict-ChangeByte-EraseBytes- DE: "\377\003"-
#193596	REDUCE cov: 702 ft: 1409 corp: 321/7293b lim: 940 exec/s: 0 rss: 79Mb L: 10/249 MS: 2 CopyPart-EraseBytes-
#194277	REDUCE cov: 702 ft: 1409 corp: 321/7286b lim: 940 exec/s: 0 rss: 79Mb L: 195/249 MS: 1 EraseBytes-
#196088	REDUCE cov: 702 ft: 1409 corp: 321/7284b lim: 958 exec/s: 0 rss: 80Mb L: 22/249 MS: 1 EraseBytes-
#196314	REDUCE cov: 702 ft: 1409 corp: 321/7279b lim: 958 exec/s: 0 rss: 80Mb L: 46/249 MS: 1 EraseBytes-
#196980	REDUCE cov: 702 ft: 1409 corp: 321/7278b lim: 958 exec/s: 0 rss: 80Mb L: 5/249 MS: 1 EraseBytes-
#204401	REDUCE cov: 702 ft: 1409 corp: 321/7260b lim: 1030 exec/s: 0 rss: 81Mb L: 34/249 MS: 1 EraseBytes-
#204848	REDUCE cov: 702 ft: 1409 corp: 321/7258b lim: 1030 exec/s: 0 rss: 81Mb L: 62/249 MS: 2 ShuffleBytes-EraseBytes-
#205935	REDUCE cov: 702 ft: 1409 corp: 321/7246b lim: 1040 exec/s: 0 rss: 81Mb L: 34/249 MS: 2 ShuffleBytes-EraseBytes-
#206191	REDUCE cov: 702 ft: 1409 corp: 321/7244b lim: 1040 exec/s: 0 rss: 81Mb L: 7/249 MS: 1 EraseBytes-
#208038	REDUCE cov: 702 ft: 1409 corp: 321/7243b lim: 1050 exec/s: 0 rss: 81Mb L: 9/249 MS: 2 EraseBytes-ChangeASCIIInt-
#208344	REDUCE cov: 702 ft: 1409 corp: 321/7242b lim: 1050 exec/s: 0 rss: 81Mb L: 7/249 MS: 1 EraseBytes-
#209193	REDUCE cov: 702 ft: 1409 corp: 321/7241b lim: 1050 exec/s: 0 rss: 81Mb L: 158/249 MS: 4 EraseBytes-InsertByte-CopyPart-CopyPart-
#210514	REDUCE cov: 702 ft: 1409 corp: 321/7229b lim: 1060 exec/s: 0 rss: 82Mb L: 159/249 MS: 1 EraseBytes-
#212340	REDUCE cov: 702 ft: 1409 corp: 321/7225b lim: 1070 exec/s: 0 rss: 82Mb L: 62/249 MS: 1 EraseBytes-
#215031	REDUCE cov: 702 ft: 1409 corp: 321/7224b lim: 1090 exec/s: 0 rss: 82Mb L: 33/249 MS: 1 EraseBytes-
#216962	NEW    cov: 704 ft: 1411 corp: 322/7314b lim: 1100 exec/s: 0 rss: 83Mb L: 90/249 MS: 1 InsertRepeatedBytes-
#217285	REDUCE cov: 704 ft: 1411 corp: 322/7313b lim: 1100 exec/s: 0 rss: 83Mb L: 5/249 MS: 3 ChangeASCIIInt-ChangeASCIIInt-EraseBytes-
#219751	REDUCE cov: 704 ft: 1411 corp: 322/7312b lim: 1120 exec/s: 0 rss: 83Mb L: 133/249 MS: 1 EraseBytes-
#220268	REDUCE cov: 704 ft: 1411 corp: 322/7311b lim: 1120 exec/s: 0 rss: 83Mb L: 10/249 MS: 2 ChangeASCIIInt-EraseBytes-
#220580	REDUCE cov: 704 ft: 1411 corp: 322/7306b lim: 1120 exec/s: 0 rss: 83Mb L: 147/249 MS: 2 CopyPart-EraseBytes-
#220753	REDUCE cov: 706 ft: 1413 corp: 323/7380b lim: 1120 exec/s: 0 rss: 83Mb L: 74/249 MS: 3 EraseBytes-ChangeASCIIInt-CopyPart-
#222318	REDUCE cov: 706 ft: 1413 corp: 323/7379b lim: 1130 exec/s: 0 rss: 83Mb L: 66/249 MS: 5 CopyPart-CopyPart-ChangeBit-EraseBytes-CrossOver-
#222770	REDUCE cov: 706 ft: 1413 corp: 323/7378b lim: 1130 exec/s: 0 rss: 84Mb L: 7/249 MS: 2 ChangeASCIIInt-EraseBytes-
#223941	REDUCE cov: 706 ft: 1413 corp: 323/7374b lim: 1140 exec/s: 0 rss: 84Mb L: 177/249 MS: 1 EraseBytes-
#224353	REDUCE cov: 706 ft: 1413 corp: 323/7347b lim: 1140 exec/s: 0 rss: 84Mb L: 47/249 MS: 2 ChangeASCIIInt-EraseBytes-
#225529	REDUCE cov: 706 ft: 1413 corp: 323/7346b lim: 1150 exec/s: 0 rss: 84Mb L: 19/249 MS: 1 EraseBytes-
#227330	REDUCE cov: 706 ft: 1413 corp: 323/7345b lim: 1160 exec/s: 0 rss: 84Mb L: 20/249 MS: 1 EraseBytes-
#227367	REDUCE cov: 706 ft: 1413 corp: 323/7344b lim: 1160 exec/s: 0 rss: 84Mb L: 10/249 MS: 2 ShuffleBytes-EraseBytes-
#228908	REDUCE cov: 706 ft: 1413 corp: 323/7343b lim: 1170 exec/s: 0 rss: 85Mb L: 10/249 MS: 1 EraseBytes-
#229392	REDUCE cov: 707 ft: 1414 corp: 324/7473b lim: 1170 exec/s: 0 rss: 85Mb L: 130/249 MS: 4 InsertRepeatedBytes-InsertRepeatedBytes-ChangeByte-InsertByte-
#231188	REDUCE cov: 707 ft: 1414 corp: 324/7468b lim: 1180 exec/s: 0 rss: 85Mb L: 42/249 MS: 1 EraseBytes-
#231434	REDUCE cov: 707 ft: 1414 corp: 324/7467b lim: 1180 exec/s: 0 rss: 85Mb L: 9/249 MS: 1 EraseBytes-
#232320	REDUCE cov: 707 ft: 1414 corp: 324/7459b lim: 1180 exec/s: 0 rss: 85Mb L: 54/249 MS: 1 EraseBytes-
#233541	REDUCE cov: 707 ft: 1414 corp: 324/7458b lim: 1190 exec/s: 0 rss: 85Mb L: 21/249 MS: 1 EraseBytes-
#233574	REDUCE cov: 707 ft: 1414 corp: 324/7457b lim: 1190 exec/s: 0 rss: 85Mb L: 4/249 MS: 3 ChangeASCIIInt-ChangeBit-EraseBytes-
#234435	NEW    cov: 707 ft: 1415 corp: 325/7465b lim: 1190 exec/s: 0 rss: 85Mb L: 8/249 MS: 1 CopyPart-
#235217	REDUCE cov: 707 ft: 1415 corp: 325/7405b lim: 1190 exec/s: 0 rss: 85Mb L: 70/249 MS: 2 InsertByte-EraseBytes-
#237258	REDUCE cov: 707 ft: 1415 corp: 325/7403b lim: 1210 exec/s: 0 rss: 86Mb L: 64/249 MS: 1 EraseBytes-
#238814	REDUCE cov: 708 ft: 1416 corp: 326/7424b lim: 1220 exec/s: 0 rss: 86Mb L: 21/249 MS: 1 CopyPart-
#242016	REDUCE cov: 708 ft: 1416 corp: 326/7423b lim: 1250 exec/s: 0 rss: 86Mb L: 32/249 MS: 2 CopyPart-EraseBytes-
#244895	REDUCE cov: 708 ft: 1416 corp: 326/7419b lim: 1270 exec/s: 0 rss: 87Mb L: 38/249 MS: 4 ChangeASCIIInt-EraseBytes-ChangeASCIIInt-ChangeByte-
#245401	REDUCE cov: 708 ft: 1416 corp: 326/7406b lim: 1270 exec/s: 0 rss: 87Mb L: 57/249 MS: 1 EraseBytes-
#245403	REDUCE cov: 708 ft: 1416 corp: 326/7404b lim: 1270 exec/s: 0 rss: 87Mb L: 157/249 MS: 2 ChangeASCIIInt-EraseBytes-
#246660	REDUCE cov: 708 ft: 1416 corp: 326/7403b lim: 1280 exec/s: 0 rss: 87Mb L: 36/249 MS: 2 ShuffleBytes-EraseBytes-
#248921	REDUCE cov: 708 ft: 1416 corp: 326/7401b lim: 1300 exec/s: 0 rss: 87Mb L: 60/249 MS: 1 EraseBytes-
#249524	REDUCE cov: 708 ft: 1416 corp: 326/7386b lim: 1300 exec/s: 0 rss: 88Mb L: 42/249 MS: 3 ChangeByte-ChangeASCIIInt-EraseBytes-
#249935	REDUCE cov: 708 ft: 1416 corp: 326/7381b lim: 1300 exec/s: 0 rss: 88Mb L: 34/249 MS: 1 EraseBytes-
#250016	REDUCE cov: 708 ft: 1416 corp: 326/7375b lim: 1300 exec/s: 0 rss: 88Mb L: 36/249 MS: 1 EraseBytes-
#251442	REDUCE cov: 708 ft: 1416 corp: 326/7374b lim: 1310 exec/s: 0 rss: 88Mb L: 27/249 MS: 1 EraseBytes-
#258163	REDUCE cov: 708 ft: 1416 corp: 326/7359b lim: 1370 exec/s: 0 rss: 89Mb L: 39/249 MS: 1 EraseBytes-
#259395	REDUCE cov: 708 ft: 1416 corp: 326/7358b lim: 1380 exec/s: 0 rss: 89Mb L: 27/249 MS: 2 CopyPart-EraseBytes-
#259879	REDUCE cov: 708 ft: 1416 corp: 326/7356b lim: 1380 exec/s: 0 rss: 89Mb L: 145/249 MS: 4 CrossOver-CopyPart-CopyPart-EraseBytes-
#262272	REDUCE cov: 708 ft: 1417 corp: 327/7373b lim: 1400 exec/s: 0 rss: 89Mb L: 17/249 MS: 3 CrossOver-CMP-ChangeBit- DE: "\020'\000\000\000\000\000\000"-
#262725	REDUCE cov: 708 ft: 1417 corp: 327/7372b lim: 1400 exec/s: 0 rss: 89Mb L: 37/249 MS: 3 ChangeASCIIInt-ChangeASCIIInt-EraseBytes-
#263833	NEW    cov: 708 ft: 1418 corp: 328/7617b lim: 1410 exec/s: 0 rss: 89Mb L: 245/249 MS: 3 CrossOver-ChangeASCIIInt-EraseBytes-
#266824	NEW    cov: 708 ft: 1419 corp: 329/7870b lim: 1430 exec/s: 0 rss: 90Mb L: 253/253 MS: 1 CopyPart-
#267772	REDUCE cov: 708 ft: 1419 corp: 329/7866b lim: 1430 exec/s: 0 rss: 90Mb L: 129/253 MS: 3 ChangeASCIIInt-ChangeASCIIInt-EraseBytes-
#268449	REDUCE cov: 708 ft: 1419 corp: 329/7865b lim: 1430 exec/s: 0 rss: 90Mb L: 8/253 MS: 2 EraseBytes-ChangeASCIIInt-
#269820	REDUCE cov: 708 ft: 1419 corp: 329/7863b lim: 1440 exec/s: 0 rss: 90Mb L: 48/253 MS: 1 EraseBytes-
#270432	REDUCE cov: 708 ft: 1419 corp: 329/7862b lim: 1440 exec/s: 0 rss: 90Mb L: 32/253 MS: 2 ChangeBit-EraseBytes-
#272479	REDUCE cov: 708 ft: 1419 corp: 329/7854b lim: 1460 exec/s: 0 rss: 91Mb L: 31/253 MS: 2 ChangeBit-EraseBytes-
#273931	REDUCE cov: 708 ft: 1419 corp: 329/7852b lim: 1470 exec/s: 0 rss: 91Mb L: 12/253 MS: 2 CrossOver-EraseBytes-
#273961	REDUCE cov: 708 ft: 1419 corp: 329/7851b lim: 1470 exec/s: 0 rss: 91Mb L: 32/253 MS: 5 ChangeBit-ChangeBinInt-CopyPart-EraseBytes-CrossOver-
#274312	NEW    cov: 708 ft: 1420 corp: 330/8106b lim: 1470 exec/s: 0 rss: 91Mb L: 255/255 MS: 1 CrossOver-
#274873	REDUCE cov: 708 ft: 1420 corp: 330/8105b lim: 1470 exec/s: 0 rss: 91Mb L: 21/255 MS: 1 EraseBytes-
#281499	NEW    cov: 708 ft: 1421 corp: 331/8351b lim: 1530 exec/s: 0 rss: 92Mb L: 246/255 MS: 1 InsertByte-
#281600	REDUCE cov: 708 ft: 1421 corp: 331/8346b lim: 1530 exec/s: 0 rss: 92Mb L: 153/255 MS: 1 EraseBytes-
#281846	REDUCE cov: 708 ft: 1421 corp: 331/8345b lim: 1530 exec/s: 0 rss: 92Mb L: 5/255 MS: 1 EraseBytes-
#283232	REDUCE cov: 708 ft: 1421 corp: 331/8343b lim: 1540 exec/s: 0 rss: 92Mb L: 151/255 MS: 1 EraseBytes-
#284873	REDUCE cov: 708 ft: 1421 corp: 331/8342b lim: 1550 exec/s: 0 rss: 93Mb L: 16/255 MS: 1 EraseBytes-
#285264	REDUCE cov: 708 ft: 1421 corp: 331/8311b lim: 1550 exec/s: 0 rss: 93Mb L: 164/255 MS: 1 EraseBytes-
#288910	REDUCE cov: 708 ft: 1421 corp: 331/8309b lim: 1580 exec/s: 288910 rss: 93Mb L: 10/255 MS: 1 EraseBytes-
#289756	REDUCE cov: 708 ft: 1421 corp: 331/8306b lim: 1580 exec/s: 289756 rss: 93Mb L: 18/255 MS: 1 EraseBytes-
#290832	REDUCE cov: 708 ft: 1421 corp: 331/8304b lim: 1590 exec/s: 290832 rss: 94Mb L: 25/255 MS: 1 EraseBytes-
#291558	REDUCE cov: 708 ft: 1421 corp: 331/8296b lim: 1590 exec/s: 291558 rss: 94Mb L: 121/255 MS: 1 EraseBytes-
#291574	NEW    cov: 708 ft: 1422 corp: 332/8550b lim: 1590 exec/s: 291574 rss: 94Mb L: 254/255 MS: 1 InsertByte-
#291915	REDUCE cov: 708 ft: 1422 corp: 332/8548b lim: 1590 exec/s: 291915 rss: 94Mb L: 34/255 MS: 1 EraseBytes-
#292451	REDUCE cov: 708 ft: 1422 corp: 332/8542b lim: 1590 exec/s: 292451 rss: 94Mb L: 25/255 MS: 1 EraseBytes-
#292575	REDUCE cov: 708 ft: 1422 corp: 332/8541b lim: 1590 exec/s: 292575 rss: 94Mb L: 32/255 MS: 4 ShuffleBytes-ShuffleBytes-ChangeByte-EraseBytes-
#293837	REDUCE cov: 708 ft: 1422 corp: 332/8539b lim: 1600 exec/s: 293837 rss: 94Mb L: 16/255 MS: 2 CopyPart-EraseBytes-
#294406	REDUCE cov: 708 ft: 1423 corp: 333/8616b lim: 1600 exec/s: 294406 rss: 94Mb L: 77/255 MS: 4 CrossOver-EraseBytes-ChangeASCIIInt-InsertRepeatedBytes-
#294494	REDUCE cov: 708 ft: 1423 corp: 333/8614b lim: 1600 exec/s: 294494 rss: 94Mb L: 58/255 MS: 3 ChangeASCIIInt-CopyPart-EraseBytes-
#298080	REDUCE cov: 708 ft: 1423 corp: 333/8612b lim: 1630 exec/s: 298080 rss: 95Mb L: 88/255 MS: 1 EraseBytes-
#299793	REDUCE cov: 708 ft: 1423 corp: 333/8611b lim: 1640 exec/s: 299793 rss: 95Mb L: 5/255 MS: 3 CopyPart-ChangeBit-EraseBytes-
#303924	REDUCE cov: 708 ft: 1423 corp: 333/8608b lim: 1680 exec/s: 303924 rss: 96Mb L: 174/255 MS: 1 EraseBytes-
#304750	REDUCE cov: 708 ft: 1423 corp: 333/8607b lim: 1680 exec/s: 304750 rss: 96Mb L: 16/255 MS: 1 EraseBytes-
#305211	REDUCE cov: 708 ft: 1423 corp: 333/8606b lim: 1680 exec/s: 305211 rss: 96Mb L: 6/255 MS: 1 EraseBytes-
#306212	REDUCE cov: 708 ft: 1423 corp: 333/8603b lim: 1680 exec/s: 306212 rss: 96Mb L: 131/255 MS: 1 EraseBytes-
#306668	REDUCE cov: 708 ft: 1423 corp: 333/8600b lim: 1680 exec/s: 306668 rss: 96Mb L: 34/255 MS: 1 EraseBytes-
#306819	REDUCE cov: 708 ft: 1423 corp: 333/8599b lim: 1680 exec/s: 306819 rss: 96Mb L: 8/255 MS: 1 EraseBytes-
#312325	REDUCE cov: 708 ft: 1423 corp: 333/8594b lim: 1730 exec/s: 312325 rss: 97Mb L: 140/255 MS: 1 EraseBytes-
#312483	NEW    cov: 708 ft: 1424 corp: 334/8769b lim: 1730 exec/s: 312483 rss: 97Mb L: 175/255 MS: 3 ChangeASCIIInt-PersAutoDict-EraseBytes- DE: "\377\377\377\016"-
#315415	REDUCE cov: 708 ft: 1424 corp: 334/8768b lim: 1750 exec/s: 315415 rss: 97Mb L: 76/255 MS: 2 InsertByte-EraseBytes-
#315556	REDUCE cov: 708 ft: 1424 corp: 334/8767b lim: 1750 exec/s: 315556 rss: 98Mb L: 18/255 MS: 1 EraseBytes-
#316203	REDUCE cov: 708 ft: 1424 corp: 334/8766b lim: 1750 exec/s: 316203 rss: 98Mb L: 11/255 MS: 2 ShuffleBytes-EraseBytes-
#318374	NEW    cov: 708 ft: 1425 corp: 335/8941b lim: 1770 exec/s: 318374 rss: 98Mb L: 175/255 MS: 1 CopyPart-
#319156	REDUCE cov: 708 ft: 1425 corp: 335/8937b lim: 1770 exec/s: 319156 rss: 98Mb L: 84/255 MS: 2 ShuffleBytes-EraseBytes-
#320387	REDUCE cov: 708 ft: 1425 corp: 335/8936b lim: 1780 exec/s: 320387 rss: 98Mb L: 24/255 MS: 1 EraseBytes-
#320584	REDUCE cov: 708 ft: 1425 corp: 335/8935b lim: 1780 exec/s: 320584 rss: 98Mb L: 9/255 MS: 2 ChangeASCIIInt-EraseBytes-
#321366	REDUCE cov: 708 ft: 1425 corp: 335/8934b lim: 1780 exec/s: 321366 rss: 98Mb L: 16/255 MS: 2 EraseBytes-PersAutoDict- DE: "\016\000\000\000\000\000\000\000"-
#322082	REDUCE cov: 708 ft: 1425 corp: 335/8933b lim: 1780 exec/s: 322082 rss: 99Mb L: 23/255 MS: 1 EraseBytes-
#323373	REDUCE cov: 708 ft: 1425 corp: 335/8932b lim: 1790 exec/s: 323373 rss: 99Mb L: 7/255 MS: 1 EraseBytes-
#323815	REDUCE cov: 708 ft: 1425 corp: 335/8930b lim: 1790 exec/s: 323815 rss: 99Mb L: 32/255 MS: 2 CopyPart-EraseBytes-
#324521	REDUCE cov: 708 ft: 1425 corp: 335/8916b lim: 1790 exec/s: 324521 rss: 99Mb L: 161/255 MS: 1 EraseBytes-
#326991	REDUCE cov: 708 ft: 1425 corp: 335/8915b lim: 1810 exec/s: 326991 rss: 99Mb L: 33/255 MS: 5 ChangeBit-ChangeBinInt-InsertByte-EraseBytes-ShuffleBytes-
#328852	REDUCE cov: 708 ft: 1425 corp: 335/8912b lim: 1820 exec/s: 328852 rss: 100Mb L: 73/255 MS: 1 EraseBytes-
#331793	REDUCE cov: 708 ft: 1425 corp: 335/8905b lim: 1840 exec/s: 331793 rss: 100Mb L: 51/255 MS: 1 EraseBytes-
#332254	REDUCE cov: 708 ft: 1425 corp: 335/8878b lim: 1840 exec/s: 332254 rss: 100Mb L: 148/255 MS: 1 EraseBytes-
#340475	REDUCE cov: 708 ft: 1425 corp: 335/8865b lim: 1920 exec/s: 340475 rss: 101Mb L: 148/255 MS: 1 EraseBytes-
#341296	REDUCE cov: 708 ft: 1425 corp: 335/8853b lim: 1920 exec/s: 341296 rss: 102Mb L: 145/255 MS: 1 EraseBytes-
#342168	REDUCE cov: 708 ft: 1425 corp: 335/8852b lim: 1920 exec/s: 342168 rss: 102Mb L: 7/255 MS: 2 EraseBytes-ChangeASCIIInt-
#346029	REDUCE cov: 708 ft: 1425 corp: 335/8851b lim: 1950 exec/s: 346029 rss: 102Mb L: 97/255 MS: 1 EraseBytes-
#347440	REDUCE cov: 708 ft: 1425 corp: 335/8850b lim: 1960 exec/s: 347440 rss: 103Mb L: 14/255 MS: 1 EraseBytes-
#349841	REDUCE cov: 708 ft: 1425 corp: 335/8849b lim: 1980 exec/s: 349841 rss: 103Mb L: 34/255 MS: 1 EraseBytes-
#355792	REDUCE cov: 708 ft: 1425 corp: 335/8839b lim: 2030 exec/s: 355792 rss: 104Mb L: 135/255 MS: 1 EraseBytes-
#357113	REDUCE cov: 708 ft: 1425 corp: 335/8832b lim: 2040 exec/s: 357113 rss: 104Mb L: 41/255 MS: 1 EraseBytes-
#357921	REDUCE cov: 708 ft: 1425 corp: 335/8831b lim: 2040 exec/s: 357921 rss: 104Mb L: 22/255 MS: 3 CopyPart-CopyPart-EraseBytes-
#363168	REDUCE cov: 708 ft: 1425 corp: 335/8830b lim: 2083 exec/s: 363168 rss: 105Mb L: 147/255 MS: 2 ChangeByte-EraseBytes-
#366791	REDUCE cov: 708 ft: 1425 corp: 335/8816b lim: 2116 exec/s: 366791 rss: 105Mb L: 133/255 MS: 3 ChangeByte-ShuffleBytes-EraseBytes-
#384368	REDUCE cov: 708 ft: 1425 corp: 335/8815b lim: 2281 exec/s: 384368 rss: 108Mb L: 24/255 MS: 2 ChangeASCIIInt-EraseBytes-
#384534	REDUCE cov: 708 ft: 1425 corp: 335/8814b lim: 2281 exec/s: 384534 rss: 108Mb L: 6/255 MS: 1 EraseBytes-
#387341	REDUCE cov: 708 ft: 1425 corp: 335/8803b lim: 2303 exec/s: 387341 rss: 108Mb L: 40/255 MS: 2 CopyPart-EraseBytes-
#395234	REDUCE cov: 708 ft: 1425 corp: 335/8772b lim: 2380 exec/s: 395234 rss: 109Mb L: 133/255 MS: 3 CopyPart-ChangeBit-EraseBytes-
#396255	REDUCE cov: 708 ft: 1425 corp: 335/8770b lim: 2380 exec/s: 396255 rss: 110Mb L: 33/255 MS: 1 EraseBytes-
#399656	REDUCE cov: 708 ft: 1425 corp: 335/8769b lim: 2413 exec/s: 399656 rss: 110Mb L: 32/255 MS: 1 EraseBytes-
#399742	REDUCE cov: 708 ft: 1425 corp: 335/8767b lim: 2413 exec/s: 399742 rss: 110Mb L: 16/255 MS: 1 EraseBytes-
#402588	REDUCE cov: 708 ft: 1425 corp: 335/8766b lim: 2435 exec/s: 402588 rss: 110Mb L: 17/255 MS: 1 EraseBytes-
#405314	REDUCE cov: 708 ft: 1425 corp: 335/8765b lim: 2457 exec/s: 405314 rss: 111Mb L: 7/255 MS: 1 EraseBytes-
#406670	REDUCE cov: 708 ft: 1425 corp: 335/8764b lim: 2468 exec/s: 406670 rss: 111Mb L: 7/255 MS: 1 EraseBytes-
#408823	REDUCE cov: 708 ft: 1425 corp: 335/8760b lim: 2479 exec/s: 408823 rss: 111Mb L: 30/255 MS: 3 ShuffleBytes-ChangeASCIIInt-EraseBytes-
#415804	REDUCE cov: 708 ft: 1425 corp: 335/8752b lim: 2545 exec/s: 415804 rss: 112Mb L: 125/255 MS: 1 EraseBytes-
#417076	REDUCE cov: 708 ft: 1425 corp: 335/8751b lim: 2556 exec/s: 417076 rss: 113Mb L: 6/255 MS: 2 ShuffleBytes-EraseBytes-
#418642	REDUCE cov: 708 ft: 1425 corp: 335/8750b lim: 2567 exec/s: 418642 rss: 113Mb L: 32/255 MS: 1 EraseBytes-
#420969	REDUCE cov: 709 ft: 1426 corp: 336/8784b lim: 2589 exec/s: 420969 rss: 113Mb L: 34/255 MS: 2 ChangeASCIIInt-CMP- DE: "\024\000\000\000"-
#425040	REDUCE cov: 709 ft: 1426 corp: 336/8773b lim: 2622 exec/s: 425040 rss: 114Mb L: 137/255 MS: 1 EraseBytes-
#426266	REDUCE cov: 709 ft: 1426 corp: 336/8772b lim: 2633 exec/s: 426266 rss: 114Mb L: 23/255 MS: 1 EraseBytes-
#428775	REDUCE cov: 709 ft: 1426 corp: 336/8771b lim: 2655 exec/s: 428775 rss: 114Mb L: 4/255 MS: 4 ChangeASCIIInt-ChangeByte-ChangeBit-EraseBytes-
#436038	REDUCE cov: 709 ft: 1426 corp: 336/8769b lim: 2721 exec/s: 436038 rss: 116Mb L: 17/255 MS: 3 ChangeASCIIInt-ChangeASCIIInt-EraseBytes-
#436254	REDUCE cov: 709 ft: 1426 corp: 336/8768b lim: 2721 exec/s: 436254 rss: 116Mb L: 35/255 MS: 1 EraseBytes-
#442415	REDUCE cov: 709 ft: 1426 corp: 336/8765b lim: 2776 exec/s: 442415 rss: 117Mb L: 19/255 MS: 1 EraseBytes-
#449114	REDUCE cov: 709 ft: 1426 corp: 336/8750b lim: 2842 exec/s: 449114 rss: 117Mb L: 58/255 MS: 4 ChangeBinInt-ChangeBinInt-CrossOver-EraseBytes-
#462176	REDUCE cov: 709 ft: 1426 corp: 336/8749b lim: 2963 exec/s: 462176 rss: 119Mb L: 22/255 MS: 2 ChangeASCIIInt-EraseBytes-
#466832	REDUCE cov: 709 ft: 1426 corp: 336/8748b lim: 3007 exec/s: 466832 rss: 120Mb L: 33/255 MS: 1 EraseBytes-
#469439	NEW    cov: 710 ft: 1427 corp: 337/8894b lim: 3029 exec/s: 469439 rss: 120Mb L: 146/255 MS: 2 InsertRepeatedBytes-ChangeBit-
#469695	REDUCE cov: 710 ft: 1427 corp: 337/8886b lim: 3029 exec/s: 469695 rss: 121Mb L: 138/255 MS: 1 EraseBytes-
#470061	REDUCE cov: 710 ft: 1427 corp: 337/8884b lim: 3029 exec/s: 470061 rss: 121Mb L: 19/255 MS: 1 EraseBytes-
#473979	REDUCE cov: 710 ft: 1427 corp: 337/8875b lim: 3062 exec/s: 473979 rss: 121Mb L: 129/255 MS: 3 ChangeByte-InsertByte-EraseBytes-
#477081	REDUCE cov: 710 ft: 1427 corp: 337/8863b lim: 3084 exec/s: 477081 rss: 122Mb L: 117/255 MS: 2 ShuffleBytes-EraseBytes-
#479422	REDUCE cov: 710 ft: 1427 corp: 337/8819b lim: 3106 exec/s: 479422 rss: 122Mb L: 73/255 MS: 1 EraseBytes-
#484607	REDUCE cov: 710 ft: 1427 corp: 337/8796b lim: 3150 exec/s: 484607 rss: 123Mb L: 50/255 MS: 5 ChangeBinInt-ShuffleBytes-ChangeASCIIInt-ChangeBinInt-EraseBytes-
#485203	REDUCE cov: 710 ft: 1427 corp: 337/8794b lim: 3150 exec/s: 485203 rss: 123Mb L: 82/255 MS: 1 EraseBytes-
#510135	REDUCE cov: 710 ft: 1427 corp: 337/8793b lim: 3392 exec/s: 510135 rss: 127Mb L: 16/255 MS: 2 ChangeByte-EraseBytes-
#511957	REDUCE cov: 710 ft: 1427 corp: 337/8789b lim: 3403 exec/s: 511957 rss: 127Mb L: 46/255 MS: 2 ChangeBit-EraseBytes-
#517708	REDUCE cov: 710 ft: 1427 corp: 337/8781b lim: 3458 exec/s: 517708 rss: 128Mb L: 38/255 MS: 1 EraseBytes-
#519699	REDUCE cov: 710 ft: 1427 corp: 337/8780b lim: 3469 exec/s: 519699 rss: 128Mb L: 5/255 MS: 1 EraseBytes-
#522645	REDUCE cov: 710 ft: 1427 corp: 337/8779b lim: 3491 exec/s: 522645 rss: 128Mb L: 24/255 MS: 1 EraseBytes-
#533891	REDUCE cov: 710 ft: 1427 corp: 337/8773b lim: 3601 exec/s: 533891 rss: 130Mb L: 145/255 MS: 1 EraseBytes-
#544517	REDUCE cov: 710 ft: 1427 corp: 337/8772b lim: 3700 exec/s: 544517 rss: 131Mb L: 18/255 MS: 1 EraseBytes-
#559300	REDUCE cov: 710 ft: 1427 corp: 337/8770b lim: 3843 exec/s: 559300 rss: 134Mb L: 5/255 MS: 3 EraseBytes-ChangeASCIIInt-EraseBytes-
#565072	REDUCE cov: 710 ft: 1427 corp: 337/8766b lim: 3898 exec/s: 565072 rss: 134Mb L: 35/255 MS: 2 ChangeASCIIInt-EraseBytes-
#580113	REDUCE cov: 710 ft: 1427 corp: 337/8765b lim: 4041 exec/s: 580113 rss: 137Mb L: 32/255 MS: 1 EraseBytes-
#589827	REDUCE cov: 710 ft: 1427 corp: 337/8764b lim: 4096 exec/s: 589827 rss: 138Mb L: 34/255 MS: 4 CrossOver-CopyPart-CrossOver-EraseBytes-
#594274	REDUCE cov: 710 ft: 1427 corp: 337/8763b lim: 4096 exec/s: 594274 rss: 139Mb L: 33/255 MS: 2 ChangeASCIIInt-EraseBytes-
#625538	REDUCE cov: 710 ft: 1427 corp: 337/8761b lim: 4096 exec/s: 625538 rss: 143Mb L: 21/255 MS: 4 ChangeASCIIInt-ChangeBinInt-EraseBytes-EraseBytes-
#630069	REDUCE cov: 710 ft: 1427 corp: 337/8760b lim: 4096 exec/s: 630069 rss: 144Mb L: 19/255 MS: 1 EraseBytes-
#653866	REDUCE cov: 710 ft: 1427 corp: 337/8759b lim: 4096 exec/s: 653866 rss: 147Mb L: 6/255 MS: 2 CopyPart-EraseBytes-
#662577	REDUCE cov: 710 ft: 1427 corp: 337/8756b lim: 4096 exec/s: 662577 rss: 148Mb L: 33/255 MS: 1 EraseBytes-
#662719	REDUCE cov: 710 ft: 1427 corp: 337/8755b lim: 4096 exec/s: 662719 rss: 148Mb L: 21/255 MS: 2 ChangeASCIIInt-EraseBytes-
#697595	REDUCE cov: 710 ft: 1427 corp: 337/8754b lim: 4096 exec/s: 697595 rss: 153Mb L: 21/255 MS: 1 EraseBytes-
#700081	REDUCE cov: 710 ft: 1427 corp: 337/8753b lim: 4096 exec/s: 700081 rss: 154Mb L: 143/255 MS: 1 EraseBytes-
#713922	REDUCE cov: 710 ft: 1427 corp: 337/8752b lim: 4096 exec/s: 713922 rss: 156Mb L: 19/255 MS: 1 EraseBytes-
#747093	REDUCE cov: 710 ft: 1427 corp: 337/8751b lim: 4096 exec/s: 373546 rss: 160Mb L: 130/255 MS: 1 EraseBytes-
#756835	REDUCE cov: 710 ft: 1427 corp: 337/8749b lim: 4096 exec/s: 378417 rss: 162Mb L: 16/255 MS: 2 EraseBytes-CopyPart-
#771572	REDUCE cov: 710 ft: 1427 corp: 337/8747b lim: 4096 exec/s: 385786 rss: 164Mb L: 33/255 MS: 2 ChangeBinInt-EraseBytes-
#774478	REDUCE cov: 710 ft: 1427 corp: 337/8746b lim: 4096 exec/s: 387239 rss: 164Mb L: 136/255 MS: 1 EraseBytes-
#779314	REDUCE cov: 710 ft: 1427 corp: 337/8744b lim: 4096 exec/s: 389657 rss: 165Mb L: 21/255 MS: 1 EraseBytes-
#800196	REDUCE cov: 710 ft: 1427 corp: 337/8732b lim: 4096 exec/s: 400098 rss: 168Mb L: 162/255 MS: 2 CopyPart-EraseBytes-
#807183	REDUCE cov: 710 ft: 1427 corp: 337/8731b lim: 4096 exec/s: 403591 rss: 169Mb L: 32/255 MS: 2 CopyPart-EraseBytes-
#807359	REDUCE cov: 710 ft: 1427 corp: 337/8730b lim: 4096 exec/s: 403679 rss: 169Mb L: 32/255 MS: 1 EraseBytes-
#807816	REDUCE cov: 710 ft: 1427 corp: 337/8729b lim: 4096 exec/s: 403908 rss: 169Mb L: 161/255 MS: 2 EraseBytes-CopyPart-
#810667	REDUCE cov: 710 ft: 1427 corp: 337/8728b lim: 4096 exec/s: 405333 rss: 170Mb L: 144/255 MS: 1 EraseBytes-
#830618	REDUCE cov: 710 ft: 1427 corp: 337/8724b lim: 4096 exec/s: 415309 rss: 172Mb L: 32/255 MS: 1 EraseBytes-
#881120	REDUCE cov: 710 ft: 1427 corp: 337/8723b lim: 4096 exec/s: 440560 rss: 180Mb L: 32/255 MS: 2 ShuffleBytes-EraseBytes-
#889457	REDUCE cov: 710 ft: 1427 corp: 337/8722b lim: 4096 exec/s: 444728 rss: 181Mb L: 160/255 MS: 2 CopyPart-EraseBytes-
#897798	REDUCE cov: 710 ft: 1427 corp: 337/8718b lim: 4096 exec/s: 448899 rss: 182Mb L: 37/255 MS: 1 EraseBytes-
#898551	REDUCE cov: 710 ft: 1427 corp: 337/8717b lim: 4096 exec/s: 449275 rss: 182Mb L: 33/255 MS: 3 ChangeASCIIInt-ChangeASCIIInt-EraseBytes-
#899122	REDUCE cov: 710 ft: 1427 corp: 337/8716b lim: 4096 exec/s: 449561 rss: 182Mb L: 13/255 MS: 1 EraseBytes-
#915929	REDUCE cov: 710 ft: 1427 corp: 337/8715b lim: 4096 exec/s: 457964 rss: 184Mb L: 32/255 MS: 2 EraseBytes-InsertByte-
#987332	REDUCE cov: 710 ft: 1427 corp: 337/8714b lim: 4096 exec/s: 493666 rss: 195Mb L: 16/255 MS: 3 ChangeByte-ChangeASCIIInt-EraseBytes-
#999369	NEW    cov: 711 ft: 1428 corp: 338/8729b lim: 4096 exec/s: 499684 rss: 196Mb L: 15/255 MS: 2 ChangeASCIIInt-CrossOver-
#1024784	REDUCE cov: 711 ft: 1428 corp: 338/8728b lim: 4096 exec/s: 512392 rss: 200Mb L: 142/255 MS: 5 ChangeBit-InsertByte-ChangeASCIIInt-EraseBytes-CopyPart-
#1031035	REDUCE cov: 711 ft: 1428 corp: 338/8725b lim: 4096 exec/s: 515517 rss: 201Mb L: 132/255 MS: 1 EraseBytes-
#1048576	pulse  cov: 711 ft: 1428 corp: 338/8725b lim: 4096 exec/s: 524288 rss: 203Mb
#1085776	REDUCE cov: 711 ft: 1428 corp: 338/8724b lim: 4096 exec/s: 542888 rss: 209Mb L: 124/255 MS: 1 EraseBytes-
#1099687	REDUCE cov: 711 ft: 1428 corp: 338/8723b lim: 4096 exec/s: 549843 rss: 211Mb L: 11/255 MS: 1 EraseBytes-
#1135623	REDUCE cov: 711 ft: 1428 corp: 338/8720b lim: 4096 exec/s: 567811 rss: 216Mb L: 35/255 MS: 1 EraseBytes-
#1136514	REDUCE cov: 711 ft: 1428 corp: 338/8718b lim: 4096 exec/s: 568257 rss: 216Mb L: 15/255 MS: 1 EraseBytes-
#1171020	REDUCE cov: 711 ft: 1428 corp: 338/8717b lim: 4096 exec/s: 390340 rss: 221Mb L: 18/255 MS: 1 EraseBytes-
#1194396	REDUCE cov: 711 ft: 1428 corp: 338/8716b lim: 4096 exec/s: 398132 rss: 224Mb L: 32/255 MS: 1 EraseBytes-
#1196732	REDUCE cov: 711 ft: 1428 corp: 338/8715b lim: 4096 exec/s: 398910 rss: 225Mb L: 33/255 MS: 1 EraseBytes-
#1215113	REDUCE cov: 711 ft: 1428 corp: 338/8714b lim: 4096 exec/s: 405037 rss: 227Mb L: 17/255 MS: 1 EraseBytes-
#1220478	REDUCE cov: 711 ft: 1428 corp: 338/8713b lim: 4096 exec/s: 406826 rss: 228Mb L: 5/255 MS: 5 ShuffleBytes-ChangeASCIIInt-ChangeBit-ChangeASCIIInt-EraseBytes-
#1291949	REDUCE cov: 711 ft: 1428 corp: 338/8712b lim: 4096 exec/s: 430649 rss: 238Mb L: 143/255 MS: 1 EraseBytes-
#1328191	REDUCE cov: 711 ft: 1428 corp: 338/8711b lim: 4096 exec/s: 442730 rss: 244Mb L: 6/255 MS: 2 EraseBytes-ChangeBit-
#1348797	REDUCE cov: 711 ft: 1428 corp: 338/8709b lim: 4096 exec/s: 449599 rss: 247Mb L: 16/255 MS: 1 EraseBytes-
#1355636	REDUCE cov: 711 ft: 1428 corp: 338/8708b lim: 4096 exec/s: 451878 rss: 248Mb L: 5/255 MS: 4 ShuffleBytes-ChangeByte-EraseBytes-ChangeASCIIInt-
#1367871	REDUCE cov: 711 ft: 1428 corp: 338/8707b lim: 4096 exec/s: 455957 rss: 249Mb L: 32/255 MS: 5 ChangeBit-CMP-EraseBytes-ChangeASCIIInt-ChangeBinInt- DE: "\316\325\210\217\337{\000\000"-
#1445592	REDUCE cov: 711 ft: 1428 corp: 338/8706b lim: 4096 exec/s: 481864 rss: 260Mb L: 33/255 MS: 1 EraseBytes-
#1445722	REDUCE cov: 711 ft: 1428 corp: 338/8705b lim: 4096 exec/s: 481907 rss: 260Mb L: 5/255 MS: 5 ShuffleBytes-EraseBytes-ShuffleBytes-CopyPart-CrossOver-
#1469728	REDUCE cov: 711 ft: 1428 corp: 338/8704b lim: 4096 exec/s: 489909 rss: 264Mb L: 16/255 MS: 1 EraseBytes-
#1503326	REDUCE cov: 711 ft: 1428 corp: 338/8703b lim: 4096 exec/s: 501108 rss: 268Mb L: 4/255 MS: 3 EraseBytes-ChangeBit-CrossOver-
#1520482	REDUCE cov: 711 ft: 1428 corp: 338/8702b lim: 4096 exec/s: 506827 rss: 271Mb L: 7/255 MS: 1 EraseBytes-
#1538224	REDUCE cov: 711 ft: 1428 corp: 338/8701b lim: 4096 exec/s: 512741 rss: 273Mb L: 10/255 MS: 2 CopyPart-EraseBytes-
#1551830	REDUCE cov: 711 ft: 1428 corp: 338/8700b lim: 4096 exec/s: 517276 rss: 275Mb L: 33/255 MS: 1 EraseBytes-
#1552722	REDUCE cov: 711 ft: 1428 corp: 338/8699b lim: 4096 exec/s: 517574 rss: 275Mb L: 5/255 MS: 2 CopyPart-EraseBytes-
#1561788	REDUCE cov: 711 ft: 1428 corp: 338/8698b lim: 4096 exec/s: 520596 rss: 277Mb L: 129/255 MS: 1 EraseBytes-
#1570505	REDUCE cov: 711 ft: 1428 corp: 338/8697b lim: 4096 exec/s: 523501 rss: 278Mb L: 18/255 MS: 2 CopyPart-EraseBytes-
#1636251	REDUCE cov: 711 ft: 1428 corp: 338/8696b lim: 4096 exec/s: 409062 rss: 287Mb L: 16/255 MS: 1 EraseBytes-
#1645223	REDUCE cov: 711 ft: 1428 corp: 338/8692b lim: 4096 exec/s: 411305 rss: 288Mb L: 17/255 MS: 2 EraseBytes-CrossOver-
#1648170	REDUCE cov: 711 ft: 1428 corp: 338/8691b lim: 4096 exec/s: 412042 rss: 289Mb L: 8/255 MS: 2 EraseBytes-ChangeASCIIInt-
#1649140	REDUCE cov: 711 ft: 1428 corp: 338/8684b lim: 4096 exec/s: 412285 rss: 289Mb L: 10/255 MS: 5 ShuffleBytes-ShuffleBytes-ChangeBit-ChangeBit-EraseBytes-
#1685106	REDUCE cov: 711 ft: 1428 corp: 338/8682b lim: 4096 exec/s: 421276 rss: 294Mb L: 8/255 MS: 1 EraseBytes-
#1717862	REDUCE cov: 711 ft: 1428 corp: 338/8681b lim: 4096 exec/s: 429465 rss: 299Mb L: 56/255 MS: 1 EraseBytes-
#1736748	REDUCE cov: 711 ft: 1428 corp: 338/8680b lim: 4096 exec/s: 434187 rss: 302Mb L: 32/255 MS: 1 EraseBytes-
#1753921	REDUCE cov: 711 ft: 1428 corp: 338/8678b lim: 4096 exec/s: 438480 rss: 304Mb L: 5/255 MS: 3 ShuffleBytes-CopyPart-EraseBytes-
#1790072	REDUCE cov: 711 ft: 1428 corp: 338/8677b lim: 4096 exec/s: 447518 rss: 310Mb L: 11/255 MS: 1 EraseBytes-
#1817679	REDUCE cov: 711 ft: 1428 corp: 338/8673b lim: 4096 exec/s: 454419 rss: 313Mb L: 17/255 MS: 2 EraseBytes-CrossOver-
#1846236	REDUCE cov: 711 ft: 1428 corp: 338/8672b lim: 4096 exec/s: 461559 rss: 317Mb L: 16/255 MS: 2 CopyPart-EraseBytes-
#1848807	REDUCE cov: 711 ft: 1428 corp: 338/8671b lim: 4096 exec/s: 462201 rss: 318Mb L: 4/255 MS: 1 EraseBytes-
#1853228	REDUCE cov: 711 ft: 1428 corp: 338/8670b lim: 4096 exec/s: 463307 rss: 318Mb L: 15/255 MS: 1 EraseBytes-
#1871379	REDUCE cov: 711 ft: 1428 corp: 338/8669b lim: 4096 exec/s: 467844 rss: 321Mb L: 248/255 MS: 1 EraseBytes-
#1888091	REDUCE cov: 711 ft: 1428 corp: 338/8668b lim: 4096 exec/s: 472022 rss: 324Mb L: 9/255 MS: 2 ChangeASCIIInt-EraseBytes-
#1902268	REDUCE cov: 711 ft: 1428 corp: 338/8667b lim: 4096 exec/s: 475567 rss: 326Mb L: 10/255 MS: 2 ChangeBit-EraseBytes-
#1930945	REDUCE cov: 711 ft: 1428 corp: 338/8663b lim: 4096 exec/s: 482736 rss: 330Mb L: 11/255 MS: 2 ChangeASCIIInt-EraseBytes-
#1933126	REDUCE cov: 711 ft: 1428 corp: 338/8662b lim: 4096 exec/s: 483281 rss: 330Mb L: 10/255 MS: 1 EraseBytes-
#1955052	REDUCE cov: 711 ft: 1428 corp: 338/8661b lim: 4096 exec/s: 488763 rss: 334Mb L: 9/255 MS: 1 EraseBytes-
#1967518	REDUCE cov: 711 ft: 1428 corp: 338/8659b lim: 4096 exec/s: 491879 rss: 335Mb L: 6/255 MS: 1 EraseBytes-
#1969265	REDUCE cov: 711 ft: 1428 corp: 338/8657b lim: 4096 exec/s: 492316 rss: 336Mb L: 28/255 MS: 2 CopyPart-EraseBytes-
#1974226	REDUCE cov: 711 ft: 1428 corp: 338/8656b lim: 4096 exec/s: 493556 rss: 336Mb L: 16/255 MS: 1 EraseBytes-
#2006138	REDUCE cov: 711 ft: 1428 corp: 338/8655b lim: 4096 exec/s: 401227 rss: 341Mb L: 9/255 MS: 2 ChangeASCIIInt-EraseBytes-
#2020927	REDUCE cov: 711 ft: 1428 corp: 338/8652b lim: 4096 exec/s: 404185 rss: 343Mb L: 4/255 MS: 4 ChangeBit-CopyPart-EraseBytes-ChangeASCIIInt-
#2035073	REDUCE cov: 711 ft: 1428 corp: 338/8649b lim: 4096 exec/s: 407014 rss: 345Mb L: 6/255 MS: 1 EraseBytes-
#2043696	REDUCE cov: 711 ft: 1428 corp: 338/8648b lim: 4096 exec/s: 408739 rss: 346Mb L: 8/255 MS: 3 CopyPart-ChangeASCIIInt-EraseBytes-
#2097152	pulse  cov: 711 ft: 1428 corp: 338/8648b lim: 4096 exec/s: 419430 rss: 354Mb
#2097614	REDUCE cov: 711 ft: 1428 corp: 338/8646b lim: 4096 exec/s: 419522 rss: 354Mb L: 33/255 MS: 3 ShuffleBytes-ShuffleBytes-EraseBytes-
#2100200	REDUCE cov: 711 ft: 1428 corp: 338/8645b lim: 4096 exec/s: 420040 rss: 354Mb L: 20/255 MS: 1 EraseBytes-
#2116351	NEW    cov: 712 ft: 1429 corp: 339/8651b lim: 4096 exec/s: 423270 rss: 357Mb L: 6/255 MS: 1 ChangeASCIIInt-
#2130398	NEW    cov: 713 ft: 1430 corp: 340/8657b lim: 4096 exec/s: 426079 rss: 358Mb L: 6/255 MS: 2 ChangeBit-ChangeBit-
#2144419	REDUCE cov: 713 ft: 1430 corp: 340/8656b lim: 4096 exec/s: 428883 rss: 360Mb L: 5/255 MS: 1 EraseBytes-
#2150167	REDUCE cov: 713 ft: 1430 corp: 340/8653b lim: 4096 exec/s: 430033 rss: 361Mb L: 53/255 MS: 3 CopyPart-EraseBytes-ShuffleBytes-
#2167700	REDUCE cov: 713 ft: 1430 corp: 340/8652b lim: 4096 exec/s: 433540 rss: 363Mb L: 7/255 MS: 3 ShuffleBytes-ChangeBit-EraseBytes-
#2188653	REDUCE cov: 713 ft: 1430 corp: 340/8650b lim: 4096 exec/s: 437730 rss: 366Mb L: 32/255 MS: 3 InsertByte-ShuffleBytes-EraseBytes-
#2253290	REDUCE cov: 713 ft: 1430 corp: 340/8649b lim: 4096 exec/s: 450658 rss: 375Mb L: 5/255 MS: 2 ChangeASCIIInt-EraseBytes-
#2259218	REDUCE cov: 715 ft: 1432 corp: 341/8656b lim: 4096 exec/s: 451843 rss: 376Mb L: 7/255 MS: 3 ChangeASCIIInt-ShuffleBytes-ChangeBit-
#2315416	REDUCE cov: 715 ft: 1432 corp: 341/8655b lim: 4096 exec/s: 463083 rss: 383Mb L: 31/255 MS: 3 CopyPart-ChangeASCIIInt-EraseBytes-
#2655692	REDUCE cov: 715 ft: 1432 corp: 341/8654b lim: 4096 exec/s: 442615 rss: 424Mb L: 35/255 MS: 1 EraseBytes-
#2700115	REDUCE cov: 715 ft: 1432 corp: 341/8653b lim: 4096 exec/s: 450019 rss: 429Mb L: 4/255 MS: 3 ChangeBit-ShuffleBytes-EraseBytes-
#2796951	REDUCE cov: 715 ft: 1432 corp: 341/8652b lim: 4096 exec/s: 466158 rss: 440Mb L: 12/255 MS: 1 EraseBytes-
#2836839	REDUCE cov: 715 ft: 1432 corp: 341/8651b lim: 4096 exec/s: 472806 rss: 445Mb L: 4/255 MS: 3 InsertByte-EraseBytes-ChangeASCIIInt-
#2847945	REDUCE cov: 715 ft: 1432 corp: 341/8650b lim: 4096 exec/s: 474657 rss: 447Mb L: 34/255 MS: 1 EraseBytes-
#2890022	REDUCE cov: 715 ft: 1432 corp: 341/8649b lim: 4096 exec/s: 481670 rss: 452Mb L: 4/255 MS: 2 ChangeASCIIInt-EraseBytes-
#2915036	REDUCE cov: 715 ft: 1432 corp: 341/8648b lim: 4096 exec/s: 485839 rss: 455Mb L: 6/255 MS: 4 ChangeASCIIInt-ChangeASCIIInt-ChangeBit-EraseBytes-
#2925752	REDUCE cov: 715 ft: 1432 corp: 341/8646b lim: 4096 exec/s: 487625 rss: 456Mb L: 40/255 MS: 1 EraseBytes-
#2935343	REDUCE cov: 715 ft: 1432 corp: 341/8640b lim: 4096 exec/s: 489223 rss: 458Mb L: 130/255 MS: 1 EraseBytes-
#2962875	REDUCE cov: 715 ft: 1432 corp: 341/8639b lim: 4096 exec/s: 423267 rss: 461Mb L: 30/255 MS: 2 ShuffleBytes-EraseBytes-
#3000241	NEW    cov: 715 ft: 1433 corp: 342/8659b lim: 4096 exec/s: 428605 rss: 467Mb L: 20/255 MS: 1 CrossOver-
#3057738	REDUCE cov: 715 ft: 1433 corp: 342/8658b lim: 4096 exec/s: 436819 rss: 467Mb L: 9/255 MS: 2 ChangeASCIIInt-EraseBytes-
#3204101	REDUCE cov: 715 ft: 1433 corp: 342/8656b lim: 4096 exec/s: 457728 rss: 468Mb L: 7/255 MS: 3 InsertByte-EraseBytes-ChangeASCIIInt-
#3314109	REDUCE cov: 715 ft: 1433 corp: 342/8654b lim: 4096 exec/s: 473444 rss: 477Mb L: 51/255 MS: 3 CopyPart-ChangeBinInt-EraseBytes-
#3345945	REDUCE cov: 715 ft: 1433 corp: 342/8653b lim: 4096 exec/s: 418243 rss: 477Mb L: 39/255 MS: 1 EraseBytes-
#3427270	REDUCE cov: 715 ft: 1433 corp: 342/8652b lim: 4096 exec/s: 428408 rss: 477Mb L: 57/255 MS: 5 ShuffleBytes-EraseBytes-ChangeBit-InsertByte-CrossOver-
#3427471	REDUCE cov: 715 ft: 1433 corp: 342/8651b lim: 4096 exec/s: 428433 rss: 477Mb L: 56/255 MS: 1 EraseBytes-
#3473323	REDUCE cov: 715 ft: 1433 corp: 342/8650b lim: 4096 exec/s: 434165 rss: 477Mb L: 55/255 MS: 2 EraseBytes-CopyPart-
#3713320	REDUCE cov: 715 ft: 1433 corp: 342/8649b lim: 4096 exec/s: 464165 rss: 481Mb L: 5/255 MS: 2 EraseBytes-ChangeASCIIInt-
#3718784	REDUCE cov: 715 ft: 1433 corp: 342/8648b lim: 4096 exec/s: 464848 rss: 481Mb L: 5/255 MS: 4 ChangeBit-ChangeASCIIInt-EraseBytes-ChangeASCIIInt-
#3780250	REDUCE cov: 717 ft: 1435 corp: 343/8681b lim: 4096 exec/s: 420027 rss: 481Mb L: 33/255 MS: 1 InsertRepeatedBytes-
#3845477	REDUCE cov: 717 ft: 1435 corp: 343/8679b lim: 4096 exec/s: 427275 rss: 481Mb L: 9/255 MS: 2 ChangeASCIIInt-EraseBytes-
#3880281	REDUCE cov: 717 ft: 1435 corp: 343/8678b lim: 4096 exec/s: 431142 rss: 482Mb L: 18/255 MS: 4 EraseBytes-ShuffleBytes-CrossOver-EraseBytes-
#3915863	REDUCE cov: 717 ft: 1435 corp: 343/8676b lim: 4096 exec/s: 435095 rss: 483Mb L: 17/255 MS: 2 InsertByte-EraseBytes-
#3948584	REDUCE cov: 717 ft: 1435 corp: 343/8675b lim: 4096 exec/s: 438731 rss: 484Mb L: 16/255 MS: 1 EraseBytes-
#3987046	REDUCE cov: 717 ft: 1435 corp: 343/8665b lim: 4096 exec/s: 443005 rss: 484Mb L: 23/255 MS: 2 ChangeASCIIInt-EraseBytes-
#3999524	REDUCE cov: 717 ft: 1435 corp: 343/8664b lim: 4096 exec/s: 444391 rss: 484Mb L: 4/255 MS: 3 EraseBytes-ChangeBinInt-ChangeASCIIInt-
#4018128	REDUCE cov: 717 ft: 1435 corp: 343/8662b lim: 4096 exec/s: 446458 rss: 484Mb L: 14/255 MS: 4 ShuffleBytes-CopyPart-ChangeASCIIInt-EraseBytes-
#4046789	NEW    cov: 719 ft: 1437 corp: 344/8779b lim: 4096 exec/s: 449643 rss: 484Mb L: 117/255 MS: 1 InsertRepeatedBytes-
#4194304	pulse  cov: 719 ft: 1437 corp: 344/8779b lim: 4096 exec/s: 419430 rss: 486Mb
#4248405	REDUCE cov: 719 ft: 1437 corp: 344/8778b lim: 4096 exec/s: 424840 rss: 487Mb L: 17/255 MS: 1 EraseBytes-
#4275926	REDUCE cov: 719 ft: 1437 corp: 344/8777b lim: 4096 exec/s: 427592 rss: 487Mb L: 132/255 MS: 1 EraseBytes-
#4347123	REDUCE cov: 719 ft: 1437 corp: 344/8776b lim: 4096 exec/s: 434712 rss: 487Mb L: 11/255 MS: 2 EraseBytes-ChangeASCIIInt-
#4375625	REDUCE cov: 719 ft: 1437 corp: 344/8775b lim: 4096 exec/s: 437562 rss: 487Mb L: 10/255 MS: 2 EraseBytes-ChangeASCIIInt-
#4383781	REDUCE cov: 719 ft: 1437 corp: 344/8773b lim: 4096 exec/s: 438378 rss: 487Mb L: 138/255 MS: 1 EraseBytes-
#4412757	REDUCE cov: 719 ft: 1437 corp: 344/8771b lim: 4096 exec/s: 441275 rss: 487Mb L: 136/255 MS: 1 EraseBytes-
#4586191	REDUCE cov: 719 ft: 1437 corp: 344/8769b lim: 4096 exec/s: 416926 rss: 491Mb L: 95/255 MS: 4 ChangeASCIIInt-EraseBytes-ShuffleBytes-ChangeBit-
#4689856	REDUCE cov: 719 ft: 1437 corp: 344/8768b lim: 4096 exec/s: 426350 rss: 491Mb L: 13/255 MS: 5 ChangeASCIIInt-ShuffleBytes-ChangeASCIIInt-ShuffleBytes-EraseBytes-
#4722412	REDUCE cov: 719 ft: 1437 corp: 344/8766b lim: 4096 exec/s: 429310 rss: 491Mb L: 93/255 MS: 1 EraseBytes-
#4723534	REDUCE cov: 719 ft: 1437 corp: 344/8765b lim: 4096 exec/s: 429412 rss: 491Mb L: 4/255 MS: 2 ChangeASCIIInt-EraseBytes-
#4737333	REDUCE cov: 719 ft: 1437 corp: 344/8762b lim: 4096 exec/s: 430666 rss: 491Mb L: 7/255 MS: 4 CopyPart-CrossOver-ChangeASCIIInt-EraseBytes-
#5004095	REDUCE cov: 719 ft: 1437 corp: 344/8761b lim: 4096 exec/s: 417007 rss: 494Mb L: 54/255 MS: 2 ChangeBinInt-EraseBytes-
#5164862	REDUCE cov: 719 ft: 1437 corp: 344/8760b lim: 4096 exec/s: 430405 rss: 498Mb L: 6/255 MS: 2 ChangeBit-EraseBytes-
#5280695	REDUCE cov: 719 ft: 1437 corp: 344/8757b lim: 4096 exec/s: 406207 rss: 498Mb L: 10/255 MS: 3 ChangeASCIIInt-CrossOver-EraseBytes-
#5292381	REDUCE cov: 719 ft: 1437 corp: 344/8753b lim: 4096 exec/s: 407106 rss: 498Mb L: 113/255 MS: 1 EraseBytes-
#5316032	REDUCE cov: 719 ft: 1437 corp: 344/8751b lim: 4096 exec/s: 408925 rss: 498Mb L: 8/255 MS: 1 EraseBytes-
#5316608	REDUCE cov: 719 ft: 1437 corp: 344/8750b lim: 4096 exec/s: 408969 rss: 498Mb L: 7/255 MS: 1 EraseBytes-
#5387883	REDUCE cov: 719 ft: 1438 corp: 345/8847b lim: 4096 exec/s: 414452 rss: 498Mb L: 97/255 MS: 5 EraseBytes-CopyPart-ChangeBit-CrossOver-ChangeBinInt-
#5404510	REDUCE cov: 719 ft: 1438 corp: 345/8845b lim: 4096 exec/s: 415731 rss: 498Mb L: 111/255 MS: 2 CopyPart-EraseBytes-
#5679507	REDUCE cov: 720 ft: 1439 corp: 346/8956b lim: 4096 exec/s: 405679 rss: 498Mb L: 111/255 MS: 2 ChangeASCIIInt-CopyPart-
#5692868	REDUCE cov: 720 ft: 1439 corp: 346/8955b lim: 4096 exec/s: 406633 rss: 498Mb L: 110/255 MS: 1 EraseBytes-
#5715869	REDUCE cov: 720 ft: 1439 corp: 346/8954b lim: 4096 exec/s: 408276 rss: 498Mb L: 109/255 MS: 1 EraseBytes-
#5931059	REDUCE cov: 720 ft: 1439 corp: 346/8953b lim: 4096 exec/s: 423647 rss: 498Mb L: 6/255 MS: 5 ShuffleBytes-EraseBytes-PersAutoDict-CrossOver-ChangeASCIIInt- DE: "\012\000\000\000"-
#5937425	REDUCE cov: 720 ft: 1439 corp: 346/8952b lim: 4096 exec/s: 424101 rss: 498Mb L: 5/255 MS: 1 EraseBytes-
#5992401	REDUCE cov: 720 ft: 1439 corp: 346/8951b lim: 4096 exec/s: 428028 rss: 498Mb L: 4/255 MS: 1 EraseBytes-
#6116098	REDUCE cov: 720 ft: 1439 corp: 346/8945b lim: 4096 exec/s: 407739 rss: 498Mb L: 103/255 MS: 2 EraseBytes-CrossOver-
#6173076	REDUCE cov: 720 ft: 1439 corp: 346/8943b lim: 4096 exec/s: 411538 rss: 498Mb L: 7/255 MS: 3 EraseBytes-CopyPart-ChangeBit-
#6202909	REDUCE cov: 720 ft: 1439 corp: 346/8942b lim: 4096 exec/s: 413527 rss: 498Mb L: 102/255 MS: 3 CopyPart-ShuffleBytes-EraseBytes-
#6354970	REDUCE cov: 720 ft: 1439 corp: 346/8941b lim: 4096 exec/s: 423664 rss: 498Mb L: 101/255 MS: 1 EraseBytes-
#6357946	NEW    cov: 720 ft: 1440 corp: 347/9038b lim: 4096 exec/s: 423863 rss: 498Mb L: 97/255 MS: 1 CopyPart-
#6370917	REDUCE cov: 720 ft: 1440 corp: 347/9037b lim: 4096 exec/s: 424727 rss: 498Mb L: 23/255 MS: 1 EraseBytes-
#6491936	REDUCE cov: 720 ft: 1440 corp: 347/9033b lim: 4096 exec/s: 405746 rss: 498Mb L: 16/255 MS: 4 ChangeBinInt-ChangeByte-CrossOver-EraseBytes-
#6592452	REDUCE cov: 720 ft: 1440 corp: 347/9032b lim: 4096 exec/s: 412028 rss: 498Mb L: 32/255 MS: 1 EraseBytes-
#6689214	REDUCE cov: 720 ft: 1440 corp: 347/9031b lim: 4096 exec/s: 418075 rss: 498Mb L: 6/255 MS: 2 ChangeBit-EraseBytes-
#6732641	REDUCE cov: 720 ft: 1440 corp: 347/9030b lim: 4096 exec/s: 420790 rss: 498Mb L: 9/255 MS: 2 ChangeBit-EraseBytes-
#6956807	REDUCE cov: 720 ft: 1440 corp: 347/9029b lim: 4096 exec/s: 409223 rss: 498Mb L: 15/255 MS: 1 EraseBytes-
#7124289	REDUCE cov: 720 ft: 1440 corp: 347/9028b lim: 4096 exec/s: 419075 rss: 498Mb L: 4/255 MS: 2 EraseBytes-ChangeASCIIInt-
#7183747	REDUCE cov: 720 ft: 1440 corp: 347/9026b lim: 4096 exec/s: 399097 rss: 498Mb L: 7/255 MS: 3 ShuffleBytes-ChangeASCIIInt-EraseBytes-
#7293485	REDUCE cov: 720 ft: 1440 corp: 347/9025b lim: 4096 exec/s: 405193 rss: 498Mb L: 14/255 MS: 3 CopyPart-ChangeASCIIInt-EraseBytes-
#7351474	REDUCE cov: 720 ft: 1440 corp: 347/9022b lim: 4096 exec/s: 408415 rss: 498Mb L: 6/255 MS: 4 ChangeBit-CopyPart-EraseBytes-CrossOver-
#7436133	REDUCE cov: 720 ft: 1440 corp: 347/9021b lim: 4096 exec/s: 413118 rss: 498Mb L: 4/255 MS: 4 EraseBytes-ChangeByte-CopyPart-ChangeASCIIInt-
#7528169	REDUCE cov: 720 ft: 1440 corp: 347/9020b lim: 4096 exec/s: 418231 rss: 498Mb L: 110/255 MS: 1 EraseBytes-
#7634483	REDUCE cov: 720 ft: 1442 corp: 348/9094b lim: 4096 exec/s: 401814 rss: 498Mb L: 74/255 MS: 4 CrossOver-CrossOver-CrossOver-CrossOver-
#7986910	REDUCE cov: 720 ft: 1442 corp: 348/9093b lim: 4096 exec/s: 399345 rss: 498Mb L: 5/255 MS: 2 EraseBytes-ChangeASCIIInt-
#8172869	REDUCE cov: 720 ft: 1442 corp: 348/9092b lim: 4096 exec/s: 408643 rss: 498Mb L: 6/255 MS: 4 ChangeASCIIInt-ChangeBinInt-ChangeBinInt-EraseBytes-
#8174611	REDUCE cov: 720 ft: 1442 corp: 348/9091b lim: 4096 exec/s: 408730 rss: 498Mb L: 32/255 MS: 2 CopyPart-EraseBytes-
#8189898	REDUCE cov: 720 ft: 1442 corp: 348/9089b lim: 4096 exec/s: 409494 rss: 498Mb L: 95/255 MS: 2 ChangeASCIIInt-EraseBytes-
#8377340	REDUCE cov: 720 ft: 1442 corp: 348/9088b lim: 4096 exec/s: 398920 rss: 498Mb L: 6/255 MS: 2 EraseBytes-CrossOver-
#8388608	pulse  cov: 720 ft: 1442 corp: 348/9088b lim: 4096 exec/s: 399457 rss: 498Mb
#8439592	REDUCE cov: 720 ft: 1442 corp: 348/9087b lim: 4096 exec/s: 401885 rss: 498Mb L: 22/255 MS: 2 ChangeBinInt-EraseBytes-
#8472989	REDUCE cov: 720 ft: 1442 corp: 348/9086b lim: 4096 exec/s: 403475 rss: 498Mb L: 5/255 MS: 2 ChangeASCIIInt-EraseBytes-
#8474177	REDUCE cov: 720 ft: 1442 corp: 348/9068b lim: 4096 exec/s: 403532 rss: 498Mb L: 142/255 MS: 3 CrossOver-ShuffleBytes-EraseBytes-
#8767668	REDUCE cov: 720 ft: 1442 corp: 348/9067b lim: 4096 exec/s: 398530 rss: 498Mb L: 135/255 MS: 1 EraseBytes-
#8780219	REDUCE cov: 720 ft: 1442 corp: 348/9066b lim: 4096 exec/s: 399100 rss: 498Mb L: 109/255 MS: 1 EraseBytes-
#8865306	REDUCE cov: 720 ft: 1442 corp: 348/9065b lim: 4096 exec/s: 402968 rss: 498Mb L: 4/255 MS: 2 EraseBytes-ShuffleBytes-
#9142697	REDUCE cov: 720 ft: 1442 corp: 348/9064b lim: 4096 exec/s: 397508 rss: 498Mb L: 141/255 MS: 1 EraseBytes-
#9306788	REDUCE cov: 720 ft: 1442 corp: 348/9062b lim: 4096 exec/s: 404642 rss: 498Mb L: 139/255 MS: 1 EraseBytes-
#9602785	REDUCE cov: 720 ft: 1442 corp: 348/9059b lim: 4096 exec/s: 400116 rss: 498Mb L: 92/255 MS: 2 ShuffleBytes-EraseBytes-
#9674072	REDUCE cov: 720 ft: 1442 corp: 348/9058b lim: 4096 exec/s: 403086 rss: 498Mb L: 22/255 MS: 2 EraseBytes-ShuffleBytes-
#10073590	REDUCE cov: 720 ft: 1442 corp: 348/9056b lim: 4096 exec/s: 402943 rss: 498Mb L: 19/255 MS: 3 ChangeBit-CrossOver-EraseBytes-
#10092202	REDUCE cov: 720 ft: 1442 corp: 348/9053b lim: 4096 exec/s: 403688 rss: 498Mb L: 16/255 MS: 2 ShuffleBytes-EraseBytes-
#10109230	REDUCE cov: 720 ft: 1442 corp: 348/9052b lim: 4096 exec/s: 404369 rss: 498Mb L: 15/255 MS: 3 CopyPart-EraseBytes-EraseBytes-
#10193812	REDUCE cov: 720 ft: 1442 corp: 348/9051b lim: 4096 exec/s: 407752 rss: 498Mb L: 4/255 MS: 2 ChangeASCIIInt-EraseBytes-
#10268850	REDUCE cov: 720 ft: 1442 corp: 348/9050b lim: 4096 exec/s: 394955 rss: 498Mb L: 32/255 MS: 3 ChangeByte-EraseBytes-InsertByte-
#10439504	REDUCE cov: 720 ft: 1442 corp: 348/9043b lim: 4096 exec/s: 401519 rss: 498Mb L: 8/255 MS: 4 ChangeBit-InsertByte-EraseBytes-CrossOver-
#10476375	REDUCE cov: 720 ft: 1442 corp: 348/9042b lim: 4096 exec/s: 402937 rss: 498Mb L: 7/255 MS: 1 EraseBytes-
#10505951	REDUCE cov: 720 ft: 1442 corp: 348/9040b lim: 4096 exec/s: 404075 rss: 498Mb L: 5/255 MS: 1 EraseBytes-
#10835955	REDUCE cov: 720 ft: 1442 corp: 348/9032b lim: 4096 exec/s: 401331 rss: 498Mb L: 93/255 MS: 4 CopyPart-EraseBytes-EraseBytes-ChangeByte-
#10843301	REDUCE cov: 720 ft: 1442 corp: 348/9029b lim: 4096 exec/s: 401603 rss: 498Mb L: 90/255 MS: 1 EraseBytes-
#10879782	REDUCE cov: 720 ft: 1442 corp: 348/9019b lim: 4096 exec/s: 402954 rss: 498Mb L: 80/255 MS: 1 EraseBytes-
#10921048	REDUCE cov: 720 ft: 1442 corp: 348/9017b lim: 4096 exec/s: 404483 rss: 498Mb L: 78/255 MS: 1 EraseBytes-
#11005624	REDUCE cov: 720 ft: 1442 corp: 348/9013b lim: 4096 exec/s: 407615 rss: 498Mb L: 93/255 MS: 1 EraseBytes-
#11030385	REDUCE cov: 720 ft: 1442 corp: 348/9010b lim: 4096 exec/s: 408532 rss: 498Mb L: 75/255 MS: 1 EraseBytes-
#11058412	REDUCE cov: 720 ft: 1442 corp: 348/9003b lim: 4096 exec/s: 394943 rss: 498Mb L: 67/255 MS: 2 ChangeASCIIInt-EraseBytes-
#11090958	REDUCE cov: 720 ft: 1442 corp: 348/9000b lim: 4096 exec/s: 396105 rss: 498Mb L: 72/255 MS: 1 EraseBytes-
#11160911	REDUCE cov: 720 ft: 1442 corp: 348/8996b lim: 4096 exec/s: 398603 rss: 498Mb L: 135/255 MS: 3 ShuffleBytes-ShuffleBytes-EraseBytes-
#11166288	REDUCE cov: 720 ft: 1442 corp: 348/8994b lim: 4096 exec/s: 398796 rss: 498Mb L: 70/255 MS: 2 CopyPart-EraseBytes-
#11288985	REDUCE cov: 720 ft: 1442 corp: 348/8993b lim: 4096 exec/s: 403178 rss: 498Mb L: 4/255 MS: 2 ChangeBinInt-EraseBytes-
#11355683	REDUCE cov: 720 ft: 1442 corp: 348/8992b lim: 4096 exec/s: 405560 rss: 498Mb L: 69/255 MS: 3 CopyPart-CopyPart-EraseBytes-
#11556475	REDUCE cov: 720 ft: 1442 corp: 348/8991b lim: 4096 exec/s: 398499 rss: 498Mb L: 5/255 MS: 2 ChangeASCIIInt-EraseBytes-
#11734871	REDUCE cov: 720 ft: 1442 corp: 348/8990b lim: 4096 exec/s: 404650 rss: 498Mb L: 19/255 MS: 1 EraseBytes-
#11744797	REDUCE cov: 720 ft: 1442 corp: 348/8984b lim: 4096 exec/s: 404993 rss: 498Mb L: 61/255 MS: 1 EraseBytes-
#11864778	REDUCE cov: 720 ft: 1442 corp: 348/8983b lim: 4096 exec/s: 395492 rss: 498Mb L: 68/255 MS: 1 EraseBytes-
#11953634	REDUCE cov: 720 ft: 1442 corp: 348/8981b lim: 4096 exec/s: 398454 rss: 498Mb L: 133/255 MS: 1 EraseBytes-
#12492002	REDUCE cov: 720 ft: 1442 corp: 348/8980b lim: 4096 exec/s: 402967 rss: 498Mb L: 17/255 MS: 3 ShuffleBytes-CopyPart-EraseBytes-
#12633506	REDUCE cov: 720 ft: 1442 corp: 348/8979b lim: 4096 exec/s: 394797 rss: 498Mb L: 55/255 MS: 4 ShuffleBytes-ChangeBit-EraseBytes-CopyPart-
#12771092	REDUCE cov: 720 ft: 1442 corp: 348/8968b lim: 4096 exec/s: 399096 rss: 498Mb L: 81/255 MS: 1 EraseBytes-
#12879301	REDUCE cov: 720 ft: 1442 corp: 348/8965b lim: 4096 exec/s: 402478 rss: 498Mb L: 16/255 MS: 4 EraseBytes-ChangeASCIIInt-ChangeASCIIInt-ChangeASCIIInt-
#13209028	REDUCE cov: 720 ft: 1443 corp: 349/9040b lim: 4096 exec/s: 400273 rss: 498Mb L: 75/255 MS: 2 CrossOver-CopyPart-
#13458344	REDUCE cov: 720 ft: 1443 corp: 349/9029b lim: 4096 exec/s: 395833 rss: 498Mb L: 82/255 MS: 1 EraseBytes-
#13805418	REDUCE cov: 720 ft: 1443 corp: 349/9028b lim: 4096 exec/s: 394440 rss: 498Mb L: 4/255 MS: 4 ChangeBinInt-InsertByte-EraseBytes-CrossOver-
#14021152	REDUCE cov: 720 ft: 1444 corp: 350/9105b lim: 4096 exec/s: 400604 rss: 498Mb L: 77/255 MS: 4 EraseBytes-EraseBytes-ShuffleBytes-CrossOver-
#14827387	REDUCE cov: 720 ft: 1444 corp: 350/9104b lim: 4096 exec/s: 400740 rss: 498Mb L: 4/255 MS: 5 ChangeASCIIInt-ShuffleBytes-EraseBytes-CopyPart-EraseBytes-
#14915804	REDUCE cov: 720 ft: 1444 corp: 350/9103b lim: 4096 exec/s: 403129 rss: 498Mb L: 16/255 MS: 2 EraseBytes-InsertByte-
#14919656	REDUCE cov: 720 ft: 1444 corp: 350/9102b lim: 4096 exec/s: 392622 rss: 498Mb L: 15/255 MS: 2 ShuffleBytes-EraseBytes-
#14927093	REDUCE cov: 720 ft: 1444 corp: 350/9101b lim: 4096 exec/s: 392818 rss: 498Mb L: 14/255 MS: 2 CrossOver-EraseBytes-
#15465795	REDUCE cov: 720 ft: 1444 corp: 350/9100b lim: 4096 exec/s: 396558 rss: 498Mb L: 19/255 MS: 2 ChangeASCIIInt-EraseBytes-
#16033323	REDUCE cov: 720 ft: 1444 corp: 350/9099b lim: 4096 exec/s: 400833 rss: 498Mb L: 6/255 MS: 3 ChangeASCIIInt-ChangeASCIIInt-EraseBytes-
#16777216	pulse  cov: 720 ft: 1444 corp: 350/9099b lim: 4096 exec/s: 399457 rss: 498Mb
#17450605	REDUCE cov: 720 ft: 1444 corp: 350/9098b lim: 4096 exec/s: 396604 rss: 498Mb L: 12/255 MS: 2 ChangeASCIIInt-EraseBytes-
#17462266	REDUCE cov: 720 ft: 1444 corp: 350/9097b lim: 4096 exec/s: 396869 rss: 498Mb L: 108/255 MS: 1 EraseBytes-
#17968282	REDUCE cov: 720 ft: 1444 corp: 350/9096b lim: 4096 exec/s: 399295 rss: 498Mb L: 60/255 MS: 1 EraseBytes-
#18272848	REDUCE cov: 720 ft: 1444 corp: 350/9095b lim: 4096 exec/s: 397235 rss: 498Mb L: 67/255 MS: 1 EraseBytes-
#18380585	REDUCE cov: 720 ft: 1444 corp: 350/9094b lim: 4096 exec/s: 399577 rss: 498Mb L: 5/255 MS: 2 EraseBytes-ChangeASCIIInt-
#18800900	REDUCE cov: 720 ft: 1444 corp: 350/9093b lim: 4096 exec/s: 400019 rss: 498Mb L: 4/255 MS: 5 ChangeASCIIInt-ShuffleBytes-ChangeASCIIInt-ChangeBit-EraseBytes-
#18878489	REDUCE cov: 720 ft: 1444 corp: 350/9092b lim: 4096 exec/s: 393301 rss: 498Mb L: 4/255 MS: 4 ChangeBit-ChangeBinInt-ChangeASCIIInt-EraseBytes-
#19954516	REDUCE cov: 720 ft: 1444 corp: 350/9091b lim: 4096 exec/s: 399090 rss: 498Mb L: 9/255 MS: 2 ChangeASCIIInt-EraseBytes-
#20196154	REDUCE cov: 720 ft: 1444 corp: 350/9089b lim: 4096 exec/s: 396003 rss: 498Mb L: 4/255 MS: 3 EraseBytes-CrossOver-CrossOver-
#20339427	REDUCE cov: 720 ft: 1444 corp: 350/9081b lim: 4096 exec/s: 398812 rss: 498Mb L: 113/255 MS: 3 ShuffleBytes-ChangeASCIIInt-EraseBytes-
#20825068	REDUCE cov: 720 ft: 1444 corp: 350/9080b lim: 4096 exec/s: 392925 rss: 498Mb L: 32/255 MS: 1 EraseBytes-
#21964049	REDUCE cov: 720 ft: 1444 corp: 350/9079b lim: 4096 exec/s: 392215 rss: 498Mb L: 38/255 MS: 1 EraseBytes-
#22409116	REDUCE cov: 720 ft: 1444 corp: 350/9078b lim: 4096 exec/s: 393142 rss: 498Mb L: 33/255 MS: 2 ChangeByte-EraseBytes-
#22691319	REDUCE cov: 720 ft: 1444 corp: 350/9075b lim: 4096 exec/s: 398093 rss: 498Mb L: 6/255 MS: 3 EraseBytes-ChangeASCIIInt-ChangeByte-
#22761590	REDUCE cov: 720 ft: 1444 corp: 350/9074b lim: 4096 exec/s: 392441 rss: 498Mb L: 129/255 MS: 1 EraseBytes-
#23069378	REDUCE cov: 720 ft: 1444 corp: 350/9073b lim: 4096 exec/s: 397747 rss: 498Mb L: 3/255 MS: 3 PersAutoDict-CrossOver-EraseBytes- DE: "\001\000"-
#24304310	REDUCE cov: 720 ft: 1444 corp: 350/9072b lim: 4096 exec/s: 392005 rss: 498Mb L: 16/255 MS: 2 ChangeBit-EraseBytes-
#24925034	REDUCE cov: 720 ft: 1444 corp: 350/9071b lim: 4096 exec/s: 395635 rss: 498Mb L: 6/255 MS: 4 CrossOver-ChangeBinInt-EraseBytes-EraseBytes-
#25196072	REDUCE cov: 720 ft: 1444 corp: 350/9069b lim: 4096 exec/s: 393688 rss: 498Mb L: 33/255 MS: 3 CrossOver-EraseBytes-CrossOver-
#25474429	REDUCE cov: 720 ft: 1444 corp: 350/9066b lim: 4096 exec/s: 391914 rss: 498Mb L: 6/255 MS: 2 EraseBytes-InsertByte-
#25895421	REDUCE cov: 720 ft: 1444 corp: 350/9065b lim: 4096 exec/s: 392354 rss: 498Mb L: 76/255 MS: 2 ChangeASCIIInt-EraseBytes-
#26500248	REDUCE cov: 720 ft: 1444 corp: 350/9064b lim: 4096 exec/s: 395526 rss: 498Mb L: 32/255 MS: 2 ShuffleBytes-EraseBytes-
#27092253	REDUCE cov: 720 ft: 1444 corp: 350/9063b lim: 4096 exec/s: 392641 rss: 498Mb L: 4/255 MS: 5 ChangeByte-CopyPart-ChangeASCIIInt-ChangeASCIIInt-EraseBytes-
#29961369	REDUCE cov: 720 ft: 1444 corp: 350/9061b lim: 4096 exec/s: 394228 rss: 498Mb L: 130/255 MS: 1 EraseBytes-
#29999181	REDUCE cov: 720 ft: 1444 corp: 350/9056b lim: 4096 exec/s: 394726 rss: 498Mb L: 16/255 MS: 2 CrossOver-EraseBytes-
#30025868	REDUCE cov: 720 ft: 1444 corp: 350/9055b lim: 4096 exec/s: 395077 rss: 498Mb L: 8/255 MS: 2 ChangeASCIIInt-EraseBytes-
#30667937	REDUCE cov: 720 ft: 1444 corp: 350/9052b lim: 4096 exec/s: 393178 rss: 498Mb L: 12/255 MS: 4 ChangeBit-EraseBytes-InsertByte-CopyPart-
#31602505	REDUCE cov: 720 ft: 1444 corp: 350/9051b lim: 4096 exec/s: 395031 rss: 498Mb L: 3/255 MS: 3 CrossOver-EraseBytes-CrossOver-
#31817648	REDUCE cov: 720 ft: 1444 corp: 350/9047b lim: 4096 exec/s: 392810 rss: 498Mb L: 8/255 MS: 3 ChangeBit-EraseBytes-CrossOver-
#31922275	REDUCE cov: 720 ft: 1444 corp: 350/9046b lim: 4096 exec/s: 394102 rss: 498Mb L: 5/255 MS: 2 EraseBytes-ChangeBit-
#32369972	REDUCE cov: 720 ft: 1444 corp: 350/9045b lim: 4096 exec/s: 394755 rss: 498Mb L: 32/255 MS: 2 ChangeByte-EraseBytes-
#32702512	REDUCE cov: 720 ft: 1444 corp: 350/9044b lim: 4096 exec/s: 394006 rss: 498Mb L: 7/255 MS: 5 ChangeBit-InsertByte-CopyPart-CopyPart-EraseBytes-
#32739289	REDUCE cov: 720 ft: 1444 corp: 350/9043b lim: 4096 exec/s: 394449 rss: 498Mb L: 15/255 MS: 2 ChangeBinInt-EraseBytes-
#33262111	REDUCE cov: 720 ft: 1444 corp: 350/9042b lim: 4096 exec/s: 386768 rss: 498Mb L: 6/255 MS: 2 ChangeASCIIInt-EraseBytes-
#33554432	pulse  cov: 720 ft: 1444 corp: 350/9042b lim: 4096 exec/s: 385683 rss: 498Mb
#34966593	REDUCE cov: 720 ft: 1444 corp: 350/9040b lim: 4096 exec/s: 384248 rss: 498Mb L: 74/255 MS: 2 EraseBytes-ChangeASCIIInt-
#35474097	REDUCE cov: 720 ft: 1444 corp: 350/9034b lim: 4096 exec/s: 385588 rss: 498Mb L: 9/255 MS: 4 EraseBytes-PersAutoDict-CrossOver-EraseBytes- DE: "\012\000\000\000"-
#35480709	REDUCE cov: 720 ft: 1444 corp: 350/9032b lim: 4096 exec/s: 385659 rss: 498Mb L: 7/255 MS: 2 ChangeBinInt-EraseBytes-
#35509985	REDUCE cov: 720 ft: 1444 corp: 350/9031b lim: 4096 exec/s: 385978 rss: 498Mb L: 66/255 MS: 1 EraseBytes-
#37371056	REDUCE cov: 720 ft: 1444 corp: 350/9029b lim: 4096 exec/s: 385268 rss: 498Mb L: 79/255 MS: 1 EraseBytes-
#37954668	REDUCE cov: 720 ft: 1444 corp: 350/9025b lim: 4096 exec/s: 387292 rss: 498Mb L: 104/255 MS: 2 ChangeBinInt-EraseBytes-
#38024870	REDUCE cov: 720 ft: 1444 corp: 350/9022b lim: 4096 exec/s: 388008 rss: 498Mb L: 101/255 MS: 2 ShuffleBytes-EraseBytes-
#38200306	REDUCE cov: 720 ft: 1444 corp: 350/9021b lim: 4096 exec/s: 385861 rss: 498Mb L: 32/255 MS: 1 EraseBytes-
#41621408	REDUCE cov: 720 ft: 1444 corp: 350/9020b lim: 4096 exec/s: 381847 rss: 498Mb L: 4/255 MS: 2 ChangeASCIIInt-EraseBytes-
#41659622	REDUCE cov: 721 ft: 1445 corp: 351/9090b lim: 4096 exec/s: 382198 rss: 498Mb L: 70/255 MS: 4 PersAutoDict-InsertRepeatedBytes-ChangeByte-ChangeBit- DE: "\020'\000\000\000\000\000\000"-
#41784482	REDUCE cov: 721 ft: 1445 corp: 351/9087b lim: 4096 exec/s: 383343 rss: 498Mb L: 67/255 MS: 5 InsertByte-InsertByte-ChangeBit-CopyPart-EraseBytes-
#41799273	REDUCE cov: 721 ft: 1445 corp: 351/9078b lim: 4096 exec/s: 383479 rss: 498Mb L: 58/255 MS: 1 EraseBytes-
#41831929	REDUCE cov: 721 ft: 1445 corp: 351/9054b lim: 4096 exec/s: 380290 rss: 498Mb L: 34/255 MS: 1 EraseBytes-
#41981441	REDUCE cov: 721 ft: 1445 corp: 351/9052b lim: 4096 exec/s: 381649 rss: 498Mb L: 32/255 MS: 2 ChangeASCIIInt-EraseBytes-
#42216187	REDUCE cov: 721 ft: 1445 corp: 351/9042b lim: 4096 exec/s: 380326 rss: 498Mb L: 22/255 MS: 1 EraseBytes-
#42360683	REDUCE cov: 721 ft: 1445 corp: 351/9041b lim: 4096 exec/s: 381627 rss: 498Mb L: 81/255 MS: 1 EraseBytes-
#42695281	REDUCE cov: 721 ft: 1445 corp: 351/9040b lim: 4096 exec/s: 381207 rss: 498Mb L: 3/255 MS: 3 ChangeASCIIInt-EraseBytes-CrossOver-
#43276239	REDUCE cov: 721 ft: 1445 corp: 351/9039b lim: 4096 exec/s: 382975 rss: 498Mb L: 5/255 MS: 3 ChangeASCIIInt-ChangeBinInt-EraseBytes-
#43887940	REDUCE cov: 721 ft: 1445 corp: 351/9038b lim: 4096 exec/s: 381634 rss: 498Mb L: 80/255 MS: 1 EraseBytes-
#44192717	REDUCE cov: 721 ft: 1445 corp: 351/9034b lim: 4096 exec/s: 380971 rss: 498Mb L: 18/255 MS: 2 ChangeASCIIInt-EraseBytes-
#46260513	REDUCE cov: 721 ft: 1445 corp: 351/9033b lim: 4096 exec/s: 382318 rss: 498Mb L: 16/255 MS: 1 EraseBytes-
#46473280	REDUCE cov: 721 ft: 1445 corp: 351/9032b lim: 4096 exec/s: 380928 rss: 498Mb L: 73/255 MS: 2 EraseBytes-ShuffleBytes-
#47324502	REDUCE cov: 721 ft: 1445 corp: 351/9031b lim: 4096 exec/s: 381649 rss: 498Mb L: 9/255 MS: 2 EraseBytes-ShuffleBytes-
#47360293	REDUCE cov: 721 ft: 1445 corp: 351/9030b lim: 4096 exec/s: 381937 rss: 498Mb L: 8/255 MS: 1 EraseBytes-
#47511285	REDUCE cov: 721 ft: 1445 corp: 351/9029b lim: 4096 exec/s: 380090 rss: 498Mb L: 6/255 MS: 2 ChangeByte-EraseBytes-
#47555972	REDUCE cov: 721 ft: 1445 corp: 351/9027b lim: 4096 exec/s: 380447 rss: 498Mb L: 78/255 MS: 2 CopyPart-EraseBytes-
#48782468	REDUCE cov: 721 ft: 1445 corp: 351/9026b lim: 4096 exec/s: 381113 rss: 498Mb L: 77/255 MS: 1 EraseBytes-
#50000000	DONE   cov: 721 ft: 1445 corp: 351/9026b lim: 4096 exec/s: 381679 rss: 498Mb
###### Recommended dictionary. ######
"\000\000" # Uses: 297568
"\377\377\377\016" # Uses: 289282
"\377\377" # Uses: 297730
"\377\377z\377\220\203p\362" # Uses: 244159
"\001\000" # Uses: 298018
"\260*}\217\337{\000\000" # Uses: 243551
"\016\000\000\000\000\000\000\000" # Uses: 244132
"\304\215\215\217\337{\000\000" # Uses: 243593
"\012\000\000\000" # Uses: 288709
"\377\003" # Uses: 297647
"\000\000\000\001" # Uses: 289553
"\005\000\000\000" # Uses: 288508
"\020'\000\000\000\000\000\000" # Uses: 242348
"\024\000\000\000" # Uses: 286534
"\316\325\210\217\337{\000\000" # Uses: 235802
###### End of recommended dictionary. ######
Done 50000000 runs in 131 second(s)
exit=0
