=== Linux x86-64 22.1.8 Release ===
-- The CXX compiler identification is Clang 22.1.8
-- Detecting CXX compiler ABI info
-- Detecting CXX compiler ABI info - done
-- Check for working CXX compiler: /usr/bin/clang++ - skipped
-- Detecting CXX compile features
-- Detecting CXX compile features - done
CMake Warning (policy) at tests/CMakeLists.txt:46 (find_package):
  Policy CMP0167 is not set: The FindBoost module is removed.  Run "cmake
  --help-policy CMP0167" for policy details.  Use the cmake_policy command to
  set the policy and suppress this warning.
This warning is for project developers.  Use -Wno-author or -Wno-policy to
suppress it.

-- Configuring done (0.2s)
-- Generating done (0.0s)
-- Build files have been written to: /home/shared/ws/fixedwide/build_verify/Linux_x86-64_22.1.8_Release
[1/67] Building CXX object tests/CMakeFiles/test_overflow.dir/test_overflow.cpp.o
[2/67] Building CXX object tests/CMakeFiles/test_rounding.dir/test_rounding.cpp.o
[3/67] Building CXX object CMakeFiles/fixedwide.dir/src/bigint.cpp.o
In file included from /home/shared/ws/fixedwide/src/bigint.cpp:4:
/home/shared/ws/fixedwide/src/limbs.hpp:302:22: warning: implicit conversion changes signedness: 'int' to 'unsigned int' [-Wsign-conversion]
  302 |     unsigned shift = std::countl_zero(den.limbs[n - 1]);
      |              ~~~~~   ^~~~~~~~~~~~~~~~~~~~~~~~~~~~~~~~~~
/home/shared/ws/fixedwide/src/bigint.cpp:16:24: note: in instantiation of function template specialization 'fixedwide::detail::divmod_knuth<4UL, 2UL>' requested here
   16 |     auto res = detail::divmod_knuth(num, den);
      |                        ^
In file included from /home/shared/ws/fixedwide/src/bigint.cpp:4:
/home/shared/ws/fixedwide/src/limbs.hpp:330:33: warning: implicit conversion changes signedness: 'int' to 'std::size_t' (aka 'unsigned long') [-Wsign-conversion]
  330 |         std::uint64_t u_top = u[j + n];
      |                                 ^ ~
/home/shared/ws/fixedwide/src/limbs.hpp:331:34: warning: implicit conversion changes signedness: 'int' to 'std::size_t' (aka 'unsigned long') [-Wsign-conversion]
  331 |         std::uint64_t u_next = u[j + n - 1];
      |                                  ^ ~
/home/shared/ws/fixedwide/src/limbs.hpp:332:35: warning: implicit conversion changes signedness: 'int' to 'std::size_t' (aka 'unsigned long') [-Wsign-conversion]
  332 |         std::uint64_t u_next2 = u[j + n - 2];
      |                                   ^ ~
/home/shared/ws/fixedwide/src/limbs.hpp:361:19: warning: implicit conversion changes signedness: 'int' to 'std::size_t' (aka 'unsigned long') [-Wsign-conversion]
  361 |             if (u[j + i] < sub) ++borrow;
      |                   ^ ~
/home/shared/ws/fixedwide/src/limbs.hpp:362:15: warning: implicit conversion changes signedness: 'int' to 'std::size_t' (aka 'unsigned long') [-Wsign-conversion]
  362 |             u[j + i] -= sub;
      |               ^ ~
/home/shared/ws/fixedwide/src/limbs.hpp:364:15: warning: implicit conversion changes signedness: 'int' to 'std::size_t' (aka 'unsigned long') [-Wsign-conversion]
  364 |         if (u[j + n] < borrow) {
      |               ^ ~
/home/shared/ws/fixedwide/src/limbs.hpp:369:39: warning: implicit conversion changes signedness: 'int' to 'std::size_t' (aka 'unsigned long') [-Wsign-conversion]
  369 |                 std::uint64_t sum = u[j + i] + v[i] + add_carry;
      |                                       ^ ~
/home/shared/ws/fixedwide/src/limbs.hpp:370:72: warning: implicit conversion changes signedness: 'int' to 'std::size_t' (aka 'unsigned long') [-Wsign-conversion]
  370 |                 add_carry = (sum < u[j + i]) || (add_carry && sum == u[j + i]) ? 1 : 0;
      |                                                                        ^ ~
/home/shared/ws/fixedwide/src/limbs.hpp:370:38: warning: implicit conversion changes signedness: 'int' to 'std::size_t' (aka 'unsigned long') [-Wsign-conversion]
  370 |                 add_carry = (sum < u[j + i]) || (add_carry && sum == u[j + i]) ? 1 : 0;
      |                                      ^ ~
/home/shared/ws/fixedwide/src/limbs.hpp:371:19: warning: implicit conversion changes signedness: 'int' to 'std::size_t' (aka 'unsigned long') [-Wsign-conversion]
  371 |                 u[j + i] = sum;
      |                   ^ ~
/home/shared/ws/fixedwide/src/limbs.hpp:373:15: warning: implicit conversion changes signedness: 'int' to 'std::size_t' (aka 'unsigned long') [-Wsign-conversion]
  373 |             u[j + n] = 0;
      |               ^ ~
/home/shared/ws/fixedwide/src/limbs.hpp:375:15: warning: implicit conversion changes signedness: 'int' to 'std::size_t' (aka 'unsigned long') [-Wsign-conversion]
  375 |             u[j + n] -= borrow;
      |               ^ ~
13 warnings generated.
[4/67] Building CXX object CMakeFiles/fixedwide.dir/src/floating.cpp.o
In file included from /home/shared/ws/fixedwide/src/floating.cpp:3:
/home/shared/ws/fixedwide/src/limbs.hpp:302:22: warning: implicit conversion changes signedness: 'int' to 'unsigned int' [-Wsign-conversion]
  302 |     unsigned shift = std::countl_zero(den.limbs[n - 1]);
      |              ~~~~~   ^~~~~~~~~~~~~~~~~~~~~~~~~~~~~~~~~~
/home/shared/ws/fixedwide/src/floating.cpp:62:19: note: in instantiation of function template specialization 'fixedwide::detail::divmod_knuth<16UL, 16UL>' requested here
   62 |     auto divres = divmod_knuth(num, den);
      |                   ^
/home/shared/ws/fixedwide/src/floating.cpp:99:12: note: in instantiation of function template specialization 'fixedwide::detail::(anonymous namespace)::float_to_raw<float>' requested here
   99 |     return float_to_raw(value, decimals, rounding, bits);
      |            ^
In file included from /home/shared/ws/fixedwide/src/floating.cpp:3:
/home/shared/ws/fixedwide/src/limbs.hpp:330:33: warning: implicit conversion changes signedness: 'int' to 'std::size_t' (aka 'unsigned long') [-Wsign-conversion]
  330 |         std::uint64_t u_top = u[j + n];
      |                                 ^ ~
/home/shared/ws/fixedwide/src/limbs.hpp:331:34: warning: implicit conversion changes signedness: 'int' to 'std::size_t' (aka 'unsigned long') [-Wsign-conversion]
  331 |         std::uint64_t u_next = u[j + n - 1];
      |                                  ^ ~
/home/shared/ws/fixedwide/src/limbs.hpp:332:35: warning: implicit conversion changes signedness: 'int' to 'std::size_t' (aka 'unsigned long') [-Wsign-conversion]
  332 |         std::uint64_t u_next2 = u[j + n - 2];
      |                                   ^ ~
/home/shared/ws/fixedwide/src/limbs.hpp:361:19: warning: implicit conversion changes signedness: 'int' to 'std::size_t' (aka 'unsigned long') [-Wsign-conversion]
  361 |             if (u[j + i] < sub) ++borrow;
      |                   ^ ~
/home/shared/ws/fixedwide/src/limbs.hpp:362:15: warning: implicit conversion changes signedness: 'int' to 'std::size_t' (aka 'unsigned long') [-Wsign-conversion]
  362 |             u[j + i] -= sub;
      |               ^ ~
/home/shared/ws/fixedwide/src/limbs.hpp:364:15: warning: implicit conversion changes signedness: 'int' to 'std::size_t' (aka 'unsigned long') [-Wsign-conversion]
  364 |         if (u[j + n] < borrow) {
      |               ^ ~
/home/shared/ws/fixedwide/src/limbs.hpp:369:39: warning: implicit conversion changes signedness: 'int' to 'std::size_t' (aka 'unsigned long') [-Wsign-conversion]
  369 |                 std::uint64_t sum = u[j + i] + v[i] + add_carry;
      |                                       ^ ~
/home/shared/ws/fixedwide/src/limbs.hpp:370:72: warning: implicit conversion changes signedness: 'int' to 'std::size_t' (aka 'unsigned long') [-Wsign-conversion]
  370 |                 add_carry = (sum < u[j + i]) || (add_carry && sum == u[j + i]) ? 1 : 0;
      |                                                                        ^ ~
/home/shared/ws/fixedwide/src/limbs.hpp:370:38: warning: implicit conversion changes signedness: 'int' to 'std::size_t' (aka 'unsigned long') [-Wsign-conversion]
  370 |                 add_carry = (sum < u[j + i]) || (add_carry && sum == u[j + i]) ? 1 : 0;
      |                                      ^ ~
/home/shared/ws/fixedwide/src/limbs.hpp:371:19: warning: implicit conversion changes signedness: 'int' to 'std::size_t' (aka 'unsigned long') [-Wsign-conversion]
  371 |                 u[j + i] = sum;
      |                   ^ ~
/home/shared/ws/fixedwide/src/limbs.hpp:373:15: warning: implicit conversion changes signedness: 'int' to 'std::size_t' (aka 'unsigned long') [-Wsign-conversion]
  373 |             u[j + n] = 0;
      |               ^ ~
/home/shared/ws/fixedwide/src/limbs.hpp:375:15: warning: implicit conversion changes signedness: 'int' to 'std::size_t' (aka 'unsigned long') [-Wsign-conversion]
  375 |             u[j + n] -= borrow;
      |               ^ ~
13 warnings generated.
[5/67] Building CXX object CMakeFiles/fixedwide.dir/src/mixed.cpp.o
In file included from /home/shared/ws/fixedwide/src/mixed.cpp:1:
In file included from /home/shared/ws/fixedwide/include/fixedwide/mixed.hpp:14:
/home/shared/ws/fixedwide/include/fixedwide/detail/mixed_native.hpp:208:24: warning: unused variable 'common' [-Wunused-variable]
  208 |     constexpr unsigned common = Da < Db ? Da : Db;
      |                        ^~~~~~
In file included from /home/shared/ws/fixedwide/src/mixed.cpp:3:
/home/shared/ws/fixedwide/src/limbs.hpp:302:22: warning: implicit conversion changes signedness: 'int' to 'unsigned int' [-Wsign-conversion]
  302 |     unsigned shift = std::countl_zero(den.limbs[n - 1]);
      |              ~~~~~   ^~~~~~~~~~~~~~~~~~~~~~~~~~~~~~~~~~
/home/shared/ws/fixedwide/src/mixed.cpp:28:19: note: in instantiation of function template specialization 'fixedwide::detail::divmod_knuth<16UL, 16UL>' requested here
   28 |     auto divres = divmod_knuth(num, den);
      |                   ^
In file included from /home/shared/ws/fixedwide/src/mixed.cpp:3:
/home/shared/ws/fixedwide/src/limbs.hpp:330:33: warning: implicit conversion changes signedness: 'int' to 'std::size_t' (aka 'unsigned long') [-Wsign-conversion]
  330 |         std::uint64_t u_top = u[j + n];
      |                                 ^ ~
/home/shared/ws/fixedwide/src/limbs.hpp:331:34: warning: implicit conversion changes signedness: 'int' to 'std::size_t' (aka 'unsigned long') [-Wsign-conversion]
  331 |         std::uint64_t u_next = u[j + n - 1];
      |                                  ^ ~
/home/shared/ws/fixedwide/src/limbs.hpp:332:35: warning: implicit conversion changes signedness: 'int' to 'std::size_t' (aka 'unsigned long') [-Wsign-conversion]
  332 |         std::uint64_t u_next2 = u[j + n - 2];
      |                                   ^ ~
/home/shared/ws/fixedwide/src/limbs.hpp:361:19: warning: implicit conversion changes signedness: 'int' to 'std::size_t' (aka 'unsigned long') [-Wsign-conversion]
  361 |             if (u[j + i] < sub) ++borrow;
      |                   ^ ~
/home/shared/ws/fixedwide/src/limbs.hpp:362:15: warning: implicit conversion changes signedness: 'int' to 'std::size_t' (aka 'unsigned long') [-Wsign-conversion]
  362 |             u[j + i] -= sub;
      |               ^ ~
/home/shared/ws/fixedwide/src/limbs.hpp:364:15: warning: implicit conversion changes signedness: 'int' to 'std::size_t' (aka 'unsigned long') [-Wsign-conversion]
  364 |         if (u[j + n] < borrow) {
      |               ^ ~
/home/shared/ws/fixedwide/src/limbs.hpp:369:39: warning: implicit conversion changes signedness: 'int' to 'std::size_t' (aka 'unsigned long') [-Wsign-conversion]
  369 |                 std::uint64_t sum = u[j + i] + v[i] + add_carry;
      |                                       ^ ~
/home/shared/ws/fixedwide/src/limbs.hpp:370:72: warning: implicit conversion changes signedness: 'int' to 'std::size_t' (aka 'unsigned long') [-Wsign-conversion]
  370 |                 add_carry = (sum < u[j + i]) || (add_carry && sum == u[j + i]) ? 1 : 0;
      |                                                                        ^ ~
/home/shared/ws/fixedwide/src/limbs.hpp:370:38: warning: implicit conversion changes signedness: 'int' to 'std::size_t' (aka 'unsigned long') [-Wsign-conversion]
  370 |                 add_carry = (sum < u[j + i]) || (add_carry && sum == u[j + i]) ? 1 : 0;
      |                                      ^ ~
/home/shared/ws/fixedwide/src/limbs.hpp:371:19: warning: implicit conversion changes signedness: 'int' to 'std::size_t' (aka 'unsigned long') [-Wsign-conversion]
  371 |                 u[j + i] = sum;
      |                   ^ ~
/home/shared/ws/fixedwide/src/limbs.hpp:373:15: warning: implicit conversion changes signedness: 'int' to 'std::size_t' (aka 'unsigned long') [-Wsign-conversion]
  373 |             u[j + n] = 0;
      |               ^ ~
/home/shared/ws/fixedwide/src/limbs.hpp:375:15: warning: implicit conversion changes signedness: 'int' to 'std::size_t' (aka 'unsigned long') [-Wsign-conversion]
  375 |             u[j + n] -= borrow;
      |               ^ ~
14 warnings generated.
[6/67] Building CXX object CMakeFiles/fixedwide.dir/src/chars.cpp.o
In file included from /home/shared/ws/fixedwide/src/chars.cpp:3:
/home/shared/ws/fixedwide/src/limbs.hpp:302:22: warning: implicit conversion changes signedness: 'int' to 'unsigned int' [-Wsign-conversion]
  302 |     unsigned shift = std::countl_zero(den.limbs[n - 1]);
      |              ~~~~~   ^~~~~~~~~~~~~~~~~~~~~~~~~~~~~~~~~~
/home/shared/ws/fixedwide/src/chars.cpp:455:19: note: in instantiation of function template specialization 'fixedwide::detail::divmod_knuth<4UL, 4UL>' requested here
  455 |     auto divres = divmod_knuth(vmag, divisor);
      |                   ^
In file included from /home/shared/ws/fixedwide/src/chars.cpp:3:
/home/shared/ws/fixedwide/src/limbs.hpp:330:33: warning: implicit conversion changes signedness: 'int' to 'std::size_t' (aka 'unsigned long') [-Wsign-conversion]
  330 |         std::uint64_t u_top = u[j + n];
      |                                 ^ ~
/home/shared/ws/fixedwide/src/limbs.hpp:331:34: warning: implicit conversion changes signedness: 'int' to 'std::size_t' (aka 'unsigned long') [-Wsign-conversion]
  331 |         std::uint64_t u_next = u[j + n - 1];
      |                                  ^ ~
/home/shared/ws/fixedwide/src/limbs.hpp:332:35: warning: implicit conversion changes signedness: 'int' to 'std::size_t' (aka 'unsigned long') [-Wsign-conversion]
  332 |         std::uint64_t u_next2 = u[j + n - 2];
      |                                   ^ ~
/home/shared/ws/fixedwide/src/limbs.hpp:361:19: warning: implicit conversion changes signedness: 'int' to 'std::size_t' (aka 'unsigned long') [-Wsign-conversion]
  361 |             if (u[j + i] < sub) ++borrow;
      |                   ^ ~
/home/shared/ws/fixedwide/src/limbs.hpp:362:15: warning: implicit conversion changes signedness: 'int' to 'std::size_t' (aka 'unsigned long') [-Wsign-conversion]
  362 |             u[j + i] -= sub;
      |               ^ ~
/home/shared/ws/fixedwide/src/limbs.hpp:364:15: warning: implicit conversion changes signedness: 'int' to 'std::size_t' (aka 'unsigned long') [-Wsign-conversion]
  364 |         if (u[j + n] < borrow) {
      |               ^ ~
/home/shared/ws/fixedwide/src/limbs.hpp:369:39: warning: implicit conversion changes signedness: 'int' to 'std::size_t' (aka 'unsigned long') [-Wsign-conversion]
  369 |                 std::uint64_t sum = u[j + i] + v[i] + add_carry;
      |                                       ^ ~
/home/shared/ws/fixedwide/src/limbs.hpp:370:72: warning: implicit conversion changes signedness: 'int' to 'std::size_t' (aka 'unsigned long') [-Wsign-conversion]
  370 |                 add_carry = (sum < u[j + i]) || (add_carry && sum == u[j + i]) ? 1 : 0;
      |                                                                        ^ ~
/home/shared/ws/fixedwide/src/limbs.hpp:370:38: warning: implicit conversion changes signedness: 'int' to 'std::size_t' (aka 'unsigned long') [-Wsign-conversion]
  370 |                 add_carry = (sum < u[j + i]) || (add_carry && sum == u[j + i]) ? 1 : 0;
      |                                      ^ ~
/home/shared/ws/fixedwide/src/limbs.hpp:371:19: warning: implicit conversion changes signedness: 'int' to 'std::size_t' (aka 'unsigned long') [-Wsign-conversion]
  371 |                 u[j + i] = sum;
      |                   ^ ~
/home/shared/ws/fixedwide/src/limbs.hpp:373:15: warning: implicit conversion changes signedness: 'int' to 'std::size_t' (aka 'unsigned long') [-Wsign-conversion]
  373 |             u[j + n] = 0;
      |               ^ ~
/home/shared/ws/fixedwide/src/limbs.hpp:375:15: warning: implicit conversion changes signedness: 'int' to 'std::size_t' (aka 'unsigned long') [-Wsign-conversion]
  375 |             u[j + n] -= borrow;
      |               ^ ~
13 warnings generated.
[7/67] Building CXX object CMakeFiles/fixedwide.dir/src/integer_chars.cpp.o
[8/67] Building CXX object tests/CMakeFiles/test_wide.dir/test_wide.cpp.o
[9/67] Building CXX object tests/CMakeFiles/audit_portable_edges.dir/audit_portable_edges.cpp.o
[10/67] Building CXX object tests/CMakeFiles/audit_portable_div128.dir/audit_portable_div128.cpp.o
[11/67] Building CXX object tests/CMakeFiles/test_mixed_native.dir/test_mixed_native.cpp.o
[12/67] Building CXX object tests/CMakeFiles/test_constexpr.dir/test_constexpr.cpp.o
[13/67] Building CXX object tests/CMakeFiles/audit_floating.dir/audit_floating.cpp.o
[14/67] Building CXX object tests/CMakeFiles/test_binary.dir/test_binary.cpp.o
[15/67] Building CXX object tests/CMakeFiles/audit_text_targeted.dir/audit_text_targeted.cpp.o
[16/67] Building CXX object examples/CMakeFiles/example_02_rounding_modes.dir/02_rounding_modes.cpp.o
[17/67] Building CXX object tests/CMakeFiles/test_floating.dir/test_floating.cpp.o
[18/67] Building CXX object tests/CMakeFiles/test_storage.dir/test_storage.cpp.o
[19/67] Building CXX object examples/CMakeFiles/example_01_quick_start.dir/01_quick_start.cpp.o
[20/67] Building CXX object examples/CMakeFiles/example_04_mixed_scales.dir/04_mixed_scales.cpp.o
[21/67] Building CXX object tests/CMakeFiles/test_no_alloc.dir/test_no_alloc.cpp.o
[22/67] Building CXX object examples/CMakeFiles/example_06_binary_roundtrip.dir/06_binary_roundtrip.cpp.o
[23/67] Building CXX object tests/CMakeFiles/test_mixed.dir/test_mixed.cpp.o
[24/67] Building CXX object examples/CMakeFiles/example_03_error_handling.dir/03_error_handling.cpp.o
[25/67] Building CXX object tests/CMakeFiles/audit_known.dir/audit_known.cpp.o
[26/67] Building CXX object tests/CMakeFiles/test_chars.dir/test_chars.cpp.o
[27/67] Building CXX object tests/CMakeFiles/test_signed_min.dir/test_signed_min.cpp.o
[28/67] Building CXX object examples/CMakeFiles/example_07_money_ledger.dir/07_money_ledger.cpp.o
[29/67] Building CXX object tests/CMakeFiles/test_core.dir/test_core.cpp.o
[30/67] Building CXX object tests/CMakeFiles/audit_io.dir/audit_io.cpp.o
[31/67] Building CXX object examples/CMakeFiles/example_08_constexpr.dir/08_constexpr.cpp.o
[32/67] Building CXX object CMakeFiles/fixedwide.dir/src/arithmetic.cpp.o
In file included from /home/shared/ws/fixedwide/src/arithmetic.cpp:1:
/home/shared/ws/fixedwide/include/fixedwide/arithmetic.hpp:203:39: warning: implicit conversion changes signedness: 'unsigned long long' to 'std::int64_t' (aka 'long') [-Wsign-conversion]
  203 |                 std::int64_t s = 0ULL - u;
      |                              ~   ~~~~~^~~
/home/shared/ws/fixedwide/include/fixedwide/arithmetic.hpp:238:39: warning: implicit conversion changes signedness: 'unsigned long long' to 'std::int64_t' (aka 'long') [-Wsign-conversion]
  238 |                 std::int64_t s = 0ULL - u;
      |                              ~   ~~~~~^~~
In file included from /home/shared/ws/fixedwide/src/arithmetic.cpp:5:
/home/shared/ws/fixedwide/src/limbs.hpp:302:22: warning: implicit conversion changes signedness: 'int' to 'unsigned int' [-Wsign-conversion]
  302 |     unsigned shift = std::countl_zero(den.limbs[n - 1]);
      |              ~~~~~   ^~~~~~~~~~~~~~~~~~~~~~~~~~~~~~~~~~
/home/shared/ws/fixedwide/src/arithmetic.cpp:867:26: note: in instantiation of function template specialization 'fixedwide::detail::divmod_knuth<8UL, 4UL>' requested here
  867 |     const auto general = divmod_knuth(numerator, divisor);
      |                          ^
/home/shared/ws/fixedwide/src/arithmetic.cpp:885:25: note: in instantiation of function template specialization 'fixedwide::detail::divide_wide<8UL>' requested here
  885 |     const auto divres = divide_wide(prod, s);
      |                         ^
In file included from /home/shared/ws/fixedwide/src/arithmetic.cpp:5:
/home/shared/ws/fixedwide/src/limbs.hpp:330:33: warning: implicit conversion changes signedness: 'int' to 'std::size_t' (aka 'unsigned long') [-Wsign-conversion]
  330 |         std::uint64_t u_top = u[j + n];
      |                                 ^ ~
/home/shared/ws/fixedwide/src/limbs.hpp:331:34: warning: implicit conversion changes signedness: 'int' to 'std::size_t' (aka 'unsigned long') [-Wsign-conversion]
  331 |         std::uint64_t u_next = u[j + n - 1];
      |                                  ^ ~
/home/shared/ws/fixedwide/src/limbs.hpp:332:35: warning: implicit conversion changes signedness: 'int' to 'std::size_t' (aka 'unsigned long') [-Wsign-conversion]
  332 |         std::uint64_t u_next2 = u[j + n - 2];
      |                                   ^ ~
/home/shared/ws/fixedwide/src/limbs.hpp:361:19: warning: implicit conversion changes signedness: 'int' to 'std::size_t' (aka 'unsigned long') [-Wsign-conversion]
  361 |             if (u[j + i] < sub) ++borrow;
      |                   ^ ~
/home/shared/ws/fixedwide/src/limbs.hpp:362:15: warning: implicit conversion changes signedness: 'int' to 'std::size_t' (aka 'unsigned long') [-Wsign-conversion]
  362 |             u[j + i] -= sub;
      |               ^ ~
/home/shared/ws/fixedwide/src/limbs.hpp:364:15: warning: implicit conversion changes signedness: 'int' to 'std::size_t' (aka 'unsigned long') [-Wsign-conversion]
  364 |         if (u[j + n] < borrow) {
      |               ^ ~
/home/shared/ws/fixedwide/src/limbs.hpp:369:39: warning: implicit conversion changes signedness: 'int' to 'std::size_t' (aka 'unsigned long') [-Wsign-conversion]
  369 |                 std::uint64_t sum = u[j + i] + v[i] + add_carry;
      |                                       ^ ~
/home/shared/ws/fixedwide/src/limbs.hpp:370:72: warning: implicit conversion changes signedness: 'int' to 'std::size_t' (aka 'unsigned long') [-Wsign-conversion]
  370 |                 add_carry = (sum < u[j + i]) || (add_carry && sum == u[j + i]) ? 1 : 0;
      |                                                                        ^ ~
/home/shared/ws/fixedwide/src/limbs.hpp:370:38: warning: implicit conversion changes signedness: 'int' to 'std::size_t' (aka 'unsigned long') [-Wsign-conversion]
  370 |                 add_carry = (sum < u[j + i]) || (add_carry && sum == u[j + i]) ? 1 : 0;
      |                                      ^ ~
/home/shared/ws/fixedwide/src/limbs.hpp:371:19: warning: implicit conversion changes signedness: 'int' to 'std::size_t' (aka 'unsigned long') [-Wsign-conversion]
  371 |                 u[j + i] = sum;
      |                   ^ ~
/home/shared/ws/fixedwide/src/limbs.hpp:373:15: warning: implicit conversion changes signedness: 'int' to 'std::size_t' (aka 'unsigned long') [-Wsign-conversion]
  373 |             u[j + n] = 0;
      |               ^ ~
/home/shared/ws/fixedwide/src/limbs.hpp:375:15: warning: implicit conversion changes signedness: 'int' to 'std::size_t' (aka 'unsigned long') [-Wsign-conversion]
  375 |             u[j + n] -= borrow;
      |               ^ ~
/home/shared/ws/fixedwide/src/limbs.hpp:302:22: warning: implicit conversion changes signedness: 'int' to 'unsigned int' [-Wsign-conversion]
  302 |     unsigned shift = std::countl_zero(den.limbs[n - 1]);
      |              ~~~~~   ^~~~~~~~~~~~~~~~~~~~~~~~~~~~~~~~~~
/home/shared/ws/fixedwide/src/arithmetic.cpp:867:26: note: in instantiation of function template specialization 'fixedwide::detail::divmod_knuth<4UL, 4UL>' requested here
  867 |     const auto general = divmod_knuth(numerator, divisor);
      |                          ^
/home/shared/ws/fixedwide/src/arithmetic.cpp:976:19: note: in instantiation of function template specialization 'fixedwide::detail::divide_wide<4UL>' requested here
  976 |     auto divres = divide_wide(mag, udiv);
      |                   ^
In file included from /home/shared/ws/fixedwide/src/arithmetic.cpp:5:
/home/shared/ws/fixedwide/src/limbs.hpp:330:33: warning: implicit conversion changes signedness: 'int' to 'std::size_t' (aka 'unsigned long') [-Wsign-conversion]
  330 |         std::uint64_t u_top = u[j + n];
      |                                 ^ ~
/home/shared/ws/fixedwide/src/limbs.hpp:331:34: warning: implicit conversion changes signedness: 'int' to 'std::size_t' (aka 'unsigned long') [-Wsign-conversion]
  331 |         std::uint64_t u_next = u[j + n - 1];
      |                                  ^ ~
/home/shared/ws/fixedwide/src/limbs.hpp:332:35: warning: implicit conversion changes signedness: 'int' to 'std::size_t' (aka 'unsigned long') [-Wsign-conversion]
  332 |         std::uint64_t u_next2 = u[j + n - 2];
      |                                   ^ ~
/home/shared/ws/fixedwide/src/limbs.hpp:361:19: warning: implicit conversion changes signedness: 'int' to 'std::size_t' (aka 'unsigned long') [-Wsign-conversion]
  361 |             if (u[j + i] < sub) ++borrow;
      |                   ^ ~
/home/shared/ws/fixedwide/src/limbs.hpp:362:15: warning: implicit conversion changes signedness: 'int' to 'std::size_t' (aka 'unsigned long') [-Wsign-conversion]
  362 |             u[j + i] -= sub;
      |               ^ ~
/home/shared/ws/fixedwide/src/limbs.hpp:364:15: warning: implicit conversion changes signedness: 'int' to 'std::size_t' (aka 'unsigned long') [-Wsign-conversion]
  364 |         if (u[j + n] < borrow) {
      |               ^ ~
/home/shared/ws/fixedwide/src/limbs.hpp:369:39: warning: implicit conversion changes signedness: 'int' to 'std::size_t' (aka 'unsigned long') [-Wsign-conversion]
  369 |                 std::uint64_t sum = u[j + i] + v[i] + add_carry;
      |                                       ^ ~
/home/shared/ws/fixedwide/src/limbs.hpp:370:72: warning: implicit conversion changes signedness: 'int' to 'std::size_t' (aka 'unsigned long') [-Wsign-conversion]
  370 |                 add_carry = (sum < u[j + i]) || (add_carry && sum == u[j + i]) ? 1 : 0;
      |                                                                        ^ ~
/home/shared/ws/fixedwide/src/limbs.hpp:370:38: warning: implicit conversion changes signedness: 'int' to 'std::size_t' (aka 'unsigned long') [-Wsign-conversion]
  370 |                 add_carry = (sum < u[j + i]) || (add_carry && sum == u[j + i]) ? 1 : 0;
      |                                      ^ ~
/home/shared/ws/fixedwide/src/limbs.hpp:371:19: warning: implicit conversion changes signedness: 'int' to 'std::size_t' (aka 'unsigned long') [-Wsign-conversion]
  371 |                 u[j + i] = sum;
      |                   ^ ~
/home/shared/ws/fixedwide/src/limbs.hpp:373:15: warning: implicit conversion changes signedness: 'int' to 'std::size_t' (aka 'unsigned long') [-Wsign-conversion]
  373 |             u[j + n] = 0;
      |               ^ ~
/home/shared/ws/fixedwide/src/limbs.hpp:375:15: warning: implicit conversion changes signedness: 'int' to 'std::size_t' (aka 'unsigned long') [-Wsign-conversion]
  375 |             u[j + n] -= borrow;
      |               ^ ~
/home/shared/ws/fixedwide/src/arithmetic.cpp:13:30: warning: unused function 'fits64' [-Wunused-function]
   13 | [[nodiscard]] constexpr bool fits64(std::int64_t) noexcept { return true; }
      |                              ^~~~~~
/home/shared/ws/fixedwide/src/arithmetic.cpp:146:21: warning: unused function 'divide_product_by_scale' [-Wunused-function]
  146 | inline wide::int128 divide_product_by_scale(wide::int128 product, wide::uint128 scale, Rounding rounding) noexcept {
      |                     ^~~~~~~~~~~~~~~~~~~~~~~
/home/shared/ws/fixedwide/src/arithmetic.cpp:246:1: warning: unused function 'divide_signed_general_n' [-Wunused-function]
  246 | divide_signed_general_n(i128 numerator, i128 divisor, Rounding rounding) noexcept {
      | ^~~~~~~~~~~~~~~~~~~~~~~
In file included from /home/shared/ws/fixedwide/src/arithmetic.cpp:1:
/home/shared/ws/fixedwide/include/fixedwide/arithmetic.hpp:420:11: warning: unused type alias 'Fixed' [-Wunused-local-typedef]
  420 |     using Fixed = basic_fixed<Bits, D>;
      |           ^
32 warnings generated.
[33/67] Linking CXX static library libfixedwide.a
[34/67] Linking CXX executable tests/test_signed_min
[35/67] Linking CXX executable examples/example_06_binary_roundtrip
[36/67] Linking CXX executable examples/example_07_money_ledger
[37/67] Linking CXX executable tests/audit_known
[38/67] Linking CXX executable tests/test_constexpr
[39/67] Linking CXX executable tests/test_floating
[40/67] Linking CXX executable tests/test_mixed
[41/67] Linking CXX executable tests/audit_io
[42/67] Linking CXX executable tests/test_wide
[43/67] Linking CXX executable examples/example_01_quick_start
[44/67] Linking CXX executable tests/test_binary
[45/67] Linking CXX executable tests/audit_portable_div128
[46/67] Linking CXX executable tests/test_no_alloc
[47/67] Linking CXX executable examples/example_03_error_handling
[48/67] Linking CXX executable tests/test_storage
[49/67] Linking CXX executable tests/test_core
[50/67] Linking CXX executable tests/test_overflow
[51/67] Linking CXX executable examples/example_02_rounding_modes
[52/67] Linking CXX executable tests/audit_floating
[53/67] Linking CXX executable tests/test_chars
[54/67] Linking CXX executable examples/example_08_constexpr
[55/67] Linking CXX executable tests/audit_portable_edges
[56/67] Linking CXX executable examples/example_04_mixed_scales
[57/67] Linking CXX executable tests/test_mixed_native
[58/67] Linking CXX executable tests/test_rounding
[59/67] Linking CXX executable tests/audit_text_targeted
[60/67] Building CXX object tests/CMakeFiles/test_format.dir/test_format.cpp.o
[61/67] Linking CXX executable tests/test_format
[62/67] Building CXX object examples/CMakeFiles/example_05_text_io.dir/05_text_io.cpp.o
[63/67] Linking CXX executable examples/example_05_text_io
[64/67] Building CXX object tests/CMakeFiles/audit_mixed.dir/audit_mixed.cpp.o
[65/67] Linking CXX executable tests/audit_mixed
[66/67] Building CXX object tests/CMakeFiles/audit_same_domain.dir/audit_same_domain.cpp.o
[67/67] Linking CXX executable tests/audit_same_domain
Test project /home/shared/ws/fixedwide/build_verify/Linux_x86-64_22.1.8_Release
      Start  1: fixedwide.storage
 1/34 Test  #1: fixedwide.storage ........................   Passed    0.00 sec
      Start  2: fixedwide.wide
 2/34 Test  #2: fixedwide.wide ...........................   Passed    0.00 sec
      Start  3: fixedwide.rounding
 3/34 Test  #3: fixedwide.rounding .......................   Passed    0.00 sec
      Start  4: fixedwide.core
 4/34 Test  #4: fixedwide.core ...........................   Passed    0.00 sec
      Start  5: fixedwide.mixed
 5/34 Test  #5: fixedwide.mixed ..........................   Passed    0.00 sec
      Start  6: fixedwide.chars
 6/34 Test  #6: fixedwide.chars ..........................   Passed    0.00 sec
      Start  7: fixedwide.binary
 7/34 Test  #7: fixedwide.binary .........................   Passed    0.00 sec
      Start  8: fixedwide.floating
 8/34 Test  #8: fixedwide.floating .......................   Passed    0.00 sec
      Start  9: fixedwide.no_alloc
 9/34 Test  #9: fixedwide.no_alloc .......................   Passed    0.00 sec
      Start 10: fixedwide.signed_min
10/34 Test #10: fixedwide.signed_min .....................   Passed    0.00 sec
      Start 11: fixedwide.overflow
11/34 Test #11: fixedwide.overflow .......................   Passed    0.05 sec
      Start 12: fixedwide.constexpr
12/34 Test #12: fixedwide.constexpr ......................   Passed    0.07 sec
      Start 13: fixedwide.mixed_native
13/34 Test #13: fixedwide.mixed_native ...................   Passed    0.05 sec
      Start 14: fixedwide.format
14/34 Test #14: fixedwide.format .........................   Passed    0.00 sec
      Start 15: fixedwide.audit.audit_same_domain
15/34 Test #15: fixedwide.audit.audit_same_domain ........   Passed    0.46 sec
      Start 16: fixedwide.audit.audit_mixed
16/34 Test #16: fixedwide.audit.audit_mixed ..............   Passed    0.65 sec
      Start 17: fixedwide.audit.audit_known
17/34 Test #17: fixedwide.audit.audit_known ..............   Passed    0.00 sec
      Start 18: fixedwide.audit.audit_floating
18/34 Test #18: fixedwide.audit.audit_floating ...........   Passed    0.00 sec
      Start 19: fixedwide.audit.audit_io
19/34 Test #19: fixedwide.audit.audit_io .................   Passed    0.01 sec
      Start 20: fixedwide.audit.audit_text_targeted
20/34 Test #20: fixedwide.audit.audit_text_targeted ......   Passed    0.00 sec
      Start 21: fixedwide.audit.audit_portable_edges
21/34 Test #21: fixedwide.audit.audit_portable_edges .....   Passed    0.00 sec
      Start 22: fixedwide.audit.audit_portable_div128
22/34 Test #22: fixedwide.audit.audit_portable_div128 ....   Passed    0.00 sec
      Start 23: fixedwide.negative.ambiguous_mixed_mul
23/34 Test #23: fixedwide.negative.ambiguous_mixed_mul ...   Passed    0.05 sec
      Start 24: fixedwide.negative.invalid_bits
24/34 Test #24: fixedwide.negative.invalid_bits ..........   Passed    0.03 sec
      Start 25: fixedwide.negative.invalid_scale
25/34 Test #25: fixedwide.negative.invalid_scale .........   Passed    0.03 sec
      Start 26: fixedwide.negative.runtime_scale
26/34 Test #26: fixedwide.negative.runtime_scale .........   Passed    0.03 sec
      Start 27: fixedwide.example.01_quick_start
27/34 Test #27: fixedwide.example.01_quick_start .........   Passed    0.00 sec
      Start 28: fixedwide.example.02_rounding_modes
28/34 Test #28: fixedwide.example.02_rounding_modes ......   Passed    0.00 sec
      Start 29: fixedwide.example.03_error_handling
29/34 Test #29: fixedwide.example.03_error_handling ......   Passed    0.00 sec
      Start 30: fixedwide.example.04_mixed_scales
30/34 Test #30: fixedwide.example.04_mixed_scales ........   Passed    0.00 sec
      Start 31: fixedwide.example.05_text_io
31/34 Test #31: fixedwide.example.05_text_io .............   Passed    0.00 sec
      Start 32: fixedwide.example.06_binary_roundtrip
32/34 Test #32: fixedwide.example.06_binary_roundtrip ....   Passed    0.00 sec
      Start 33: fixedwide.example.07_money_ledger
33/34 Test #33: fixedwide.example.07_money_ledger ........   Passed    0.00 sec
      Start 34: fixedwide.example.08_constexpr
34/34 Test #34: fixedwide.example.08_constexpr ...........   Passed    0.00 sec

100% tests passed out of 34

Total Test time (real) =   1.47 sec
=== Linux x86-64 GCC 16 Release ===
-- The CXX compiler identification is GNU 16.2.1
-- Detecting CXX compiler ABI info
-- Detecting CXX compiler ABI info - done
-- Check for working CXX compiler: /usr/bin/g++ - skipped
-- Detecting CXX compile features
-- Detecting CXX compile features - done
CMake Warning (policy) at tests/CMakeLists.txt:46 (find_package):
  Policy CMP0167 is not set: The FindBoost module is removed.  Run "cmake
  --help-policy CMP0167" for policy details.  Use the cmake_policy command to
  set the policy and suppress this warning.
This warning is for project developers.  Use -Wno-author or -Wno-policy to
suppress it.

-- Configuring done (0.1s)
-- Generating done (0.0s)
-- Build files have been written to: /home/shared/ws/fixedwide/build_verify/Linux_x86-64_GCC_16_Release
[1/67] Building CXX object tests/CMakeFiles/test_overflow.dir/test_overflow.cpp.o
[2/67] Building CXX object tests/CMakeFiles/test_rounding.dir/test_rounding.cpp.o
[3/67] Building CXX object CMakeFiles/fixedwide.dir/src/bigint.cpp.o
[4/67] Building CXX object CMakeFiles/fixedwide.dir/src/integer_chars.cpp.o
[5/67] Building CXX object tests/CMakeFiles/test_wide.dir/test_wide.cpp.o
[6/67] Building CXX object tests/CMakeFiles/audit_portable_div128.dir/audit_portable_div128.cpp.o
[7/67] Building CXX object tests/CMakeFiles/test_storage.dir/test_storage.cpp.o
[8/67] Building CXX object examples/CMakeFiles/example_03_error_handling.dir/03_error_handling.cpp.o
[9/67] Building CXX object tests/CMakeFiles/audit_portable_edges.dir/audit_portable_edges.cpp.o
[10/67] Building CXX object tests/CMakeFiles/audit_known.dir/audit_known.cpp.o
[11/67] Building CXX object tests/CMakeFiles/test_no_alloc.dir/test_no_alloc.cpp.o
[12/67] Building CXX object tests/CMakeFiles/audit_floating.dir/audit_floating.cpp.o
[13/67] Building CXX object tests/CMakeFiles/audit_text_targeted.dir/audit_text_targeted.cpp.o
[14/67] Building CXX object tests/CMakeFiles/test_floating.dir/test_floating.cpp.o
[15/67] Building CXX object tests/CMakeFiles/test_chars.dir/test_chars.cpp.o
[16/67] Building CXX object examples/CMakeFiles/example_01_quick_start.dir/01_quick_start.cpp.o
[17/67] Building CXX object tests/CMakeFiles/test_binary.dir/test_binary.cpp.o
[18/67] Building CXX object tests/CMakeFiles/test_signed_min.dir/test_signed_min.cpp.o
[19/67] Building CXX object examples/CMakeFiles/example_06_binary_roundtrip.dir/06_binary_roundtrip.cpp.o
[20/67] Building CXX object CMakeFiles/fixedwide.dir/src/chars.cpp.o
[21/67] Building CXX object examples/CMakeFiles/example_02_rounding_modes.dir/02_rounding_modes.cpp.o
[22/67] Building CXX object CMakeFiles/fixedwide.dir/src/floating.cpp.o
[23/67] Building CXX object tests/CMakeFiles/test_mixed_native.dir/test_mixed_native.cpp.o
[24/67] Building CXX object examples/CMakeFiles/example_04_mixed_scales.dir/04_mixed_scales.cpp.o
[25/67] Building CXX object tests/CMakeFiles/test_mixed.dir/test_mixed.cpp.o
[26/67] Building CXX object tests/CMakeFiles/test_core.dir/test_core.cpp.o
[27/67] Building CXX object examples/CMakeFiles/example_08_constexpr.dir/08_constexpr.cpp.o
[28/67] Building CXX object examples/CMakeFiles/example_07_money_ledger.dir/07_money_ledger.cpp.o
[29/67] Building CXX object tests/CMakeFiles/audit_io.dir/audit_io.cpp.o
[30/67] Building CXX object CMakeFiles/fixedwide.dir/src/mixed.cpp.o
[31/67] Building CXX object tests/CMakeFiles/test_constexpr.dir/test_constexpr.cpp.o
[32/67] Building CXX object CMakeFiles/fixedwide.dir/src/arithmetic.cpp.o
In file included from /home/shared/ws/fixedwide/src/arithmetic.cpp:1:
/home/shared/ws/fixedwide/include/fixedwide/arithmetic.hpp: In function ‘constexpr std::expected<fixedwide::basic_fixed<Bits, Decimals>, fixedwide::ArithmeticError> fixedwide::abs(basic_fixed<Bits, Decimals>)’:
/home/shared/ws/fixedwide/include/fixedwide/arithmetic.hpp:420:11: warning: typedef ‘using Fixed = struct fixedwide::basic_fixed<Bits, Decimals>’ locally defined but not used [-Wunused-local-typedefs]
  420 |     using Fixed = basic_fixed<Bits, D>;
      |           ^~~~~
/home/shared/ws/fixedwide/src/arithmetic.cpp: At global scope:
/home/shared/ws/fixedwide/src/arithmetic.cpp:246:1: warning: ‘std::expected<__int128, fixedwide::ArithmeticError> fixedwide::detail::{anonymous}::divide_signed_general_n(fixedwide::detail::nat::i128, fixedwide::detail::nat::i128, fixedwide::Rounding)’ defined but not used [-Wunused-function]
  246 | divide_signed_general_n(i128 numerator, i128 divisor, Rounding rounding) noexcept {
      | ^~~~~~~~~~~~~~~~~~~~~~~
[33/67] Linking CXX static library libfixedwide.a
[34/67] Linking CXX executable examples/example_07_money_ledger
[35/67] Linking CXX executable examples/example_01_quick_start
[36/67] Linking CXX executable tests/test_mixed
[37/67] Linking CXX executable tests/audit_floating
[38/67] Linking CXX executable tests/test_mixed_native
[39/67] Linking CXX executable tests/audit_known
[40/67] Linking CXX executable examples/example_06_binary_roundtrip
[41/67] Linking CXX executable tests/test_chars
[42/67] Linking CXX executable tests/test_rounding
[43/67] Linking CXX executable examples/example_04_mixed_scales
[44/67] Linking CXX executable tests/audit_portable_div128
[45/67] Linking CXX executable tests/test_overflow
[46/67] Linking CXX executable tests/test_constexpr
[47/67] Linking CXX executable examples/example_08_constexpr
[48/67] Linking CXX executable examples/example_02_rounding_modes
[49/67] Linking CXX executable examples/example_03_error_handling
[50/67] Building CXX object examples/CMakeFiles/example_05_text_io.dir/05_text_io.cpp.o
[51/67] Linking CXX executable tests/audit_io
[52/67] Linking CXX executable tests/test_binary
[53/67] Linking CXX executable tests/test_storage
[54/67] Linking CXX executable tests/audit_text_targeted
[55/67] Linking CXX executable tests/test_no_alloc
[56/67] Linking CXX executable tests/test_wide
[57/67] Linking CXX executable tests/test_signed_min
[58/67] Linking CXX executable tests/audit_portable_edges
[59/67] Linking CXX executable tests/test_floating
[60/67] Linking CXX executable tests/test_core
[61/67] Linking CXX executable examples/example_05_text_io
[62/67] Building CXX object tests/CMakeFiles/test_format.dir/test_format.cpp.o
[63/67] Linking CXX executable tests/test_format
[64/67] Building CXX object tests/CMakeFiles/audit_mixed.dir/audit_mixed.cpp.o
[65/67] Linking CXX executable tests/audit_mixed
[66/67] Building CXX object tests/CMakeFiles/audit_same_domain.dir/audit_same_domain.cpp.o
[67/67] Linking CXX executable tests/audit_same_domain
Test project /home/shared/ws/fixedwide/build_verify/Linux_x86-64_GCC_16_Release
      Start  1: fixedwide.storage
 1/34 Test  #1: fixedwide.storage ........................   Passed    0.00 sec
      Start  2: fixedwide.wide
 2/34 Test  #2: fixedwide.wide ...........................   Passed    0.00 sec
      Start  3: fixedwide.rounding
 3/34 Test  #3: fixedwide.rounding .......................   Passed    0.00 sec
      Start  4: fixedwide.core
 4/34 Test  #4: fixedwide.core ...........................   Passed    0.00 sec
      Start  5: fixedwide.mixed
 5/34 Test  #5: fixedwide.mixed ..........................   Passed    0.00 sec
      Start  6: fixedwide.chars
 6/34 Test  #6: fixedwide.chars ..........................   Passed    0.00 sec
      Start  7: fixedwide.binary
 7/34 Test  #7: fixedwide.binary .........................   Passed    0.00 sec
      Start  8: fixedwide.floating
 8/34 Test  #8: fixedwide.floating .......................   Passed    0.00 sec
      Start  9: fixedwide.no_alloc
 9/34 Test  #9: fixedwide.no_alloc .......................   Passed    0.00 sec
      Start 10: fixedwide.signed_min
10/34 Test #10: fixedwide.signed_min .....................   Passed    0.00 sec
      Start 11: fixedwide.overflow
11/34 Test #11: fixedwide.overflow .......................   Passed    0.06 sec
      Start 12: fixedwide.constexpr
12/34 Test #12: fixedwide.constexpr ......................   Passed    0.05 sec
      Start 13: fixedwide.mixed_native
13/34 Test #13: fixedwide.mixed_native ...................   Passed    0.05 sec
      Start 14: fixedwide.format
14/34 Test #14: fixedwide.format .........................   Passed    0.00 sec
      Start 15: fixedwide.audit.audit_same_domain
15/34 Test #15: fixedwide.audit.audit_same_domain ........   Passed    0.45 sec
      Start 16: fixedwide.audit.audit_mixed
16/34 Test #16: fixedwide.audit.audit_mixed ..............   Passed    0.55 sec
      Start 17: fixedwide.audit.audit_known
17/34 Test #17: fixedwide.audit.audit_known ..............   Passed    0.00 sec
      Start 18: fixedwide.audit.audit_floating
18/34 Test #18: fixedwide.audit.audit_floating ...........   Passed    0.00 sec
      Start 19: fixedwide.audit.audit_io
19/34 Test #19: fixedwide.audit.audit_io .................   Passed    0.01 sec
      Start 20: fixedwide.audit.audit_text_targeted
20/34 Test #20: fixedwide.audit.audit_text_targeted ......   Passed    0.00 sec
      Start 21: fixedwide.audit.audit_portable_edges
21/34 Test #21: fixedwide.audit.audit_portable_edges .....   Passed    0.00 sec
      Start 22: fixedwide.audit.audit_portable_div128
22/34 Test #22: fixedwide.audit.audit_portable_div128 ....   Passed    0.00 sec
      Start 23: fixedwide.negative.ambiguous_mixed_mul
23/34 Test #23: fixedwide.negative.ambiguous_mixed_mul ...   Passed    0.04 sec
      Start 24: fixedwide.negative.invalid_bits
24/34 Test #24: fixedwide.negative.invalid_bits ..........   Passed    0.03 sec
      Start 25: fixedwide.negative.invalid_scale
25/34 Test #25: fixedwide.negative.invalid_scale .........   Passed    0.03 sec
      Start 26: fixedwide.negative.runtime_scale
26/34 Test #26: fixedwide.negative.runtime_scale .........   Passed    0.03 sec
      Start 27: fixedwide.example.01_quick_start
27/34 Test #27: fixedwide.example.01_quick_start .........   Passed    0.00 sec
      Start 28: fixedwide.example.02_rounding_modes
28/34 Test #28: fixedwide.example.02_rounding_modes ......   Passed    0.00 sec
      Start 29: fixedwide.example.03_error_handling
29/34 Test #29: fixedwide.example.03_error_handling ......   Passed    0.00 sec
      Start 30: fixedwide.example.04_mixed_scales
30/34 Test #30: fixedwide.example.04_mixed_scales ........   Passed    0.00 sec
      Start 31: fixedwide.example.05_text_io
31/34 Test #31: fixedwide.example.05_text_io .............   Passed    0.00 sec
      Start 32: fixedwide.example.06_binary_roundtrip
32/34 Test #32: fixedwide.example.06_binary_roundtrip ....   Passed    0.00 sec
      Start 33: fixedwide.example.07_money_ledger
33/34 Test #33: fixedwide.example.07_money_ledger ........   Passed    0.00 sec
      Start 34: fixedwide.example.08_constexpr
34/34 Test #34: fixedwide.example.08_constexpr ...........   Passed    0.00 sec

100% tests passed out of 34

Total Test time (real) =   1.32 sec
=== Linux x86-64 Clang forced portable ===
-- The CXX compiler identification is Clang 22.1.8
-- Detecting CXX compiler ABI info
-- Detecting CXX compiler ABI info - done
-- Check for working CXX compiler: /usr/bin/clang++ - skipped
-- Detecting CXX compile features
-- Detecting CXX compile features - done
CMake Warning (policy) at tests/CMakeLists.txt:46 (find_package):
  Policy CMP0167 is not set: The FindBoost module is removed.  Run "cmake
  --help-policy CMP0167" for policy details.  Use the cmake_policy command to
  set the policy and suppress this warning.
This warning is for project developers.  Use -Wno-author or -Wno-policy to
suppress it.

-- Configuring done (0.1s)
-- Generating done (0.0s)
-- Build files have been written to: /home/shared/ws/fixedwide/build_verify/Linux_x86-64_Clang_forced_portable
[1/67] Building CXX object tests/CMakeFiles/test_overflow.dir/test_overflow.cpp.o
[2/67] Building CXX object tests/CMakeFiles/test_rounding.dir/test_rounding.cpp.o
[3/67] Building CXX object CMakeFiles/fixedwide.dir/src/bigint.cpp.o
In file included from /home/shared/ws/fixedwide/src/bigint.cpp:3:
/home/shared/ws/fixedwide/src/detail.hpp:324:39: warning: implicit conversion changes signedness: 'int' to 'unsigned int' [-Wsign-conversion]
  324 |     wide::uint128 norm_d = divisor << shift;
      |                                    ~~ ^~~~~
/home/shared/ws/fixedwide/src/detail.hpp:325:41: warning: implicit conversion changes signedness: 'int' to 'unsigned int' [-Wsign-conversion]
  325 |     wide::uint128 norm_n = numerator << shift;
      |                                      ~~ ^~~~~
/home/shared/ws/fixedwide/src/detail.hpp:310:97: warning: unused parameter 'need_remainder' [-Wunused-parameter]
  310 | [[nodiscard]] inline Quotient128 divide128(wide::uint128 numerator, wide::uint128 divisor, bool need_remainder = true) noexcept {
      |                                                                                                 ^
In file included from /home/shared/ws/fixedwide/src/bigint.cpp:4:
/home/shared/ws/fixedwide/src/limbs.hpp:302:22: warning: implicit conversion changes signedness: 'int' to 'unsigned int' [-Wsign-conversion]
  302 |     unsigned shift = std::countl_zero(den.limbs[n - 1]);
      |              ~~~~~   ^~~~~~~~~~~~~~~~~~~~~~~~~~~~~~~~~~
/home/shared/ws/fixedwide/src/bigint.cpp:16:24: note: in instantiation of function template specialization 'fixedwide::detail::divmod_knuth<4UL, 2UL>' requested here
   16 |     auto res = detail::divmod_knuth(num, den);
      |                        ^
In file included from /home/shared/ws/fixedwide/src/bigint.cpp:4:
/home/shared/ws/fixedwide/src/limbs.hpp:330:33: warning: implicit conversion changes signedness: 'int' to 'std::size_t' (aka 'unsigned long') [-Wsign-conversion]
  330 |         std::uint64_t u_top = u[j + n];
      |                                 ^ ~
/home/shared/ws/fixedwide/src/limbs.hpp:331:34: warning: implicit conversion changes signedness: 'int' to 'std::size_t' (aka 'unsigned long') [-Wsign-conversion]
  331 |         std::uint64_t u_next = u[j + n - 1];
      |                                  ^ ~
/home/shared/ws/fixedwide/src/limbs.hpp:332:35: warning: implicit conversion changes signedness: 'int' to 'std::size_t' (aka 'unsigned long') [-Wsign-conversion]
  332 |         std::uint64_t u_next2 = u[j + n - 2];
      |                                   ^ ~
/home/shared/ws/fixedwide/src/limbs.hpp:361:19: warning: implicit conversion changes signedness: 'int' to 'std::size_t' (aka 'unsigned long') [-Wsign-conversion]
  361 |             if (u[j + i] < sub) ++borrow;
      |                   ^ ~
/home/shared/ws/fixedwide/src/limbs.hpp:362:15: warning: implicit conversion changes signedness: 'int' to 'std::size_t' (aka 'unsigned long') [-Wsign-conversion]
  362 |             u[j + i] -= sub;
      |               ^ ~
/home/shared/ws/fixedwide/src/limbs.hpp:364:15: warning: implicit conversion changes signedness: 'int' to 'std::size_t' (aka 'unsigned long') [-Wsign-conversion]
  364 |         if (u[j + n] < borrow) {
      |               ^ ~
/home/shared/ws/fixedwide/src/limbs.hpp:369:39: warning: implicit conversion changes signedness: 'int' to 'std::size_t' (aka 'unsigned long') [-Wsign-conversion]
  369 |                 std::uint64_t sum = u[j + i] + v[i] + add_carry;
      |                                       ^ ~
/home/shared/ws/fixedwide/src/limbs.hpp:370:72: warning: implicit conversion changes signedness: 'int' to 'std::size_t' (aka 'unsigned long') [-Wsign-conversion]
  370 |                 add_carry = (sum < u[j + i]) || (add_carry && sum == u[j + i]) ? 1 : 0;
      |                                                                        ^ ~
/home/shared/ws/fixedwide/src/limbs.hpp:370:38: warning: implicit conversion changes signedness: 'int' to 'std::size_t' (aka 'unsigned long') [-Wsign-conversion]
  370 |                 add_carry = (sum < u[j + i]) || (add_carry && sum == u[j + i]) ? 1 : 0;
      |                                      ^ ~
/home/shared/ws/fixedwide/src/limbs.hpp:371:19: warning: implicit conversion changes signedness: 'int' to 'std::size_t' (aka 'unsigned long') [-Wsign-conversion]
  371 |                 u[j + i] = sum;
      |                   ^ ~
/home/shared/ws/fixedwide/src/limbs.hpp:373:15: warning: implicit conversion changes signedness: 'int' to 'std::size_t' (aka 'unsigned long') [-Wsign-conversion]
  373 |             u[j + n] = 0;
      |               ^ ~
/home/shared/ws/fixedwide/src/limbs.hpp:375:15: warning: implicit conversion changes signedness: 'int' to 'std::size_t' (aka 'unsigned long') [-Wsign-conversion]
  375 |             u[j + n] -= borrow;
      |               ^ ~
16 warnings generated.
[4/67] Building CXX object CMakeFiles/fixedwide.dir/src/mixed.cpp.o
In file included from /home/shared/ws/fixedwide/src/mixed.cpp:2:
/home/shared/ws/fixedwide/src/detail.hpp:324:39: warning: implicit conversion changes signedness: 'int' to 'unsigned int' [-Wsign-conversion]
  324 |     wide::uint128 norm_d = divisor << shift;
      |                                    ~~ ^~~~~
/home/shared/ws/fixedwide/src/detail.hpp:325:41: warning: implicit conversion changes signedness: 'int' to 'unsigned int' [-Wsign-conversion]
  325 |     wide::uint128 norm_n = numerator << shift;
      |                                      ~~ ^~~~~
/home/shared/ws/fixedwide/src/detail.hpp:310:97: warning: unused parameter 'need_remainder' [-Wunused-parameter]
  310 | [[nodiscard]] inline Quotient128 divide128(wide::uint128 numerator, wide::uint128 divisor, bool need_remainder = true) noexcept {
      |                                                                                                 ^
In file included from /home/shared/ws/fixedwide/src/mixed.cpp:3:
/home/shared/ws/fixedwide/src/limbs.hpp:302:22: warning: implicit conversion changes signedness: 'int' to 'unsigned int' [-Wsign-conversion]
  302 |     unsigned shift = std::countl_zero(den.limbs[n - 1]);
      |              ~~~~~   ^~~~~~~~~~~~~~~~~~~~~~~~~~~~~~~~~~
/home/shared/ws/fixedwide/src/mixed.cpp:28:19: note: in instantiation of function template specialization 'fixedwide::detail::divmod_knuth<16UL, 16UL>' requested here
   28 |     auto divres = divmod_knuth(num, den);
      |                   ^
In file included from /home/shared/ws/fixedwide/src/mixed.cpp:3:
/home/shared/ws/fixedwide/src/limbs.hpp:330:33: warning: implicit conversion changes signedness: 'int' to 'std::size_t' (aka 'unsigned long') [-Wsign-conversion]
  330 |         std::uint64_t u_top = u[j + n];
      |                                 ^ ~
/home/shared/ws/fixedwide/src/limbs.hpp:331:34: warning: implicit conversion changes signedness: 'int' to 'std::size_t' (aka 'unsigned long') [-Wsign-conversion]
  331 |         std::uint64_t u_next = u[j + n - 1];
      |                                  ^ ~
/home/shared/ws/fixedwide/src/limbs.hpp:332:35: warning: implicit conversion changes signedness: 'int' to 'std::size_t' (aka 'unsigned long') [-Wsign-conversion]
  332 |         std::uint64_t u_next2 = u[j + n - 2];
      |                                   ^ ~
/home/shared/ws/fixedwide/src/limbs.hpp:361:19: warning: implicit conversion changes signedness: 'int' to 'std::size_t' (aka 'unsigned long') [-Wsign-conversion]
  361 |             if (u[j + i] < sub) ++borrow;
      |                   ^ ~
/home/shared/ws/fixedwide/src/limbs.hpp:362:15: warning: implicit conversion changes signedness: 'int' to 'std::size_t' (aka 'unsigned long') [-Wsign-conversion]
  362 |             u[j + i] -= sub;
      |               ^ ~
/home/shared/ws/fixedwide/src/limbs.hpp:364:15: warning: implicit conversion changes signedness: 'int' to 'std::size_t' (aka 'unsigned long') [-Wsign-conversion]
  364 |         if (u[j + n] < borrow) {
      |               ^ ~
/home/shared/ws/fixedwide/src/limbs.hpp:369:39: warning: implicit conversion changes signedness: 'int' to 'std::size_t' (aka 'unsigned long') [-Wsign-conversion]
  369 |                 std::uint64_t sum = u[j + i] + v[i] + add_carry;
      |                                       ^ ~
/home/shared/ws/fixedwide/src/limbs.hpp:370:72: warning: implicit conversion changes signedness: 'int' to 'std::size_t' (aka 'unsigned long') [-Wsign-conversion]
  370 |                 add_carry = (sum < u[j + i]) || (add_carry && sum == u[j + i]) ? 1 : 0;
      |                                                                        ^ ~
/home/shared/ws/fixedwide/src/limbs.hpp:370:38: warning: implicit conversion changes signedness: 'int' to 'std::size_t' (aka 'unsigned long') [-Wsign-conversion]
  370 |                 add_carry = (sum < u[j + i]) || (add_carry && sum == u[j + i]) ? 1 : 0;
      |                                      ^ ~
/home/shared/ws/fixedwide/src/limbs.hpp:371:19: warning: implicit conversion changes signedness: 'int' to 'std::size_t' (aka 'unsigned long') [-Wsign-conversion]
  371 |                 u[j + i] = sum;
      |                   ^ ~
/home/shared/ws/fixedwide/src/limbs.hpp:373:15: warning: implicit conversion changes signedness: 'int' to 'std::size_t' (aka 'unsigned long') [-Wsign-conversion]
  373 |             u[j + n] = 0;
      |               ^ ~
/home/shared/ws/fixedwide/src/limbs.hpp:375:15: warning: implicit conversion changes signedness: 'int' to 'std::size_t' (aka 'unsigned long') [-Wsign-conversion]
  375 |             u[j + n] -= borrow;
      |               ^ ~
16 warnings generated.
[5/67] Building CXX object CMakeFiles/fixedwide.dir/src/integer_chars.cpp.o
In file included from /home/shared/ws/fixedwide/src/integer_chars.cpp:2:
/home/shared/ws/fixedwide/src/detail.hpp:324:39: warning: implicit conversion changes signedness: 'int' to 'unsigned int' [-Wsign-conversion]
  324 |     wide::uint128 norm_d = divisor << shift;
      |                                    ~~ ^~~~~
/home/shared/ws/fixedwide/src/detail.hpp:325:41: warning: implicit conversion changes signedness: 'int' to 'unsigned int' [-Wsign-conversion]
  325 |     wide::uint128 norm_n = numerator << shift;
      |                                      ~~ ^~~~~
/home/shared/ws/fixedwide/src/detail.hpp:310:97: warning: unused parameter 'need_remainder' [-Wunused-parameter]
  310 | [[nodiscard]] inline Quotient128 divide128(wide::uint128 numerator, wide::uint128 divisor, bool need_remainder = true) noexcept {
      |                                                                                                 ^
3 warnings generated.
[6/67] Building CXX object CMakeFiles/fixedwide.dir/src/floating.cpp.o
In file included from /home/shared/ws/fixedwide/src/floating.cpp:2:
/home/shared/ws/fixedwide/src/detail.hpp:324:39: warning: implicit conversion changes signedness: 'int' to 'unsigned int' [-Wsign-conversion]
  324 |     wide::uint128 norm_d = divisor << shift;
      |                                    ~~ ^~~~~
/home/shared/ws/fixedwide/src/detail.hpp:325:41: warning: implicit conversion changes signedness: 'int' to 'unsigned int' [-Wsign-conversion]
  325 |     wide::uint128 norm_n = numerator << shift;
      |                                      ~~ ^~~~~
/home/shared/ws/fixedwide/src/detail.hpp:310:97: warning: unused parameter 'need_remainder' [-Wunused-parameter]
  310 | [[nodiscard]] inline Quotient128 divide128(wide::uint128 numerator, wide::uint128 divisor, bool need_remainder = true) noexcept {
      |                                                                                                 ^
In file included from /home/shared/ws/fixedwide/src/floating.cpp:3:
/home/shared/ws/fixedwide/src/limbs.hpp:302:22: warning: implicit conversion changes signedness: 'int' to 'unsigned int' [-Wsign-conversion]
  302 |     unsigned shift = std::countl_zero(den.limbs[n - 1]);
      |              ~~~~~   ^~~~~~~~~~~~~~~~~~~~~~~~~~~~~~~~~~
/home/shared/ws/fixedwide/src/floating.cpp:62:19: note: in instantiation of function template specialization 'fixedwide::detail::divmod_knuth<16UL, 16UL>' requested here
   62 |     auto divres = divmod_knuth(num, den);
      |                   ^
/home/shared/ws/fixedwide/src/floating.cpp:99:12: note: in instantiation of function template specialization 'fixedwide::detail::(anonymous namespace)::float_to_raw<float>' requested here
   99 |     return float_to_raw(value, decimals, rounding, bits);
      |            ^
In file included from /home/shared/ws/fixedwide/src/floating.cpp:3:
/home/shared/ws/fixedwide/src/limbs.hpp:330:33: warning: implicit conversion changes signedness: 'int' to 'std::size_t' (aka 'unsigned long') [-Wsign-conversion]
  330 |         std::uint64_t u_top = u[j + n];
      |                                 ^ ~
/home/shared/ws/fixedwide/src/limbs.hpp:331:34: warning: implicit conversion changes signedness: 'int' to 'std::size_t' (aka 'unsigned long') [-Wsign-conversion]
  331 |         std::uint64_t u_next = u[j + n - 1];
      |                                  ^ ~
/home/shared/ws/fixedwide/src/limbs.hpp:332:35: warning: implicit conversion changes signedness: 'int' to 'std::size_t' (aka 'unsigned long') [-Wsign-conversion]
  332 |         std::uint64_t u_next2 = u[j + n - 2];
      |                                   ^ ~
/home/shared/ws/fixedwide/src/limbs.hpp:361:19: warning: implicit conversion changes signedness: 'int' to 'std::size_t' (aka 'unsigned long') [-Wsign-conversion]
  361 |             if (u[j + i] < sub) ++borrow;
      |                   ^ ~
/home/shared/ws/fixedwide/src/limbs.hpp:362:15: warning: implicit conversion changes signedness: 'int' to 'std::size_t' (aka 'unsigned long') [-Wsign-conversion]
  362 |             u[j + i] -= sub;
      |               ^ ~
/home/shared/ws/fixedwide/src/limbs.hpp:364:15: warning: implicit conversion changes signedness: 'int' to 'std::size_t' (aka 'unsigned long') [-Wsign-conversion]
  364 |         if (u[j + n] < borrow) {
      |               ^ ~
/home/shared/ws/fixedwide/src/limbs.hpp:369:39: warning: implicit conversion changes signedness: 'int' to 'std::size_t' (aka 'unsigned long') [-Wsign-conversion]
  369 |                 std::uint64_t sum = u[j + i] + v[i] + add_carry;
      |                                       ^ ~
/home/shared/ws/fixedwide/src/limbs.hpp:370:72: warning: implicit conversion changes signedness: 'int' to 'std::size_t' (aka 'unsigned long') [-Wsign-conversion]
  370 |                 add_carry = (sum < u[j + i]) || (add_carry && sum == u[j + i]) ? 1 : 0;
      |                                                                        ^ ~
/home/shared/ws/fixedwide/src/limbs.hpp:370:38: warning: implicit conversion changes signedness: 'int' to 'std::size_t' (aka 'unsigned long') [-Wsign-conversion]
  370 |                 add_carry = (sum < u[j + i]) || (add_carry && sum == u[j + i]) ? 1 : 0;
      |                                      ^ ~
/home/shared/ws/fixedwide/src/limbs.hpp:371:19: warning: implicit conversion changes signedness: 'int' to 'std::size_t' (aka 'unsigned long') [-Wsign-conversion]
  371 |                 u[j + i] = sum;
      |                   ^ ~
/home/shared/ws/fixedwide/src/limbs.hpp:373:15: warning: implicit conversion changes signedness: 'int' to 'std::size_t' (aka 'unsigned long') [-Wsign-conversion]
  373 |             u[j + n] = 0;
      |               ^ ~
/home/shared/ws/fixedwide/src/limbs.hpp:375:15: warning: implicit conversion changes signedness: 'int' to 'std::size_t' (aka 'unsigned long') [-Wsign-conversion]
  375 |             u[j + n] -= borrow;
      |               ^ ~
16 warnings generated.
[7/67] Building CXX object tests/CMakeFiles/test_wide.dir/test_wide.cpp.o
[8/67] Building CXX object CMakeFiles/fixedwide.dir/src/chars.cpp.o
In file included from /home/shared/ws/fixedwide/src/chars.cpp:2:
/home/shared/ws/fixedwide/src/detail.hpp:324:39: warning: implicit conversion changes signedness: 'int' to 'unsigned int' [-Wsign-conversion]
  324 |     wide::uint128 norm_d = divisor << shift;
      |                                    ~~ ^~~~~
/home/shared/ws/fixedwide/src/detail.hpp:325:41: warning: implicit conversion changes signedness: 'int' to 'unsigned int' [-Wsign-conversion]
  325 |     wide::uint128 norm_n = numerator << shift;
      |                                      ~~ ^~~~~
/home/shared/ws/fixedwide/src/detail.hpp:310:97: warning: unused parameter 'need_remainder' [-Wunused-parameter]
  310 | [[nodiscard]] inline Quotient128 divide128(wide::uint128 numerator, wide::uint128 divisor, bool need_remainder = true) noexcept {
      |                                                                                                 ^
/home/shared/ws/fixedwide/src/chars.cpp:174:23: warning: unused variable 'lim_lo' [-Wunused-variable]
  174 |         std::uint64_t lim_lo = lim256.limbs[0];
      |                       ^~~~~~
/home/shared/ws/fixedwide/src/chars.cpp:175:23: warning: unused variable 'lim_hi' [-Wunused-variable]
  175 |         std::uint64_t lim_hi = lim256.limbs[1];
      |                       ^~~~~~
In file included from /home/shared/ws/fixedwide/src/chars.cpp:3:
/home/shared/ws/fixedwide/src/limbs.hpp:302:22: warning: implicit conversion changes signedness: 'int' to 'unsigned int' [-Wsign-conversion]
  302 |     unsigned shift = std::countl_zero(den.limbs[n - 1]);
      |              ~~~~~   ^~~~~~~~~~~~~~~~~~~~~~~~~~~~~~~~~~
/home/shared/ws/fixedwide/src/chars.cpp:455:19: note: in instantiation of function template specialization 'fixedwide::detail::divmod_knuth<4UL, 4UL>' requested here
  455 |     auto divres = divmod_knuth(vmag, divisor);
      |                   ^
In file included from /home/shared/ws/fixedwide/src/chars.cpp:3:
/home/shared/ws/fixedwide/src/limbs.hpp:330:33: warning: implicit conversion changes signedness: 'int' to 'std::size_t' (aka 'unsigned long') [-Wsign-conversion]
  330 |         std::uint64_t u_top = u[j + n];
      |                                 ^ ~
/home/shared/ws/fixedwide/src/limbs.hpp:331:34: warning: implicit conversion changes signedness: 'int' to 'std::size_t' (aka 'unsigned long') [-Wsign-conversion]
  331 |         std::uint64_t u_next = u[j + n - 1];
      |                                  ^ ~
/home/shared/ws/fixedwide/src/limbs.hpp:332:35: warning: implicit conversion changes signedness: 'int' to 'std::size_t' (aka 'unsigned long') [-Wsign-conversion]
  332 |         std::uint64_t u_next2 = u[j + n - 2];
      |                                   ^ ~
/home/shared/ws/fixedwide/src/limbs.hpp:361:19: warning: implicit conversion changes signedness: 'int' to 'std::size_t' (aka 'unsigned long') [-Wsign-conversion]
  361 |             if (u[j + i] < sub) ++borrow;
      |                   ^ ~
/home/shared/ws/fixedwide/src/limbs.hpp:362:15: warning: implicit conversion changes signedness: 'int' to 'std::size_t' (aka 'unsigned long') [-Wsign-conversion]
  362 |             u[j + i] -= sub;
      |               ^ ~
/home/shared/ws/fixedwide/src/limbs.hpp:364:15: warning: implicit conversion changes signedness: 'int' to 'std::size_t' (aka 'unsigned long') [-Wsign-conversion]
  364 |         if (u[j + n] < borrow) {
      |               ^ ~
/home/shared/ws/fixedwide/src/limbs.hpp:369:39: warning: implicit conversion changes signedness: 'int' to 'std::size_t' (aka 'unsigned long') [-Wsign-conversion]
  369 |                 std::uint64_t sum = u[j + i] + v[i] + add_carry;
      |                                       ^ ~
/home/shared/ws/fixedwide/src/limbs.hpp:370:72: warning: implicit conversion changes signedness: 'int' to 'std::size_t' (aka 'unsigned long') [-Wsign-conversion]
  370 |                 add_carry = (sum < u[j + i]) || (add_carry && sum == u[j + i]) ? 1 : 0;
      |                                                                        ^ ~
/home/shared/ws/fixedwide/src/limbs.hpp:370:38: warning: implicit conversion changes signedness: 'int' to 'std::size_t' (aka 'unsigned long') [-Wsign-conversion]
  370 |                 add_carry = (sum < u[j + i]) || (add_carry && sum == u[j + i]) ? 1 : 0;
      |                                      ^ ~
/home/shared/ws/fixedwide/src/limbs.hpp:371:19: warning: implicit conversion changes signedness: 'int' to 'std::size_t' (aka 'unsigned long') [-Wsign-conversion]
  371 |                 u[j + i] = sum;
      |                   ^ ~
/home/shared/ws/fixedwide/src/limbs.hpp:373:15: warning: implicit conversion changes signedness: 'int' to 'std::size_t' (aka 'unsigned long') [-Wsign-conversion]
  373 |             u[j + n] = 0;
      |               ^ ~
/home/shared/ws/fixedwide/src/limbs.hpp:375:15: warning: implicit conversion changes signedness: 'int' to 'std::size_t' (aka 'unsigned long') [-Wsign-conversion]
  375 |             u[j + n] -= borrow;
      |               ^ ~
18 warnings generated.
[9/67] Building CXX object tests/CMakeFiles/test_mixed_native.dir/test_mixed_native.cpp.o
[10/67] Building CXX object tests/CMakeFiles/test_storage.dir/test_storage.cpp.o
[11/67] Building CXX object tests/CMakeFiles/audit_portable_edges.dir/audit_portable_edges.cpp.o
[12/67] Building CXX object tests/CMakeFiles/audit_portable_div128.dir/audit_portable_div128.cpp.o
[13/67] Building CXX object tests/CMakeFiles/test_constexpr.dir/test_constexpr.cpp.o
[14/67] Building CXX object examples/CMakeFiles/example_01_quick_start.dir/01_quick_start.cpp.o
[15/67] Building CXX object CMakeFiles/fixedwide.dir/src/arithmetic.cpp.o
In file included from /home/shared/ws/fixedwide/src/arithmetic.cpp:1:
/home/shared/ws/fixedwide/include/fixedwide/arithmetic.hpp:203:39: warning: implicit conversion changes signedness: 'unsigned long long' to 'std::int64_t' (aka 'long') [-Wsign-conversion]
  203 |                 std::int64_t s = 0ULL - u;
      |                              ~   ~~~~~^~~
/home/shared/ws/fixedwide/include/fixedwide/arithmetic.hpp:238:39: warning: implicit conversion changes signedness: 'unsigned long long' to 'std::int64_t' (aka 'long') [-Wsign-conversion]
  238 |                 std::int64_t s = 0ULL - u;
      |                              ~   ~~~~~^~~
In file included from /home/shared/ws/fixedwide/src/arithmetic.cpp:3:
/home/shared/ws/fixedwide/src/detail.hpp:324:39: warning: implicit conversion changes signedness: 'int' to 'unsigned int' [-Wsign-conversion]
  324 |     wide::uint128 norm_d = divisor << shift;
      |                                    ~~ ^~~~~
/home/shared/ws/fixedwide/src/detail.hpp:325:41: warning: implicit conversion changes signedness: 'int' to 'unsigned int' [-Wsign-conversion]
  325 |     wide::uint128 norm_n = numerator << shift;
      |                                      ~~ ^~~~~
/home/shared/ws/fixedwide/src/detail.hpp:310:97: warning: unused parameter 'need_remainder' [-Wunused-parameter]
  310 | [[nodiscard]] inline Quotient128 divide128(wide::uint128 numerator, wide::uint128 divisor, bool need_remainder = true) noexcept {
      |                                                                                                 ^
In file included from /home/shared/ws/fixedwide/src/arithmetic.cpp:5:
/home/shared/ws/fixedwide/src/limbs.hpp:302:22: warning: implicit conversion changes signedness: 'int' to 'unsigned int' [-Wsign-conversion]
  302 |     unsigned shift = std::countl_zero(den.limbs[n - 1]);
      |              ~~~~~   ^~~~~~~~~~~~~~~~~~~~~~~~~~~~~~~~~~
/home/shared/ws/fixedwide/src/arithmetic.cpp:867:26: note: in instantiation of function template specialization 'fixedwide::detail::divmod_knuth<8UL, 4UL>' requested here
  867 |     const auto general = divmod_knuth(numerator, divisor);
      |                          ^
/home/shared/ws/fixedwide/src/arithmetic.cpp:885:25: note: in instantiation of function template specialization 'fixedwide::detail::divide_wide<8UL>' requested here
  885 |     const auto divres = divide_wide(prod, s);
      |                         ^
In file included from /home/shared/ws/fixedwide/src/arithmetic.cpp:5:
/home/shared/ws/fixedwide/src/limbs.hpp:330:33: warning: implicit conversion changes signedness: 'int' to 'std::size_t' (aka 'unsigned long') [-Wsign-conversion]
  330 |         std::uint64_t u_top = u[j + n];
      |                                 ^ ~
/home/shared/ws/fixedwide/src/limbs.hpp:331:34: warning: implicit conversion changes signedness: 'int' to 'std::size_t' (aka 'unsigned long') [-Wsign-conversion]
  331 |         std::uint64_t u_next = u[j + n - 1];
      |                                  ^ ~
/home/shared/ws/fixedwide/src/limbs.hpp:332:35: warning: implicit conversion changes signedness: 'int' to 'std::size_t' (aka 'unsigned long') [-Wsign-conversion]
  332 |         std::uint64_t u_next2 = u[j + n - 2];
      |                                   ^ ~
/home/shared/ws/fixedwide/src/limbs.hpp:361:19: warning: implicit conversion changes signedness: 'int' to 'std::size_t' (aka 'unsigned long') [-Wsign-conversion]
  361 |             if (u[j + i] < sub) ++borrow;
      |                   ^ ~
/home/shared/ws/fixedwide/src/limbs.hpp:362:15: warning: implicit conversion changes signedness: 'int' to 'std::size_t' (aka 'unsigned long') [-Wsign-conversion]
  362 |             u[j + i] -= sub;
      |               ^ ~
/home/shared/ws/fixedwide/src/limbs.hpp:364:15: warning: implicit conversion changes signedness: 'int' to 'std::size_t' (aka 'unsigned long') [-Wsign-conversion]
  364 |         if (u[j + n] < borrow) {
      |               ^ ~
/home/shared/ws/fixedwide/src/limbs.hpp:369:39: warning: implicit conversion changes signedness: 'int' to 'std::size_t' (aka 'unsigned long') [-Wsign-conversion]
  369 |                 std::uint64_t sum = u[j + i] + v[i] + add_carry;
      |                                       ^ ~
/home/shared/ws/fixedwide/src/limbs.hpp:370:72: warning: implicit conversion changes signedness: 'int' to 'std::size_t' (aka 'unsigned long') [-Wsign-conversion]
  370 |                 add_carry = (sum < u[j + i]) || (add_carry && sum == u[j + i]) ? 1 : 0;
      |                                                                        ^ ~
/home/shared/ws/fixedwide/src/limbs.hpp:370:38: warning: implicit conversion changes signedness: 'int' to 'std::size_t' (aka 'unsigned long') [-Wsign-conversion]
  370 |                 add_carry = (sum < u[j + i]) || (add_carry && sum == u[j + i]) ? 1 : 0;
      |                                      ^ ~
/home/shared/ws/fixedwide/src/limbs.hpp:371:19: warning: implicit conversion changes signedness: 'int' to 'std::size_t' (aka 'unsigned long') [-Wsign-conversion]
  371 |                 u[j + i] = sum;
      |                   ^ ~
/home/shared/ws/fixedwide/src/limbs.hpp:373:15: warning: implicit conversion changes signedness: 'int' to 'std::size_t' (aka 'unsigned long') [-Wsign-conversion]
  373 |             u[j + n] = 0;
      |               ^ ~
/home/shared/ws/fixedwide/src/limbs.hpp:375:15: warning: implicit conversion changes signedness: 'int' to 'std::size_t' (aka 'unsigned long') [-Wsign-conversion]
  375 |             u[j + n] -= borrow;
      |               ^ ~
/home/shared/ws/fixedwide/src/limbs.hpp:302:22: warning: implicit conversion changes signedness: 'int' to 'unsigned int' [-Wsign-conversion]
  302 |     unsigned shift = std::countl_zero(den.limbs[n - 1]);
      |              ~~~~~   ^~~~~~~~~~~~~~~~~~~~~~~~~~~~~~~~~~
/home/shared/ws/fixedwide/src/arithmetic.cpp:867:26: note: in instantiation of function template specialization 'fixedwide::detail::divmod_knuth<4UL, 4UL>' requested here
  867 |     const auto general = divmod_knuth(numerator, divisor);
      |                          ^
/home/shared/ws/fixedwide/src/arithmetic.cpp:976:19: note: in instantiation of function template specialization 'fixedwide::detail::divide_wide<4UL>' requested here
  976 |     auto divres = divide_wide(mag, udiv);
      |                   ^
In file included from /home/shared/ws/fixedwide/src/arithmetic.cpp:5:
/home/shared/ws/fixedwide/src/limbs.hpp:330:33: warning: implicit conversion changes signedness: 'int' to 'std::size_t' (aka 'unsigned long') [-Wsign-conversion]
  330 |         std::uint64_t u_top = u[j + n];
      |                                 ^ ~
/home/shared/ws/fixedwide/src/limbs.hpp:331:34: warning: implicit conversion changes signedness: 'int' to 'std::size_t' (aka 'unsigned long') [-Wsign-conversion]
  331 |         std::uint64_t u_next = u[j + n - 1];
      |                                  ^ ~
/home/shared/ws/fixedwide/src/limbs.hpp:332:35: warning: implicit conversion changes signedness: 'int' to 'std::size_t' (aka 'unsigned long') [-Wsign-conversion]
  332 |         std::uint64_t u_next2 = u[j + n - 2];
      |                                   ^ ~
/home/shared/ws/fixedwide/src/limbs.hpp:361:19: warning: implicit conversion changes signedness: 'int' to 'std::size_t' (aka 'unsigned long') [-Wsign-conversion]
  361 |             if (u[j + i] < sub) ++borrow;
      |                   ^ ~
/home/shared/ws/fixedwide/src/limbs.hpp:362:15: warning: implicit conversion changes signedness: 'int' to 'std::size_t' (aka 'unsigned long') [-Wsign-conversion]
  362 |             u[j + i] -= sub;
      |               ^ ~
/home/shared/ws/fixedwide/src/limbs.hpp:364:15: warning: implicit conversion changes signedness: 'int' to 'std::size_t' (aka 'unsigned long') [-Wsign-conversion]
  364 |         if (u[j + n] < borrow) {
      |               ^ ~
/home/shared/ws/fixedwide/src/limbs.hpp:369:39: warning: implicit conversion changes signedness: 'int' to 'std::size_t' (aka 'unsigned long') [-Wsign-conversion]
  369 |                 std::uint64_t sum = u[j + i] + v[i] + add_carry;
      |                                       ^ ~
/home/shared/ws/fixedwide/src/limbs.hpp:370:72: warning: implicit conversion changes signedness: 'int' to 'std::size_t' (aka 'unsigned long') [-Wsign-conversion]
  370 |                 add_carry = (sum < u[j + i]) || (add_carry && sum == u[j + i]) ? 1 : 0;
      |                                                                        ^ ~
/home/shared/ws/fixedwide/src/limbs.hpp:370:38: warning: implicit conversion changes signedness: 'int' to 'std::size_t' (aka 'unsigned long') [-Wsign-conversion]
  370 |                 add_carry = (sum < u[j + i]) || (add_carry && sum == u[j + i]) ? 1 : 0;
      |                                      ^ ~
/home/shared/ws/fixedwide/src/limbs.hpp:371:19: warning: implicit conversion changes signedness: 'int' to 'std::size_t' (aka 'unsigned long') [-Wsign-conversion]
  371 |                 u[j + i] = sum;
      |                   ^ ~
/home/shared/ws/fixedwide/src/limbs.hpp:373:15: warning: implicit conversion changes signedness: 'int' to 'std::size_t' (aka 'unsigned long') [-Wsign-conversion]
  373 |             u[j + n] = 0;
      |               ^ ~
/home/shared/ws/fixedwide/src/limbs.hpp:375:15: warning: implicit conversion changes signedness: 'int' to 'std::size_t' (aka 'unsigned long') [-Wsign-conversion]
  375 |             u[j + n] -= borrow;
      |               ^ ~
/home/shared/ws/fixedwide/src/arithmetic.cpp:13:30: warning: unused function 'fits64' [-Wunused-function]
   13 | [[nodiscard]] constexpr bool fits64(std::int64_t) noexcept { return true; }
      |                              ^~~~~~
/home/shared/ws/fixedwide/src/arithmetic.cpp:15:30: warning: unused function 'fits64' [-Wunused-function]
   15 | [[nodiscard]] constexpr bool fits64(wide::int128 val) noexcept {
      |                              ^~~~~~
In file included from /home/shared/ws/fixedwide/src/arithmetic.cpp:1:
/home/shared/ws/fixedwide/include/fixedwide/arithmetic.hpp:420:11: warning: unused type alias 'Fixed' [-Wunused-local-typedef]
  420 |     using Fixed = basic_fixed<Bits, D>;
      |           ^
34 warnings generated.
[16/67] Building CXX object tests/CMakeFiles/audit_floating.dir/audit_floating.cpp.o
[17/67] Linking CXX static library libfixedwide.a
[18/67] Building CXX object tests/CMakeFiles/test_floating.dir/test_floating.cpp.o
[19/67] Linking CXX executable tests/test_rounding
[20/67] Linking CXX executable examples/example_01_quick_start
[21/67] Linking CXX executable tests/test_wide
[22/67] Building CXX object tests/CMakeFiles/audit_text_targeted.dir/audit_text_targeted.cpp.o
[23/67] Linking CXX executable tests/test_mixed_native
[24/67] Linking CXX executable tests/test_overflow
[25/67] Linking CXX executable tests/test_constexpr
[26/67] Linking CXX executable tests/test_storage
[27/67] Building CXX object tests/CMakeFiles/test_binary.dir/test_binary.cpp.o
[28/67] Linking CXX executable tests/audit_floating
[29/67] Linking CXX executable tests/audit_portable_edges
[30/67] Linking CXX executable tests/audit_portable_div128
[31/67] Linking CXX executable tests/test_floating
[32/67] Linking CXX executable tests/audit_text_targeted
[33/67] Linking CXX executable tests/test_binary
[34/67] Building CXX object tests/CMakeFiles/audit_known.dir/audit_known.cpp.o
[35/67] Building CXX object examples/CMakeFiles/example_02_rounding_modes.dir/02_rounding_modes.cpp.o
[36/67] Building CXX object examples/CMakeFiles/example_06_binary_roundtrip.dir/06_binary_roundtrip.cpp.o
[37/67] Building CXX object tests/CMakeFiles/test_signed_min.dir/test_signed_min.cpp.o
[38/67] Building CXX object examples/CMakeFiles/example_03_error_handling.dir/03_error_handling.cpp.o
[39/67] Linking CXX executable tests/audit_known
[40/67] Building CXX object tests/CMakeFiles/test_chars.dir/test_chars.cpp.o
[41/67] Linking CXX executable examples/example_02_rounding_modes
[42/67] Linking CXX executable examples/example_06_binary_roundtrip
[43/67] Building CXX object examples/CMakeFiles/example_04_mixed_scales.dir/04_mixed_scales.cpp.o
[44/67] Linking CXX executable tests/test_signed_min
[45/67] Linking CXX executable examples/example_03_error_handling
[46/67] Linking CXX executable tests/test_chars
[47/67] Linking CXX executable examples/example_04_mixed_scales
[48/67] Building CXX object tests/CMakeFiles/test_no_alloc.dir/test_no_alloc.cpp.o
[49/67] Building CXX object tests/CMakeFiles/test_mixed.dir/test_mixed.cpp.o
[50/67] Building CXX object tests/CMakeFiles/audit_io.dir/audit_io.cpp.o
[51/67] Linking CXX executable tests/test_no_alloc
[52/67] Linking CXX executable tests/test_mixed
[53/67] Linking CXX executable tests/audit_io
[54/67] Building CXX object tests/CMakeFiles/test_core.dir/test_core.cpp.o
[55/67] Linking CXX executable tests/test_core
[56/67] Building CXX object examples/CMakeFiles/example_08_constexpr.dir/08_constexpr.cpp.o
[57/67] Linking CXX executable examples/example_08_constexpr
[58/67] Building CXX object examples/CMakeFiles/example_07_money_ledger.dir/07_money_ledger.cpp.o
[59/67] Linking CXX executable examples/example_07_money_ledger
[60/67] Building CXX object examples/CMakeFiles/example_05_text_io.dir/05_text_io.cpp.o
[61/67] Linking CXX executable examples/example_05_text_io
[62/67] Building CXX object tests/CMakeFiles/test_format.dir/test_format.cpp.o
[63/67] Linking CXX executable tests/test_format
[64/67] Building CXX object tests/CMakeFiles/audit_mixed.dir/audit_mixed.cpp.o
[65/67] Linking CXX executable tests/audit_mixed
[66/67] Building CXX object tests/CMakeFiles/audit_same_domain.dir/audit_same_domain.cpp.o
[67/67] Linking CXX executable tests/audit_same_domain
Test project /home/shared/ws/fixedwide/build_verify/Linux_x86-64_Clang_forced_portable
      Start  1: fixedwide.storage
 1/34 Test  #1: fixedwide.storage ........................   Passed    0.00 sec
      Start  2: fixedwide.wide
 2/34 Test  #2: fixedwide.wide ...........................   Passed    0.00 sec
      Start  3: fixedwide.rounding
 3/34 Test  #3: fixedwide.rounding .......................   Passed    0.00 sec
      Start  4: fixedwide.core
 4/34 Test  #4: fixedwide.core ...........................   Passed    0.00 sec
      Start  5: fixedwide.mixed
 5/34 Test  #5: fixedwide.mixed ..........................   Passed    0.00 sec
      Start  6: fixedwide.chars
 6/34 Test  #6: fixedwide.chars ..........................   Passed    0.00 sec
      Start  7: fixedwide.binary
 7/34 Test  #7: fixedwide.binary .........................   Passed    0.00 sec
      Start  8: fixedwide.floating
 8/34 Test  #8: fixedwide.floating .......................   Passed    0.00 sec
      Start  9: fixedwide.no_alloc
 9/34 Test  #9: fixedwide.no_alloc .......................   Passed    0.00 sec
      Start 10: fixedwide.signed_min
10/34 Test #10: fixedwide.signed_min .....................   Passed    0.00 sec
      Start 11: fixedwide.overflow
11/34 Test #11: fixedwide.overflow .......................   Passed    0.03 sec
      Start 12: fixedwide.constexpr
12/34 Test #12: fixedwide.constexpr ......................   Passed    0.07 sec
      Start 13: fixedwide.mixed_native
13/34 Test #13: fixedwide.mixed_native ...................   Passed    0.12 sec
      Start 14: fixedwide.format
14/34 Test #14: fixedwide.format .........................   Passed    0.00 sec
      Start 15: fixedwide.audit.audit_same_domain
15/34 Test #15: fixedwide.audit.audit_same_domain ........   Passed    0.73 sec
      Start 16: fixedwide.audit.audit_mixed
16/34 Test #16: fixedwide.audit.audit_mixed ..............   Passed    1.29 sec
      Start 17: fixedwide.audit.audit_known
17/34 Test #17: fixedwide.audit.audit_known ..............   Passed    0.00 sec
      Start 18: fixedwide.audit.audit_floating
18/34 Test #18: fixedwide.audit.audit_floating ...........   Passed    0.00 sec
      Start 19: fixedwide.audit.audit_io
19/34 Test #19: fixedwide.audit.audit_io .................   Passed    0.03 sec
      Start 20: fixedwide.audit.audit_text_targeted
20/34 Test #20: fixedwide.audit.audit_text_targeted ......   Passed    0.00 sec
      Start 21: fixedwide.audit.audit_portable_edges
21/34 Test #21: fixedwide.audit.audit_portable_edges .....   Passed    0.00 sec
      Start 22: fixedwide.audit.audit_portable_div128
22/34 Test #22: fixedwide.audit.audit_portable_div128 ....   Passed    0.00 sec
      Start 23: fixedwide.negative.ambiguous_mixed_mul
23/34 Test #23: fixedwide.negative.ambiguous_mixed_mul ...   Passed    0.05 sec
      Start 24: fixedwide.negative.invalid_bits
24/34 Test #24: fixedwide.negative.invalid_bits ..........   Passed    0.03 sec
      Start 25: fixedwide.negative.invalid_scale
25/34 Test #25: fixedwide.negative.invalid_scale .........   Passed    0.03 sec
      Start 26: fixedwide.negative.runtime_scale
26/34 Test #26: fixedwide.negative.runtime_scale .........   Passed    0.03 sec
      Start 27: fixedwide.example.01_quick_start
27/34 Test #27: fixedwide.example.01_quick_start .........   Passed    0.00 sec
      Start 28: fixedwide.example.02_rounding_modes
28/34 Test #28: fixedwide.example.02_rounding_modes ......   Passed    0.00 sec
      Start 29: fixedwide.example.03_error_handling
29/34 Test #29: fixedwide.example.03_error_handling ......   Passed    0.00 sec
      Start 30: fixedwide.example.04_mixed_scales
30/34 Test #30: fixedwide.example.04_mixed_scales ........   Passed    0.00 sec
      Start 31: fixedwide.example.05_text_io
31/34 Test #31: fixedwide.example.05_text_io .............   Passed    0.00 sec
      Start 32: fixedwide.example.06_binary_roundtrip
32/34 Test #32: fixedwide.example.06_binary_roundtrip ....   Passed    0.00 sec
      Start 33: fixedwide.example.07_money_ledger
33/34 Test #33: fixedwide.example.07_money_ledger ........   Passed    0.00 sec
      Start 34: fixedwide.example.08_constexpr
34/34 Test #34: fixedwide.example.08_constexpr ...........   Passed    0.00 sec

100% tests passed out of 34

Total Test time (real) =   2.45 sec
=== Linux x86-64 Clang portable, __SIZEOF_INT128__ undefined ===
-- The CXX compiler identification is Clang 22.1.8
-- Detecting CXX compiler ABI info
-- Detecting CXX compiler ABI info - done
-- Check for working CXX compiler: /usr/bin/clang++ - skipped
-- Detecting CXX compile features
-- Detecting CXX compile features - done
CMake Warning (policy) at tests/CMakeLists.txt:46 (find_package):
  Policy CMP0167 is not set: The FindBoost module is removed.  Run "cmake
  --help-policy CMP0167" for policy details.  Use the cmake_policy command to
  set the policy and suppress this warning.
This warning is for project developers.  Use -Wno-author or -Wno-policy to
suppress it.

-- Configuring done (0.1s)
-- Generating done (0.0s)
-- Build files have been written to: /home/shared/ws/fixedwide/build_verify/Linux_x86-64_Clang_portable,___SIZEOF_INT128___undefined
[1/67] Building CXX object tests/CMakeFiles/test_overflow.dir/test_overflow.cpp.o
[2/67] Building CXX object tests/CMakeFiles/test_rounding.dir/test_rounding.cpp.o
[3/67] Building CXX object CMakeFiles/fixedwide.dir/src/bigint.cpp.o
In file included from /home/shared/ws/fixedwide/src/bigint.cpp:3:
/home/shared/ws/fixedwide/src/detail.hpp:324:39: warning: implicit conversion changes signedness: 'int' to 'unsigned int' [-Wsign-conversion]
  324 |     wide::uint128 norm_d = divisor << shift;
      |                                    ~~ ^~~~~
/home/shared/ws/fixedwide/src/detail.hpp:325:41: warning: implicit conversion changes signedness: 'int' to 'unsigned int' [-Wsign-conversion]
  325 |     wide::uint128 norm_n = numerator << shift;
      |                                      ~~ ^~~~~
/home/shared/ws/fixedwide/src/detail.hpp:310:97: warning: unused parameter 'need_remainder' [-Wunused-parameter]
  310 | [[nodiscard]] inline Quotient128 divide128(wide::uint128 numerator, wide::uint128 divisor, bool need_remainder = true) noexcept {
      |                                                                                                 ^
In file included from /home/shared/ws/fixedwide/src/bigint.cpp:4:
/home/shared/ws/fixedwide/src/limbs.hpp:302:22: warning: implicit conversion changes signedness: 'int' to 'unsigned int' [-Wsign-conversion]
  302 |     unsigned shift = std::countl_zero(den.limbs[n - 1]);
      |              ~~~~~   ^~~~~~~~~~~~~~~~~~~~~~~~~~~~~~~~~~
/home/shared/ws/fixedwide/src/bigint.cpp:16:24: note: in instantiation of function template specialization 'fixedwide::detail::divmod_knuth<4UL, 2UL>' requested here
   16 |     auto res = detail::divmod_knuth(num, den);
      |                        ^
In file included from /home/shared/ws/fixedwide/src/bigint.cpp:4:
/home/shared/ws/fixedwide/src/limbs.hpp:330:33: warning: implicit conversion changes signedness: 'int' to 'std::size_t' (aka 'unsigned long') [-Wsign-conversion]
  330 |         std::uint64_t u_top = u[j + n];
      |                                 ^ ~
/home/shared/ws/fixedwide/src/limbs.hpp:331:34: warning: implicit conversion changes signedness: 'int' to 'std::size_t' (aka 'unsigned long') [-Wsign-conversion]
  331 |         std::uint64_t u_next = u[j + n - 1];
      |                                  ^ ~
/home/shared/ws/fixedwide/src/limbs.hpp:332:35: warning: implicit conversion changes signedness: 'int' to 'std::size_t' (aka 'unsigned long') [-Wsign-conversion]
  332 |         std::uint64_t u_next2 = u[j + n - 2];
      |                                   ^ ~
/home/shared/ws/fixedwide/src/limbs.hpp:361:19: warning: implicit conversion changes signedness: 'int' to 'std::size_t' (aka 'unsigned long') [-Wsign-conversion]
  361 |             if (u[j + i] < sub) ++borrow;
      |                   ^ ~
/home/shared/ws/fixedwide/src/limbs.hpp:362:15: warning: implicit conversion changes signedness: 'int' to 'std::size_t' (aka 'unsigned long') [-Wsign-conversion]
  362 |             u[j + i] -= sub;
      |               ^ ~
/home/shared/ws/fixedwide/src/limbs.hpp:364:15: warning: implicit conversion changes signedness: 'int' to 'std::size_t' (aka 'unsigned long') [-Wsign-conversion]
  364 |         if (u[j + n] < borrow) {
      |               ^ ~
/home/shared/ws/fixedwide/src/limbs.hpp:369:39: warning: implicit conversion changes signedness: 'int' to 'std::size_t' (aka 'unsigned long') [-Wsign-conversion]
  369 |                 std::uint64_t sum = u[j + i] + v[i] + add_carry;
      |                                       ^ ~
/home/shared/ws/fixedwide/src/limbs.hpp:370:72: warning: implicit conversion changes signedness: 'int' to 'std::size_t' (aka 'unsigned long') [-Wsign-conversion]
  370 |                 add_carry = (sum < u[j + i]) || (add_carry && sum == u[j + i]) ? 1 : 0;
      |                                                                        ^ ~
/home/shared/ws/fixedwide/src/limbs.hpp:370:38: warning: implicit conversion changes signedness: 'int' to 'std::size_t' (aka 'unsigned long') [-Wsign-conversion]
  370 |                 add_carry = (sum < u[j + i]) || (add_carry && sum == u[j + i]) ? 1 : 0;
      |                                      ^ ~
/home/shared/ws/fixedwide/src/limbs.hpp:371:19: warning: implicit conversion changes signedness: 'int' to 'std::size_t' (aka 'unsigned long') [-Wsign-conversion]
  371 |                 u[j + i] = sum;
      |                   ^ ~
/home/shared/ws/fixedwide/src/limbs.hpp:373:15: warning: implicit conversion changes signedness: 'int' to 'std::size_t' (aka 'unsigned long') [-Wsign-conversion]
  373 |             u[j + n] = 0;
      |               ^ ~
/home/shared/ws/fixedwide/src/limbs.hpp:375:15: warning: implicit conversion changes signedness: 'int' to 'std::size_t' (aka 'unsigned long') [-Wsign-conversion]
  375 |             u[j + n] -= borrow;
      |               ^ ~
16 warnings generated.
[4/67] Building CXX object CMakeFiles/fixedwide.dir/src/integer_chars.cpp.o
In file included from /home/shared/ws/fixedwide/src/integer_chars.cpp:2:
/home/shared/ws/fixedwide/src/detail.hpp:324:39: warning: implicit conversion changes signedness: 'int' to 'unsigned int' [-Wsign-conversion]
  324 |     wide::uint128 norm_d = divisor << shift;
      |                                    ~~ ^~~~~
/home/shared/ws/fixedwide/src/detail.hpp:325:41: warning: implicit conversion changes signedness: 'int' to 'unsigned int' [-Wsign-conversion]
  325 |     wide::uint128 norm_n = numerator << shift;
      |                                      ~~ ^~~~~
/home/shared/ws/fixedwide/src/detail.hpp:310:97: warning: unused parameter 'need_remainder' [-Wunused-parameter]
  310 | [[nodiscard]] inline Quotient128 divide128(wide::uint128 numerator, wide::uint128 divisor, bool need_remainder = true) noexcept {
      |                                                                                                 ^
3 warnings generated.
[5/67] Building CXX object CMakeFiles/fixedwide.dir/src/mixed.cpp.o
In file included from /home/shared/ws/fixedwide/src/mixed.cpp:2:
/home/shared/ws/fixedwide/src/detail.hpp:324:39: warning: implicit conversion changes signedness: 'int' to 'unsigned int' [-Wsign-conversion]
  324 |     wide::uint128 norm_d = divisor << shift;
      |                                    ~~ ^~~~~
/home/shared/ws/fixedwide/src/detail.hpp:325:41: warning: implicit conversion changes signedness: 'int' to 'unsigned int' [-Wsign-conversion]
  325 |     wide::uint128 norm_n = numerator << shift;
      |                                      ~~ ^~~~~
/home/shared/ws/fixedwide/src/detail.hpp:310:97: warning: unused parameter 'need_remainder' [-Wunused-parameter]
  310 | [[nodiscard]] inline Quotient128 divide128(wide::uint128 numerator, wide::uint128 divisor, bool need_remainder = true) noexcept {
      |                                                                                                 ^
In file included from /home/shared/ws/fixedwide/src/mixed.cpp:3:
/home/shared/ws/fixedwide/src/limbs.hpp:302:22: warning: implicit conversion changes signedness: 'int' to 'unsigned int' [-Wsign-conversion]
  302 |     unsigned shift = std::countl_zero(den.limbs[n - 1]);
      |              ~~~~~   ^~~~~~~~~~~~~~~~~~~~~~~~~~~~~~~~~~
/home/shared/ws/fixedwide/src/mixed.cpp:28:19: note: in instantiation of function template specialization 'fixedwide::detail::divmod_knuth<16UL, 16UL>' requested here
   28 |     auto divres = divmod_knuth(num, den);
      |                   ^
In file included from /home/shared/ws/fixedwide/src/mixed.cpp:3:
/home/shared/ws/fixedwide/src/limbs.hpp:330:33: warning: implicit conversion changes signedness: 'int' to 'std::size_t' (aka 'unsigned long') [-Wsign-conversion]
  330 |         std::uint64_t u_top = u[j + n];
      |                                 ^ ~
/home/shared/ws/fixedwide/src/limbs.hpp:331:34: warning: implicit conversion changes signedness: 'int' to 'std::size_t' (aka 'unsigned long') [-Wsign-conversion]
  331 |         std::uint64_t u_next = u[j + n - 1];
      |                                  ^ ~
/home/shared/ws/fixedwide/src/limbs.hpp:332:35: warning: implicit conversion changes signedness: 'int' to 'std::size_t' (aka 'unsigned long') [-Wsign-conversion]
  332 |         std::uint64_t u_next2 = u[j + n - 2];
      |                                   ^ ~
/home/shared/ws/fixedwide/src/limbs.hpp:361:19: warning: implicit conversion changes signedness: 'int' to 'std::size_t' (aka 'unsigned long') [-Wsign-conversion]
  361 |             if (u[j + i] < sub) ++borrow;
      |                   ^ ~
/home/shared/ws/fixedwide/src/limbs.hpp:362:15: warning: implicit conversion changes signedness: 'int' to 'std::size_t' (aka 'unsigned long') [-Wsign-conversion]
  362 |             u[j + i] -= sub;
      |               ^ ~
/home/shared/ws/fixedwide/src/limbs.hpp:364:15: warning: implicit conversion changes signedness: 'int' to 'std::size_t' (aka 'unsigned long') [-Wsign-conversion]
  364 |         if (u[j + n] < borrow) {
      |               ^ ~
/home/shared/ws/fixedwide/src/limbs.hpp:369:39: warning: implicit conversion changes signedness: 'int' to 'std::size_t' (aka 'unsigned long') [-Wsign-conversion]
  369 |                 std::uint64_t sum = u[j + i] + v[i] + add_carry;
      |                                       ^ ~
/home/shared/ws/fixedwide/src/limbs.hpp:370:72: warning: implicit conversion changes signedness: 'int' to 'std::size_t' (aka 'unsigned long') [-Wsign-conversion]
  370 |                 add_carry = (sum < u[j + i]) || (add_carry && sum == u[j + i]) ? 1 : 0;
      |                                                                        ^ ~
/home/shared/ws/fixedwide/src/limbs.hpp:370:38: warning: implicit conversion changes signedness: 'int' to 'std::size_t' (aka 'unsigned long') [-Wsign-conversion]
  370 |                 add_carry = (sum < u[j + i]) || (add_carry && sum == u[j + i]) ? 1 : 0;
      |                                      ^ ~
/home/shared/ws/fixedwide/src/limbs.hpp:371:19: warning: implicit conversion changes signedness: 'int' to 'std::size_t' (aka 'unsigned long') [-Wsign-conversion]
  371 |                 u[j + i] = sum;
      |                   ^ ~
/home/shared/ws/fixedwide/src/limbs.hpp:373:15: warning: implicit conversion changes signedness: 'int' to 'std::size_t' (aka 'unsigned long') [-Wsign-conversion]
  373 |             u[j + n] = 0;
      |               ^ ~
/home/shared/ws/fixedwide/src/limbs.hpp:375:15: warning: implicit conversion changes signedness: 'int' to 'std::size_t' (aka 'unsigned long') [-Wsign-conversion]
  375 |             u[j + n] -= borrow;
      |               ^ ~
16 warnings generated.
[6/67] Building CXX object CMakeFiles/fixedwide.dir/src/floating.cpp.o
In file included from /home/shared/ws/fixedwide/src/floating.cpp:2:
/home/shared/ws/fixedwide/src/detail.hpp:324:39: warning: implicit conversion changes signedness: 'int' to 'unsigned int' [-Wsign-conversion]
  324 |     wide::uint128 norm_d = divisor << shift;
      |                                    ~~ ^~~~~
/home/shared/ws/fixedwide/src/detail.hpp:325:41: warning: implicit conversion changes signedness: 'int' to 'unsigned int' [-Wsign-conversion]
  325 |     wide::uint128 norm_n = numerator << shift;
      |                                      ~~ ^~~~~
/home/shared/ws/fixedwide/src/detail.hpp:310:97: warning: unused parameter 'need_remainder' [-Wunused-parameter]
  310 | [[nodiscard]] inline Quotient128 divide128(wide::uint128 numerator, wide::uint128 divisor, bool need_remainder = true) noexcept {
      |                                                                                                 ^
In file included from /home/shared/ws/fixedwide/src/floating.cpp:3:
/home/shared/ws/fixedwide/src/limbs.hpp:302:22: warning: implicit conversion changes signedness: 'int' to 'unsigned int' [-Wsign-conversion]
  302 |     unsigned shift = std::countl_zero(den.limbs[n - 1]);
      |              ~~~~~   ^~~~~~~~~~~~~~~~~~~~~~~~~~~~~~~~~~
/home/shared/ws/fixedwide/src/floating.cpp:62:19: note: in instantiation of function template specialization 'fixedwide::detail::divmod_knuth<16UL, 16UL>' requested here
   62 |     auto divres = divmod_knuth(num, den);
      |                   ^
/home/shared/ws/fixedwide/src/floating.cpp:99:12: note: in instantiation of function template specialization 'fixedwide::detail::(anonymous namespace)::float_to_raw<float>' requested here
   99 |     return float_to_raw(value, decimals, rounding, bits);
      |            ^
In file included from /home/shared/ws/fixedwide/src/floating.cpp:3:
/home/shared/ws/fixedwide/src/limbs.hpp:330:33: warning: implicit conversion changes signedness: 'int' to 'std::size_t' (aka 'unsigned long') [-Wsign-conversion]
  330 |         std::uint64_t u_top = u[j + n];
      |                                 ^ ~
/home/shared/ws/fixedwide/src/limbs.hpp:331:34: warning: implicit conversion changes signedness: 'int' to 'std::size_t' (aka 'unsigned long') [-Wsign-conversion]
  331 |         std::uint64_t u_next = u[j + n - 1];
      |                                  ^ ~
/home/shared/ws/fixedwide/src/limbs.hpp:332:35: warning: implicit conversion changes signedness: 'int' to 'std::size_t' (aka 'unsigned long') [-Wsign-conversion]
  332 |         std::uint64_t u_next2 = u[j + n - 2];
      |                                   ^ ~
/home/shared/ws/fixedwide/src/limbs.hpp:361:19: warning: implicit conversion changes signedness: 'int' to 'std::size_t' (aka 'unsigned long') [-Wsign-conversion]
  361 |             if (u[j + i] < sub) ++borrow;
      |                   ^ ~
/home/shared/ws/fixedwide/src/limbs.hpp:362:15: warning: implicit conversion changes signedness: 'int' to 'std::size_t' (aka 'unsigned long') [-Wsign-conversion]
  362 |             u[j + i] -= sub;
      |               ^ ~
/home/shared/ws/fixedwide/src/limbs.hpp:364:15: warning: implicit conversion changes signedness: 'int' to 'std::size_t' (aka 'unsigned long') [-Wsign-conversion]
  364 |         if (u[j + n] < borrow) {
      |               ^ ~
/home/shared/ws/fixedwide/src/limbs.hpp:369:39: warning: implicit conversion changes signedness: 'int' to 'std::size_t' (aka 'unsigned long') [-Wsign-conversion]
  369 |                 std::uint64_t sum = u[j + i] + v[i] + add_carry;
      |                                       ^ ~
/home/shared/ws/fixedwide/src/limbs.hpp:370:72: warning: implicit conversion changes signedness: 'int' to 'std::size_t' (aka 'unsigned long') [-Wsign-conversion]
  370 |                 add_carry = (sum < u[j + i]) || (add_carry && sum == u[j + i]) ? 1 : 0;
      |                                                                        ^ ~
/home/shared/ws/fixedwide/src/limbs.hpp:370:38: warning: implicit conversion changes signedness: 'int' to 'std::size_t' (aka 'unsigned long') [-Wsign-conversion]
  370 |                 add_carry = (sum < u[j + i]) || (add_carry && sum == u[j + i]) ? 1 : 0;
      |                                      ^ ~
/home/shared/ws/fixedwide/src/limbs.hpp:371:19: warning: implicit conversion changes signedness: 'int' to 'std::size_t' (aka 'unsigned long') [-Wsign-conversion]
  371 |                 u[j + i] = sum;
      |                   ^ ~
/home/shared/ws/fixedwide/src/limbs.hpp:373:15: warning: implicit conversion changes signedness: 'int' to 'std::size_t' (aka 'unsigned long') [-Wsign-conversion]
  373 |             u[j + n] = 0;
      |               ^ ~
/home/shared/ws/fixedwide/src/limbs.hpp:375:15: warning: implicit conversion changes signedness: 'int' to 'std::size_t' (aka 'unsigned long') [-Wsign-conversion]
  375 |             u[j + n] -= borrow;
      |               ^ ~
16 warnings generated.
[7/67] Building CXX object tests/CMakeFiles/test_wide.dir/test_wide.cpp.o
[8/67] Building CXX object CMakeFiles/fixedwide.dir/src/chars.cpp.o
In file included from /home/shared/ws/fixedwide/src/chars.cpp:2:
/home/shared/ws/fixedwide/src/detail.hpp:324:39: warning: implicit conversion changes signedness: 'int' to 'unsigned int' [-Wsign-conversion]
  324 |     wide::uint128 norm_d = divisor << shift;
      |                                    ~~ ^~~~~
/home/shared/ws/fixedwide/src/detail.hpp:325:41: warning: implicit conversion changes signedness: 'int' to 'unsigned int' [-Wsign-conversion]
  325 |     wide::uint128 norm_n = numerator << shift;
      |                                      ~~ ^~~~~
/home/shared/ws/fixedwide/src/detail.hpp:310:97: warning: unused parameter 'need_remainder' [-Wunused-parameter]
  310 | [[nodiscard]] inline Quotient128 divide128(wide::uint128 numerator, wide::uint128 divisor, bool need_remainder = true) noexcept {
      |                                                                                                 ^
/home/shared/ws/fixedwide/src/chars.cpp:174:23: warning: unused variable 'lim_lo' [-Wunused-variable]
  174 |         std::uint64_t lim_lo = lim256.limbs[0];
      |                       ^~~~~~
/home/shared/ws/fixedwide/src/chars.cpp:175:23: warning: unused variable 'lim_hi' [-Wunused-variable]
  175 |         std::uint64_t lim_hi = lim256.limbs[1];
      |                       ^~~~~~
In file included from /home/shared/ws/fixedwide/src/chars.cpp:3:
/home/shared/ws/fixedwide/src/limbs.hpp:302:22: warning: implicit conversion changes signedness: 'int' to 'unsigned int' [-Wsign-conversion]
  302 |     unsigned shift = std::countl_zero(den.limbs[n - 1]);
      |              ~~~~~   ^~~~~~~~~~~~~~~~~~~~~~~~~~~~~~~~~~
/home/shared/ws/fixedwide/src/chars.cpp:455:19: note: in instantiation of function template specialization 'fixedwide::detail::divmod_knuth<4UL, 4UL>' requested here
  455 |     auto divres = divmod_knuth(vmag, divisor);
      |                   ^
In file included from /home/shared/ws/fixedwide/src/chars.cpp:3:
/home/shared/ws/fixedwide/src/limbs.hpp:330:33: warning: implicit conversion changes signedness: 'int' to 'std::size_t' (aka 'unsigned long') [-Wsign-conversion]
  330 |         std::uint64_t u_top = u[j + n];
      |                                 ^ ~
/home/shared/ws/fixedwide/src/limbs.hpp:331:34: warning: implicit conversion changes signedness: 'int' to 'std::size_t' (aka 'unsigned long') [-Wsign-conversion]
  331 |         std::uint64_t u_next = u[j + n - 1];
      |                                  ^ ~
/home/shared/ws/fixedwide/src/limbs.hpp:332:35: warning: implicit conversion changes signedness: 'int' to 'std::size_t' (aka 'unsigned long') [-Wsign-conversion]
  332 |         std::uint64_t u_next2 = u[j + n - 2];
      |                                   ^ ~
/home/shared/ws/fixedwide/src/limbs.hpp:361:19: warning: implicit conversion changes signedness: 'int' to 'std::size_t' (aka 'unsigned long') [-Wsign-conversion]
  361 |             if (u[j + i] < sub) ++borrow;
      |                   ^ ~
/home/shared/ws/fixedwide/src/limbs.hpp:362:15: warning: implicit conversion changes signedness: 'int' to 'std::size_t' (aka 'unsigned long') [-Wsign-conversion]
  362 |             u[j + i] -= sub;
      |               ^ ~
/home/shared/ws/fixedwide/src/limbs.hpp:364:15: warning: implicit conversion changes signedness: 'int' to 'std::size_t' (aka 'unsigned long') [-Wsign-conversion]
  364 |         if (u[j + n] < borrow) {
      |               ^ ~
/home/shared/ws/fixedwide/src/limbs.hpp:369:39: warning: implicit conversion changes signedness: 'int' to 'std::size_t' (aka 'unsigned long') [-Wsign-conversion]
  369 |                 std::uint64_t sum = u[j + i] + v[i] + add_carry;
      |                                       ^ ~
/home/shared/ws/fixedwide/src/limbs.hpp:370:72: warning: implicit conversion changes signedness: 'int' to 'std::size_t' (aka 'unsigned long') [-Wsign-conversion]
  370 |                 add_carry = (sum < u[j + i]) || (add_carry && sum == u[j + i]) ? 1 : 0;
      |                                                                        ^ ~
/home/shared/ws/fixedwide/src/limbs.hpp:370:38: warning: implicit conversion changes signedness: 'int' to 'std::size_t' (aka 'unsigned long') [-Wsign-conversion]
  370 |                 add_carry = (sum < u[j + i]) || (add_carry && sum == u[j + i]) ? 1 : 0;
      |                                      ^ ~
/home/shared/ws/fixedwide/src/limbs.hpp:371:19: warning: implicit conversion changes signedness: 'int' to 'std::size_t' (aka 'unsigned long') [-Wsign-conversion]
  371 |                 u[j + i] = sum;
      |                   ^ ~
/home/shared/ws/fixedwide/src/limbs.hpp:373:15: warning: implicit conversion changes signedness: 'int' to 'std::size_t' (aka 'unsigned long') [-Wsign-conversion]
  373 |             u[j + n] = 0;
      |               ^ ~
/home/shared/ws/fixedwide/src/limbs.hpp:375:15: warning: implicit conversion changes signedness: 'int' to 'std::size_t' (aka 'unsigned long') [-Wsign-conversion]
  375 |             u[j + n] -= borrow;
      |               ^ ~
18 warnings generated.
[9/67] Building CXX object tests/CMakeFiles/audit_portable_div128.dir/audit_portable_div128.cpp.o
[10/67] Building CXX object tests/CMakeFiles/test_mixed_native.dir/test_mixed_native.cpp.o
[11/67] Building CXX object tests/CMakeFiles/audit_portable_edges.dir/audit_portable_edges.cpp.o
[12/67] Building CXX object CMakeFiles/fixedwide.dir/src/arithmetic.cpp.o
In file included from /home/shared/ws/fixedwide/src/arithmetic.cpp:1:
/home/shared/ws/fixedwide/include/fixedwide/arithmetic.hpp:203:39: warning: implicit conversion changes signedness: 'unsigned long long' to 'std::int64_t' (aka 'long') [-Wsign-conversion]
  203 |                 std::int64_t s = 0ULL - u;
      |                              ~   ~~~~~^~~
/home/shared/ws/fixedwide/include/fixedwide/arithmetic.hpp:238:39: warning: implicit conversion changes signedness: 'unsigned long long' to 'std::int64_t' (aka 'long') [-Wsign-conversion]
  238 |                 std::int64_t s = 0ULL - u;
      |                              ~   ~~~~~^~~
In file included from /home/shared/ws/fixedwide/src/arithmetic.cpp:3:
/home/shared/ws/fixedwide/src/detail.hpp:324:39: warning: implicit conversion changes signedness: 'int' to 'unsigned int' [-Wsign-conversion]
  324 |     wide::uint128 norm_d = divisor << shift;
      |                                    ~~ ^~~~~
/home/shared/ws/fixedwide/src/detail.hpp:325:41: warning: implicit conversion changes signedness: 'int' to 'unsigned int' [-Wsign-conversion]
  325 |     wide::uint128 norm_n = numerator << shift;
      |                                      ~~ ^~~~~
/home/shared/ws/fixedwide/src/detail.hpp:310:97: warning: unused parameter 'need_remainder' [-Wunused-parameter]
  310 | [[nodiscard]] inline Quotient128 divide128(wide::uint128 numerator, wide::uint128 divisor, bool need_remainder = true) noexcept {
      |                                                                                                 ^
In file included from /home/shared/ws/fixedwide/src/arithmetic.cpp:5:
/home/shared/ws/fixedwide/src/limbs.hpp:302:22: warning: implicit conversion changes signedness: 'int' to 'unsigned int' [-Wsign-conversion]
  302 |     unsigned shift = std::countl_zero(den.limbs[n - 1]);
      |              ~~~~~   ^~~~~~~~~~~~~~~~~~~~~~~~~~~~~~~~~~
/home/shared/ws/fixedwide/src/arithmetic.cpp:867:26: note: in instantiation of function template specialization 'fixedwide::detail::divmod_knuth<8UL, 4UL>' requested here
  867 |     const auto general = divmod_knuth(numerator, divisor);
      |                          ^
/home/shared/ws/fixedwide/src/arithmetic.cpp:885:25: note: in instantiation of function template specialization 'fixedwide::detail::divide_wide<8UL>' requested here
  885 |     const auto divres = divide_wide(prod, s);
      |                         ^
In file included from /home/shared/ws/fixedwide/src/arithmetic.cpp:5:
/home/shared/ws/fixedwide/src/limbs.hpp:330:33: warning: implicit conversion changes signedness: 'int' to 'std::size_t' (aka 'unsigned long') [-Wsign-conversion]
  330 |         std::uint64_t u_top = u[j + n];
      |                                 ^ ~
/home/shared/ws/fixedwide/src/limbs.hpp:331:34: warning: implicit conversion changes signedness: 'int' to 'std::size_t' (aka 'unsigned long') [-Wsign-conversion]
  331 |         std::uint64_t u_next = u[j + n - 1];
      |                                  ^ ~
/home/shared/ws/fixedwide/src/limbs.hpp:332:35: warning: implicit conversion changes signedness: 'int' to 'std::size_t' (aka 'unsigned long') [-Wsign-conversion]
  332 |         std::uint64_t u_next2 = u[j + n - 2];
      |                                   ^ ~
/home/shared/ws/fixedwide/src/limbs.hpp:361:19: warning: implicit conversion changes signedness: 'int' to 'std::size_t' (aka 'unsigned long') [-Wsign-conversion]
  361 |             if (u[j + i] < sub) ++borrow;
      |                   ^ ~
/home/shared/ws/fixedwide/src/limbs.hpp:362:15: warning: implicit conversion changes signedness: 'int' to 'std::size_t' (aka 'unsigned long') [-Wsign-conversion]
  362 |             u[j + i] -= sub;
      |               ^ ~
/home/shared/ws/fixedwide/src/limbs.hpp:364:15: warning: implicit conversion changes signedness: 'int' to 'std::size_t' (aka 'unsigned long') [-Wsign-conversion]
  364 |         if (u[j + n] < borrow) {
      |               ^ ~
/home/shared/ws/fixedwide/src/limbs.hpp:369:39: warning: implicit conversion changes signedness: 'int' to 'std::size_t' (aka 'unsigned long') [-Wsign-conversion]
  369 |                 std::uint64_t sum = u[j + i] + v[i] + add_carry;
      |                                       ^ ~
/home/shared/ws/fixedwide/src/limbs.hpp:370:72: warning: implicit conversion changes signedness: 'int' to 'std::size_t' (aka 'unsigned long') [-Wsign-conversion]
  370 |                 add_carry = (sum < u[j + i]) || (add_carry && sum == u[j + i]) ? 1 : 0;
      |                                                                        ^ ~
/home/shared/ws/fixedwide/src/limbs.hpp:370:38: warning: implicit conversion changes signedness: 'int' to 'std::size_t' (aka 'unsigned long') [-Wsign-conversion]
  370 |                 add_carry = (sum < u[j + i]) || (add_carry && sum == u[j + i]) ? 1 : 0;
      |                                      ^ ~
/home/shared/ws/fixedwide/src/limbs.hpp:371:19: warning: implicit conversion changes signedness: 'int' to 'std::size_t' (aka 'unsigned long') [-Wsign-conversion]
  371 |                 u[j + i] = sum;
      |                   ^ ~
/home/shared/ws/fixedwide/src/limbs.hpp:373:15: warning: implicit conversion changes signedness: 'int' to 'std::size_t' (aka 'unsigned long') [-Wsign-conversion]
  373 |             u[j + n] = 0;
      |               ^ ~
/home/shared/ws/fixedwide/src/limbs.hpp:375:15: warning: implicit conversion changes signedness: 'int' to 'std::size_t' (aka 'unsigned long') [-Wsign-conversion]
  375 |             u[j + n] -= borrow;
      |               ^ ~
/home/shared/ws/fixedwide/src/limbs.hpp:302:22: warning: implicit conversion changes signedness: 'int' to 'unsigned int' [-Wsign-conversion]
  302 |     unsigned shift = std::countl_zero(den.limbs[n - 1]);
      |              ~~~~~   ^~~~~~~~~~~~~~~~~~~~~~~~~~~~~~~~~~
/home/shared/ws/fixedwide/src/arithmetic.cpp:867:26: note: in instantiation of function template specialization 'fixedwide::detail::divmod_knuth<4UL, 4UL>' requested here
  867 |     const auto general = divmod_knuth(numerator, divisor);
      |                          ^
/home/shared/ws/fixedwide/src/arithmetic.cpp:976:19: note: in instantiation of function template specialization 'fixedwide::detail::divide_wide<4UL>' requested here
  976 |     auto divres = divide_wide(mag, udiv);
      |                   ^
In file included from /home/shared/ws/fixedwide/src/arithmetic.cpp:5:
/home/shared/ws/fixedwide/src/limbs.hpp:330:33: warning: implicit conversion changes signedness: 'int' to 'std::size_t' (aka 'unsigned long') [-Wsign-conversion]
  330 |         std::uint64_t u_top = u[j + n];
      |                                 ^ ~
/home/shared/ws/fixedwide/src/limbs.hpp:331:34: warning: implicit conversion changes signedness: 'int' to 'std::size_t' (aka 'unsigned long') [-Wsign-conversion]
  331 |         std::uint64_t u_next = u[j + n - 1];
      |                                  ^ ~
/home/shared/ws/fixedwide/src/limbs.hpp:332:35: warning: implicit conversion changes signedness: 'int' to 'std::size_t' (aka 'unsigned long') [-Wsign-conversion]
  332 |         std::uint64_t u_next2 = u[j + n - 2];
      |                                   ^ ~
/home/shared/ws/fixedwide/src/limbs.hpp:361:19: warning: implicit conversion changes signedness: 'int' to 'std::size_t' (aka 'unsigned long') [-Wsign-conversion]
  361 |             if (u[j + i] < sub) ++borrow;
      |                   ^ ~
/home/shared/ws/fixedwide/src/limbs.hpp:362:15: warning: implicit conversion changes signedness: 'int' to 'std::size_t' (aka 'unsigned long') [-Wsign-conversion]
  362 |             u[j + i] -= sub;
      |               ^ ~
/home/shared/ws/fixedwide/src/limbs.hpp:364:15: warning: implicit conversion changes signedness: 'int' to 'std::size_t' (aka 'unsigned long') [-Wsign-conversion]
  364 |         if (u[j + n] < borrow) {
      |               ^ ~
/home/shared/ws/fixedwide/src/limbs.hpp:369:39: warning: implicit conversion changes signedness: 'int' to 'std::size_t' (aka 'unsigned long') [-Wsign-conversion]
  369 |                 std::uint64_t sum = u[j + i] + v[i] + add_carry;
      |                                       ^ ~
/home/shared/ws/fixedwide/src/limbs.hpp:370:72: warning: implicit conversion changes signedness: 'int' to 'std::size_t' (aka 'unsigned long') [-Wsign-conversion]
  370 |                 add_carry = (sum < u[j + i]) || (add_carry && sum == u[j + i]) ? 1 : 0;
      |                                                                        ^ ~
/home/shared/ws/fixedwide/src/limbs.hpp:370:38: warning: implicit conversion changes signedness: 'int' to 'std::size_t' (aka 'unsigned long') [-Wsign-conversion]
  370 |                 add_carry = (sum < u[j + i]) || (add_carry && sum == u[j + i]) ? 1 : 0;
      |                                      ^ ~
/home/shared/ws/fixedwide/src/limbs.hpp:371:19: warning: implicit conversion changes signedness: 'int' to 'std::size_t' (aka 'unsigned long') [-Wsign-conversion]
  371 |                 u[j + i] = sum;
      |                   ^ ~
/home/shared/ws/fixedwide/src/limbs.hpp:373:15: warning: implicit conversion changes signedness: 'int' to 'std::size_t' (aka 'unsigned long') [-Wsign-conversion]
  373 |             u[j + n] = 0;
      |               ^ ~
/home/shared/ws/fixedwide/src/limbs.hpp:375:15: warning: implicit conversion changes signedness: 'int' to 'std::size_t' (aka 'unsigned long') [-Wsign-conversion]
  375 |             u[j + n] -= borrow;
      |               ^ ~
/home/shared/ws/fixedwide/src/arithmetic.cpp:13:30: warning: unused function 'fits64' [-Wunused-function]
   13 | [[nodiscard]] constexpr bool fits64(std::int64_t) noexcept { return true; }
      |                              ^~~~~~
/home/shared/ws/fixedwide/src/arithmetic.cpp:15:30: warning: unused function 'fits64' [-Wunused-function]
   15 | [[nodiscard]] constexpr bool fits64(wide::int128 val) noexcept {
      |                              ^~~~~~
In file included from /home/shared/ws/fixedwide/src/arithmetic.cpp:1:
/home/shared/ws/fixedwide/include/fixedwide/arithmetic.hpp:420:11: warning: unused type alias 'Fixed' [-Wunused-local-typedef]
  420 |     using Fixed = basic_fixed<Bits, D>;
      |           ^
34 warnings generated.
[13/67] Building CXX object tests/CMakeFiles/test_binary.dir/test_binary.cpp.o
[14/67] Building CXX object examples/CMakeFiles/example_02_rounding_modes.dir/02_rounding_modes.cpp.o
[15/67] Linking CXX static library libfixedwide.a
[16/67] Linking CXX executable tests/test_wide
[17/67] Linking CXX executable tests/test_mixed_native
[18/67] Linking CXX executable examples/example_02_rounding_modes
[19/67] Linking CXX executable tests/audit_portable_edges
[20/67] Building CXX object tests/CMakeFiles/test_floating.dir/test_floating.cpp.o
[21/67] Linking CXX executable tests/test_rounding
[22/67] Building CXX object tests/CMakeFiles/test_chars.dir/test_chars.cpp.o
[23/67] Building CXX object tests/CMakeFiles/test_constexpr.dir/test_constexpr.cpp.o
[24/67] Linking CXX executable tests/test_binary
[25/67] Linking CXX executable tests/audit_portable_div128
[26/67] Linking CXX executable tests/test_overflow
[27/67] Linking CXX executable tests/test_floating
[28/67] Linking CXX executable tests/test_chars
[29/67] Building CXX object tests/CMakeFiles/audit_text_targeted.dir/audit_text_targeted.cpp.o
[30/67] Linking CXX executable tests/test_constexpr
[31/67] Building CXX object tests/CMakeFiles/audit_known.dir/audit_known.cpp.o
[32/67] Building CXX object examples/CMakeFiles/example_04_mixed_scales.dir/04_mixed_scales.cpp.o
[33/67] Building CXX object examples/CMakeFiles/example_03_error_handling.dir/03_error_handling.cpp.o
[34/67] Building CXX object tests/CMakeFiles/test_mixed.dir/test_mixed.cpp.o
[35/67] Building CXX object tests/CMakeFiles/test_storage.dir/test_storage.cpp.o
[36/67] Building CXX object examples/CMakeFiles/example_01_quick_start.dir/01_quick_start.cpp.o
[37/67] Linking CXX executable tests/audit_text_targeted
[38/67] Linking CXX executable tests/audit_known
[39/67] Linking CXX executable examples/example_03_error_handling
[40/67] Linking CXX executable tests/test_mixed
[41/67] Building CXX object tests/CMakeFiles/audit_floating.dir/audit_floating.cpp.o
[42/67] Linking CXX executable tests/test_storage
[43/67] Linking CXX executable examples/example_01_quick_start
[44/67] Linking CXX executable examples/example_04_mixed_scales
[45/67] Building CXX object tests/CMakeFiles/test_no_alloc.dir/test_no_alloc.cpp.o
[46/67] Linking CXX executable tests/audit_floating
[47/67] Building CXX object examples/CMakeFiles/example_06_binary_roundtrip.dir/06_binary_roundtrip.cpp.o
[48/67] Building CXX object tests/CMakeFiles/test_core.dir/test_core.cpp.o
[49/67] Linking CXX executable tests/test_no_alloc
[50/67] Building CXX object tests/CMakeFiles/test_signed_min.dir/test_signed_min.cpp.o
[51/67] Linking CXX executable tests/test_core
[52/67] Linking CXX executable examples/example_06_binary_roundtrip
[53/67] Linking CXX executable tests/test_signed_min
[54/67] Building CXX object tests/CMakeFiles/audit_io.dir/audit_io.cpp.o
[55/67] Building CXX object examples/CMakeFiles/example_07_money_ledger.dir/07_money_ledger.cpp.o
[56/67] Linking CXX executable tests/audit_io
[57/67] Linking CXX executable examples/example_07_money_ledger
[58/67] Building CXX object examples/CMakeFiles/example_08_constexpr.dir/08_constexpr.cpp.o
[59/67] Linking CXX executable examples/example_08_constexpr
[60/67] Building CXX object examples/CMakeFiles/example_05_text_io.dir/05_text_io.cpp.o
[61/67] Linking CXX executable examples/example_05_text_io
[62/67] Building CXX object tests/CMakeFiles/test_format.dir/test_format.cpp.o
[63/67] Linking CXX executable tests/test_format
[64/67] Building CXX object tests/CMakeFiles/audit_mixed.dir/audit_mixed.cpp.o
[65/67] Linking CXX executable tests/audit_mixed
[66/67] Building CXX object tests/CMakeFiles/audit_same_domain.dir/audit_same_domain.cpp.o
[67/67] Linking CXX executable tests/audit_same_domain
Test project /home/shared/ws/fixedwide/build_verify/Linux_x86-64_Clang_portable,___SIZEOF_INT128___undefined
      Start  1: fixedwide.storage
 1/34 Test  #1: fixedwide.storage ........................   Passed    0.00 sec
      Start  2: fixedwide.wide
 2/34 Test  #2: fixedwide.wide ...........................   Passed    0.00 sec
      Start  3: fixedwide.rounding
 3/34 Test  #3: fixedwide.rounding .......................   Passed    0.00 sec
      Start  4: fixedwide.core
 4/34 Test  #4: fixedwide.core ...........................   Passed    0.00 sec
      Start  5: fixedwide.mixed
 5/34 Test  #5: fixedwide.mixed ..........................   Passed    0.00 sec
      Start  6: fixedwide.chars
 6/34 Test  #6: fixedwide.chars ..........................   Passed    0.00 sec
      Start  7: fixedwide.binary
 7/34 Test  #7: fixedwide.binary .........................   Passed    0.00 sec
      Start  8: fixedwide.floating
 8/34 Test  #8: fixedwide.floating .......................   Passed    0.00 sec
      Start  9: fixedwide.no_alloc
 9/34 Test  #9: fixedwide.no_alloc .......................   Passed    0.00 sec
      Start 10: fixedwide.signed_min
10/34 Test #10: fixedwide.signed_min .....................   Passed    0.00 sec
      Start 11: fixedwide.overflow
11/34 Test #11: fixedwide.overflow .......................   Passed    0.03 sec
      Start 12: fixedwide.constexpr
12/34 Test #12: fixedwide.constexpr ......................   Passed    0.07 sec
      Start 13: fixedwide.mixed_native
13/34 Test #13: fixedwide.mixed_native ...................   Passed    0.12 sec
      Start 14: fixedwide.format
14/34 Test #14: fixedwide.format .........................   Passed    0.00 sec
      Start 15: fixedwide.audit.audit_same_domain
15/34 Test #15: fixedwide.audit.audit_same_domain ........   Passed    0.91 sec
      Start 16: fixedwide.audit.audit_mixed
16/34 Test #16: fixedwide.audit.audit_mixed ..............   Passed    1.45 sec
      Start 17: fixedwide.audit.audit_known
17/34 Test #17: fixedwide.audit.audit_known ..............   Passed    0.00 sec
      Start 18: fixedwide.audit.audit_floating
18/34 Test #18: fixedwide.audit.audit_floating ...........   Passed    0.00 sec
      Start 19: fixedwide.audit.audit_io
19/34 Test #19: fixedwide.audit.audit_io .................   Passed    0.03 sec
      Start 20: fixedwide.audit.audit_text_targeted
20/34 Test #20: fixedwide.audit.audit_text_targeted ......   Passed    0.00 sec
      Start 21: fixedwide.audit.audit_portable_edges
21/34 Test #21: fixedwide.audit.audit_portable_edges .....   Passed    0.00 sec
      Start 22: fixedwide.audit.audit_portable_div128
22/34 Test #22: fixedwide.audit.audit_portable_div128 ....   Passed    0.00 sec
      Start 23: fixedwide.negative.ambiguous_mixed_mul
23/34 Test #23: fixedwide.negative.ambiguous_mixed_mul ...   Passed    0.05 sec
      Start 24: fixedwide.negative.invalid_bits
24/34 Test #24: fixedwide.negative.invalid_bits ..........   Passed    0.03 sec
      Start 25: fixedwide.negative.invalid_scale
25/34 Test #25: fixedwide.negative.invalid_scale .........   Passed    0.03 sec
      Start 26: fixedwide.negative.runtime_scale
26/34 Test #26: fixedwide.negative.runtime_scale .........   Passed    0.03 sec
      Start 27: fixedwide.example.01_quick_start
27/34 Test #27: fixedwide.example.01_quick_start .........   Passed    0.00 sec
      Start 28: fixedwide.example.02_rounding_modes
28/34 Test #28: fixedwide.example.02_rounding_modes ......   Passed    0.00 sec
      Start 29: fixedwide.example.03_error_handling
29/34 Test #29: fixedwide.example.03_error_handling ......   Passed    0.00 sec
      Start 30: fixedwide.example.04_mixed_scales
30/34 Test #30: fixedwide.example.04_mixed_scales ........   Passed    0.00 sec
      Start 31: fixedwide.example.05_text_io
31/34 Test #31: fixedwide.example.05_text_io .............   Passed    0.00 sec
      Start 32: fixedwide.example.06_binary_roundtrip
32/34 Test #32: fixedwide.example.06_binary_roundtrip ....   Passed    0.00 sec
      Start 33: fixedwide.example.07_money_ledger
33/34 Test #33: fixedwide.example.07_money_ledger ........   Passed    0.00 sec
      Start 34: fixedwide.example.08_constexpr
34/34 Test #34: fixedwide.example.08_constexpr ...........   Passed    0.00 sec

100% tests passed out of 34

Total Test time (real) =   2.78 sec
=== Linux x86-64 Clang ASan+UBSan native ===
-- The CXX compiler identification is Clang 22.1.8
-- Detecting CXX compiler ABI info
-- Detecting CXX compiler ABI info - done
-- Check for working CXX compiler: /usr/bin/clang++ - skipped
-- Detecting CXX compile features
-- Detecting CXX compile features - done
CMake Warning (policy) at tests/CMakeLists.txt:46 (find_package):
  Policy CMP0167 is not set: The FindBoost module is removed.  Run "cmake
  --help-policy CMP0167" for policy details.  Use the cmake_policy command to
  set the policy and suppress this warning.
This warning is for project developers.  Use -Wno-author or -Wno-policy to
suppress it.

-- Configuring done (0.2s)
-- Generating done (0.0s)
-- Build files have been written to: /home/shared/ws/fixedwide/build_verify/Linux_x86-64_Clang_ASan_UBSan_native
[1/67] Building CXX object tests/CMakeFiles/test_overflow.dir/test_overflow.cpp.o
[2/67] Building CXX object tests/CMakeFiles/test_rounding.dir/test_rounding.cpp.o
[3/67] Building CXX object CMakeFiles/fixedwide.dir/src/bigint.cpp.o
In file included from /home/shared/ws/fixedwide/src/bigint.cpp:4:
/home/shared/ws/fixedwide/src/limbs.hpp:302:22: warning: implicit conversion changes signedness: 'int' to 'unsigned int' [-Wsign-conversion]
  302 |     unsigned shift = std::countl_zero(den.limbs[n - 1]);
      |              ~~~~~   ^~~~~~~~~~~~~~~~~~~~~~~~~~~~~~~~~~
/home/shared/ws/fixedwide/src/bigint.cpp:16:24: note: in instantiation of function template specialization 'fixedwide::detail::divmod_knuth<4UL, 2UL>' requested here
   16 |     auto res = detail::divmod_knuth(num, den);
      |                        ^
In file included from /home/shared/ws/fixedwide/src/bigint.cpp:4:
/home/shared/ws/fixedwide/src/limbs.hpp:330:33: warning: implicit conversion changes signedness: 'int' to 'std::size_t' (aka 'unsigned long') [-Wsign-conversion]
  330 |         std::uint64_t u_top = u[j + n];
      |                                 ^ ~
/home/shared/ws/fixedwide/src/limbs.hpp:331:34: warning: implicit conversion changes signedness: 'int' to 'std::size_t' (aka 'unsigned long') [-Wsign-conversion]
  331 |         std::uint64_t u_next = u[j + n - 1];
      |                                  ^ ~
/home/shared/ws/fixedwide/src/limbs.hpp:332:35: warning: implicit conversion changes signedness: 'int' to 'std::size_t' (aka 'unsigned long') [-Wsign-conversion]
  332 |         std::uint64_t u_next2 = u[j + n - 2];
      |                                   ^ ~
/home/shared/ws/fixedwide/src/limbs.hpp:361:19: warning: implicit conversion changes signedness: 'int' to 'std::size_t' (aka 'unsigned long') [-Wsign-conversion]
  361 |             if (u[j + i] < sub) ++borrow;
      |                   ^ ~
/home/shared/ws/fixedwide/src/limbs.hpp:362:15: warning: implicit conversion changes signedness: 'int' to 'std::size_t' (aka 'unsigned long') [-Wsign-conversion]
  362 |             u[j + i] -= sub;
      |               ^ ~
/home/shared/ws/fixedwide/src/limbs.hpp:364:15: warning: implicit conversion changes signedness: 'int' to 'std::size_t' (aka 'unsigned long') [-Wsign-conversion]
  364 |         if (u[j + n] < borrow) {
      |               ^ ~
/home/shared/ws/fixedwide/src/limbs.hpp:369:39: warning: implicit conversion changes signedness: 'int' to 'std::size_t' (aka 'unsigned long') [-Wsign-conversion]
  369 |                 std::uint64_t sum = u[j + i] + v[i] + add_carry;
      |                                       ^ ~
/home/shared/ws/fixedwide/src/limbs.hpp:370:72: warning: implicit conversion changes signedness: 'int' to 'std::size_t' (aka 'unsigned long') [-Wsign-conversion]
  370 |                 add_carry = (sum < u[j + i]) || (add_carry && sum == u[j + i]) ? 1 : 0;
      |                                                                        ^ ~
/home/shared/ws/fixedwide/src/limbs.hpp:370:38: warning: implicit conversion changes signedness: 'int' to 'std::size_t' (aka 'unsigned long') [-Wsign-conversion]
  370 |                 add_carry = (sum < u[j + i]) || (add_carry && sum == u[j + i]) ? 1 : 0;
      |                                      ^ ~
/home/shared/ws/fixedwide/src/limbs.hpp:371:19: warning: implicit conversion changes signedness: 'int' to 'std::size_t' (aka 'unsigned long') [-Wsign-conversion]
  371 |                 u[j + i] = sum;
      |                   ^ ~
/home/shared/ws/fixedwide/src/limbs.hpp:373:15: warning: implicit conversion changes signedness: 'int' to 'std::size_t' (aka 'unsigned long') [-Wsign-conversion]
  373 |             u[j + n] = 0;
      |               ^ ~
/home/shared/ws/fixedwide/src/limbs.hpp:375:15: warning: implicit conversion changes signedness: 'int' to 'std::size_t' (aka 'unsigned long') [-Wsign-conversion]
  375 |             u[j + n] -= borrow;
      |               ^ ~
13 warnings generated.
[4/67] Building CXX object CMakeFiles/fixedwide.dir/src/mixed.cpp.o
In file included from /home/shared/ws/fixedwide/src/mixed.cpp:1:
In file included from /home/shared/ws/fixedwide/include/fixedwide/mixed.hpp:14:
/home/shared/ws/fixedwide/include/fixedwide/detail/mixed_native.hpp:208:24: warning: unused variable 'common' [-Wunused-variable]
  208 |     constexpr unsigned common = Da < Db ? Da : Db;
      |                        ^~~~~~
In file included from /home/shared/ws/fixedwide/src/mixed.cpp:3:
/home/shared/ws/fixedwide/src/limbs.hpp:302:22: warning: implicit conversion changes signedness: 'int' to 'unsigned int' [-Wsign-conversion]
  302 |     unsigned shift = std::countl_zero(den.limbs[n - 1]);
      |              ~~~~~   ^~~~~~~~~~~~~~~~~~~~~~~~~~~~~~~~~~
/home/shared/ws/fixedwide/src/mixed.cpp:28:19: note: in instantiation of function template specialization 'fixedwide::detail::divmod_knuth<16UL, 16UL>' requested here
   28 |     auto divres = divmod_knuth(num, den);
      |                   ^
In file included from /home/shared/ws/fixedwide/src/mixed.cpp:3:
/home/shared/ws/fixedwide/src/limbs.hpp:330:33: warning: implicit conversion changes signedness: 'int' to 'std::size_t' (aka 'unsigned long') [-Wsign-conversion]
  330 |         std::uint64_t u_top = u[j + n];
      |                                 ^ ~
/home/shared/ws/fixedwide/src/limbs.hpp:331:34: warning: implicit conversion changes signedness: 'int' to 'std::size_t' (aka 'unsigned long') [-Wsign-conversion]
  331 |         std::uint64_t u_next = u[j + n - 1];
      |                                  ^ ~
/home/shared/ws/fixedwide/src/limbs.hpp:332:35: warning: implicit conversion changes signedness: 'int' to 'std::size_t' (aka 'unsigned long') [-Wsign-conversion]
  332 |         std::uint64_t u_next2 = u[j + n - 2];
      |                                   ^ ~
/home/shared/ws/fixedwide/src/limbs.hpp:361:19: warning: implicit conversion changes signedness: 'int' to 'std::size_t' (aka 'unsigned long') [-Wsign-conversion]
  361 |             if (u[j + i] < sub) ++borrow;
      |                   ^ ~
/home/shared/ws/fixedwide/src/limbs.hpp:362:15: warning: implicit conversion changes signedness: 'int' to 'std::size_t' (aka 'unsigned long') [-Wsign-conversion]
  362 |             u[j + i] -= sub;
      |               ^ ~
/home/shared/ws/fixedwide/src/limbs.hpp:364:15: warning: implicit conversion changes signedness: 'int' to 'std::size_t' (aka 'unsigned long') [-Wsign-conversion]
  364 |         if (u[j + n] < borrow) {
      |               ^ ~
/home/shared/ws/fixedwide/src/limbs.hpp:369:39: warning: implicit conversion changes signedness: 'int' to 'std::size_t' (aka 'unsigned long') [-Wsign-conversion]
  369 |                 std::uint64_t sum = u[j + i] + v[i] + add_carry;
      |                                       ^ ~
/home/shared/ws/fixedwide/src/limbs.hpp:370:72: warning: implicit conversion changes signedness: 'int' to 'std::size_t' (aka 'unsigned long') [-Wsign-conversion]
  370 |                 add_carry = (sum < u[j + i]) || (add_carry && sum == u[j + i]) ? 1 : 0;
      |                                                                        ^ ~
/home/shared/ws/fixedwide/src/limbs.hpp:370:38: warning: implicit conversion changes signedness: 'int' to 'std::size_t' (aka 'unsigned long') [-Wsign-conversion]
  370 |                 add_carry = (sum < u[j + i]) || (add_carry && sum == u[j + i]) ? 1 : 0;
      |                                      ^ ~
/home/shared/ws/fixedwide/src/limbs.hpp:371:19: warning: implicit conversion changes signedness: 'int' to 'std::size_t' (aka 'unsigned long') [-Wsign-conversion]
  371 |                 u[j + i] = sum;
      |                   ^ ~
/home/shared/ws/fixedwide/src/limbs.hpp:373:15: warning: implicit conversion changes signedness: 'int' to 'std::size_t' (aka 'unsigned long') [-Wsign-conversion]
  373 |             u[j + n] = 0;
      |               ^ ~
/home/shared/ws/fixedwide/src/limbs.hpp:375:15: warning: implicit conversion changes signedness: 'int' to 'std::size_t' (aka 'unsigned long') [-Wsign-conversion]
  375 |             u[j + n] -= borrow;
      |               ^ ~
14 warnings generated.
[5/67] Building CXX object CMakeFiles/fixedwide.dir/src/floating.cpp.o
In file included from /home/shared/ws/fixedwide/src/floating.cpp:3:
/home/shared/ws/fixedwide/src/limbs.hpp:302:22: warning: implicit conversion changes signedness: 'int' to 'unsigned int' [-Wsign-conversion]
  302 |     unsigned shift = std::countl_zero(den.limbs[n - 1]);
      |              ~~~~~   ^~~~~~~~~~~~~~~~~~~~~~~~~~~~~~~~~~
/home/shared/ws/fixedwide/src/floating.cpp:62:19: note: in instantiation of function template specialization 'fixedwide::detail::divmod_knuth<16UL, 16UL>' requested here
   62 |     auto divres = divmod_knuth(num, den);
      |                   ^
/home/shared/ws/fixedwide/src/floating.cpp:99:12: note: in instantiation of function template specialization 'fixedwide::detail::(anonymous namespace)::float_to_raw<float>' requested here
   99 |     return float_to_raw(value, decimals, rounding, bits);
      |            ^
In file included from /home/shared/ws/fixedwide/src/floating.cpp:3:
/home/shared/ws/fixedwide/src/limbs.hpp:330:33: warning: implicit conversion changes signedness: 'int' to 'std::size_t' (aka 'unsigned long') [-Wsign-conversion]
  330 |         std::uint64_t u_top = u[j + n];
      |                                 ^ ~
/home/shared/ws/fixedwide/src/limbs.hpp:331:34: warning: implicit conversion changes signedness: 'int' to 'std::size_t' (aka 'unsigned long') [-Wsign-conversion]
  331 |         std::uint64_t u_next = u[j + n - 1];
      |                                  ^ ~
/home/shared/ws/fixedwide/src/limbs.hpp:332:35: warning: implicit conversion changes signedness: 'int' to 'std::size_t' (aka 'unsigned long') [-Wsign-conversion]
  332 |         std::uint64_t u_next2 = u[j + n - 2];
      |                                   ^ ~
/home/shared/ws/fixedwide/src/limbs.hpp:361:19: warning: implicit conversion changes signedness: 'int' to 'std::size_t' (aka 'unsigned long') [-Wsign-conversion]
  361 |             if (u[j + i] < sub) ++borrow;
      |                   ^ ~
/home/shared/ws/fixedwide/src/limbs.hpp:362:15: warning: implicit conversion changes signedness: 'int' to 'std::size_t' (aka 'unsigned long') [-Wsign-conversion]
  362 |             u[j + i] -= sub;
      |               ^ ~
/home/shared/ws/fixedwide/src/limbs.hpp:364:15: warning: implicit conversion changes signedness: 'int' to 'std::size_t' (aka 'unsigned long') [-Wsign-conversion]
  364 |         if (u[j + n] < borrow) {
      |               ^ ~
/home/shared/ws/fixedwide/src/limbs.hpp:369:39: warning: implicit conversion changes signedness: 'int' to 'std::size_t' (aka 'unsigned long') [-Wsign-conversion]
  369 |                 std::uint64_t sum = u[j + i] + v[i] + add_carry;
      |                                       ^ ~
/home/shared/ws/fixedwide/src/limbs.hpp:370:72: warning: implicit conversion changes signedness: 'int' to 'std::size_t' (aka 'unsigned long') [-Wsign-conversion]
  370 |                 add_carry = (sum < u[j + i]) || (add_carry && sum == u[j + i]) ? 1 : 0;
      |                                                                        ^ ~
/home/shared/ws/fixedwide/src/limbs.hpp:370:38: warning: implicit conversion changes signedness: 'int' to 'std::size_t' (aka 'unsigned long') [-Wsign-conversion]
  370 |                 add_carry = (sum < u[j + i]) || (add_carry && sum == u[j + i]) ? 1 : 0;
      |                                      ^ ~
/home/shared/ws/fixedwide/src/limbs.hpp:371:19: warning: implicit conversion changes signedness: 'int' to 'std::size_t' (aka 'unsigned long') [-Wsign-conversion]
  371 |                 u[j + i] = sum;
      |                   ^ ~
/home/shared/ws/fixedwide/src/limbs.hpp:373:15: warning: implicit conversion changes signedness: 'int' to 'std::size_t' (aka 'unsigned long') [-Wsign-conversion]
  373 |             u[j + n] = 0;
      |               ^ ~
/home/shared/ws/fixedwide/src/limbs.hpp:375:15: warning: implicit conversion changes signedness: 'int' to 'std::size_t' (aka 'unsigned long') [-Wsign-conversion]
  375 |             u[j + n] -= borrow;
      |               ^ ~
13 warnings generated.
[6/67] Building CXX object CMakeFiles/fixedwide.dir/src/integer_chars.cpp.o
[7/67] Building CXX object CMakeFiles/fixedwide.dir/src/chars.cpp.o
In file included from /home/shared/ws/fixedwide/src/chars.cpp:3:
/home/shared/ws/fixedwide/src/limbs.hpp:302:22: warning: implicit conversion changes signedness: 'int' to 'unsigned int' [-Wsign-conversion]
  302 |     unsigned shift = std::countl_zero(den.limbs[n - 1]);
      |              ~~~~~   ^~~~~~~~~~~~~~~~~~~~~~~~~~~~~~~~~~
/home/shared/ws/fixedwide/src/chars.cpp:455:19: note: in instantiation of function template specialization 'fixedwide::detail::divmod_knuth<4UL, 4UL>' requested here
  455 |     auto divres = divmod_knuth(vmag, divisor);
      |                   ^
In file included from /home/shared/ws/fixedwide/src/chars.cpp:3:
/home/shared/ws/fixedwide/src/limbs.hpp:330:33: warning: implicit conversion changes signedness: 'int' to 'std::size_t' (aka 'unsigned long') [-Wsign-conversion]
  330 |         std::uint64_t u_top = u[j + n];
      |                                 ^ ~
/home/shared/ws/fixedwide/src/limbs.hpp:331:34: warning: implicit conversion changes signedness: 'int' to 'std::size_t' (aka 'unsigned long') [-Wsign-conversion]
  331 |         std::uint64_t u_next = u[j + n - 1];
      |                                  ^ ~
/home/shared/ws/fixedwide/src/limbs.hpp:332:35: warning: implicit conversion changes signedness: 'int' to 'std::size_t' (aka 'unsigned long') [-Wsign-conversion]
  332 |         std::uint64_t u_next2 = u[j + n - 2];
      |                                   ^ ~
/home/shared/ws/fixedwide/src/limbs.hpp:361:19: warning: implicit conversion changes signedness: 'int' to 'std::size_t' (aka 'unsigned long') [-Wsign-conversion]
  361 |             if (u[j + i] < sub) ++borrow;
      |                   ^ ~
/home/shared/ws/fixedwide/src/limbs.hpp:362:15: warning: implicit conversion changes signedness: 'int' to 'std::size_t' (aka 'unsigned long') [-Wsign-conversion]
  362 |             u[j + i] -= sub;
      |               ^ ~
/home/shared/ws/fixedwide/src/limbs.hpp:364:15: warning: implicit conversion changes signedness: 'int' to 'std::size_t' (aka 'unsigned long') [-Wsign-conversion]
  364 |         if (u[j + n] < borrow) {
      |               ^ ~
/home/shared/ws/fixedwide/src/limbs.hpp:369:39: warning: implicit conversion changes signedness: 'int' to 'std::size_t' (aka 'unsigned long') [-Wsign-conversion]
  369 |                 std::uint64_t sum = u[j + i] + v[i] + add_carry;
      |                                       ^ ~
/home/shared/ws/fixedwide/src/limbs.hpp:370:72: warning: implicit conversion changes signedness: 'int' to 'std::size_t' (aka 'unsigned long') [-Wsign-conversion]
  370 |                 add_carry = (sum < u[j + i]) || (add_carry && sum == u[j + i]) ? 1 : 0;
      |                                                                        ^ ~
/home/shared/ws/fixedwide/src/limbs.hpp:370:38: warning: implicit conversion changes signedness: 'int' to 'std::size_t' (aka 'unsigned long') [-Wsign-conversion]
  370 |                 add_carry = (sum < u[j + i]) || (add_carry && sum == u[j + i]) ? 1 : 0;
      |                                      ^ ~
/home/shared/ws/fixedwide/src/limbs.hpp:371:19: warning: implicit conversion changes signedness: 'int' to 'std::size_t' (aka 'unsigned long') [-Wsign-conversion]
  371 |                 u[j + i] = sum;
      |                   ^ ~
/home/shared/ws/fixedwide/src/limbs.hpp:373:15: warning: implicit conversion changes signedness: 'int' to 'std::size_t' (aka 'unsigned long') [-Wsign-conversion]
  373 |             u[j + n] = 0;
      |               ^ ~
/home/shared/ws/fixedwide/src/limbs.hpp:375:15: warning: implicit conversion changes signedness: 'int' to 'std::size_t' (aka 'unsigned long') [-Wsign-conversion]
  375 |             u[j + n] -= borrow;
      |               ^ ~
13 warnings generated.
[8/67] Building CXX object tests/CMakeFiles/test_wide.dir/test_wide.cpp.o
[9/67] Building CXX object tests/CMakeFiles/audit_portable_edges.dir/audit_portable_edges.cpp.o
[10/67] Building CXX object tests/CMakeFiles/test_mixed_native.dir/test_mixed_native.cpp.o
[11/67] Building CXX object tests/CMakeFiles/test_constexpr.dir/test_constexpr.cpp.o
[12/67] Building CXX object tests/CMakeFiles/audit_portable_div128.dir/audit_portable_div128.cpp.o
[13/67] Building CXX object tests/CMakeFiles/audit_text_targeted.dir/audit_text_targeted.cpp.o
[14/67] Building CXX object tests/CMakeFiles/test_storage.dir/test_storage.cpp.o
[15/67] Building CXX object examples/CMakeFiles/example_02_rounding_modes.dir/02_rounding_modes.cpp.o
[16/67] Building CXX object examples/CMakeFiles/example_04_mixed_scales.dir/04_mixed_scales.cpp.o
[17/67] Building CXX object CMakeFiles/fixedwide.dir/src/arithmetic.cpp.o
In file included from /home/shared/ws/fixedwide/src/arithmetic.cpp:1:
/home/shared/ws/fixedwide/include/fixedwide/arithmetic.hpp:203:39: warning: implicit conversion changes signedness: 'unsigned long long' to 'std::int64_t' (aka 'long') [-Wsign-conversion]
  203 |                 std::int64_t s = 0ULL - u;
      |                              ~   ~~~~~^~~
/home/shared/ws/fixedwide/include/fixedwide/arithmetic.hpp:238:39: warning: implicit conversion changes signedness: 'unsigned long long' to 'std::int64_t' (aka 'long') [-Wsign-conversion]
  238 |                 std::int64_t s = 0ULL - u;
      |                              ~   ~~~~~^~~
In file included from /home/shared/ws/fixedwide/src/arithmetic.cpp:5:
/home/shared/ws/fixedwide/src/limbs.hpp:302:22: warning: implicit conversion changes signedness: 'int' to 'unsigned int' [-Wsign-conversion]
  302 |     unsigned shift = std::countl_zero(den.limbs[n - 1]);
      |              ~~~~~   ^~~~~~~~~~~~~~~~~~~~~~~~~~~~~~~~~~
/home/shared/ws/fixedwide/src/arithmetic.cpp:867:26: note: in instantiation of function template specialization 'fixedwide::detail::divmod_knuth<8UL, 4UL>' requested here
  867 |     const auto general = divmod_knuth(numerator, divisor);
      |                          ^
/home/shared/ws/fixedwide/src/arithmetic.cpp:885:25: note: in instantiation of function template specialization 'fixedwide::detail::divide_wide<8UL>' requested here
  885 |     const auto divres = divide_wide(prod, s);
      |                         ^
In file included from /home/shared/ws/fixedwide/src/arithmetic.cpp:5:
/home/shared/ws/fixedwide/src/limbs.hpp:330:33: warning: implicit conversion changes signedness: 'int' to 'std::size_t' (aka 'unsigned long') [-Wsign-conversion]
  330 |         std::uint64_t u_top = u[j + n];
      |                                 ^ ~
/home/shared/ws/fixedwide/src/limbs.hpp:331:34: warning: implicit conversion changes signedness: 'int' to 'std::size_t' (aka 'unsigned long') [-Wsign-conversion]
  331 |         std::uint64_t u_next = u[j + n - 1];
      |                                  ^ ~
/home/shared/ws/fixedwide/src/limbs.hpp:332:35: warning: implicit conversion changes signedness: 'int' to 'std::size_t' (aka 'unsigned long') [-Wsign-conversion]
  332 |         std::uint64_t u_next2 = u[j + n - 2];
      |                                   ^ ~
/home/shared/ws/fixedwide/src/limbs.hpp:361:19: warning: implicit conversion changes signedness: 'int' to 'std::size_t' (aka 'unsigned long') [-Wsign-conversion]
  361 |             if (u[j + i] < sub) ++borrow;
      |                   ^ ~
/home/shared/ws/fixedwide/src/limbs.hpp:362:15: warning: implicit conversion changes signedness: 'int' to 'std::size_t' (aka 'unsigned long') [-Wsign-conversion]
  362 |             u[j + i] -= sub;
      |               ^ ~
/home/shared/ws/fixedwide/src/limbs.hpp:364:15: warning: implicit conversion changes signedness: 'int' to 'std::size_t' (aka 'unsigned long') [-Wsign-conversion]
  364 |         if (u[j + n] < borrow) {
      |               ^ ~
/home/shared/ws/fixedwide/src/limbs.hpp:369:39: warning: implicit conversion changes signedness: 'int' to 'std::size_t' (aka 'unsigned long') [-Wsign-conversion]
  369 |                 std::uint64_t sum = u[j + i] + v[i] + add_carry;
      |                                       ^ ~
/home/shared/ws/fixedwide/src/limbs.hpp:370:72: warning: implicit conversion changes signedness: 'int' to 'std::size_t' (aka 'unsigned long') [-Wsign-conversion]
  370 |                 add_carry = (sum < u[j + i]) || (add_carry && sum == u[j + i]) ? 1 : 0;
      |                                                                        ^ ~
/home/shared/ws/fixedwide/src/limbs.hpp:370:38: warning: implicit conversion changes signedness: 'int' to 'std::size_t' (aka 'unsigned long') [-Wsign-conversion]
  370 |                 add_carry = (sum < u[j + i]) || (add_carry && sum == u[j + i]) ? 1 : 0;
      |                                      ^ ~
/home/shared/ws/fixedwide/src/limbs.hpp:371:19: warning: implicit conversion changes signedness: 'int' to 'std::size_t' (aka 'unsigned long') [-Wsign-conversion]
  371 |                 u[j + i] = sum;
      |                   ^ ~
/home/shared/ws/fixedwide/src/limbs.hpp:373:15: warning: implicit conversion changes signedness: 'int' to 'std::size_t' (aka 'unsigned long') [-Wsign-conversion]
  373 |             u[j + n] = 0;
      |               ^ ~
/home/shared/ws/fixedwide/src/limbs.hpp:375:15: warning: implicit conversion changes signedness: 'int' to 'std::size_t' (aka 'unsigned long') [-Wsign-conversion]
  375 |             u[j + n] -= borrow;
      |               ^ ~
/home/shared/ws/fixedwide/src/limbs.hpp:302:22: warning: implicit conversion changes signedness: 'int' to 'unsigned int' [-Wsign-conversion]
  302 |     unsigned shift = std::countl_zero(den.limbs[n - 1]);
      |              ~~~~~   ^~~~~~~~~~~~~~~~~~~~~~~~~~~~~~~~~~
/home/shared/ws/fixedwide/src/arithmetic.cpp:867:26: note: in instantiation of function template specialization 'fixedwide::detail::divmod_knuth<4UL, 4UL>' requested here
  867 |     const auto general = divmod_knuth(numerator, divisor);
      |                          ^
/home/shared/ws/fixedwide/src/arithmetic.cpp:976:19: note: in instantiation of function template specialization 'fixedwide::detail::divide_wide<4UL>' requested here
  976 |     auto divres = divide_wide(mag, udiv);
      |                   ^
In file included from /home/shared/ws/fixedwide/src/arithmetic.cpp:5:
/home/shared/ws/fixedwide/src/limbs.hpp:330:33: warning: implicit conversion changes signedness: 'int' to 'std::size_t' (aka 'unsigned long') [-Wsign-conversion]
  330 |         std::uint64_t u_top = u[j + n];
      |                                 ^ ~
/home/shared/ws/fixedwide/src/limbs.hpp:331:34: warning: implicit conversion changes signedness: 'int' to 'std::size_t' (aka 'unsigned long') [-Wsign-conversion]
  331 |         std::uint64_t u_next = u[j + n - 1];
      |                                  ^ ~
/home/shared/ws/fixedwide/src/limbs.hpp:332:35: warning: implicit conversion changes signedness: 'int' to 'std::size_t' (aka 'unsigned long') [-Wsign-conversion]
  332 |         std::uint64_t u_next2 = u[j + n - 2];
      |                                   ^ ~
/home/shared/ws/fixedwide/src/limbs.hpp:361:19: warning: implicit conversion changes signedness: 'int' to 'std::size_t' (aka 'unsigned long') [-Wsign-conversion]
  361 |             if (u[j + i] < sub) ++borrow;
      |                   ^ ~
/home/shared/ws/fixedwide/src/limbs.hpp:362:15: warning: implicit conversion changes signedness: 'int' to 'std::size_t' (aka 'unsigned long') [-Wsign-conversion]
  362 |             u[j + i] -= sub;
      |               ^ ~
/home/shared/ws/fixedwide/src/limbs.hpp:364:15: warning: implicit conversion changes signedness: 'int' to 'std::size_t' (aka 'unsigned long') [-Wsign-conversion]
  364 |         if (u[j + n] < borrow) {
      |               ^ ~
/home/shared/ws/fixedwide/src/limbs.hpp:369:39: warning: implicit conversion changes signedness: 'int' to 'std::size_t' (aka 'unsigned long') [-Wsign-conversion]
  369 |                 std::uint64_t sum = u[j + i] + v[i] + add_carry;
      |                                       ^ ~
/home/shared/ws/fixedwide/src/limbs.hpp:370:72: warning: implicit conversion changes signedness: 'int' to 'std::size_t' (aka 'unsigned long') [-Wsign-conversion]
  370 |                 add_carry = (sum < u[j + i]) || (add_carry && sum == u[j + i]) ? 1 : 0;
      |                                                                        ^ ~
/home/shared/ws/fixedwide/src/limbs.hpp:370:38: warning: implicit conversion changes signedness: 'int' to 'std::size_t' (aka 'unsigned long') [-Wsign-conversion]
  370 |                 add_carry = (sum < u[j + i]) || (add_carry && sum == u[j + i]) ? 1 : 0;
      |                                      ^ ~
/home/shared/ws/fixedwide/src/limbs.hpp:371:19: warning: implicit conversion changes signedness: 'int' to 'std::size_t' (aka 'unsigned long') [-Wsign-conversion]
  371 |                 u[j + i] = sum;
      |                   ^ ~
/home/shared/ws/fixedwide/src/limbs.hpp:373:15: warning: implicit conversion changes signedness: 'int' to 'std::size_t' (aka 'unsigned long') [-Wsign-conversion]
  373 |             u[j + n] = 0;
      |               ^ ~
/home/shared/ws/fixedwide/src/limbs.hpp:375:15: warning: implicit conversion changes signedness: 'int' to 'std::size_t' (aka 'unsigned long') [-Wsign-conversion]
  375 |             u[j + n] -= borrow;
      |               ^ ~
/home/shared/ws/fixedwide/src/arithmetic.cpp:13:30: warning: unused function 'fits64' [-Wunused-function]
   13 | [[nodiscard]] constexpr bool fits64(std::int64_t) noexcept { return true; }
      |                              ^~~~~~
/home/shared/ws/fixedwide/src/arithmetic.cpp:146:21: warning: unused function 'divide_product_by_scale' [-Wunused-function]
  146 | inline wide::int128 divide_product_by_scale(wide::int128 product, wide::uint128 scale, Rounding rounding) noexcept {
      |                     ^~~~~~~~~~~~~~~~~~~~~~~
/home/shared/ws/fixedwide/src/arithmetic.cpp:246:1: warning: unused function 'divide_signed_general_n' [-Wunused-function]
  246 | divide_signed_general_n(i128 numerator, i128 divisor, Rounding rounding) noexcept {
      | ^~~~~~~~~~~~~~~~~~~~~~~
In file included from /home/shared/ws/fixedwide/src/arithmetic.cpp:1:
/home/shared/ws/fixedwide/include/fixedwide/arithmetic.hpp:420:11: warning: unused type alias 'Fixed' [-Wunused-local-typedef]
  420 |     using Fixed = basic_fixed<Bits, D>;
      |           ^
32 warnings generated.
[18/67] Linking CXX static library libfixedwide.a
[19/67] Building CXX object examples/CMakeFiles/example_03_error_handling.dir/03_error_handling.cpp.o
[20/67] Building CXX object tests/CMakeFiles/audit_floating.dir/audit_floating.cpp.o
[21/67] Building CXX object examples/CMakeFiles/example_06_binary_roundtrip.dir/06_binary_roundtrip.cpp.o
[22/67] Building CXX object tests/CMakeFiles/test_signed_min.dir/test_signed_min.cpp.o
[23/67] Building CXX object tests/CMakeFiles/audit_known.dir/audit_known.cpp.o
[24/67] Building CXX object tests/CMakeFiles/test_floating.dir/test_floating.cpp.o
[25/67] Building CXX object tests/CMakeFiles/test_binary.dir/test_binary.cpp.o
[26/67] Building CXX object examples/CMakeFiles/example_01_quick_start.dir/01_quick_start.cpp.o
[27/67] Linking CXX executable tests/audit_portable_edges
[28/67] Building CXX object tests/CMakeFiles/test_no_alloc.dir/test_no_alloc.cpp.o
[29/67] Linking CXX executable tests/audit_portable_div128
[30/67] Linking CXX executable tests/test_wide
[31/67] Linking CXX executable tests/audit_floating
[32/67] Linking CXX executable examples/example_04_mixed_scales
[33/67] Linking CXX executable examples/example_06_binary_roundtrip
[34/67] Linking CXX executable tests/test_signed_min
[35/67] Building CXX object tests/CMakeFiles/test_chars.dir/test_chars.cpp.o
[36/67] Linking CXX executable tests/test_rounding
[37/67] Linking CXX executable tests/test_constexpr
[38/67] Linking CXX executable examples/example_03_error_handling
[39/67] Linking CXX executable tests/test_storage
[40/67] Linking CXX executable tests/test_overflow
[41/67] Linking CXX executable tests/test_mixed_native
[42/67] Linking CXX executable tests/audit_text_targeted
[43/67] Linking CXX executable examples/example_02_rounding_modes
[44/67] Linking CXX executable tests/audit_known
[45/67] Building CXX object tests/CMakeFiles/test_mixed.dir/test_mixed.cpp.o
[46/67] Linking CXX executable tests/test_floating
[47/67] Linking CXX executable examples/example_01_quick_start
[48/67] Linking CXX executable tests/test_binary
[49/67] Linking CXX executable tests/test_no_alloc
[50/67] Linking CXX executable tests/test_chars
[51/67] Building CXX object examples/CMakeFiles/example_08_constexpr.dir/08_constexpr.cpp.o
[52/67] Building CXX object tests/CMakeFiles/test_core.dir/test_core.cpp.o
[53/67] Building CXX object tests/CMakeFiles/audit_io.dir/audit_io.cpp.o
[54/67] Linking CXX executable tests/test_mixed
[55/67] Building CXX object examples/CMakeFiles/example_07_money_ledger.dir/07_money_ledger.cpp.o
[56/67] Linking CXX executable examples/example_08_constexpr
[57/67] Linking CXX executable tests/test_core
[58/67] Linking CXX executable tests/audit_io
[59/67] Linking CXX executable examples/example_07_money_ledger
[60/67] Building CXX object examples/CMakeFiles/example_05_text_io.dir/05_text_io.cpp.o
[61/67] Linking CXX executable examples/example_05_text_io
[62/67] Building CXX object tests/CMakeFiles/test_format.dir/test_format.cpp.o
[63/67] Linking CXX executable tests/test_format
[64/67] Building CXX object tests/CMakeFiles/audit_mixed.dir/audit_mixed.cpp.o
[65/67] Linking CXX executable tests/audit_mixed
[66/67] Building CXX object tests/CMakeFiles/audit_same_domain.dir/audit_same_domain.cpp.o
[67/67] Linking CXX executable tests/audit_same_domain
Test project /home/shared/ws/fixedwide/build_verify/Linux_x86-64_Clang_ASan_UBSan_native
      Start  1: fixedwide.storage
 1/34 Test  #1: fixedwide.storage ........................   Passed    0.00 sec
      Start  2: fixedwide.wide
 2/34 Test  #2: fixedwide.wide ...........................   Passed    0.00 sec
      Start  3: fixedwide.rounding
 3/34 Test  #3: fixedwide.rounding .......................   Passed    0.00 sec
      Start  4: fixedwide.core
 4/34 Test  #4: fixedwide.core ...........................   Passed    0.00 sec
      Start  5: fixedwide.mixed
 5/34 Test  #5: fixedwide.mixed ..........................   Passed    0.05 sec
      Start  6: fixedwide.chars
 6/34 Test  #6: fixedwide.chars ..........................   Passed    0.00 sec
      Start  7: fixedwide.binary
 7/34 Test  #7: fixedwide.binary .........................   Passed    0.00 sec
      Start  8: fixedwide.floating
 8/34 Test  #8: fixedwide.floating .......................   Passed    0.00 sec
      Start  9: fixedwide.no_alloc
 9/34 Test  #9: fixedwide.no_alloc .......................   Passed    0.00 sec
      Start 10: fixedwide.signed_min
10/34 Test #10: fixedwide.signed_min .....................   Passed    0.00 sec
      Start 11: fixedwide.overflow
11/34 Test #11: fixedwide.overflow .......................   Passed    1.39 sec
      Start 12: fixedwide.constexpr
12/34 Test #12: fixedwide.constexpr ......................   Passed    2.70 sec
      Start 13: fixedwide.mixed_native
13/34 Test #13: fixedwide.mixed_native ...................   Passed    1.04 sec
      Start 14: fixedwide.format
14/34 Test #14: fixedwide.format .........................   Passed    0.00 sec
      Start 15: fixedwide.audit.audit_same_domain
15/34 Test #15: fixedwide.audit.audit_same_domain ........   Passed   10.45 sec
      Start 16: fixedwide.audit.audit_mixed
16/34 Test #16: fixedwide.audit.audit_mixed ..............   Passed   13.42 sec
      Start 17: fixedwide.audit.audit_known
17/34 Test #17: fixedwide.audit.audit_known ..............   Passed    0.00 sec
      Start 18: fixedwide.audit.audit_floating
18/34 Test #18: fixedwide.audit.audit_floating ...........   Passed    0.00 sec
      Start 19: fixedwide.audit.audit_io
19/34 Test #19: fixedwide.audit.audit_io .................   Passed    0.15 sec
      Start 20: fixedwide.audit.audit_text_targeted
20/34 Test #20: fixedwide.audit.audit_text_targeted ......   Passed    0.00 sec
      Start 21: fixedwide.audit.audit_portable_edges
21/34 Test #21: fixedwide.audit.audit_portable_edges .....   Passed    0.00 sec
      Start 22: fixedwide.audit.audit_portable_div128
22/34 Test #22: fixedwide.audit.audit_portable_div128 ....   Passed    0.00 sec
      Start 23: fixedwide.negative.ambiguous_mixed_mul
23/34 Test #23: fixedwide.negative.ambiguous_mixed_mul ...   Passed    0.05 sec
      Start 24: fixedwide.negative.invalid_bits
24/34 Test #24: fixedwide.negative.invalid_bits ..........   Passed    0.03 sec
      Start 25: fixedwide.negative.invalid_scale
25/34 Test #25: fixedwide.negative.invalid_scale .........   Passed    0.03 sec
      Start 26: fixedwide.negative.runtime_scale
26/34 Test #26: fixedwide.negative.runtime_scale .........   Passed    0.03 sec
      Start 27: fixedwide.example.01_quick_start
27/34 Test #27: fixedwide.example.01_quick_start .........   Passed    0.00 sec
      Start 28: fixedwide.example.02_rounding_modes
28/34 Test #28: fixedwide.example.02_rounding_modes ......   Passed    0.00 sec
      Start 29: fixedwide.example.03_error_handling
29/34 Test #29: fixedwide.example.03_error_handling ......   Passed    0.00 sec
      Start 30: fixedwide.example.04_mixed_scales
30/34 Test #30: fixedwide.example.04_mixed_scales ........   Passed    0.00 sec
      Start 31: fixedwide.example.05_text_io
31/34 Test #31: fixedwide.example.05_text_io .............   Passed    0.00 sec
      Start 32: fixedwide.example.06_binary_roundtrip
32/34 Test #32: fixedwide.example.06_binary_roundtrip ....   Passed    0.00 sec
      Start 33: fixedwide.example.07_money_ledger
33/34 Test #33: fixedwide.example.07_money_ledger ........   Passed    0.00 sec
      Start 34: fixedwide.example.08_constexpr
34/34 Test #34: fixedwide.example.08_constexpr ...........   Passed    0.00 sec

100% tests passed out of 34

Total Test time (real) =  29.44 sec
=== Linux x86-64 Clang ASan+UBSan forced portable ===
-- The CXX compiler identification is Clang 22.1.8
-- Detecting CXX compiler ABI info
-- Detecting CXX compiler ABI info - done
-- Check for working CXX compiler: /usr/bin/clang++ - skipped
-- Detecting CXX compile features
-- Detecting CXX compile features - done
CMake Warning (policy) at tests/CMakeLists.txt:46 (find_package):
  Policy CMP0167 is not set: The FindBoost module is removed.  Run "cmake
  --help-policy CMP0167" for policy details.  Use the cmake_policy command to
  set the policy and suppress this warning.
This warning is for project developers.  Use -Wno-author or -Wno-policy to
suppress it.

-- Configuring done (0.1s)
-- Generating done (0.0s)
-- Build files have been written to: /home/shared/ws/fixedwide/build_verify/Linux_x86-64_Clang_ASan_UBSan_forced_portable
[1/67] Building CXX object tests/CMakeFiles/test_overflow.dir/test_overflow.cpp.o
[2/67] Building CXX object tests/CMakeFiles/test_rounding.dir/test_rounding.cpp.o
[3/67] Building CXX object CMakeFiles/fixedwide.dir/src/mixed.cpp.o
In file included from /home/shared/ws/fixedwide/src/mixed.cpp:2:
/home/shared/ws/fixedwide/src/detail.hpp:324:39: warning: implicit conversion changes signedness: 'int' to 'unsigned int' [-Wsign-conversion]
  324 |     wide::uint128 norm_d = divisor << shift;
      |                                    ~~ ^~~~~
/home/shared/ws/fixedwide/src/detail.hpp:325:41: warning: implicit conversion changes signedness: 'int' to 'unsigned int' [-Wsign-conversion]
  325 |     wide::uint128 norm_n = numerator << shift;
      |                                      ~~ ^~~~~
/home/shared/ws/fixedwide/src/detail.hpp:310:97: warning: unused parameter 'need_remainder' [-Wunused-parameter]
  310 | [[nodiscard]] inline Quotient128 divide128(wide::uint128 numerator, wide::uint128 divisor, bool need_remainder = true) noexcept {
      |                                                                                                 ^
In file included from /home/shared/ws/fixedwide/src/mixed.cpp:3:
/home/shared/ws/fixedwide/src/limbs.hpp:302:22: warning: implicit conversion changes signedness: 'int' to 'unsigned int' [-Wsign-conversion]
  302 |     unsigned shift = std::countl_zero(den.limbs[n - 1]);
      |              ~~~~~   ^~~~~~~~~~~~~~~~~~~~~~~~~~~~~~~~~~
/home/shared/ws/fixedwide/src/mixed.cpp:28:19: note: in instantiation of function template specialization 'fixedwide::detail::divmod_knuth<16UL, 16UL>' requested here
   28 |     auto divres = divmod_knuth(num, den);
      |                   ^
In file included from /home/shared/ws/fixedwide/src/mixed.cpp:3:
/home/shared/ws/fixedwide/src/limbs.hpp:330:33: warning: implicit conversion changes signedness: 'int' to 'std::size_t' (aka 'unsigned long') [-Wsign-conversion]
  330 |         std::uint64_t u_top = u[j + n];
      |                                 ^ ~
/home/shared/ws/fixedwide/src/limbs.hpp:331:34: warning: implicit conversion changes signedness: 'int' to 'std::size_t' (aka 'unsigned long') [-Wsign-conversion]
  331 |         std::uint64_t u_next = u[j + n - 1];
      |                                  ^ ~
/home/shared/ws/fixedwide/src/limbs.hpp:332:35: warning: implicit conversion changes signedness: 'int' to 'std::size_t' (aka 'unsigned long') [-Wsign-conversion]
  332 |         std::uint64_t u_next2 = u[j + n - 2];
      |                                   ^ ~
/home/shared/ws/fixedwide/src/limbs.hpp:361:19: warning: implicit conversion changes signedness: 'int' to 'std::size_t' (aka 'unsigned long') [-Wsign-conversion]
  361 |             if (u[j + i] < sub) ++borrow;
      |                   ^ ~
/home/shared/ws/fixedwide/src/limbs.hpp:362:15: warning: implicit conversion changes signedness: 'int' to 'std::size_t' (aka 'unsigned long') [-Wsign-conversion]
  362 |             u[j + i] -= sub;
      |               ^ ~
/home/shared/ws/fixedwide/src/limbs.hpp:364:15: warning: implicit conversion changes signedness: 'int' to 'std::size_t' (aka 'unsigned long') [-Wsign-conversion]
  364 |         if (u[j + n] < borrow) {
      |               ^ ~
/home/shared/ws/fixedwide/src/limbs.hpp:369:39: warning: implicit conversion changes signedness: 'int' to 'std::size_t' (aka 'unsigned long') [-Wsign-conversion]
  369 |                 std::uint64_t sum = u[j + i] + v[i] + add_carry;
      |                                       ^ ~
/home/shared/ws/fixedwide/src/limbs.hpp:370:72: warning: implicit conversion changes signedness: 'int' to 'std::size_t' (aka 'unsigned long') [-Wsign-conversion]
  370 |                 add_carry = (sum < u[j + i]) || (add_carry && sum == u[j + i]) ? 1 : 0;
      |                                                                        ^ ~
/home/shared/ws/fixedwide/src/limbs.hpp:370:38: warning: implicit conversion changes signedness: 'int' to 'std::size_t' (aka 'unsigned long') [-Wsign-conversion]
  370 |                 add_carry = (sum < u[j + i]) || (add_carry && sum == u[j + i]) ? 1 : 0;
      |                                      ^ ~
/home/shared/ws/fixedwide/src/limbs.hpp:371:19: warning: implicit conversion changes signedness: 'int' to 'std::size_t' (aka 'unsigned long') [-Wsign-conversion]
  371 |                 u[j + i] = sum;
      |                   ^ ~
/home/shared/ws/fixedwide/src/limbs.hpp:373:15: warning: implicit conversion changes signedness: 'int' to 'std::size_t' (aka 'unsigned long') [-Wsign-conversion]
  373 |             u[j + n] = 0;
      |               ^ ~
/home/shared/ws/fixedwide/src/limbs.hpp:375:15: warning: implicit conversion changes signedness: 'int' to 'std::size_t' (aka 'unsigned long') [-Wsign-conversion]
  375 |             u[j + n] -= borrow;
      |               ^ ~
16 warnings generated.
[4/67] Building CXX object CMakeFiles/fixedwide.dir/src/bigint.cpp.o
In file included from /home/shared/ws/fixedwide/src/bigint.cpp:3:
/home/shared/ws/fixedwide/src/detail.hpp:324:39: warning: implicit conversion changes signedness: 'int' to 'unsigned int' [-Wsign-conversion]
  324 |     wide::uint128 norm_d = divisor << shift;
      |                                    ~~ ^~~~~
/home/shared/ws/fixedwide/src/detail.hpp:325:41: warning: implicit conversion changes signedness: 'int' to 'unsigned int' [-Wsign-conversion]
  325 |     wide::uint128 norm_n = numerator << shift;
      |                                      ~~ ^~~~~
/home/shared/ws/fixedwide/src/detail.hpp:310:97: warning: unused parameter 'need_remainder' [-Wunused-parameter]
  310 | [[nodiscard]] inline Quotient128 divide128(wide::uint128 numerator, wide::uint128 divisor, bool need_remainder = true) noexcept {
      |                                                                                                 ^
In file included from /home/shared/ws/fixedwide/src/bigint.cpp:4:
/home/shared/ws/fixedwide/src/limbs.hpp:302:22: warning: implicit conversion changes signedness: 'int' to 'unsigned int' [-Wsign-conversion]
  302 |     unsigned shift = std::countl_zero(den.limbs[n - 1]);
      |              ~~~~~   ^~~~~~~~~~~~~~~~~~~~~~~~~~~~~~~~~~
/home/shared/ws/fixedwide/src/bigint.cpp:16:24: note: in instantiation of function template specialization 'fixedwide::detail::divmod_knuth<4UL, 2UL>' requested here
   16 |     auto res = detail::divmod_knuth(num, den);
      |                        ^
In file included from /home/shared/ws/fixedwide/src/bigint.cpp:4:
/home/shared/ws/fixedwide/src/limbs.hpp:330:33: warning: implicit conversion changes signedness: 'int' to 'std::size_t' (aka 'unsigned long') [-Wsign-conversion]
  330 |         std::uint64_t u_top = u[j + n];
      |                                 ^ ~
/home/shared/ws/fixedwide/src/limbs.hpp:331:34: warning: implicit conversion changes signedness: 'int' to 'std::size_t' (aka 'unsigned long') [-Wsign-conversion]
  331 |         std::uint64_t u_next = u[j + n - 1];
      |                                  ^ ~
/home/shared/ws/fixedwide/src/limbs.hpp:332:35: warning: implicit conversion changes signedness: 'int' to 'std::size_t' (aka 'unsigned long') [-Wsign-conversion]
  332 |         std::uint64_t u_next2 = u[j + n - 2];
      |                                   ^ ~
/home/shared/ws/fixedwide/src/limbs.hpp:361:19: warning: implicit conversion changes signedness: 'int' to 'std::size_t' (aka 'unsigned long') [-Wsign-conversion]
  361 |             if (u[j + i] < sub) ++borrow;
      |                   ^ ~
/home/shared/ws/fixedwide/src/limbs.hpp:362:15: warning: implicit conversion changes signedness: 'int' to 'std::size_t' (aka 'unsigned long') [-Wsign-conversion]
  362 |             u[j + i] -= sub;
      |               ^ ~
/home/shared/ws/fixedwide/src/limbs.hpp:364:15: warning: implicit conversion changes signedness: 'int' to 'std::size_t' (aka 'unsigned long') [-Wsign-conversion]
  364 |         if (u[j + n] < borrow) {
      |               ^ ~
/home/shared/ws/fixedwide/src/limbs.hpp:369:39: warning: implicit conversion changes signedness: 'int' to 'std::size_t' (aka 'unsigned long') [-Wsign-conversion]
  369 |                 std::uint64_t sum = u[j + i] + v[i] + add_carry;
      |                                       ^ ~
/home/shared/ws/fixedwide/src/limbs.hpp:370:72: warning: implicit conversion changes signedness: 'int' to 'std::size_t' (aka 'unsigned long') [-Wsign-conversion]
  370 |                 add_carry = (sum < u[j + i]) || (add_carry && sum == u[j + i]) ? 1 : 0;
      |                                                                        ^ ~
/home/shared/ws/fixedwide/src/limbs.hpp:370:38: warning: implicit conversion changes signedness: 'int' to 'std::size_t' (aka 'unsigned long') [-Wsign-conversion]
  370 |                 add_carry = (sum < u[j + i]) || (add_carry && sum == u[j + i]) ? 1 : 0;
      |                                      ^ ~
/home/shared/ws/fixedwide/src/limbs.hpp:371:19: warning: implicit conversion changes signedness: 'int' to 'std::size_t' (aka 'unsigned long') [-Wsign-conversion]
  371 |                 u[j + i] = sum;
      |                   ^ ~
/home/shared/ws/fixedwide/src/limbs.hpp:373:15: warning: implicit conversion changes signedness: 'int' to 'std::size_t' (aka 'unsigned long') [-Wsign-conversion]
  373 |             u[j + n] = 0;
      |               ^ ~
/home/shared/ws/fixedwide/src/limbs.hpp:375:15: warning: implicit conversion changes signedness: 'int' to 'std::size_t' (aka 'unsigned long') [-Wsign-conversion]
  375 |             u[j + n] -= borrow;
      |               ^ ~
16 warnings generated.
[5/67] Building CXX object CMakeFiles/fixedwide.dir/src/floating.cpp.o
In file included from /home/shared/ws/fixedwide/src/floating.cpp:2:
/home/shared/ws/fixedwide/src/detail.hpp:324:39: warning: implicit conversion changes signedness: 'int' to 'unsigned int' [-Wsign-conversion]
  324 |     wide::uint128 norm_d = divisor << shift;
      |                                    ~~ ^~~~~
/home/shared/ws/fixedwide/src/detail.hpp:325:41: warning: implicit conversion changes signedness: 'int' to 'unsigned int' [-Wsign-conversion]
  325 |     wide::uint128 norm_n = numerator << shift;
      |                                      ~~ ^~~~~
/home/shared/ws/fixedwide/src/detail.hpp:310:97: warning: unused parameter 'need_remainder' [-Wunused-parameter]
  310 | [[nodiscard]] inline Quotient128 divide128(wide::uint128 numerator, wide::uint128 divisor, bool need_remainder = true) noexcept {
      |                                                                                                 ^
In file included from /home/shared/ws/fixedwide/src/floating.cpp:3:
/home/shared/ws/fixedwide/src/limbs.hpp:302:22: warning: implicit conversion changes signedness: 'int' to 'unsigned int' [-Wsign-conversion]
  302 |     unsigned shift = std::countl_zero(den.limbs[n - 1]);
      |              ~~~~~   ^~~~~~~~~~~~~~~~~~~~~~~~~~~~~~~~~~
/home/shared/ws/fixedwide/src/floating.cpp:62:19: note: in instantiation of function template specialization 'fixedwide::detail::divmod_knuth<16UL, 16UL>' requested here
   62 |     auto divres = divmod_knuth(num, den);
      |                   ^
/home/shared/ws/fixedwide/src/floating.cpp:99:12: note: in instantiation of function template specialization 'fixedwide::detail::(anonymous namespace)::float_to_raw<float>' requested here
   99 |     return float_to_raw(value, decimals, rounding, bits);
      |            ^
In file included from /home/shared/ws/fixedwide/src/floating.cpp:3:
/home/shared/ws/fixedwide/src/limbs.hpp:330:33: warning: implicit conversion changes signedness: 'int' to 'std::size_t' (aka 'unsigned long') [-Wsign-conversion]
  330 |         std::uint64_t u_top = u[j + n];
      |                                 ^ ~
/home/shared/ws/fixedwide/src/limbs.hpp:331:34: warning: implicit conversion changes signedness: 'int' to 'std::size_t' (aka 'unsigned long') [-Wsign-conversion]
  331 |         std::uint64_t u_next = u[j + n - 1];
      |                                  ^ ~
/home/shared/ws/fixedwide/src/limbs.hpp:332:35: warning: implicit conversion changes signedness: 'int' to 'std::size_t' (aka 'unsigned long') [-Wsign-conversion]
  332 |         std::uint64_t u_next2 = u[j + n - 2];
      |                                   ^ ~
/home/shared/ws/fixedwide/src/limbs.hpp:361:19: warning: implicit conversion changes signedness: 'int' to 'std::size_t' (aka 'unsigned long') [-Wsign-conversion]
  361 |             if (u[j + i] < sub) ++borrow;
      |                   ^ ~
/home/shared/ws/fixedwide/src/limbs.hpp:362:15: warning: implicit conversion changes signedness: 'int' to 'std::size_t' (aka 'unsigned long') [-Wsign-conversion]
  362 |             u[j + i] -= sub;
      |               ^ ~
/home/shared/ws/fixedwide/src/limbs.hpp:364:15: warning: implicit conversion changes signedness: 'int' to 'std::size_t' (aka 'unsigned long') [-Wsign-conversion]
  364 |         if (u[j + n] < borrow) {
      |               ^ ~
/home/shared/ws/fixedwide/src/limbs.hpp:369:39: warning: implicit conversion changes signedness: 'int' to 'std::size_t' (aka 'unsigned long') [-Wsign-conversion]
  369 |                 std::uint64_t sum = u[j + i] + v[i] + add_carry;
      |                                       ^ ~
/home/shared/ws/fixedwide/src/limbs.hpp:370:72: warning: implicit conversion changes signedness: 'int' to 'std::size_t' (aka 'unsigned long') [-Wsign-conversion]
  370 |                 add_carry = (sum < u[j + i]) || (add_carry && sum == u[j + i]) ? 1 : 0;
      |                                                                        ^ ~
/home/shared/ws/fixedwide/src/limbs.hpp:370:38: warning: implicit conversion changes signedness: 'int' to 'std::size_t' (aka 'unsigned long') [-Wsign-conversion]
  370 |                 add_carry = (sum < u[j + i]) || (add_carry && sum == u[j + i]) ? 1 : 0;
      |                                      ^ ~
/home/shared/ws/fixedwide/src/limbs.hpp:371:19: warning: implicit conversion changes signedness: 'int' to 'std::size_t' (aka 'unsigned long') [-Wsign-conversion]
  371 |                 u[j + i] = sum;
      |                   ^ ~
/home/shared/ws/fixedwide/src/limbs.hpp:373:15: warning: implicit conversion changes signedness: 'int' to 'std::size_t' (aka 'unsigned long') [-Wsign-conversion]
  373 |             u[j + n] = 0;
      |               ^ ~
/home/shared/ws/fixedwide/src/limbs.hpp:375:15: warning: implicit conversion changes signedness: 'int' to 'std::size_t' (aka 'unsigned long') [-Wsign-conversion]
  375 |             u[j + n] -= borrow;
      |               ^ ~
16 warnings generated.
[6/67] Building CXX object CMakeFiles/fixedwide.dir/src/integer_chars.cpp.o
In file included from /home/shared/ws/fixedwide/src/integer_chars.cpp:2:
/home/shared/ws/fixedwide/src/detail.hpp:324:39: warning: implicit conversion changes signedness: 'int' to 'unsigned int' [-Wsign-conversion]
  324 |     wide::uint128 norm_d = divisor << shift;
      |                                    ~~ ^~~~~
/home/shared/ws/fixedwide/src/detail.hpp:325:41: warning: implicit conversion changes signedness: 'int' to 'unsigned int' [-Wsign-conversion]
  325 |     wide::uint128 norm_n = numerator << shift;
      |                                      ~~ ^~~~~
/home/shared/ws/fixedwide/src/detail.hpp:310:97: warning: unused parameter 'need_remainder' [-Wunused-parameter]
  310 | [[nodiscard]] inline Quotient128 divide128(wide::uint128 numerator, wide::uint128 divisor, bool need_remainder = true) noexcept {
      |                                                                                                 ^
3 warnings generated.
[7/67] Building CXX object CMakeFiles/fixedwide.dir/src/chars.cpp.o
In file included from /home/shared/ws/fixedwide/src/chars.cpp:2:
/home/shared/ws/fixedwide/src/detail.hpp:324:39: warning: implicit conversion changes signedness: 'int' to 'unsigned int' [-Wsign-conversion]
  324 |     wide::uint128 norm_d = divisor << shift;
      |                                    ~~ ^~~~~
/home/shared/ws/fixedwide/src/detail.hpp:325:41: warning: implicit conversion changes signedness: 'int' to 'unsigned int' [-Wsign-conversion]
  325 |     wide::uint128 norm_n = numerator << shift;
      |                                      ~~ ^~~~~
/home/shared/ws/fixedwide/src/detail.hpp:310:97: warning: unused parameter 'need_remainder' [-Wunused-parameter]
  310 | [[nodiscard]] inline Quotient128 divide128(wide::uint128 numerator, wide::uint128 divisor, bool need_remainder = true) noexcept {
      |                                                                                                 ^
/home/shared/ws/fixedwide/src/chars.cpp:174:23: warning: unused variable 'lim_lo' [-Wunused-variable]
  174 |         std::uint64_t lim_lo = lim256.limbs[0];
      |                       ^~~~~~
/home/shared/ws/fixedwide/src/chars.cpp:175:23: warning: unused variable 'lim_hi' [-Wunused-variable]
  175 |         std::uint64_t lim_hi = lim256.limbs[1];
      |                       ^~~~~~
In file included from /home/shared/ws/fixedwide/src/chars.cpp:3:
/home/shared/ws/fixedwide/src/limbs.hpp:302:22: warning: implicit conversion changes signedness: 'int' to 'unsigned int' [-Wsign-conversion]
  302 |     unsigned shift = std::countl_zero(den.limbs[n - 1]);
      |              ~~~~~   ^~~~~~~~~~~~~~~~~~~~~~~~~~~~~~~~~~
/home/shared/ws/fixedwide/src/chars.cpp:455:19: note: in instantiation of function template specialization 'fixedwide::detail::divmod_knuth<4UL, 4UL>' requested here
  455 |     auto divres = divmod_knuth(vmag, divisor);
      |                   ^
In file included from /home/shared/ws/fixedwide/src/chars.cpp:3:
/home/shared/ws/fixedwide/src/limbs.hpp:330:33: warning: implicit conversion changes signedness: 'int' to 'std::size_t' (aka 'unsigned long') [-Wsign-conversion]
  330 |         std::uint64_t u_top = u[j + n];
      |                                 ^ ~
/home/shared/ws/fixedwide/src/limbs.hpp:331:34: warning: implicit conversion changes signedness: 'int' to 'std::size_t' (aka 'unsigned long') [-Wsign-conversion]
  331 |         std::uint64_t u_next = u[j + n - 1];
      |                                  ^ ~
/home/shared/ws/fixedwide/src/limbs.hpp:332:35: warning: implicit conversion changes signedness: 'int' to 'std::size_t' (aka 'unsigned long') [-Wsign-conversion]
  332 |         std::uint64_t u_next2 = u[j + n - 2];
      |                                   ^ ~
/home/shared/ws/fixedwide/src/limbs.hpp:361:19: warning: implicit conversion changes signedness: 'int' to 'std::size_t' (aka 'unsigned long') [-Wsign-conversion]
  361 |             if (u[j + i] < sub) ++borrow;
      |                   ^ ~
/home/shared/ws/fixedwide/src/limbs.hpp:362:15: warning: implicit conversion changes signedness: 'int' to 'std::size_t' (aka 'unsigned long') [-Wsign-conversion]
  362 |             u[j + i] -= sub;
      |               ^ ~
/home/shared/ws/fixedwide/src/limbs.hpp:364:15: warning: implicit conversion changes signedness: 'int' to 'std::size_t' (aka 'unsigned long') [-Wsign-conversion]
  364 |         if (u[j + n] < borrow) {
      |               ^ ~
/home/shared/ws/fixedwide/src/limbs.hpp:369:39: warning: implicit conversion changes signedness: 'int' to 'std::size_t' (aka 'unsigned long') [-Wsign-conversion]
  369 |                 std::uint64_t sum = u[j + i] + v[i] + add_carry;
      |                                       ^ ~
/home/shared/ws/fixedwide/src/limbs.hpp:370:72: warning: implicit conversion changes signedness: 'int' to 'std::size_t' (aka 'unsigned long') [-Wsign-conversion]
  370 |                 add_carry = (sum < u[j + i]) || (add_carry && sum == u[j + i]) ? 1 : 0;
      |                                                                        ^ ~
/home/shared/ws/fixedwide/src/limbs.hpp:370:38: warning: implicit conversion changes signedness: 'int' to 'std::size_t' (aka 'unsigned long') [-Wsign-conversion]
  370 |                 add_carry = (sum < u[j + i]) || (add_carry && sum == u[j + i]) ? 1 : 0;
      |                                      ^ ~
/home/shared/ws/fixedwide/src/limbs.hpp:371:19: warning: implicit conversion changes signedness: 'int' to 'std::size_t' (aka 'unsigned long') [-Wsign-conversion]
  371 |                 u[j + i] = sum;
      |                   ^ ~
/home/shared/ws/fixedwide/src/limbs.hpp:373:15: warning: implicit conversion changes signedness: 'int' to 'std::size_t' (aka 'unsigned long') [-Wsign-conversion]
  373 |             u[j + n] = 0;
      |               ^ ~
/home/shared/ws/fixedwide/src/limbs.hpp:375:15: warning: implicit conversion changes signedness: 'int' to 'std::size_t' (aka 'unsigned long') [-Wsign-conversion]
  375 |             u[j + n] -= borrow;
      |               ^ ~
18 warnings generated.
[8/67] Building CXX object tests/CMakeFiles/test_wide.dir/test_wide.cpp.o
[9/67] Building CXX object tests/CMakeFiles/test_mixed_native.dir/test_mixed_native.cpp.o
[10/67] Building CXX object tests/CMakeFiles/test_constexpr.dir/test_constexpr.cpp.o
[11/67] Building CXX object CMakeFiles/fixedwide.dir/src/arithmetic.cpp.o
In file included from /home/shared/ws/fixedwide/src/arithmetic.cpp:1:
/home/shared/ws/fixedwide/include/fixedwide/arithmetic.hpp:203:39: warning: implicit conversion changes signedness: 'unsigned long long' to 'std::int64_t' (aka 'long') [-Wsign-conversion]
  203 |                 std::int64_t s = 0ULL - u;
      |                              ~   ~~~~~^~~
/home/shared/ws/fixedwide/include/fixedwide/arithmetic.hpp:238:39: warning: implicit conversion changes signedness: 'unsigned long long' to 'std::int64_t' (aka 'long') [-Wsign-conversion]
  238 |                 std::int64_t s = 0ULL - u;
      |                              ~   ~~~~~^~~
In file included from /home/shared/ws/fixedwide/src/arithmetic.cpp:3:
/home/shared/ws/fixedwide/src/detail.hpp:324:39: warning: implicit conversion changes signedness: 'int' to 'unsigned int' [-Wsign-conversion]
  324 |     wide::uint128 norm_d = divisor << shift;
      |                                    ~~ ^~~~~
/home/shared/ws/fixedwide/src/detail.hpp:325:41: warning: implicit conversion changes signedness: 'int' to 'unsigned int' [-Wsign-conversion]
  325 |     wide::uint128 norm_n = numerator << shift;
      |                                      ~~ ^~~~~
/home/shared/ws/fixedwide/src/detail.hpp:310:97: warning: unused parameter 'need_remainder' [-Wunused-parameter]
  310 | [[nodiscard]] inline Quotient128 divide128(wide::uint128 numerator, wide::uint128 divisor, bool need_remainder = true) noexcept {
      |                                                                                                 ^
In file included from /home/shared/ws/fixedwide/src/arithmetic.cpp:5:
/home/shared/ws/fixedwide/src/limbs.hpp:302:22: warning: implicit conversion changes signedness: 'int' to 'unsigned int' [-Wsign-conversion]
  302 |     unsigned shift = std::countl_zero(den.limbs[n - 1]);
      |              ~~~~~   ^~~~~~~~~~~~~~~~~~~~~~~~~~~~~~~~~~
/home/shared/ws/fixedwide/src/arithmetic.cpp:867:26: note: in instantiation of function template specialization 'fixedwide::detail::divmod_knuth<8UL, 4UL>' requested here
  867 |     const auto general = divmod_knuth(numerator, divisor);
      |                          ^
/home/shared/ws/fixedwide/src/arithmetic.cpp:885:25: note: in instantiation of function template specialization 'fixedwide::detail::divide_wide<8UL>' requested here
  885 |     const auto divres = divide_wide(prod, s);
      |                         ^
In file included from /home/shared/ws/fixedwide/src/arithmetic.cpp:5:
/home/shared/ws/fixedwide/src/limbs.hpp:330:33: warning: implicit conversion changes signedness: 'int' to 'std::size_t' (aka 'unsigned long') [-Wsign-conversion]
  330 |         std::uint64_t u_top = u[j + n];
      |                                 ^ ~
/home/shared/ws/fixedwide/src/limbs.hpp:331:34: warning: implicit conversion changes signedness: 'int' to 'std::size_t' (aka 'unsigned long') [-Wsign-conversion]
  331 |         std::uint64_t u_next = u[j + n - 1];
      |                                  ^ ~
/home/shared/ws/fixedwide/src/limbs.hpp:332:35: warning: implicit conversion changes signedness: 'int' to 'std::size_t' (aka 'unsigned long') [-Wsign-conversion]
  332 |         std::uint64_t u_next2 = u[j + n - 2];
      |                                   ^ ~
/home/shared/ws/fixedwide/src/limbs.hpp:361:19: warning: implicit conversion changes signedness: 'int' to 'std::size_t' (aka 'unsigned long') [-Wsign-conversion]
  361 |             if (u[j + i] < sub) ++borrow;
      |                   ^ ~
/home/shared/ws/fixedwide/src/limbs.hpp:362:15: warning: implicit conversion changes signedness: 'int' to 'std::size_t' (aka 'unsigned long') [-Wsign-conversion]
  362 |             u[j + i] -= sub;
      |               ^ ~
/home/shared/ws/fixedwide/src/limbs.hpp:364:15: warning: implicit conversion changes signedness: 'int' to 'std::size_t' (aka 'unsigned long') [-Wsign-conversion]
  364 |         if (u[j + n] < borrow) {
      |               ^ ~
/home/shared/ws/fixedwide/src/limbs.hpp:369:39: warning: implicit conversion changes signedness: 'int' to 'std::size_t' (aka 'unsigned long') [-Wsign-conversion]
  369 |                 std::uint64_t sum = u[j + i] + v[i] + add_carry;
      |                                       ^ ~
/home/shared/ws/fixedwide/src/limbs.hpp:370:72: warning: implicit conversion changes signedness: 'int' to 'std::size_t' (aka 'unsigned long') [-Wsign-conversion]
  370 |                 add_carry = (sum < u[j + i]) || (add_carry && sum == u[j + i]) ? 1 : 0;
      |                                                                        ^ ~
/home/shared/ws/fixedwide/src/limbs.hpp:370:38: warning: implicit conversion changes signedness: 'int' to 'std::size_t' (aka 'unsigned long') [-Wsign-conversion]
  370 |                 add_carry = (sum < u[j + i]) || (add_carry && sum == u[j + i]) ? 1 : 0;
      |                                      ^ ~
/home/shared/ws/fixedwide/src/limbs.hpp:371:19: warning: implicit conversion changes signedness: 'int' to 'std::size_t' (aka 'unsigned long') [-Wsign-conversion]
  371 |                 u[j + i] = sum;
      |                   ^ ~
/home/shared/ws/fixedwide/src/limbs.hpp:373:15: warning: implicit conversion changes signedness: 'int' to 'std::size_t' (aka 'unsigned long') [-Wsign-conversion]
  373 |             u[j + n] = 0;
      |               ^ ~
/home/shared/ws/fixedwide/src/limbs.hpp:375:15: warning: implicit conversion changes signedness: 'int' to 'std::size_t' (aka 'unsigned long') [-Wsign-conversion]
  375 |             u[j + n] -= borrow;
      |               ^ ~
/home/shared/ws/fixedwide/src/limbs.hpp:302:22: warning: implicit conversion changes signedness: 'int' to 'unsigned int' [-Wsign-conversion]
  302 |     unsigned shift = std::countl_zero(den.limbs[n - 1]);
      |              ~~~~~   ^~~~~~~~~~~~~~~~~~~~~~~~~~~~~~~~~~
/home/shared/ws/fixedwide/src/arithmetic.cpp:867:26: note: in instantiation of function template specialization 'fixedwide::detail::divmod_knuth<4UL, 4UL>' requested here
  867 |     const auto general = divmod_knuth(numerator, divisor);
      |                          ^
/home/shared/ws/fixedwide/src/arithmetic.cpp:976:19: note: in instantiation of function template specialization 'fixedwide::detail::divide_wide<4UL>' requested here
  976 |     auto divres = divide_wide(mag, udiv);
      |                   ^
In file included from /home/shared/ws/fixedwide/src/arithmetic.cpp:5:
/home/shared/ws/fixedwide/src/limbs.hpp:330:33: warning: implicit conversion changes signedness: 'int' to 'std::size_t' (aka 'unsigned long') [-Wsign-conversion]
  330 |         std::uint64_t u_top = u[j + n];
      |                                 ^ ~
/home/shared/ws/fixedwide/src/limbs.hpp:331:34: warning: implicit conversion changes signedness: 'int' to 'std::size_t' (aka 'unsigned long') [-Wsign-conversion]
  331 |         std::uint64_t u_next = u[j + n - 1];
      |                                  ^ ~
/home/shared/ws/fixedwide/src/limbs.hpp:332:35: warning: implicit conversion changes signedness: 'int' to 'std::size_t' (aka 'unsigned long') [-Wsign-conversion]
  332 |         std::uint64_t u_next2 = u[j + n - 2];
      |                                   ^ ~
/home/shared/ws/fixedwide/src/limbs.hpp:361:19: warning: implicit conversion changes signedness: 'int' to 'std::size_t' (aka 'unsigned long') [-Wsign-conversion]
  361 |             if (u[j + i] < sub) ++borrow;
      |                   ^ ~
/home/shared/ws/fixedwide/src/limbs.hpp:362:15: warning: implicit conversion changes signedness: 'int' to 'std::size_t' (aka 'unsigned long') [-Wsign-conversion]
  362 |             u[j + i] -= sub;
      |               ^ ~
/home/shared/ws/fixedwide/src/limbs.hpp:364:15: warning: implicit conversion changes signedness: 'int' to 'std::size_t' (aka 'unsigned long') [-Wsign-conversion]
  364 |         if (u[j + n] < borrow) {
      |               ^ ~
/home/shared/ws/fixedwide/src/limbs.hpp:369:39: warning: implicit conversion changes signedness: 'int' to 'std::size_t' (aka 'unsigned long') [-Wsign-conversion]
  369 |                 std::uint64_t sum = u[j + i] + v[i] + add_carry;
      |                                       ^ ~
/home/shared/ws/fixedwide/src/limbs.hpp:370:72: warning: implicit conversion changes signedness: 'int' to 'std::size_t' (aka 'unsigned long') [-Wsign-conversion]
  370 |                 add_carry = (sum < u[j + i]) || (add_carry && sum == u[j + i]) ? 1 : 0;
      |                                                                        ^ ~
/home/shared/ws/fixedwide/src/limbs.hpp:370:38: warning: implicit conversion changes signedness: 'int' to 'std::size_t' (aka 'unsigned long') [-Wsign-conversion]
  370 |                 add_carry = (sum < u[j + i]) || (add_carry && sum == u[j + i]) ? 1 : 0;
      |                                      ^ ~
/home/shared/ws/fixedwide/src/limbs.hpp:371:19: warning: implicit conversion changes signedness: 'int' to 'std::size_t' (aka 'unsigned long') [-Wsign-conversion]
  371 |                 u[j + i] = sum;
      |                   ^ ~
/home/shared/ws/fixedwide/src/limbs.hpp:373:15: warning: implicit conversion changes signedness: 'int' to 'std::size_t' (aka 'unsigned long') [-Wsign-conversion]
  373 |             u[j + n] = 0;
      |               ^ ~
/home/shared/ws/fixedwide/src/limbs.hpp:375:15: warning: implicit conversion changes signedness: 'int' to 'std::size_t' (aka 'unsigned long') [-Wsign-conversion]
  375 |             u[j + n] -= borrow;
      |               ^ ~
/home/shared/ws/fixedwide/src/arithmetic.cpp:13:30: warning: unused function 'fits64' [-Wunused-function]
   13 | [[nodiscard]] constexpr bool fits64(std::int64_t) noexcept { return true; }
      |                              ^~~~~~
/home/shared/ws/fixedwide/src/arithmetic.cpp:15:30: warning: unused function 'fits64' [-Wunused-function]
   15 | [[nodiscard]] constexpr bool fits64(wide::int128 val) noexcept {
      |                              ^~~~~~
In file included from /home/shared/ws/fixedwide/src/arithmetic.cpp:1:
/home/shared/ws/fixedwide/include/fixedwide/arithmetic.hpp:420:11: warning: unused type alias 'Fixed' [-Wunused-local-typedef]
  420 |     using Fixed = basic_fixed<Bits, D>;
      |           ^
34 warnings generated.
[12/67] Linking CXX static library libfixedwide.a
[13/67] Building CXX object tests/CMakeFiles/audit_portable_edges.dir/audit_portable_edges.cpp.o
[14/67] Linking CXX executable tests/test_wide
[15/67] Linking CXX executable tests/test_mixed_native
[16/67] Building CXX object tests/CMakeFiles/audit_floating.dir/audit_floating.cpp.o
[17/67] Linking CXX executable tests/audit_portable_edges
[18/67] Linking CXX executable tests/test_overflow
[19/67] Linking CXX executable tests/test_rounding
[20/67] Linking CXX executable tests/test_constexpr
[21/67] Building CXX object tests/CMakeFiles/test_storage.dir/test_storage.cpp.o
[22/67] Building CXX object tests/CMakeFiles/audit_portable_div128.dir/audit_portable_div128.cpp.o
[23/67] Building CXX object examples/CMakeFiles/example_04_mixed_scales.dir/04_mixed_scales.cpp.o
[24/67] Building CXX object examples/CMakeFiles/example_01_quick_start.dir/01_quick_start.cpp.o
[25/67] Linking CXX executable tests/audit_floating
[26/67] Building CXX object examples/CMakeFiles/example_03_error_handling.dir/03_error_handling.cpp.o
[27/67] Building CXX object tests/CMakeFiles/test_floating.dir/test_floating.cpp.o
[28/67] Building CXX object tests/CMakeFiles/audit_text_targeted.dir/audit_text_targeted.cpp.o
[29/67] Building CXX object examples/CMakeFiles/example_02_rounding_modes.dir/02_rounding_modes.cpp.o
[30/67] Building CXX object tests/CMakeFiles/test_binary.dir/test_binary.cpp.o
[31/67] Linking CXX executable examples/example_01_quick_start
[32/67] Building CXX object tests/CMakeFiles/test_chars.dir/test_chars.cpp.o
[33/67] Linking CXX executable examples/example_04_mixed_scales
[34/67] Linking CXX executable tests/audit_portable_div128
[35/67] Linking CXX executable tests/test_storage
[36/67] Linking CXX executable examples/example_03_error_handling
[37/67] Building CXX object tests/CMakeFiles/test_signed_min.dir/test_signed_min.cpp.o
[38/67] Building CXX object examples/CMakeFiles/example_06_binary_roundtrip.dir/06_binary_roundtrip.cpp.o
[39/67] Linking CXX executable tests/audit_text_targeted
[40/67] Linking CXX executable tests/test_binary
[41/67] Linking CXX executable tests/test_floating
[42/67] Building CXX object tests/CMakeFiles/test_no_alloc.dir/test_no_alloc.cpp.o
[43/67] Building CXX object tests/CMakeFiles/audit_known.dir/audit_known.cpp.o
[44/67] Linking CXX executable examples/example_02_rounding_modes
[45/67] Linking CXX executable tests/test_chars
[46/67] Linking CXX executable tests/test_signed_min
[47/67] Building CXX object tests/CMakeFiles/test_mixed.dir/test_mixed.cpp.o
[48/67] Building CXX object tests/CMakeFiles/test_core.dir/test_core.cpp.o
[49/67] Linking CXX executable examples/example_06_binary_roundtrip
[50/67] Building CXX object examples/CMakeFiles/example_08_constexpr.dir/08_constexpr.cpp.o
[51/67] Building CXX object examples/CMakeFiles/example_07_money_ledger.dir/07_money_ledger.cpp.o
[52/67] Linking CXX executable tests/audit_known
[53/67] Linking CXX executable tests/test_no_alloc
[54/67] Building CXX object tests/CMakeFiles/audit_io.dir/audit_io.cpp.o
[55/67] Linking CXX executable tests/test_mixed
[56/67] Linking CXX executable tests/test_core
[57/67] Linking CXX executable examples/example_08_constexpr
[58/67] Linking CXX executable examples/example_07_money_ledger
[59/67] Linking CXX executable tests/audit_io
[60/67] Building CXX object examples/CMakeFiles/example_05_text_io.dir/05_text_io.cpp.o
[61/67] Linking CXX executable examples/example_05_text_io
[62/67] Building CXX object tests/CMakeFiles/test_format.dir/test_format.cpp.o
[63/67] Linking CXX executable tests/test_format
[64/67] Building CXX object tests/CMakeFiles/audit_same_domain.dir/audit_same_domain.cpp.o
[65/67] Building CXX object tests/CMakeFiles/audit_mixed.dir/audit_mixed.cpp.o
[66/67] Linking CXX executable tests/audit_same_domain
[67/67] Linking CXX executable tests/audit_mixed
Test project /home/shared/ws/fixedwide/build_verify/Linux_x86-64_Clang_ASan_UBSan_forced_portable
      Start  1: fixedwide.storage
 1/34 Test  #1: fixedwide.storage ........................   Passed    0.00 sec
      Start  2: fixedwide.wide
 2/34 Test  #2: fixedwide.wide ...........................   Passed    0.01 sec
      Start  3: fixedwide.rounding
 3/34 Test  #3: fixedwide.rounding .......................   Passed    0.00 sec
      Start  4: fixedwide.core
 4/34 Test  #4: fixedwide.core ...........................   Passed    0.00 sec
      Start  5: fixedwide.mixed
 5/34 Test  #5: fixedwide.mixed ..........................   Passed    0.05 sec
      Start  6: fixedwide.chars
 6/34 Test  #6: fixedwide.chars ..........................   Passed    0.00 sec
      Start  7: fixedwide.binary
 7/34 Test  #7: fixedwide.binary .........................   Passed    0.00 sec
      Start  8: fixedwide.floating
 8/34 Test  #8: fixedwide.floating .......................   Passed    0.00 sec
      Start  9: fixedwide.no_alloc
 9/34 Test  #9: fixedwide.no_alloc .......................   Passed    0.00 sec
      Start 10: fixedwide.signed_min
10/34 Test #10: fixedwide.signed_min .....................   Passed    0.00 sec
      Start 11: fixedwide.overflow
11/34 Test #11: fixedwide.overflow .......................   Passed    1.64 sec
      Start 12: fixedwide.constexpr
12/34 Test #12: fixedwide.constexpr ......................   Passed    2.83 sec
      Start 13: fixedwide.mixed_native
13/34 Test #13: fixedwide.mixed_native ...................   Passed    1.50 sec
      Start 14: fixedwide.format
14/34 Test #14: fixedwide.format .........................   Passed    0.00 sec
      Start 15: fixedwide.audit.audit_same_domain
15/34 Test #15: fixedwide.audit.audit_same_domain ........   Passed   11.28 sec
      Start 16: fixedwide.audit.audit_mixed
16/34 Test #16: fixedwide.audit.audit_mixed ..............   Passed   19.89 sec
      Start 17: fixedwide.audit.audit_known
17/34 Test #17: fixedwide.audit.audit_known ..............   Passed    0.00 sec
      Start 18: fixedwide.audit.audit_floating
18/34 Test #18: fixedwide.audit.audit_floating ...........   Passed    0.00 sec
      Start 19: fixedwide.audit.audit_io
19/34 Test #19: fixedwide.audit.audit_io .................   Passed    0.27 sec
      Start 20: fixedwide.audit.audit_text_targeted
20/34 Test #20: fixedwide.audit.audit_text_targeted ......   Passed    0.00 sec
      Start 21: fixedwide.audit.audit_portable_edges
21/34 Test #21: fixedwide.audit.audit_portable_edges .....   Passed    0.00 sec
      Start 22: fixedwide.audit.audit_portable_div128
22/34 Test #22: fixedwide.audit.audit_portable_div128 ....   Passed    0.00 sec
      Start 23: fixedwide.negative.ambiguous_mixed_mul
23/34 Test #23: fixedwide.negative.ambiguous_mixed_mul ...   Passed    0.05 sec
      Start 24: fixedwide.negative.invalid_bits
24/34 Test #24: fixedwide.negative.invalid_bits ..........   Passed    0.03 sec
      Start 25: fixedwide.negative.invalid_scale
25/34 Test #25: fixedwide.negative.invalid_scale .........   Passed    0.03 sec
      Start 26: fixedwide.negative.runtime_scale
26/34 Test #26: fixedwide.negative.runtime_scale .........   Passed    0.03 sec
      Start 27: fixedwide.example.01_quick_start
27/34 Test #27: fixedwide.example.01_quick_start .........   Passed    0.00 sec
      Start 28: fixedwide.example.02_rounding_modes
28/34 Test #28: fixedwide.example.02_rounding_modes ......   Passed    0.00 sec
      Start 29: fixedwide.example.03_error_handling
29/34 Test #29: fixedwide.example.03_error_handling ......   Passed    0.00 sec
      Start 30: fixedwide.example.04_mixed_scales
30/34 Test #30: fixedwide.example.04_mixed_scales ........   Passed    0.00 sec
      Start 31: fixedwide.example.05_text_io
31/34 Test #31: fixedwide.example.05_text_io .............   Passed    0.00 sec
      Start 32: fixedwide.example.06_binary_roundtrip
32/34 Test #32: fixedwide.example.06_binary_roundtrip ....   Passed    0.00 sec
      Start 33: fixedwide.example.07_money_ledger
33/34 Test #33: fixedwide.example.07_money_ledger ........   Passed    0.00 sec
      Start 34: fixedwide.example.08_constexpr
34/34 Test #34: fixedwide.example.08_constexpr ...........   Passed    0.00 sec

100% tests passed out of 34

Total Test time (real) =  37.68 sec
=== Linux x86-64 Clang shared library ===
-- The CXX compiler identification is Clang 22.1.8
-- Detecting CXX compiler ABI info
-- Detecting CXX compiler ABI info - done
-- Check for working CXX compiler: /usr/bin/clang++ - skipped
-- Detecting CXX compile features
-- Detecting CXX compile features - done
CMake Warning (policy) at tests/CMakeLists.txt:46 (find_package):
  Policy CMP0167 is not set: The FindBoost module is removed.  Run "cmake
  --help-policy CMP0167" for policy details.  Use the cmake_policy command to
  set the policy and suppress this warning.
This warning is for project developers.  Use -Wno-author or -Wno-policy to
suppress it.

-- Configuring done (0.2s)
-- Generating done (0.0s)
-- Build files have been written to: /home/shared/ws/fixedwide/build_verify/Linux_x86-64_Clang_shared_library
[1/68] Building CXX object tests/CMakeFiles/test_overflow.dir/test_overflow.cpp.o
[2/68] Building CXX object tests/CMakeFiles/test_rounding.dir/test_rounding.cpp.o
[3/68] Building CXX object CMakeFiles/fixedwide.dir/src/bigint.cpp.o
In file included from /home/shared/ws/fixedwide/src/bigint.cpp:4:
/home/shared/ws/fixedwide/src/limbs.hpp:302:22: warning: implicit conversion changes signedness: 'int' to 'unsigned int' [-Wsign-conversion]
  302 |     unsigned shift = std::countl_zero(den.limbs[n - 1]);
      |              ~~~~~   ^~~~~~~~~~~~~~~~~~~~~~~~~~~~~~~~~~
/home/shared/ws/fixedwide/src/bigint.cpp:16:24: note: in instantiation of function template specialization 'fixedwide::detail::divmod_knuth<4UL, 2UL>' requested here
   16 |     auto res = detail::divmod_knuth(num, den);
      |                        ^
In file included from /home/shared/ws/fixedwide/src/bigint.cpp:4:
/home/shared/ws/fixedwide/src/limbs.hpp:330:33: warning: implicit conversion changes signedness: 'int' to 'std::size_t' (aka 'unsigned long') [-Wsign-conversion]
  330 |         std::uint64_t u_top = u[j + n];
      |                                 ^ ~
/home/shared/ws/fixedwide/src/limbs.hpp:331:34: warning: implicit conversion changes signedness: 'int' to 'std::size_t' (aka 'unsigned long') [-Wsign-conversion]
  331 |         std::uint64_t u_next = u[j + n - 1];
      |                                  ^ ~
/home/shared/ws/fixedwide/src/limbs.hpp:332:35: warning: implicit conversion changes signedness: 'int' to 'std::size_t' (aka 'unsigned long') [-Wsign-conversion]
  332 |         std::uint64_t u_next2 = u[j + n - 2];
      |                                   ^ ~
/home/shared/ws/fixedwide/src/limbs.hpp:361:19: warning: implicit conversion changes signedness: 'int' to 'std::size_t' (aka 'unsigned long') [-Wsign-conversion]
  361 |             if (u[j + i] < sub) ++borrow;
      |                   ^ ~
/home/shared/ws/fixedwide/src/limbs.hpp:362:15: warning: implicit conversion changes signedness: 'int' to 'std::size_t' (aka 'unsigned long') [-Wsign-conversion]
  362 |             u[j + i] -= sub;
      |               ^ ~
/home/shared/ws/fixedwide/src/limbs.hpp:364:15: warning: implicit conversion changes signedness: 'int' to 'std::size_t' (aka 'unsigned long') [-Wsign-conversion]
  364 |         if (u[j + n] < borrow) {
      |               ^ ~
/home/shared/ws/fixedwide/src/limbs.hpp:369:39: warning: implicit conversion changes signedness: 'int' to 'std::size_t' (aka 'unsigned long') [-Wsign-conversion]
  369 |                 std::uint64_t sum = u[j + i] + v[i] + add_carry;
      |                                       ^ ~
/home/shared/ws/fixedwide/src/limbs.hpp:370:72: warning: implicit conversion changes signedness: 'int' to 'std::size_t' (aka 'unsigned long') [-Wsign-conversion]
  370 |                 add_carry = (sum < u[j + i]) || (add_carry && sum == u[j + i]) ? 1 : 0;
      |                                                                        ^ ~
/home/shared/ws/fixedwide/src/limbs.hpp:370:38: warning: implicit conversion changes signedness: 'int' to 'std::size_t' (aka 'unsigned long') [-Wsign-conversion]
  370 |                 add_carry = (sum < u[j + i]) || (add_carry && sum == u[j + i]) ? 1 : 0;
      |                                      ^ ~
/home/shared/ws/fixedwide/src/limbs.hpp:371:19: warning: implicit conversion changes signedness: 'int' to 'std::size_t' (aka 'unsigned long') [-Wsign-conversion]
  371 |                 u[j + i] = sum;
      |                   ^ ~
/home/shared/ws/fixedwide/src/limbs.hpp:373:15: warning: implicit conversion changes signedness: 'int' to 'std::size_t' (aka 'unsigned long') [-Wsign-conversion]
  373 |             u[j + n] = 0;
      |               ^ ~
/home/shared/ws/fixedwide/src/limbs.hpp:375:15: warning: implicit conversion changes signedness: 'int' to 'std::size_t' (aka 'unsigned long') [-Wsign-conversion]
  375 |             u[j + n] -= borrow;
      |               ^ ~
13 warnings generated.
[4/68] Building CXX object CMakeFiles/fixedwide.dir/src/mixed.cpp.o
In file included from /home/shared/ws/fixedwide/src/mixed.cpp:1:
In file included from /home/shared/ws/fixedwide/include/fixedwide/mixed.hpp:14:
/home/shared/ws/fixedwide/include/fixedwide/detail/mixed_native.hpp:208:24: warning: unused variable 'common' [-Wunused-variable]
  208 |     constexpr unsigned common = Da < Db ? Da : Db;
      |                        ^~~~~~
In file included from /home/shared/ws/fixedwide/src/mixed.cpp:3:
/home/shared/ws/fixedwide/src/limbs.hpp:302:22: warning: implicit conversion changes signedness: 'int' to 'unsigned int' [-Wsign-conversion]
  302 |     unsigned shift = std::countl_zero(den.limbs[n - 1]);
      |              ~~~~~   ^~~~~~~~~~~~~~~~~~~~~~~~~~~~~~~~~~
/home/shared/ws/fixedwide/src/mixed.cpp:28:19: note: in instantiation of function template specialization 'fixedwide::detail::divmod_knuth<16UL, 16UL>' requested here
   28 |     auto divres = divmod_knuth(num, den);
      |                   ^
In file included from /home/shared/ws/fixedwide/src/mixed.cpp:3:
/home/shared/ws/fixedwide/src/limbs.hpp:330:33: warning: implicit conversion changes signedness: 'int' to 'std::size_t' (aka 'unsigned long') [-Wsign-conversion]
  330 |         std::uint64_t u_top = u[j + n];
      |                                 ^ ~
/home/shared/ws/fixedwide/src/limbs.hpp:331:34: warning: implicit conversion changes signedness: 'int' to 'std::size_t' (aka 'unsigned long') [-Wsign-conversion]
  331 |         std::uint64_t u_next = u[j + n - 1];
      |                                  ^ ~
/home/shared/ws/fixedwide/src/limbs.hpp:332:35: warning: implicit conversion changes signedness: 'int' to 'std::size_t' (aka 'unsigned long') [-Wsign-conversion]
  332 |         std::uint64_t u_next2 = u[j + n - 2];
      |                                   ^ ~
/home/shared/ws/fixedwide/src/limbs.hpp:361:19: warning: implicit conversion changes signedness: 'int' to 'std::size_t' (aka 'unsigned long') [-Wsign-conversion]
  361 |             if (u[j + i] < sub) ++borrow;
      |                   ^ ~
/home/shared/ws/fixedwide/src/limbs.hpp:362:15: warning: implicit conversion changes signedness: 'int' to 'std::size_t' (aka 'unsigned long') [-Wsign-conversion]
  362 |             u[j + i] -= sub;
      |               ^ ~
/home/shared/ws/fixedwide/src/limbs.hpp:364:15: warning: implicit conversion changes signedness: 'int' to 'std::size_t' (aka 'unsigned long') [-Wsign-conversion]
  364 |         if (u[j + n] < borrow) {
      |               ^ ~
/home/shared/ws/fixedwide/src/limbs.hpp:369:39: warning: implicit conversion changes signedness: 'int' to 'std::size_t' (aka 'unsigned long') [-Wsign-conversion]
  369 |                 std::uint64_t sum = u[j + i] + v[i] + add_carry;
      |                                       ^ ~
/home/shared/ws/fixedwide/src/limbs.hpp:370:72: warning: implicit conversion changes signedness: 'int' to 'std::size_t' (aka 'unsigned long') [-Wsign-conversion]
  370 |                 add_carry = (sum < u[j + i]) || (add_carry && sum == u[j + i]) ? 1 : 0;
      |                                                                        ^ ~
/home/shared/ws/fixedwide/src/limbs.hpp:370:38: warning: implicit conversion changes signedness: 'int' to 'std::size_t' (aka 'unsigned long') [-Wsign-conversion]
  370 |                 add_carry = (sum < u[j + i]) || (add_carry && sum == u[j + i]) ? 1 : 0;
      |                                      ^ ~
/home/shared/ws/fixedwide/src/limbs.hpp:371:19: warning: implicit conversion changes signedness: 'int' to 'std::size_t' (aka 'unsigned long') [-Wsign-conversion]
  371 |                 u[j + i] = sum;
      |                   ^ ~
/home/shared/ws/fixedwide/src/limbs.hpp:373:15: warning: implicit conversion changes signedness: 'int' to 'std::size_t' (aka 'unsigned long') [-Wsign-conversion]
  373 |             u[j + n] = 0;
      |               ^ ~
/home/shared/ws/fixedwide/src/limbs.hpp:375:15: warning: implicit conversion changes signedness: 'int' to 'std::size_t' (aka 'unsigned long') [-Wsign-conversion]
  375 |             u[j + n] -= borrow;
      |               ^ ~
14 warnings generated.
[5/68] Building CXX object CMakeFiles/fixedwide.dir/src/integer_chars.cpp.o
[6/68] Building CXX object CMakeFiles/fixedwide.dir/src/floating.cpp.o
In file included from /home/shared/ws/fixedwide/src/floating.cpp:3:
/home/shared/ws/fixedwide/src/limbs.hpp:302:22: warning: implicit conversion changes signedness: 'int' to 'unsigned int' [-Wsign-conversion]
  302 |     unsigned shift = std::countl_zero(den.limbs[n - 1]);
      |              ~~~~~   ^~~~~~~~~~~~~~~~~~~~~~~~~~~~~~~~~~
/home/shared/ws/fixedwide/src/floating.cpp:62:19: note: in instantiation of function template specialization 'fixedwide::detail::divmod_knuth<16UL, 16UL>' requested here
   62 |     auto divres = divmod_knuth(num, den);
      |                   ^
/home/shared/ws/fixedwide/src/floating.cpp:99:12: note: in instantiation of function template specialization 'fixedwide::detail::(anonymous namespace)::float_to_raw<float>' requested here
   99 |     return float_to_raw(value, decimals, rounding, bits);
      |            ^
In file included from /home/shared/ws/fixedwide/src/floating.cpp:3:
/home/shared/ws/fixedwide/src/limbs.hpp:330:33: warning: implicit conversion changes signedness: 'int' to 'std::size_t' (aka 'unsigned long') [-Wsign-conversion]
  330 |         std::uint64_t u_top = u[j + n];
      |                                 ^ ~
/home/shared/ws/fixedwide/src/limbs.hpp:331:34: warning: implicit conversion changes signedness: 'int' to 'std::size_t' (aka 'unsigned long') [-Wsign-conversion]
  331 |         std::uint64_t u_next = u[j + n - 1];
      |                                  ^ ~
/home/shared/ws/fixedwide/src/limbs.hpp:332:35: warning: implicit conversion changes signedness: 'int' to 'std::size_t' (aka 'unsigned long') [-Wsign-conversion]
  332 |         std::uint64_t u_next2 = u[j + n - 2];
      |                                   ^ ~
/home/shared/ws/fixedwide/src/limbs.hpp:361:19: warning: implicit conversion changes signedness: 'int' to 'std::size_t' (aka 'unsigned long') [-Wsign-conversion]
  361 |             if (u[j + i] < sub) ++borrow;
      |                   ^ ~
/home/shared/ws/fixedwide/src/limbs.hpp:362:15: warning: implicit conversion changes signedness: 'int' to 'std::size_t' (aka 'unsigned long') [-Wsign-conversion]
  362 |             u[j + i] -= sub;
      |               ^ ~
/home/shared/ws/fixedwide/src/limbs.hpp:364:15: warning: implicit conversion changes signedness: 'int' to 'std::size_t' (aka 'unsigned long') [-Wsign-conversion]
  364 |         if (u[j + n] < borrow) {
      |               ^ ~
/home/shared/ws/fixedwide/src/limbs.hpp:369:39: warning: implicit conversion changes signedness: 'int' to 'std::size_t' (aka 'unsigned long') [-Wsign-conversion]
  369 |                 std::uint64_t sum = u[j + i] + v[i] + add_carry;
      |                                       ^ ~
/home/shared/ws/fixedwide/src/limbs.hpp:370:72: warning: implicit conversion changes signedness: 'int' to 'std::size_t' (aka 'unsigned long') [-Wsign-conversion]
  370 |                 add_carry = (sum < u[j + i]) || (add_carry && sum == u[j + i]) ? 1 : 0;
      |                                                                        ^ ~
/home/shared/ws/fixedwide/src/limbs.hpp:370:38: warning: implicit conversion changes signedness: 'int' to 'std::size_t' (aka 'unsigned long') [-Wsign-conversion]
  370 |                 add_carry = (sum < u[j + i]) || (add_carry && sum == u[j + i]) ? 1 : 0;
      |                                      ^ ~
/home/shared/ws/fixedwide/src/limbs.hpp:371:19: warning: implicit conversion changes signedness: 'int' to 'std::size_t' (aka 'unsigned long') [-Wsign-conversion]
  371 |                 u[j + i] = sum;
      |                   ^ ~
/home/shared/ws/fixedwide/src/limbs.hpp:373:15: warning: implicit conversion changes signedness: 'int' to 'std::size_t' (aka 'unsigned long') [-Wsign-conversion]
  373 |             u[j + n] = 0;
      |               ^ ~
/home/shared/ws/fixedwide/src/limbs.hpp:375:15: warning: implicit conversion changes signedness: 'int' to 'std::size_t' (aka 'unsigned long') [-Wsign-conversion]
  375 |             u[j + n] -= borrow;
      |               ^ ~
13 warnings generated.
[7/68] Building CXX object tests/CMakeFiles/test_wide.dir/test_wide.cpp.o
[8/68] Building CXX object CMakeFiles/fixedwide.dir/src/chars.cpp.o
In file included from /home/shared/ws/fixedwide/src/chars.cpp:3:
/home/shared/ws/fixedwide/src/limbs.hpp:302:22: warning: implicit conversion changes signedness: 'int' to 'unsigned int' [-Wsign-conversion]
  302 |     unsigned shift = std::countl_zero(den.limbs[n - 1]);
      |              ~~~~~   ^~~~~~~~~~~~~~~~~~~~~~~~~~~~~~~~~~
/home/shared/ws/fixedwide/src/chars.cpp:455:19: note: in instantiation of function template specialization 'fixedwide::detail::divmod_knuth<4UL, 4UL>' requested here
  455 |     auto divres = divmod_knuth(vmag, divisor);
      |                   ^
In file included from /home/shared/ws/fixedwide/src/chars.cpp:3:
/home/shared/ws/fixedwide/src/limbs.hpp:330:33: warning: implicit conversion changes signedness: 'int' to 'std::size_t' (aka 'unsigned long') [-Wsign-conversion]
  330 |         std::uint64_t u_top = u[j + n];
      |                                 ^ ~
/home/shared/ws/fixedwide/src/limbs.hpp:331:34: warning: implicit conversion changes signedness: 'int' to 'std::size_t' (aka 'unsigned long') [-Wsign-conversion]
  331 |         std::uint64_t u_next = u[j + n - 1];
      |                                  ^ ~
/home/shared/ws/fixedwide/src/limbs.hpp:332:35: warning: implicit conversion changes signedness: 'int' to 'std::size_t' (aka 'unsigned long') [-Wsign-conversion]
  332 |         std::uint64_t u_next2 = u[j + n - 2];
      |                                   ^ ~
/home/shared/ws/fixedwide/src/limbs.hpp:361:19: warning: implicit conversion changes signedness: 'int' to 'std::size_t' (aka 'unsigned long') [-Wsign-conversion]
  361 |             if (u[j + i] < sub) ++borrow;
      |                   ^ ~
/home/shared/ws/fixedwide/src/limbs.hpp:362:15: warning: implicit conversion changes signedness: 'int' to 'std::size_t' (aka 'unsigned long') [-Wsign-conversion]
  362 |             u[j + i] -= sub;
      |               ^ ~
/home/shared/ws/fixedwide/src/limbs.hpp:364:15: warning: implicit conversion changes signedness: 'int' to 'std::size_t' (aka 'unsigned long') [-Wsign-conversion]
  364 |         if (u[j + n] < borrow) {
      |               ^ ~
/home/shared/ws/fixedwide/src/limbs.hpp:369:39: warning: implicit conversion changes signedness: 'int' to 'std::size_t' (aka 'unsigned long') [-Wsign-conversion]
  369 |                 std::uint64_t sum = u[j + i] + v[i] + add_carry;
      |                                       ^ ~
/home/shared/ws/fixedwide/src/limbs.hpp:370:72: warning: implicit conversion changes signedness: 'int' to 'std::size_t' (aka 'unsigned long') [-Wsign-conversion]
  370 |                 add_carry = (sum < u[j + i]) || (add_carry && sum == u[j + i]) ? 1 : 0;
      |                                                                        ^ ~
/home/shared/ws/fixedwide/src/limbs.hpp:370:38: warning: implicit conversion changes signedness: 'int' to 'std::size_t' (aka 'unsigned long') [-Wsign-conversion]
  370 |                 add_carry = (sum < u[j + i]) || (add_carry && sum == u[j + i]) ? 1 : 0;
      |                                      ^ ~
/home/shared/ws/fixedwide/src/limbs.hpp:371:19: warning: implicit conversion changes signedness: 'int' to 'std::size_t' (aka 'unsigned long') [-Wsign-conversion]
  371 |                 u[j + i] = sum;
      |                   ^ ~
/home/shared/ws/fixedwide/src/limbs.hpp:373:15: warning: implicit conversion changes signedness: 'int' to 'std::size_t' (aka 'unsigned long') [-Wsign-conversion]
  373 |             u[j + n] = 0;
      |               ^ ~
/home/shared/ws/fixedwide/src/limbs.hpp:375:15: warning: implicit conversion changes signedness: 'int' to 'std::size_t' (aka 'unsigned long') [-Wsign-conversion]
  375 |             u[j + n] -= borrow;
      |               ^ ~
13 warnings generated.
[9/68] Building CXX object tests/CMakeFiles/audit_portable_edges.dir/audit_portable_edges.cpp.o
[10/68] Building CXX object tests/CMakeFiles/audit_portable_div128.dir/audit_portable_div128.cpp.o
[11/68] Building CXX object tests/CMakeFiles/test_mixed_native.dir/test_mixed_native.cpp.o
[12/68] Building CXX object tests/CMakeFiles/test_binary.dir/test_binary.cpp.o
[13/68] Building CXX object tests/CMakeFiles/test_chars.dir/test_chars.cpp.o
[14/68] Building CXX object tests/CMakeFiles/test_floating.dir/test_floating.cpp.o
[15/68] Building CXX object examples/CMakeFiles/example_03_error_handling.dir/03_error_handling.cpp.o
[16/68] Building CXX object tests/CMakeFiles/test_constexpr.dir/test_constexpr.cpp.o
[17/68] Building CXX object tests/CMakeFiles/audit_text_targeted.dir/audit_text_targeted.cpp.o
[18/68] Building CXX object tests/CMakeFiles/test_mixed.dir/test_mixed.cpp.o
[19/68] Building CXX object tests/CMakeFiles/test_storage.dir/test_storage.cpp.o
[20/68] Building CXX object tests/CMakeFiles/test_no_alloc.dir/test_no_alloc.cpp.o
[21/68] Building CXX object examples/CMakeFiles/example_04_mixed_scales.dir/04_mixed_scales.cpp.o
[22/68] Building CXX object tests/CMakeFiles/audit_floating.dir/audit_floating.cpp.o
[23/68] Building CXX object examples/CMakeFiles/example_02_rounding_modes.dir/02_rounding_modes.cpp.o
[24/68] Building CXX object examples/CMakeFiles/example_08_constexpr.dir/08_constexpr.cpp.o
[25/68] Building CXX object tests/CMakeFiles/audit_known.dir/audit_known.cpp.o
[26/68] Building CXX object tests/CMakeFiles/test_signed_min.dir/test_signed_min.cpp.o
[27/68] Building CXX object examples/CMakeFiles/example_01_quick_start.dir/01_quick_start.cpp.o
[28/68] Building CXX object tests/CMakeFiles/test_core.dir/test_core.cpp.o
[29/68] Building CXX object examples/CMakeFiles/example_06_binary_roundtrip.dir/06_binary_roundtrip.cpp.o
[30/68] Building CXX object tests/CMakeFiles/audit_io.dir/audit_io.cpp.o
[31/68] Building CXX object examples/CMakeFiles/example_07_money_ledger.dir/07_money_ledger.cpp.o
[32/68] Building CXX object CMakeFiles/fixedwide.dir/src/arithmetic.cpp.o
In file included from /home/shared/ws/fixedwide/src/arithmetic.cpp:1:
/home/shared/ws/fixedwide/include/fixedwide/arithmetic.hpp:203:39: warning: implicit conversion changes signedness: 'unsigned long long' to 'std::int64_t' (aka 'long') [-Wsign-conversion]
  203 |                 std::int64_t s = 0ULL - u;
      |                              ~   ~~~~~^~~
/home/shared/ws/fixedwide/include/fixedwide/arithmetic.hpp:238:39: warning: implicit conversion changes signedness: 'unsigned long long' to 'std::int64_t' (aka 'long') [-Wsign-conversion]
  238 |                 std::int64_t s = 0ULL - u;
      |                              ~   ~~~~~^~~
In file included from /home/shared/ws/fixedwide/src/arithmetic.cpp:5:
/home/shared/ws/fixedwide/src/limbs.hpp:302:22: warning: implicit conversion changes signedness: 'int' to 'unsigned int' [-Wsign-conversion]
  302 |     unsigned shift = std::countl_zero(den.limbs[n - 1]);
      |              ~~~~~   ^~~~~~~~~~~~~~~~~~~~~~~~~~~~~~~~~~
/home/shared/ws/fixedwide/src/arithmetic.cpp:867:26: note: in instantiation of function template specialization 'fixedwide::detail::divmod_knuth<8UL, 4UL>' requested here
  867 |     const auto general = divmod_knuth(numerator, divisor);
      |                          ^
/home/shared/ws/fixedwide/src/arithmetic.cpp:885:25: note: in instantiation of function template specialization 'fixedwide::detail::divide_wide<8UL>' requested here
  885 |     const auto divres = divide_wide(prod, s);
      |                         ^
In file included from /home/shared/ws/fixedwide/src/arithmetic.cpp:5:
/home/shared/ws/fixedwide/src/limbs.hpp:330:33: warning: implicit conversion changes signedness: 'int' to 'std::size_t' (aka 'unsigned long') [-Wsign-conversion]
  330 |         std::uint64_t u_top = u[j + n];
      |                                 ^ ~
/home/shared/ws/fixedwide/src/limbs.hpp:331:34: warning: implicit conversion changes signedness: 'int' to 'std::size_t' (aka 'unsigned long') [-Wsign-conversion]
  331 |         std::uint64_t u_next = u[j + n - 1];
      |                                  ^ ~
/home/shared/ws/fixedwide/src/limbs.hpp:332:35: warning: implicit conversion changes signedness: 'int' to 'std::size_t' (aka 'unsigned long') [-Wsign-conversion]
  332 |         std::uint64_t u_next2 = u[j + n - 2];
      |                                   ^ ~
/home/shared/ws/fixedwide/src/limbs.hpp:361:19: warning: implicit conversion changes signedness: 'int' to 'std::size_t' (aka 'unsigned long') [-Wsign-conversion]
  361 |             if (u[j + i] < sub) ++borrow;
      |                   ^ ~
/home/shared/ws/fixedwide/src/limbs.hpp:362:15: warning: implicit conversion changes signedness: 'int' to 'std::size_t' (aka 'unsigned long') [-Wsign-conversion]
  362 |             u[j + i] -= sub;
      |               ^ ~
/home/shared/ws/fixedwide/src/limbs.hpp:364:15: warning: implicit conversion changes signedness: 'int' to 'std::size_t' (aka 'unsigned long') [-Wsign-conversion]
  364 |         if (u[j + n] < borrow) {
      |               ^ ~
/home/shared/ws/fixedwide/src/limbs.hpp:369:39: warning: implicit conversion changes signedness: 'int' to 'std::size_t' (aka 'unsigned long') [-Wsign-conversion]
  369 |                 std::uint64_t sum = u[j + i] + v[i] + add_carry;
      |                                       ^ ~
/home/shared/ws/fixedwide/src/limbs.hpp:370:72: warning: implicit conversion changes signedness: 'int' to 'std::size_t' (aka 'unsigned long') [-Wsign-conversion]
  370 |                 add_carry = (sum < u[j + i]) || (add_carry && sum == u[j + i]) ? 1 : 0;
      |                                                                        ^ ~
/home/shared/ws/fixedwide/src/limbs.hpp:370:38: warning: implicit conversion changes signedness: 'int' to 'std::size_t' (aka 'unsigned long') [-Wsign-conversion]
  370 |                 add_carry = (sum < u[j + i]) || (add_carry && sum == u[j + i]) ? 1 : 0;
      |                                      ^ ~
/home/shared/ws/fixedwide/src/limbs.hpp:371:19: warning: implicit conversion changes signedness: 'int' to 'std::size_t' (aka 'unsigned long') [-Wsign-conversion]
  371 |                 u[j + i] = sum;
      |                   ^ ~
/home/shared/ws/fixedwide/src/limbs.hpp:373:15: warning: implicit conversion changes signedness: 'int' to 'std::size_t' (aka 'unsigned long') [-Wsign-conversion]
  373 |             u[j + n] = 0;
      |               ^ ~
/home/shared/ws/fixedwide/src/limbs.hpp:375:15: warning: implicit conversion changes signedness: 'int' to 'std::size_t' (aka 'unsigned long') [-Wsign-conversion]
  375 |             u[j + n] -= borrow;
      |               ^ ~
/home/shared/ws/fixedwide/src/limbs.hpp:302:22: warning: implicit conversion changes signedness: 'int' to 'unsigned int' [-Wsign-conversion]
  302 |     unsigned shift = std::countl_zero(den.limbs[n - 1]);
      |              ~~~~~   ^~~~~~~~~~~~~~~~~~~~~~~~~~~~~~~~~~
/home/shared/ws/fixedwide/src/arithmetic.cpp:867:26: note: in instantiation of function template specialization 'fixedwide::detail::divmod_knuth<4UL, 4UL>' requested here
  867 |     const auto general = divmod_knuth(numerator, divisor);
      |                          ^
/home/shared/ws/fixedwide/src/arithmetic.cpp:976:19: note: in instantiation of function template specialization 'fixedwide::detail::divide_wide<4UL>' requested here
  976 |     auto divres = divide_wide(mag, udiv);
      |                   ^
In file included from /home/shared/ws/fixedwide/src/arithmetic.cpp:5:
/home/shared/ws/fixedwide/src/limbs.hpp:330:33: warning: implicit conversion changes signedness: 'int' to 'std::size_t' (aka 'unsigned long') [-Wsign-conversion]
  330 |         std::uint64_t u_top = u[j + n];
      |                                 ^ ~
/home/shared/ws/fixedwide/src/limbs.hpp:331:34: warning: implicit conversion changes signedness: 'int' to 'std::size_t' (aka 'unsigned long') [-Wsign-conversion]
  331 |         std::uint64_t u_next = u[j + n - 1];
      |                                  ^ ~
/home/shared/ws/fixedwide/src/limbs.hpp:332:35: warning: implicit conversion changes signedness: 'int' to 'std::size_t' (aka 'unsigned long') [-Wsign-conversion]
  332 |         std::uint64_t u_next2 = u[j + n - 2];
      |                                   ^ ~
/home/shared/ws/fixedwide/src/limbs.hpp:361:19: warning: implicit conversion changes signedness: 'int' to 'std::size_t' (aka 'unsigned long') [-Wsign-conversion]
  361 |             if (u[j + i] < sub) ++borrow;
      |                   ^ ~
/home/shared/ws/fixedwide/src/limbs.hpp:362:15: warning: implicit conversion changes signedness: 'int' to 'std::size_t' (aka 'unsigned long') [-Wsign-conversion]
  362 |             u[j + i] -= sub;
      |               ^ ~
/home/shared/ws/fixedwide/src/limbs.hpp:364:15: warning: implicit conversion changes signedness: 'int' to 'std::size_t' (aka 'unsigned long') [-Wsign-conversion]
  364 |         if (u[j + n] < borrow) {
      |               ^ ~
/home/shared/ws/fixedwide/src/limbs.hpp:369:39: warning: implicit conversion changes signedness: 'int' to 'std::size_t' (aka 'unsigned long') [-Wsign-conversion]
  369 |                 std::uint64_t sum = u[j + i] + v[i] + add_carry;
      |                                       ^ ~
/home/shared/ws/fixedwide/src/limbs.hpp:370:72: warning: implicit conversion changes signedness: 'int' to 'std::size_t' (aka 'unsigned long') [-Wsign-conversion]
  370 |                 add_carry = (sum < u[j + i]) || (add_carry && sum == u[j + i]) ? 1 : 0;
      |                                                                        ^ ~
/home/shared/ws/fixedwide/src/limbs.hpp:370:38: warning: implicit conversion changes signedness: 'int' to 'std::size_t' (aka 'unsigned long') [-Wsign-conversion]
  370 |                 add_carry = (sum < u[j + i]) || (add_carry && sum == u[j + i]) ? 1 : 0;
      |                                      ^ ~
/home/shared/ws/fixedwide/src/limbs.hpp:371:19: warning: implicit conversion changes signedness: 'int' to 'std::size_t' (aka 'unsigned long') [-Wsign-conversion]
  371 |                 u[j + i] = sum;
      |                   ^ ~
/home/shared/ws/fixedwide/src/limbs.hpp:373:15: warning: implicit conversion changes signedness: 'int' to 'std::size_t' (aka 'unsigned long') [-Wsign-conversion]
  373 |             u[j + n] = 0;
      |               ^ ~
/home/shared/ws/fixedwide/src/limbs.hpp:375:15: warning: implicit conversion changes signedness: 'int' to 'std::size_t' (aka 'unsigned long') [-Wsign-conversion]
  375 |             u[j + n] -= borrow;
      |               ^ ~
/home/shared/ws/fixedwide/src/arithmetic.cpp:13:30: warning: unused function 'fits64' [-Wunused-function]
   13 | [[nodiscard]] constexpr bool fits64(std::int64_t) noexcept { return true; }
      |                              ^~~~~~
/home/shared/ws/fixedwide/src/arithmetic.cpp:146:21: warning: unused function 'divide_product_by_scale' [-Wunused-function]
  146 | inline wide::int128 divide_product_by_scale(wide::int128 product, wide::uint128 scale, Rounding rounding) noexcept {
      |                     ^~~~~~~~~~~~~~~~~~~~~~~
/home/shared/ws/fixedwide/src/arithmetic.cpp:246:1: warning: unused function 'divide_signed_general_n' [-Wunused-function]
  246 | divide_signed_general_n(i128 numerator, i128 divisor, Rounding rounding) noexcept {
      | ^~~~~~~~~~~~~~~~~~~~~~~
In file included from /home/shared/ws/fixedwide/src/arithmetic.cpp:1:
/home/shared/ws/fixedwide/include/fixedwide/arithmetic.hpp:420:11: warning: unused type alias 'Fixed' [-Wunused-local-typedef]
  420 |     using Fixed = basic_fixed<Bits, D>;
      |           ^
32 warnings generated.
[33/68] Linking CXX shared library libfixedwide.so.0.5.0
[34/68] Creating library symlink libfixedwide.so.1 libfixedwide.so
[35/68] Linking CXX executable examples/example_03_error_handling
[36/68] Linking CXX executable examples/example_06_binary_roundtrip
[37/68] Linking CXX executable tests/audit_text_targeted
[38/68] Linking CXX executable tests/test_mixed_native
[39/68] Linking CXX executable tests/test_core
[40/68] Linking CXX executable tests/audit_floating
[41/68] Linking CXX executable tests/test_constexpr
[42/68] Linking CXX executable tests/audit_known
[43/68] Linking CXX executable tests/test_storage
[44/68] Linking CXX executable tests/test_rounding
[45/68] Linking CXX executable tests/test_wide
[46/68] Linking CXX executable tests/audit_portable_edges
[47/68] Linking CXX executable tests/audit_portable_div128
[48/68] Linking CXX executable tests/audit_io
[49/68] Linking CXX executable examples/example_07_money_ledger
[50/68] Linking CXX executable tests/test_mixed
[51/68] Linking CXX executable tests/test_binary
[52/68] Linking CXX executable examples/example_04_mixed_scales
[53/68] Linking CXX executable tests/test_no_alloc
[54/68] Linking CXX executable tests/test_chars
[55/68] Linking CXX executable tests/test_signed_min
[56/68] Linking CXX executable examples/example_08_constexpr
[57/68] Linking CXX executable tests/test_overflow
[58/68] Linking CXX executable examples/example_01_quick_start
[59/68] Linking CXX executable examples/example_02_rounding_modes
[60/68] Linking CXX executable tests/test_floating
[61/68] Building CXX object examples/CMakeFiles/example_05_text_io.dir/05_text_io.cpp.o
[62/68] Linking CXX executable examples/example_05_text_io
[63/68] Building CXX object tests/CMakeFiles/test_format.dir/test_format.cpp.o
[64/68] Linking CXX executable tests/test_format
[65/68] Building CXX object tests/CMakeFiles/audit_mixed.dir/audit_mixed.cpp.o
[66/68] Linking CXX executable tests/audit_mixed
[67/68] Building CXX object tests/CMakeFiles/audit_same_domain.dir/audit_same_domain.cpp.o
[68/68] Linking CXX executable tests/audit_same_domain
Test project /home/shared/ws/fixedwide/build_verify/Linux_x86-64_Clang_shared_library
      Start  1: fixedwide.storage
 1/34 Test  #1: fixedwide.storage ........................   Passed    0.00 sec
      Start  2: fixedwide.wide
 2/34 Test  #2: fixedwide.wide ...........................   Passed    0.00 sec
      Start  3: fixedwide.rounding
 3/34 Test  #3: fixedwide.rounding .......................   Passed    0.00 sec
      Start  4: fixedwide.core
 4/34 Test  #4: fixedwide.core ...........................   Passed    0.00 sec
      Start  5: fixedwide.mixed
 5/34 Test  #5: fixedwide.mixed ..........................   Passed    0.00 sec
      Start  6: fixedwide.chars
 6/34 Test  #6: fixedwide.chars ..........................   Passed    0.00 sec
      Start  7: fixedwide.binary
 7/34 Test  #7: fixedwide.binary .........................   Passed    0.00 sec
      Start  8: fixedwide.floating
 8/34 Test  #8: fixedwide.floating .......................   Passed    0.00 sec
      Start  9: fixedwide.no_alloc
 9/34 Test  #9: fixedwide.no_alloc .......................   Passed    0.00 sec
      Start 10: fixedwide.signed_min
10/34 Test #10: fixedwide.signed_min .....................   Passed    0.00 sec
      Start 11: fixedwide.overflow
11/34 Test #11: fixedwide.overflow .......................   Passed    0.05 sec
      Start 12: fixedwide.constexpr
12/34 Test #12: fixedwide.constexpr ......................   Passed    0.07 sec
      Start 13: fixedwide.mixed_native
13/34 Test #13: fixedwide.mixed_native ...................   Passed    0.05 sec
      Start 14: fixedwide.format
14/34 Test #14: fixedwide.format .........................   Passed    0.00 sec
      Start 15: fixedwide.audit.audit_same_domain
15/34 Test #15: fixedwide.audit.audit_same_domain ........   Passed    0.40 sec
      Start 16: fixedwide.audit.audit_mixed
16/34 Test #16: fixedwide.audit.audit_mixed ..............   Passed    0.65 sec
      Start 17: fixedwide.audit.audit_known
17/34 Test #17: fixedwide.audit.audit_known ..............   Passed    0.00 sec
      Start 18: fixedwide.audit.audit_floating
18/34 Test #18: fixedwide.audit.audit_floating ...........   Passed    0.00 sec
      Start 19: fixedwide.audit.audit_io
19/34 Test #19: fixedwide.audit.audit_io .................   Passed    0.01 sec
      Start 20: fixedwide.audit.audit_text_targeted
20/34 Test #20: fixedwide.audit.audit_text_targeted ......   Passed    0.00 sec
      Start 21: fixedwide.audit.audit_portable_edges
21/34 Test #21: fixedwide.audit.audit_portable_edges .....   Passed    0.00 sec
      Start 22: fixedwide.audit.audit_portable_div128
22/34 Test #22: fixedwide.audit.audit_portable_div128 ....   Passed    0.00 sec
      Start 23: fixedwide.negative.ambiguous_mixed_mul
23/34 Test #23: fixedwide.negative.ambiguous_mixed_mul ...   Passed    0.05 sec
      Start 24: fixedwide.negative.invalid_bits
24/34 Test #24: fixedwide.negative.invalid_bits ..........   Passed    0.03 sec
      Start 25: fixedwide.negative.invalid_scale
25/34 Test #25: fixedwide.negative.invalid_scale .........   Passed    0.03 sec
      Start 26: fixedwide.negative.runtime_scale
26/34 Test #26: fixedwide.negative.runtime_scale .........   Passed    0.03 sec
      Start 27: fixedwide.example.01_quick_start
27/34 Test #27: fixedwide.example.01_quick_start .........   Passed    0.00 sec
      Start 28: fixedwide.example.02_rounding_modes
28/34 Test #28: fixedwide.example.02_rounding_modes ......   Passed    0.00 sec
      Start 29: fixedwide.example.03_error_handling
29/34 Test #29: fixedwide.example.03_error_handling ......   Passed    0.00 sec
      Start 30: fixedwide.example.04_mixed_scales
30/34 Test #30: fixedwide.example.04_mixed_scales ........   Passed    0.00 sec
      Start 31: fixedwide.example.05_text_io
31/34 Test #31: fixedwide.example.05_text_io .............   Passed    0.00 sec
      Start 32: fixedwide.example.06_binary_roundtrip
32/34 Test #32: fixedwide.example.06_binary_roundtrip ....   Passed    0.00 sec
      Start 33: fixedwide.example.07_money_ledger
33/34 Test #33: fixedwide.example.07_money_ledger ........   Passed    0.00 sec
      Start 34: fixedwide.example.08_constexpr
34/34 Test #34: fixedwide.example.08_constexpr ...........   Passed    0.00 sec

100% tests passed out of 34

Total Test time (real) =   1.40 sec
-- The CXX compiler identification is Clang 22.1.8
-- Detecting CXX compiler ABI info
-- Detecting CXX compiler ABI info - done
-- Check for working CXX compiler: /usr/bin/clang++ - skipped
-- Detecting CXX compile features
-- Detecting CXX compile features - done
-- Configuring done (0.2s)
-- Generating done (0.0s)
-- Build files have been written to: /home/shared/ws/fixedwide/build_verify/no_eh
[1/7] Building CXX object CMakeFiles/fixedwide.dir/src/bigint.cpp.o
In file included from /home/shared/ws/fixedwide/src/bigint.cpp:4:
/home/shared/ws/fixedwide/src/limbs.hpp:302:22: warning: implicit conversion changes signedness: 'int' to 'unsigned int' [-Wsign-conversion]
  302 |     unsigned shift = std::countl_zero(den.limbs[n - 1]);
      |              ~~~~~   ^~~~~~~~~~~~~~~~~~~~~~~~~~~~~~~~~~
/home/shared/ws/fixedwide/src/bigint.cpp:16:24: note: in instantiation of function template specialization 'fixedwide::detail::divmod_knuth<4UL, 2UL>' requested here
   16 |     auto res = detail::divmod_knuth(num, den);
      |                        ^
In file included from /home/shared/ws/fixedwide/src/bigint.cpp:4:
/home/shared/ws/fixedwide/src/limbs.hpp:330:33: warning: implicit conversion changes signedness: 'int' to 'std::size_t' (aka 'unsigned long') [-Wsign-conversion]
  330 |         std::uint64_t u_top = u[j + n];
      |                                 ^ ~
/home/shared/ws/fixedwide/src/limbs.hpp:331:34: warning: implicit conversion changes signedness: 'int' to 'std::size_t' (aka 'unsigned long') [-Wsign-conversion]
  331 |         std::uint64_t u_next = u[j + n - 1];
      |                                  ^ ~
/home/shared/ws/fixedwide/src/limbs.hpp:332:35: warning: implicit conversion changes signedness: 'int' to 'std::size_t' (aka 'unsigned long') [-Wsign-conversion]
  332 |         std::uint64_t u_next2 = u[j + n - 2];
      |                                   ^ ~
/home/shared/ws/fixedwide/src/limbs.hpp:361:19: warning: implicit conversion changes signedness: 'int' to 'std::size_t' (aka 'unsigned long') [-Wsign-conversion]
  361 |             if (u[j + i] < sub) ++borrow;
      |                   ^ ~
/home/shared/ws/fixedwide/src/limbs.hpp:362:15: warning: implicit conversion changes signedness: 'int' to 'std::size_t' (aka 'unsigned long') [-Wsign-conversion]
  362 |             u[j + i] -= sub;
      |               ^ ~
/home/shared/ws/fixedwide/src/limbs.hpp:364:15: warning: implicit conversion changes signedness: 'int' to 'std::size_t' (aka 'unsigned long') [-Wsign-conversion]
  364 |         if (u[j + n] < borrow) {
      |               ^ ~
/home/shared/ws/fixedwide/src/limbs.hpp:369:39: warning: implicit conversion changes signedness: 'int' to 'std::size_t' (aka 'unsigned long') [-Wsign-conversion]
  369 |                 std::uint64_t sum = u[j + i] + v[i] + add_carry;
      |                                       ^ ~
/home/shared/ws/fixedwide/src/limbs.hpp:370:72: warning: implicit conversion changes signedness: 'int' to 'std::size_t' (aka 'unsigned long') [-Wsign-conversion]
  370 |                 add_carry = (sum < u[j + i]) || (add_carry && sum == u[j + i]) ? 1 : 0;
      |                                                                        ^ ~
/home/shared/ws/fixedwide/src/limbs.hpp:370:38: warning: implicit conversion changes signedness: 'int' to 'std::size_t' (aka 'unsigned long') [-Wsign-conversion]
  370 |                 add_carry = (sum < u[j + i]) || (add_carry && sum == u[j + i]) ? 1 : 0;
      |                                      ^ ~
/home/shared/ws/fixedwide/src/limbs.hpp:371:19: warning: implicit conversion changes signedness: 'int' to 'std::size_t' (aka 'unsigned long') [-Wsign-conversion]
  371 |                 u[j + i] = sum;
      |                   ^ ~
/home/shared/ws/fixedwide/src/limbs.hpp:373:15: warning: implicit conversion changes signedness: 'int' to 'std::size_t' (aka 'unsigned long') [-Wsign-conversion]
  373 |             u[j + n] = 0;
      |               ^ ~
/home/shared/ws/fixedwide/src/limbs.hpp:375:15: warning: implicit conversion changes signedness: 'int' to 'std::size_t' (aka 'unsigned long') [-Wsign-conversion]
  375 |             u[j + n] -= borrow;
      |               ^ ~
13 warnings generated.
[2/7] Building CXX object CMakeFiles/fixedwide.dir/src/mixed.cpp.o
In file included from /home/shared/ws/fixedwide/src/mixed.cpp:1:
In file included from /home/shared/ws/fixedwide/include/fixedwide/mixed.hpp:14:
/home/shared/ws/fixedwide/include/fixedwide/detail/mixed_native.hpp:208:24: warning: unused variable 'common' [-Wunused-variable]
  208 |     constexpr unsigned common = Da < Db ? Da : Db;
      |                        ^~~~~~
In file included from /home/shared/ws/fixedwide/src/mixed.cpp:3:
/home/shared/ws/fixedwide/src/limbs.hpp:302:22: warning: implicit conversion changes signedness: 'int' to 'unsigned int' [-Wsign-conversion]
  302 |     unsigned shift = std::countl_zero(den.limbs[n - 1]);
      |              ~~~~~   ^~~~~~~~~~~~~~~~~~~~~~~~~~~~~~~~~~
/home/shared/ws/fixedwide/src/mixed.cpp:28:19: note: in instantiation of function template specialization 'fixedwide::detail::divmod_knuth<16UL, 16UL>' requested here
   28 |     auto divres = divmod_knuth(num, den);
      |                   ^
In file included from /home/shared/ws/fixedwide/src/mixed.cpp:3:
/home/shared/ws/fixedwide/src/limbs.hpp:330:33: warning: implicit conversion changes signedness: 'int' to 'std::size_t' (aka 'unsigned long') [-Wsign-conversion]
  330 |         std::uint64_t u_top = u[j + n];
      |                                 ^ ~
/home/shared/ws/fixedwide/src/limbs.hpp:331:34: warning: implicit conversion changes signedness: 'int' to 'std::size_t' (aka 'unsigned long') [-Wsign-conversion]
  331 |         std::uint64_t u_next = u[j + n - 1];
      |                                  ^ ~
/home/shared/ws/fixedwide/src/limbs.hpp:332:35: warning: implicit conversion changes signedness: 'int' to 'std::size_t' (aka 'unsigned long') [-Wsign-conversion]
  332 |         std::uint64_t u_next2 = u[j + n - 2];
      |                                   ^ ~
/home/shared/ws/fixedwide/src/limbs.hpp:361:19: warning: implicit conversion changes signedness: 'int' to 'std::size_t' (aka 'unsigned long') [-Wsign-conversion]
  361 |             if (u[j + i] < sub) ++borrow;
      |                   ^ ~
/home/shared/ws/fixedwide/src/limbs.hpp:362:15: warning: implicit conversion changes signedness: 'int' to 'std::size_t' (aka 'unsigned long') [-Wsign-conversion]
  362 |             u[j + i] -= sub;
      |               ^ ~
/home/shared/ws/fixedwide/src/limbs.hpp:364:15: warning: implicit conversion changes signedness: 'int' to 'std::size_t' (aka 'unsigned long') [-Wsign-conversion]
  364 |         if (u[j + n] < borrow) {
      |               ^ ~
/home/shared/ws/fixedwide/src/limbs.hpp:369:39: warning: implicit conversion changes signedness: 'int' to 'std::size_t' (aka 'unsigned long') [-Wsign-conversion]
  369 |                 std::uint64_t sum = u[j + i] + v[i] + add_carry;
      |                                       ^ ~
/home/shared/ws/fixedwide/src/limbs.hpp:370:72: warning: implicit conversion changes signedness: 'int' to 'std::size_t' (aka 'unsigned long') [-Wsign-conversion]
  370 |                 add_carry = (sum < u[j + i]) || (add_carry && sum == u[j + i]) ? 1 : 0;
      |                                                                        ^ ~
/home/shared/ws/fixedwide/src/limbs.hpp:370:38: warning: implicit conversion changes signedness: 'int' to 'std::size_t' (aka 'unsigned long') [-Wsign-conversion]
  370 |                 add_carry = (sum < u[j + i]) || (add_carry && sum == u[j + i]) ? 1 : 0;
      |                                      ^ ~
/home/shared/ws/fixedwide/src/limbs.hpp:371:19: warning: implicit conversion changes signedness: 'int' to 'std::size_t' (aka 'unsigned long') [-Wsign-conversion]
  371 |                 u[j + i] = sum;
      |                   ^ ~
/home/shared/ws/fixedwide/src/limbs.hpp:373:15: warning: implicit conversion changes signedness: 'int' to 'std::size_t' (aka 'unsigned long') [-Wsign-conversion]
  373 |             u[j + n] = 0;
      |               ^ ~
/home/shared/ws/fixedwide/src/limbs.hpp:375:15: warning: implicit conversion changes signedness: 'int' to 'std::size_t' (aka 'unsigned long') [-Wsign-conversion]
  375 |             u[j + n] -= borrow;
      |               ^ ~
14 warnings generated.
[3/7] Building CXX object CMakeFiles/fixedwide.dir/src/integer_chars.cpp.o
[4/7] Building CXX object CMakeFiles/fixedwide.dir/src/floating.cpp.o
In file included from /home/shared/ws/fixedwide/src/floating.cpp:3:
/home/shared/ws/fixedwide/src/limbs.hpp:302:22: warning: implicit conversion changes signedness: 'int' to 'unsigned int' [-Wsign-conversion]
  302 |     unsigned shift = std::countl_zero(den.limbs[n - 1]);
      |              ~~~~~   ^~~~~~~~~~~~~~~~~~~~~~~~~~~~~~~~~~
/home/shared/ws/fixedwide/src/floating.cpp:62:19: note: in instantiation of function template specialization 'fixedwide::detail::divmod_knuth<16UL, 16UL>' requested here
   62 |     auto divres = divmod_knuth(num, den);
      |                   ^
/home/shared/ws/fixedwide/src/floating.cpp:99:12: note: in instantiation of function template specialization 'fixedwide::detail::(anonymous namespace)::float_to_raw<float>' requested here
   99 |     return float_to_raw(value, decimals, rounding, bits);
      |            ^
In file included from /home/shared/ws/fixedwide/src/floating.cpp:3:
/home/shared/ws/fixedwide/src/limbs.hpp:330:33: warning: implicit conversion changes signedness: 'int' to 'std::size_t' (aka 'unsigned long') [-Wsign-conversion]
  330 |         std::uint64_t u_top = u[j + n];
      |                                 ^ ~
/home/shared/ws/fixedwide/src/limbs.hpp:331:34: warning: implicit conversion changes signedness: 'int' to 'std::size_t' (aka 'unsigned long') [-Wsign-conversion]
  331 |         std::uint64_t u_next = u[j + n - 1];
      |                                  ^ ~
/home/shared/ws/fixedwide/src/limbs.hpp:332:35: warning: implicit conversion changes signedness: 'int' to 'std::size_t' (aka 'unsigned long') [-Wsign-conversion]
  332 |         std::uint64_t u_next2 = u[j + n - 2];
      |                                   ^ ~
/home/shared/ws/fixedwide/src/limbs.hpp:361:19: warning: implicit conversion changes signedness: 'int' to 'std::size_t' (aka 'unsigned long') [-Wsign-conversion]
  361 |             if (u[j + i] < sub) ++borrow;
      |                   ^ ~
/home/shared/ws/fixedwide/src/limbs.hpp:362:15: warning: implicit conversion changes signedness: 'int' to 'std::size_t' (aka 'unsigned long') [-Wsign-conversion]
  362 |             u[j + i] -= sub;
      |               ^ ~
/home/shared/ws/fixedwide/src/limbs.hpp:364:15: warning: implicit conversion changes signedness: 'int' to 'std::size_t' (aka 'unsigned long') [-Wsign-conversion]
  364 |         if (u[j + n] < borrow) {
      |               ^ ~
/home/shared/ws/fixedwide/src/limbs.hpp:369:39: warning: implicit conversion changes signedness: 'int' to 'std::size_t' (aka 'unsigned long') [-Wsign-conversion]
  369 |                 std::uint64_t sum = u[j + i] + v[i] + add_carry;
      |                                       ^ ~
/home/shared/ws/fixedwide/src/limbs.hpp:370:72: warning: implicit conversion changes signedness: 'int' to 'std::size_t' (aka 'unsigned long') [-Wsign-conversion]
  370 |                 add_carry = (sum < u[j + i]) || (add_carry && sum == u[j + i]) ? 1 : 0;
      |                                                                        ^ ~
/home/shared/ws/fixedwide/src/limbs.hpp:370:38: warning: implicit conversion changes signedness: 'int' to 'std::size_t' (aka 'unsigned long') [-Wsign-conversion]
  370 |                 add_carry = (sum < u[j + i]) || (add_carry && sum == u[j + i]) ? 1 : 0;
      |                                      ^ ~
/home/shared/ws/fixedwide/src/limbs.hpp:371:19: warning: implicit conversion changes signedness: 'int' to 'std::size_t' (aka 'unsigned long') [-Wsign-conversion]
  371 |                 u[j + i] = sum;
      |                   ^ ~
/home/shared/ws/fixedwide/src/limbs.hpp:373:15: warning: implicit conversion changes signedness: 'int' to 'std::size_t' (aka 'unsigned long') [-Wsign-conversion]
  373 |             u[j + n] = 0;
      |               ^ ~
/home/shared/ws/fixedwide/src/limbs.hpp:375:15: warning: implicit conversion changes signedness: 'int' to 'std::size_t' (aka 'unsigned long') [-Wsign-conversion]
  375 |             u[j + n] -= borrow;
      |               ^ ~
13 warnings generated.
[5/7] Building CXX object CMakeFiles/fixedwide.dir/src/chars.cpp.o
In file included from /home/shared/ws/fixedwide/src/chars.cpp:3:
/home/shared/ws/fixedwide/src/limbs.hpp:302:22: warning: implicit conversion changes signedness: 'int' to 'unsigned int' [-Wsign-conversion]
  302 |     unsigned shift = std::countl_zero(den.limbs[n - 1]);
      |              ~~~~~   ^~~~~~~~~~~~~~~~~~~~~~~~~~~~~~~~~~
/home/shared/ws/fixedwide/src/chars.cpp:455:19: note: in instantiation of function template specialization 'fixedwide::detail::divmod_knuth<4UL, 4UL>' requested here
  455 |     auto divres = divmod_knuth(vmag, divisor);
      |                   ^
In file included from /home/shared/ws/fixedwide/src/chars.cpp:3:
/home/shared/ws/fixedwide/src/limbs.hpp:330:33: warning: implicit conversion changes signedness: 'int' to 'std::size_t' (aka 'unsigned long') [-Wsign-conversion]
  330 |         std::uint64_t u_top = u[j + n];
      |                                 ^ ~
/home/shared/ws/fixedwide/src/limbs.hpp:331:34: warning: implicit conversion changes signedness: 'int' to 'std::size_t' (aka 'unsigned long') [-Wsign-conversion]
  331 |         std::uint64_t u_next = u[j + n - 1];
      |                                  ^ ~
/home/shared/ws/fixedwide/src/limbs.hpp:332:35: warning: implicit conversion changes signedness: 'int' to 'std::size_t' (aka 'unsigned long') [-Wsign-conversion]
  332 |         std::uint64_t u_next2 = u[j + n - 2];
      |                                   ^ ~
/home/shared/ws/fixedwide/src/limbs.hpp:361:19: warning: implicit conversion changes signedness: 'int' to 'std::size_t' (aka 'unsigned long') [-Wsign-conversion]
  361 |             if (u[j + i] < sub) ++borrow;
      |                   ^ ~
/home/shared/ws/fixedwide/src/limbs.hpp:362:15: warning: implicit conversion changes signedness: 'int' to 'std::size_t' (aka 'unsigned long') [-Wsign-conversion]
  362 |             u[j + i] -= sub;
      |               ^ ~
/home/shared/ws/fixedwide/src/limbs.hpp:364:15: warning: implicit conversion changes signedness: 'int' to 'std::size_t' (aka 'unsigned long') [-Wsign-conversion]
  364 |         if (u[j + n] < borrow) {
      |               ^ ~
/home/shared/ws/fixedwide/src/limbs.hpp:369:39: warning: implicit conversion changes signedness: 'int' to 'std::size_t' (aka 'unsigned long') [-Wsign-conversion]
  369 |                 std::uint64_t sum = u[j + i] + v[i] + add_carry;
      |                                       ^ ~
/home/shared/ws/fixedwide/src/limbs.hpp:370:72: warning: implicit conversion changes signedness: 'int' to 'std::size_t' (aka 'unsigned long') [-Wsign-conversion]
  370 |                 add_carry = (sum < u[j + i]) || (add_carry && sum == u[j + i]) ? 1 : 0;
      |                                                                        ^ ~
/home/shared/ws/fixedwide/src/limbs.hpp:370:38: warning: implicit conversion changes signedness: 'int' to 'std::size_t' (aka 'unsigned long') [-Wsign-conversion]
  370 |                 add_carry = (sum < u[j + i]) || (add_carry && sum == u[j + i]) ? 1 : 0;
      |                                      ^ ~
/home/shared/ws/fixedwide/src/limbs.hpp:371:19: warning: implicit conversion changes signedness: 'int' to 'std::size_t' (aka 'unsigned long') [-Wsign-conversion]
  371 |                 u[j + i] = sum;
      |                   ^ ~
/home/shared/ws/fixedwide/src/limbs.hpp:373:15: warning: implicit conversion changes signedness: 'int' to 'std::size_t' (aka 'unsigned long') [-Wsign-conversion]
  373 |             u[j + n] = 0;
      |               ^ ~
/home/shared/ws/fixedwide/src/limbs.hpp:375:15: warning: implicit conversion changes signedness: 'int' to 'std::size_t' (aka 'unsigned long') [-Wsign-conversion]
  375 |             u[j + n] -= borrow;
      |               ^ ~
13 warnings generated.
[6/7] Building CXX object CMakeFiles/fixedwide.dir/src/arithmetic.cpp.o
In file included from /home/shared/ws/fixedwide/src/arithmetic.cpp:1:
/home/shared/ws/fixedwide/include/fixedwide/arithmetic.hpp:203:39: warning: implicit conversion changes signedness: 'unsigned long long' to 'std::int64_t' (aka 'long') [-Wsign-conversion]
  203 |                 std::int64_t s = 0ULL - u;
      |                              ~   ~~~~~^~~
/home/shared/ws/fixedwide/include/fixedwide/arithmetic.hpp:238:39: warning: implicit conversion changes signedness: 'unsigned long long' to 'std::int64_t' (aka 'long') [-Wsign-conversion]
  238 |                 std::int64_t s = 0ULL - u;
      |                              ~   ~~~~~^~~
In file included from /home/shared/ws/fixedwide/src/arithmetic.cpp:5:
/home/shared/ws/fixedwide/src/limbs.hpp:302:22: warning: implicit conversion changes signedness: 'int' to 'unsigned int' [-Wsign-conversion]
  302 |     unsigned shift = std::countl_zero(den.limbs[n - 1]);
      |              ~~~~~   ^~~~~~~~~~~~~~~~~~~~~~~~~~~~~~~~~~
/home/shared/ws/fixedwide/src/arithmetic.cpp:867:26: note: in instantiation of function template specialization 'fixedwide::detail::divmod_knuth<8UL, 4UL>' requested here
  867 |     const auto general = divmod_knuth(numerator, divisor);
      |                          ^
/home/shared/ws/fixedwide/src/arithmetic.cpp:885:25: note: in instantiation of function template specialization 'fixedwide::detail::divide_wide<8UL>' requested here
  885 |     const auto divres = divide_wide(prod, s);
      |                         ^
In file included from /home/shared/ws/fixedwide/src/arithmetic.cpp:5:
/home/shared/ws/fixedwide/src/limbs.hpp:330:33: warning: implicit conversion changes signedness: 'int' to 'std::size_t' (aka 'unsigned long') [-Wsign-conversion]
  330 |         std::uint64_t u_top = u[j + n];
      |                                 ^ ~
/home/shared/ws/fixedwide/src/limbs.hpp:331:34: warning: implicit conversion changes signedness: 'int' to 'std::size_t' (aka 'unsigned long') [-Wsign-conversion]
  331 |         std::uint64_t u_next = u[j + n - 1];
      |                                  ^ ~
/home/shared/ws/fixedwide/src/limbs.hpp:332:35: warning: implicit conversion changes signedness: 'int' to 'std::size_t' (aka 'unsigned long') [-Wsign-conversion]
  332 |         std::uint64_t u_next2 = u[j + n - 2];
      |                                   ^ ~
/home/shared/ws/fixedwide/src/limbs.hpp:361:19: warning: implicit conversion changes signedness: 'int' to 'std::size_t' (aka 'unsigned long') [-Wsign-conversion]
  361 |             if (u[j + i] < sub) ++borrow;
      |                   ^ ~
/home/shared/ws/fixedwide/src/limbs.hpp:362:15: warning: implicit conversion changes signedness: 'int' to 'std::size_t' (aka 'unsigned long') [-Wsign-conversion]
  362 |             u[j + i] -= sub;
      |               ^ ~
/home/shared/ws/fixedwide/src/limbs.hpp:364:15: warning: implicit conversion changes signedness: 'int' to 'std::size_t' (aka 'unsigned long') [-Wsign-conversion]
  364 |         if (u[j + n] < borrow) {
      |               ^ ~
/home/shared/ws/fixedwide/src/limbs.hpp:369:39: warning: implicit conversion changes signedness: 'int' to 'std::size_t' (aka 'unsigned long') [-Wsign-conversion]
  369 |                 std::uint64_t sum = u[j + i] + v[i] + add_carry;
      |                                       ^ ~
/home/shared/ws/fixedwide/src/limbs.hpp:370:72: warning: implicit conversion changes signedness: 'int' to 'std::size_t' (aka 'unsigned long') [-Wsign-conversion]
  370 |                 add_carry = (sum < u[j + i]) || (add_carry && sum == u[j + i]) ? 1 : 0;
      |                                                                        ^ ~
/home/shared/ws/fixedwide/src/limbs.hpp:370:38: warning: implicit conversion changes signedness: 'int' to 'std::size_t' (aka 'unsigned long') [-Wsign-conversion]
  370 |                 add_carry = (sum < u[j + i]) || (add_carry && sum == u[j + i]) ? 1 : 0;
      |                                      ^ ~
/home/shared/ws/fixedwide/src/limbs.hpp:371:19: warning: implicit conversion changes signedness: 'int' to 'std::size_t' (aka 'unsigned long') [-Wsign-conversion]
  371 |                 u[j + i] = sum;
      |                   ^ ~
/home/shared/ws/fixedwide/src/limbs.hpp:373:15: warning: implicit conversion changes signedness: 'int' to 'std::size_t' (aka 'unsigned long') [-Wsign-conversion]
  373 |             u[j + n] = 0;
      |               ^ ~
/home/shared/ws/fixedwide/src/limbs.hpp:375:15: warning: implicit conversion changes signedness: 'int' to 'std::size_t' (aka 'unsigned long') [-Wsign-conversion]
  375 |             u[j + n] -= borrow;
      |               ^ ~
/home/shared/ws/fixedwide/src/limbs.hpp:302:22: warning: implicit conversion changes signedness: 'int' to 'unsigned int' [-Wsign-conversion]
  302 |     unsigned shift = std::countl_zero(den.limbs[n - 1]);
      |              ~~~~~   ^~~~~~~~~~~~~~~~~~~~~~~~~~~~~~~~~~
/home/shared/ws/fixedwide/src/arithmetic.cpp:867:26: note: in instantiation of function template specialization 'fixedwide::detail::divmod_knuth<4UL, 4UL>' requested here
  867 |     const auto general = divmod_knuth(numerator, divisor);
      |                          ^
/home/shared/ws/fixedwide/src/arithmetic.cpp:976:19: note: in instantiation of function template specialization 'fixedwide::detail::divide_wide<4UL>' requested here
  976 |     auto divres = divide_wide(mag, udiv);
      |                   ^
In file included from /home/shared/ws/fixedwide/src/arithmetic.cpp:5:
/home/shared/ws/fixedwide/src/limbs.hpp:330:33: warning: implicit conversion changes signedness: 'int' to 'std::size_t' (aka 'unsigned long') [-Wsign-conversion]
  330 |         std::uint64_t u_top = u[j + n];
      |                                 ^ ~
/home/shared/ws/fixedwide/src/limbs.hpp:331:34: warning: implicit conversion changes signedness: 'int' to 'std::size_t' (aka 'unsigned long') [-Wsign-conversion]
  331 |         std::uint64_t u_next = u[j + n - 1];
      |                                  ^ ~
/home/shared/ws/fixedwide/src/limbs.hpp:332:35: warning: implicit conversion changes signedness: 'int' to 'std::size_t' (aka 'unsigned long') [-Wsign-conversion]
  332 |         std::uint64_t u_next2 = u[j + n - 2];
      |                                   ^ ~
/home/shared/ws/fixedwide/src/limbs.hpp:361:19: warning: implicit conversion changes signedness: 'int' to 'std::size_t' (aka 'unsigned long') [-Wsign-conversion]
  361 |             if (u[j + i] < sub) ++borrow;
      |                   ^ ~
/home/shared/ws/fixedwide/src/limbs.hpp:362:15: warning: implicit conversion changes signedness: 'int' to 'std::size_t' (aka 'unsigned long') [-Wsign-conversion]
  362 |             u[j + i] -= sub;
      |               ^ ~
/home/shared/ws/fixedwide/src/limbs.hpp:364:15: warning: implicit conversion changes signedness: 'int' to 'std::size_t' (aka 'unsigned long') [-Wsign-conversion]
  364 |         if (u[j + n] < borrow) {
      |               ^ ~
/home/shared/ws/fixedwide/src/limbs.hpp:369:39: warning: implicit conversion changes signedness: 'int' to 'std::size_t' (aka 'unsigned long') [-Wsign-conversion]
  369 |                 std::uint64_t sum = u[j + i] + v[i] + add_carry;
      |                                       ^ ~
/home/shared/ws/fixedwide/src/limbs.hpp:370:72: warning: implicit conversion changes signedness: 'int' to 'std::size_t' (aka 'unsigned long') [-Wsign-conversion]
  370 |                 add_carry = (sum < u[j + i]) || (add_carry && sum == u[j + i]) ? 1 : 0;
      |                                                                        ^ ~
/home/shared/ws/fixedwide/src/limbs.hpp:370:38: warning: implicit conversion changes signedness: 'int' to 'std::size_t' (aka 'unsigned long') [-Wsign-conversion]
  370 |                 add_carry = (sum < u[j + i]) || (add_carry && sum == u[j + i]) ? 1 : 0;
      |                                      ^ ~
/home/shared/ws/fixedwide/src/limbs.hpp:371:19: warning: implicit conversion changes signedness: 'int' to 'std::size_t' (aka 'unsigned long') [-Wsign-conversion]
  371 |                 u[j + i] = sum;
      |                   ^ ~
/home/shared/ws/fixedwide/src/limbs.hpp:373:15: warning: implicit conversion changes signedness: 'int' to 'std::size_t' (aka 'unsigned long') [-Wsign-conversion]
  373 |             u[j + n] = 0;
      |               ^ ~
/home/shared/ws/fixedwide/src/limbs.hpp:375:15: warning: implicit conversion changes signedness: 'int' to 'std::size_t' (aka 'unsigned long') [-Wsign-conversion]
  375 |             u[j + n] -= borrow;
      |               ^ ~
/home/shared/ws/fixedwide/src/arithmetic.cpp:13:30: warning: unused function 'fits64' [-Wunused-function]
   13 | [[nodiscard]] constexpr bool fits64(std::int64_t) noexcept { return true; }
      |                              ^~~~~~
/home/shared/ws/fixedwide/src/arithmetic.cpp:146:21: warning: unused function 'divide_product_by_scale' [-Wunused-function]
  146 | inline wide::int128 divide_product_by_scale(wide::int128 product, wide::uint128 scale, Rounding rounding) noexcept {
      |                     ^~~~~~~~~~~~~~~~~~~~~~~
/home/shared/ws/fixedwide/src/arithmetic.cpp:246:1: warning: unused function 'divide_signed_general_n' [-Wunused-function]
  246 | divide_signed_general_n(i128 numerator, i128 divisor, Rounding rounding) noexcept {
      | ^~~~~~~~~~~~~~~~~~~~~~~
In file included from /home/shared/ws/fixedwide/src/arithmetic.cpp:1:
/home/shared/ws/fixedwide/include/fixedwide/arithmetic.hpp:420:11: warning: unused type alias 'Fixed' [-Wunused-local-typedef]
  420 |     using Fixed = basic_fixed<Bits, D>;
      |           ^
32 warnings generated.
[7/7] Linking CXX static library libfixedwide.a
-- The CXX compiler identification is Clang 22.1.8
-- Detecting CXX compiler ABI info
-- Detecting CXX compiler ABI info - done
-- Check for working CXX compiler: /usr/bin/clang++ - skipped
-- Detecting CXX compile features
-- Detecting CXX compile features - done
-- Configuring done (0.2s)
-- Generating done (0.0s)
-- Build files have been written to: /home/shared/ws/fixedwide/build_verify/install
[1/8] Building CXX object CMakeFiles/fixedwide.dir/src/bigint.cpp.o
In file included from /home/shared/ws/fixedwide/src/bigint.cpp:4:
/home/shared/ws/fixedwide/src/limbs.hpp:302:22: warning: implicit conversion changes signedness: 'int' to 'unsigned int' [-Wsign-conversion]
  302 |     unsigned shift = std::countl_zero(den.limbs[n - 1]);
      |              ~~~~~   ^~~~~~~~~~~~~~~~~~~~~~~~~~~~~~~~~~
/home/shared/ws/fixedwide/src/bigint.cpp:16:24: note: in instantiation of function template specialization 'fixedwide::detail::divmod_knuth<4UL, 2UL>' requested here
   16 |     auto res = detail::divmod_knuth(num, den);
      |                        ^
In file included from /home/shared/ws/fixedwide/src/bigint.cpp:4:
/home/shared/ws/fixedwide/src/limbs.hpp:330:33: warning: implicit conversion changes signedness: 'int' to 'std::size_t' (aka 'unsigned long') [-Wsign-conversion]
  330 |         std::uint64_t u_top = u[j + n];
      |                                 ^ ~
/home/shared/ws/fixedwide/src/limbs.hpp:331:34: warning: implicit conversion changes signedness: 'int' to 'std::size_t' (aka 'unsigned long') [-Wsign-conversion]
  331 |         std::uint64_t u_next = u[j + n - 1];
      |                                  ^ ~
/home/shared/ws/fixedwide/src/limbs.hpp:332:35: warning: implicit conversion changes signedness: 'int' to 'std::size_t' (aka 'unsigned long') [-Wsign-conversion]
  332 |         std::uint64_t u_next2 = u[j + n - 2];
      |                                   ^ ~
/home/shared/ws/fixedwide/src/limbs.hpp:361:19: warning: implicit conversion changes signedness: 'int' to 'std::size_t' (aka 'unsigned long') [-Wsign-conversion]
  361 |             if (u[j + i] < sub) ++borrow;
      |                   ^ ~
/home/shared/ws/fixedwide/src/limbs.hpp:362:15: warning: implicit conversion changes signedness: 'int' to 'std::size_t' (aka 'unsigned long') [-Wsign-conversion]
  362 |             u[j + i] -= sub;
      |               ^ ~
/home/shared/ws/fixedwide/src/limbs.hpp:364:15: warning: implicit conversion changes signedness: 'int' to 'std::size_t' (aka 'unsigned long') [-Wsign-conversion]
  364 |         if (u[j + n] < borrow) {
      |               ^ ~
/home/shared/ws/fixedwide/src/limbs.hpp:369:39: warning: implicit conversion changes signedness: 'int' to 'std::size_t' (aka 'unsigned long') [-Wsign-conversion]
  369 |                 std::uint64_t sum = u[j + i] + v[i] + add_carry;
      |                                       ^ ~
/home/shared/ws/fixedwide/src/limbs.hpp:370:72: warning: implicit conversion changes signedness: 'int' to 'std::size_t' (aka 'unsigned long') [-Wsign-conversion]
  370 |                 add_carry = (sum < u[j + i]) || (add_carry && sum == u[j + i]) ? 1 : 0;
      |                                                                        ^ ~
/home/shared/ws/fixedwide/src/limbs.hpp:370:38: warning: implicit conversion changes signedness: 'int' to 'std::size_t' (aka 'unsigned long') [-Wsign-conversion]
  370 |                 add_carry = (sum < u[j + i]) || (add_carry && sum == u[j + i]) ? 1 : 0;
      |                                      ^ ~
/home/shared/ws/fixedwide/src/limbs.hpp:371:19: warning: implicit conversion changes signedness: 'int' to 'std::size_t' (aka 'unsigned long') [-Wsign-conversion]
  371 |                 u[j + i] = sum;
      |                   ^ ~
/home/shared/ws/fixedwide/src/limbs.hpp:373:15: warning: implicit conversion changes signedness: 'int' to 'std::size_t' (aka 'unsigned long') [-Wsign-conversion]
  373 |             u[j + n] = 0;
      |               ^ ~
/home/shared/ws/fixedwide/src/limbs.hpp:375:15: warning: implicit conversion changes signedness: 'int' to 'std::size_t' (aka 'unsigned long') [-Wsign-conversion]
  375 |             u[j + n] -= borrow;
      |               ^ ~
13 warnings generated.
[2/8] Building CXX object CMakeFiles/fixedwide.dir/src/mixed.cpp.o
In file included from /home/shared/ws/fixedwide/src/mixed.cpp:1:
In file included from /home/shared/ws/fixedwide/include/fixedwide/mixed.hpp:14:
/home/shared/ws/fixedwide/include/fixedwide/detail/mixed_native.hpp:208:24: warning: unused variable 'common' [-Wunused-variable]
  208 |     constexpr unsigned common = Da < Db ? Da : Db;
      |                        ^~~~~~
In file included from /home/shared/ws/fixedwide/src/mixed.cpp:3:
/home/shared/ws/fixedwide/src/limbs.hpp:302:22: warning: implicit conversion changes signedness: 'int' to 'unsigned int' [-Wsign-conversion]
  302 |     unsigned shift = std::countl_zero(den.limbs[n - 1]);
      |              ~~~~~   ^~~~~~~~~~~~~~~~~~~~~~~~~~~~~~~~~~
/home/shared/ws/fixedwide/src/mixed.cpp:28:19: note: in instantiation of function template specialization 'fixedwide::detail::divmod_knuth<16UL, 16UL>' requested here
   28 |     auto divres = divmod_knuth(num, den);
      |                   ^
In file included from /home/shared/ws/fixedwide/src/mixed.cpp:3:
/home/shared/ws/fixedwide/src/limbs.hpp:330:33: warning: implicit conversion changes signedness: 'int' to 'std::size_t' (aka 'unsigned long') [-Wsign-conversion]
  330 |         std::uint64_t u_top = u[j + n];
      |                                 ^ ~
/home/shared/ws/fixedwide/src/limbs.hpp:331:34: warning: implicit conversion changes signedness: 'int' to 'std::size_t' (aka 'unsigned long') [-Wsign-conversion]
  331 |         std::uint64_t u_next = u[j + n - 1];
      |                                  ^ ~
/home/shared/ws/fixedwide/src/limbs.hpp:332:35: warning: implicit conversion changes signedness: 'int' to 'std::size_t' (aka 'unsigned long') [-Wsign-conversion]
  332 |         std::uint64_t u_next2 = u[j + n - 2];
      |                                   ^ ~
/home/shared/ws/fixedwide/src/limbs.hpp:361:19: warning: implicit conversion changes signedness: 'int' to 'std::size_t' (aka 'unsigned long') [-Wsign-conversion]
  361 |             if (u[j + i] < sub) ++borrow;
      |                   ^ ~
/home/shared/ws/fixedwide/src/limbs.hpp:362:15: warning: implicit conversion changes signedness: 'int' to 'std::size_t' (aka 'unsigned long') [-Wsign-conversion]
  362 |             u[j + i] -= sub;
      |               ^ ~
/home/shared/ws/fixedwide/src/limbs.hpp:364:15: warning: implicit conversion changes signedness: 'int' to 'std::size_t' (aka 'unsigned long') [-Wsign-conversion]
  364 |         if (u[j + n] < borrow) {
      |               ^ ~
/home/shared/ws/fixedwide/src/limbs.hpp:369:39: warning: implicit conversion changes signedness: 'int' to 'std::size_t' (aka 'unsigned long') [-Wsign-conversion]
  369 |                 std::uint64_t sum = u[j + i] + v[i] + add_carry;
      |                                       ^ ~
/home/shared/ws/fixedwide/src/limbs.hpp:370:72: warning: implicit conversion changes signedness: 'int' to 'std::size_t' (aka 'unsigned long') [-Wsign-conversion]
  370 |                 add_carry = (sum < u[j + i]) || (add_carry && sum == u[j + i]) ? 1 : 0;
      |                                                                        ^ ~
/home/shared/ws/fixedwide/src/limbs.hpp:370:38: warning: implicit conversion changes signedness: 'int' to 'std::size_t' (aka 'unsigned long') [-Wsign-conversion]
  370 |                 add_carry = (sum < u[j + i]) || (add_carry && sum == u[j + i]) ? 1 : 0;
      |                                      ^ ~
/home/shared/ws/fixedwide/src/limbs.hpp:371:19: warning: implicit conversion changes signedness: 'int' to 'std::size_t' (aka 'unsigned long') [-Wsign-conversion]
  371 |                 u[j + i] = sum;
      |                   ^ ~
/home/shared/ws/fixedwide/src/limbs.hpp:373:15: warning: implicit conversion changes signedness: 'int' to 'std::size_t' (aka 'unsigned long') [-Wsign-conversion]
  373 |             u[j + n] = 0;
      |               ^ ~
/home/shared/ws/fixedwide/src/limbs.hpp:375:15: warning: implicit conversion changes signedness: 'int' to 'std::size_t' (aka 'unsigned long') [-Wsign-conversion]
  375 |             u[j + n] -= borrow;
      |               ^ ~
14 warnings generated.
[3/8] Building CXX object CMakeFiles/fixedwide.dir/src/integer_chars.cpp.o
[4/8] Building CXX object CMakeFiles/fixedwide.dir/src/floating.cpp.o
In file included from /home/shared/ws/fixedwide/src/floating.cpp:3:
/home/shared/ws/fixedwide/src/limbs.hpp:302:22: warning: implicit conversion changes signedness: 'int' to 'unsigned int' [-Wsign-conversion]
  302 |     unsigned shift = std::countl_zero(den.limbs[n - 1]);
      |              ~~~~~   ^~~~~~~~~~~~~~~~~~~~~~~~~~~~~~~~~~
/home/shared/ws/fixedwide/src/floating.cpp:62:19: note: in instantiation of function template specialization 'fixedwide::detail::divmod_knuth<16UL, 16UL>' requested here
   62 |     auto divres = divmod_knuth(num, den);
      |                   ^
/home/shared/ws/fixedwide/src/floating.cpp:99:12: note: in instantiation of function template specialization 'fixedwide::detail::(anonymous namespace)::float_to_raw<float>' requested here
   99 |     return float_to_raw(value, decimals, rounding, bits);
      |            ^
In file included from /home/shared/ws/fixedwide/src/floating.cpp:3:
/home/shared/ws/fixedwide/src/limbs.hpp:330:33: warning: implicit conversion changes signedness: 'int' to 'std::size_t' (aka 'unsigned long') [-Wsign-conversion]
  330 |         std::uint64_t u_top = u[j + n];
      |                                 ^ ~
/home/shared/ws/fixedwide/src/limbs.hpp:331:34: warning: implicit conversion changes signedness: 'int' to 'std::size_t' (aka 'unsigned long') [-Wsign-conversion]
  331 |         std::uint64_t u_next = u[j + n - 1];
      |                                  ^ ~
/home/shared/ws/fixedwide/src/limbs.hpp:332:35: warning: implicit conversion changes signedness: 'int' to 'std::size_t' (aka 'unsigned long') [-Wsign-conversion]
  332 |         std::uint64_t u_next2 = u[j + n - 2];
      |                                   ^ ~
/home/shared/ws/fixedwide/src/limbs.hpp:361:19: warning: implicit conversion changes signedness: 'int' to 'std::size_t' (aka 'unsigned long') [-Wsign-conversion]
  361 |             if (u[j + i] < sub) ++borrow;
      |                   ^ ~
/home/shared/ws/fixedwide/src/limbs.hpp:362:15: warning: implicit conversion changes signedness: 'int' to 'std::size_t' (aka 'unsigned long') [-Wsign-conversion]
  362 |             u[j + i] -= sub;
      |               ^ ~
/home/shared/ws/fixedwide/src/limbs.hpp:364:15: warning: implicit conversion changes signedness: 'int' to 'std::size_t' (aka 'unsigned long') [-Wsign-conversion]
  364 |         if (u[j + n] < borrow) {
      |               ^ ~
/home/shared/ws/fixedwide/src/limbs.hpp:369:39: warning: implicit conversion changes signedness: 'int' to 'std::size_t' (aka 'unsigned long') [-Wsign-conversion]
  369 |                 std::uint64_t sum = u[j + i] + v[i] + add_carry;
      |                                       ^ ~
/home/shared/ws/fixedwide/src/limbs.hpp:370:72: warning: implicit conversion changes signedness: 'int' to 'std::size_t' (aka 'unsigned long') [-Wsign-conversion]
  370 |                 add_carry = (sum < u[j + i]) || (add_carry && sum == u[j + i]) ? 1 : 0;
      |                                                                        ^ ~
/home/shared/ws/fixedwide/src/limbs.hpp:370:38: warning: implicit conversion changes signedness: 'int' to 'std::size_t' (aka 'unsigned long') [-Wsign-conversion]
  370 |                 add_carry = (sum < u[j + i]) || (add_carry && sum == u[j + i]) ? 1 : 0;
      |                                      ^ ~
/home/shared/ws/fixedwide/src/limbs.hpp:371:19: warning: implicit conversion changes signedness: 'int' to 'std::size_t' (aka 'unsigned long') [-Wsign-conversion]
  371 |                 u[j + i] = sum;
      |                   ^ ~
/home/shared/ws/fixedwide/src/limbs.hpp:373:15: warning: implicit conversion changes signedness: 'int' to 'std::size_t' (aka 'unsigned long') [-Wsign-conversion]
  373 |             u[j + n] = 0;
      |               ^ ~
/home/shared/ws/fixedwide/src/limbs.hpp:375:15: warning: implicit conversion changes signedness: 'int' to 'std::size_t' (aka 'unsigned long') [-Wsign-conversion]
  375 |             u[j + n] -= borrow;
      |               ^ ~
13 warnings generated.
[5/8] Building CXX object CMakeFiles/fixedwide.dir/src/chars.cpp.o
In file included from /home/shared/ws/fixedwide/src/chars.cpp:3:
/home/shared/ws/fixedwide/src/limbs.hpp:302:22: warning: implicit conversion changes signedness: 'int' to 'unsigned int' [-Wsign-conversion]
  302 |     unsigned shift = std::countl_zero(den.limbs[n - 1]);
      |              ~~~~~   ^~~~~~~~~~~~~~~~~~~~~~~~~~~~~~~~~~
/home/shared/ws/fixedwide/src/chars.cpp:455:19: note: in instantiation of function template specialization 'fixedwide::detail::divmod_knuth<4UL, 4UL>' requested here
  455 |     auto divres = divmod_knuth(vmag, divisor);
      |                   ^
In file included from /home/shared/ws/fixedwide/src/chars.cpp:3:
/home/shared/ws/fixedwide/src/limbs.hpp:330:33: warning: implicit conversion changes signedness: 'int' to 'std::size_t' (aka 'unsigned long') [-Wsign-conversion]
  330 |         std::uint64_t u_top = u[j + n];
      |                                 ^ ~
/home/shared/ws/fixedwide/src/limbs.hpp:331:34: warning: implicit conversion changes signedness: 'int' to 'std::size_t' (aka 'unsigned long') [-Wsign-conversion]
  331 |         std::uint64_t u_next = u[j + n - 1];
      |                                  ^ ~
/home/shared/ws/fixedwide/src/limbs.hpp:332:35: warning: implicit conversion changes signedness: 'int' to 'std::size_t' (aka 'unsigned long') [-Wsign-conversion]
  332 |         std::uint64_t u_next2 = u[j + n - 2];
      |                                   ^ ~
/home/shared/ws/fixedwide/src/limbs.hpp:361:19: warning: implicit conversion changes signedness: 'int' to 'std::size_t' (aka 'unsigned long') [-Wsign-conversion]
  361 |             if (u[j + i] < sub) ++borrow;
      |                   ^ ~
/home/shared/ws/fixedwide/src/limbs.hpp:362:15: warning: implicit conversion changes signedness: 'int' to 'std::size_t' (aka 'unsigned long') [-Wsign-conversion]
  362 |             u[j + i] -= sub;
      |               ^ ~
/home/shared/ws/fixedwide/src/limbs.hpp:364:15: warning: implicit conversion changes signedness: 'int' to 'std::size_t' (aka 'unsigned long') [-Wsign-conversion]
  364 |         if (u[j + n] < borrow) {
      |               ^ ~
/home/shared/ws/fixedwide/src/limbs.hpp:369:39: warning: implicit conversion changes signedness: 'int' to 'std::size_t' (aka 'unsigned long') [-Wsign-conversion]
  369 |                 std::uint64_t sum = u[j + i] + v[i] + add_carry;
      |                                       ^ ~
/home/shared/ws/fixedwide/src/limbs.hpp:370:72: warning: implicit conversion changes signedness: 'int' to 'std::size_t' (aka 'unsigned long') [-Wsign-conversion]
  370 |                 add_carry = (sum < u[j + i]) || (add_carry && sum == u[j + i]) ? 1 : 0;
      |                                                                        ^ ~
/home/shared/ws/fixedwide/src/limbs.hpp:370:38: warning: implicit conversion changes signedness: 'int' to 'std::size_t' (aka 'unsigned long') [-Wsign-conversion]
  370 |                 add_carry = (sum < u[j + i]) || (add_carry && sum == u[j + i]) ? 1 : 0;
      |                                      ^ ~
/home/shared/ws/fixedwide/src/limbs.hpp:371:19: warning: implicit conversion changes signedness: 'int' to 'std::size_t' (aka 'unsigned long') [-Wsign-conversion]
  371 |                 u[j + i] = sum;
      |                   ^ ~
/home/shared/ws/fixedwide/src/limbs.hpp:373:15: warning: implicit conversion changes signedness: 'int' to 'std::size_t' (aka 'unsigned long') [-Wsign-conversion]
  373 |             u[j + n] = 0;
      |               ^ ~
/home/shared/ws/fixedwide/src/limbs.hpp:375:15: warning: implicit conversion changes signedness: 'int' to 'std::size_t' (aka 'unsigned long') [-Wsign-conversion]
  375 |             u[j + n] -= borrow;
      |               ^ ~
13 warnings generated.
[6/8] Building CXX object CMakeFiles/fixedwide.dir/src/arithmetic.cpp.o
In file included from /home/shared/ws/fixedwide/src/arithmetic.cpp:1:
/home/shared/ws/fixedwide/include/fixedwide/arithmetic.hpp:203:39: warning: implicit conversion changes signedness: 'unsigned long long' to 'std::int64_t' (aka 'long') [-Wsign-conversion]
  203 |                 std::int64_t s = 0ULL - u;
      |                              ~   ~~~~~^~~
/home/shared/ws/fixedwide/include/fixedwide/arithmetic.hpp:238:39: warning: implicit conversion changes signedness: 'unsigned long long' to 'std::int64_t' (aka 'long') [-Wsign-conversion]
  238 |                 std::int64_t s = 0ULL - u;
      |                              ~   ~~~~~^~~
In file included from /home/shared/ws/fixedwide/src/arithmetic.cpp:5:
/home/shared/ws/fixedwide/src/limbs.hpp:302:22: warning: implicit conversion changes signedness: 'int' to 'unsigned int' [-Wsign-conversion]
  302 |     unsigned shift = std::countl_zero(den.limbs[n - 1]);
      |              ~~~~~   ^~~~~~~~~~~~~~~~~~~~~~~~~~~~~~~~~~
/home/shared/ws/fixedwide/src/arithmetic.cpp:867:26: note: in instantiation of function template specialization 'fixedwide::detail::divmod_knuth<8UL, 4UL>' requested here
  867 |     const auto general = divmod_knuth(numerator, divisor);
      |                          ^
/home/shared/ws/fixedwide/src/arithmetic.cpp:885:25: note: in instantiation of function template specialization 'fixedwide::detail::divide_wide<8UL>' requested here
  885 |     const auto divres = divide_wide(prod, s);
      |                         ^
In file included from /home/shared/ws/fixedwide/src/arithmetic.cpp:5:
/home/shared/ws/fixedwide/src/limbs.hpp:330:33: warning: implicit conversion changes signedness: 'int' to 'std::size_t' (aka 'unsigned long') [-Wsign-conversion]
  330 |         std::uint64_t u_top = u[j + n];
      |                                 ^ ~
/home/shared/ws/fixedwide/src/limbs.hpp:331:34: warning: implicit conversion changes signedness: 'int' to 'std::size_t' (aka 'unsigned long') [-Wsign-conversion]
  331 |         std::uint64_t u_next = u[j + n - 1];
      |                                  ^ ~
/home/shared/ws/fixedwide/src/limbs.hpp:332:35: warning: implicit conversion changes signedness: 'int' to 'std::size_t' (aka 'unsigned long') [-Wsign-conversion]
  332 |         std::uint64_t u_next2 = u[j + n - 2];
      |                                   ^ ~
/home/shared/ws/fixedwide/src/limbs.hpp:361:19: warning: implicit conversion changes signedness: 'int' to 'std::size_t' (aka 'unsigned long') [-Wsign-conversion]
  361 |             if (u[j + i] < sub) ++borrow;
      |                   ^ ~
/home/shared/ws/fixedwide/src/limbs.hpp:362:15: warning: implicit conversion changes signedness: 'int' to 'std::size_t' (aka 'unsigned long') [-Wsign-conversion]
  362 |             u[j + i] -= sub;
      |               ^ ~
/home/shared/ws/fixedwide/src/limbs.hpp:364:15: warning: implicit conversion changes signedness: 'int' to 'std::size_t' (aka 'unsigned long') [-Wsign-conversion]
  364 |         if (u[j + n] < borrow) {
      |               ^ ~
/home/shared/ws/fixedwide/src/limbs.hpp:369:39: warning: implicit conversion changes signedness: 'int' to 'std::size_t' (aka 'unsigned long') [-Wsign-conversion]
  369 |                 std::uint64_t sum = u[j + i] + v[i] + add_carry;
      |                                       ^ ~
/home/shared/ws/fixedwide/src/limbs.hpp:370:72: warning: implicit conversion changes signedness: 'int' to 'std::size_t' (aka 'unsigned long') [-Wsign-conversion]
  370 |                 add_carry = (sum < u[j + i]) || (add_carry && sum == u[j + i]) ? 1 : 0;
      |                                                                        ^ ~
/home/shared/ws/fixedwide/src/limbs.hpp:370:38: warning: implicit conversion changes signedness: 'int' to 'std::size_t' (aka 'unsigned long') [-Wsign-conversion]
  370 |                 add_carry = (sum < u[j + i]) || (add_carry && sum == u[j + i]) ? 1 : 0;
      |                                      ^ ~
/home/shared/ws/fixedwide/src/limbs.hpp:371:19: warning: implicit conversion changes signedness: 'int' to 'std::size_t' (aka 'unsigned long') [-Wsign-conversion]
  371 |                 u[j + i] = sum;
      |                   ^ ~
/home/shared/ws/fixedwide/src/limbs.hpp:373:15: warning: implicit conversion changes signedness: 'int' to 'std::size_t' (aka 'unsigned long') [-Wsign-conversion]
  373 |             u[j + n] = 0;
      |               ^ ~
/home/shared/ws/fixedwide/src/limbs.hpp:375:15: warning: implicit conversion changes signedness: 'int' to 'std::size_t' (aka 'unsigned long') [-Wsign-conversion]
  375 |             u[j + n] -= borrow;
      |               ^ ~
/home/shared/ws/fixedwide/src/limbs.hpp:302:22: warning: implicit conversion changes signedness: 'int' to 'unsigned int' [-Wsign-conversion]
  302 |     unsigned shift = std::countl_zero(den.limbs[n - 1]);
      |              ~~~~~   ^~~~~~~~~~~~~~~~~~~~~~~~~~~~~~~~~~
/home/shared/ws/fixedwide/src/arithmetic.cpp:867:26: note: in instantiation of function template specialization 'fixedwide::detail::divmod_knuth<4UL, 4UL>' requested here
  867 |     const auto general = divmod_knuth(numerator, divisor);
      |                          ^
/home/shared/ws/fixedwide/src/arithmetic.cpp:976:19: note: in instantiation of function template specialization 'fixedwide::detail::divide_wide<4UL>' requested here
  976 |     auto divres = divide_wide(mag, udiv);
      |                   ^
In file included from /home/shared/ws/fixedwide/src/arithmetic.cpp:5:
/home/shared/ws/fixedwide/src/limbs.hpp:330:33: warning: implicit conversion changes signedness: 'int' to 'std::size_t' (aka 'unsigned long') [-Wsign-conversion]
  330 |         std::uint64_t u_top = u[j + n];
      |                                 ^ ~
/home/shared/ws/fixedwide/src/limbs.hpp:331:34: warning: implicit conversion changes signedness: 'int' to 'std::size_t' (aka 'unsigned long') [-Wsign-conversion]
  331 |         std::uint64_t u_next = u[j + n - 1];
      |                                  ^ ~
/home/shared/ws/fixedwide/src/limbs.hpp:332:35: warning: implicit conversion changes signedness: 'int' to 'std::size_t' (aka 'unsigned long') [-Wsign-conversion]
  332 |         std::uint64_t u_next2 = u[j + n - 2];
      |                                   ^ ~
/home/shared/ws/fixedwide/src/limbs.hpp:361:19: warning: implicit conversion changes signedness: 'int' to 'std::size_t' (aka 'unsigned long') [-Wsign-conversion]
  361 |             if (u[j + i] < sub) ++borrow;
      |                   ^ ~
/home/shared/ws/fixedwide/src/limbs.hpp:362:15: warning: implicit conversion changes signedness: 'int' to 'std::size_t' (aka 'unsigned long') [-Wsign-conversion]
  362 |             u[j + i] -= sub;
      |               ^ ~
/home/shared/ws/fixedwide/src/limbs.hpp:364:15: warning: implicit conversion changes signedness: 'int' to 'std::size_t' (aka 'unsigned long') [-Wsign-conversion]
  364 |         if (u[j + n] < borrow) {
      |               ^ ~
/home/shared/ws/fixedwide/src/limbs.hpp:369:39: warning: implicit conversion changes signedness: 'int' to 'std::size_t' (aka 'unsigned long') [-Wsign-conversion]
  369 |                 std::uint64_t sum = u[j + i] + v[i] + add_carry;
      |                                       ^ ~
/home/shared/ws/fixedwide/src/limbs.hpp:370:72: warning: implicit conversion changes signedness: 'int' to 'std::size_t' (aka 'unsigned long') [-Wsign-conversion]
  370 |                 add_carry = (sum < u[j + i]) || (add_carry && sum == u[j + i]) ? 1 : 0;
      |                                                                        ^ ~
/home/shared/ws/fixedwide/src/limbs.hpp:370:38: warning: implicit conversion changes signedness: 'int' to 'std::size_t' (aka 'unsigned long') [-Wsign-conversion]
  370 |                 add_carry = (sum < u[j + i]) || (add_carry && sum == u[j + i]) ? 1 : 0;
      |                                      ^ ~
/home/shared/ws/fixedwide/src/limbs.hpp:371:19: warning: implicit conversion changes signedness: 'int' to 'std::size_t' (aka 'unsigned long') [-Wsign-conversion]
  371 |                 u[j + i] = sum;
      |                   ^ ~
/home/shared/ws/fixedwide/src/limbs.hpp:373:15: warning: implicit conversion changes signedness: 'int' to 'std::size_t' (aka 'unsigned long') [-Wsign-conversion]
  373 |             u[j + n] = 0;
      |               ^ ~
/home/shared/ws/fixedwide/src/limbs.hpp:375:15: warning: implicit conversion changes signedness: 'int' to 'std::size_t' (aka 'unsigned long') [-Wsign-conversion]
  375 |             u[j + n] -= borrow;
      |               ^ ~
/home/shared/ws/fixedwide/src/arithmetic.cpp:13:30: warning: unused function 'fits64' [-Wunused-function]
   13 | [[nodiscard]] constexpr bool fits64(std::int64_t) noexcept { return true; }
      |                              ^~~~~~
/home/shared/ws/fixedwide/src/arithmetic.cpp:146:21: warning: unused function 'divide_product_by_scale' [-Wunused-function]
  146 | inline wide::int128 divide_product_by_scale(wide::int128 product, wide::uint128 scale, Rounding rounding) noexcept {
      |                     ^~~~~~~~~~~~~~~~~~~~~~~
/home/shared/ws/fixedwide/src/arithmetic.cpp:246:1: warning: unused function 'divide_signed_general_n' [-Wunused-function]
  246 | divide_signed_general_n(i128 numerator, i128 divisor, Rounding rounding) noexcept {
      | ^~~~~~~~~~~~~~~~~~~~~~~
In file included from /home/shared/ws/fixedwide/src/arithmetic.cpp:1:
/home/shared/ws/fixedwide/include/fixedwide/arithmetic.hpp:420:11: warning: unused type alias 'Fixed' [-Wunused-local-typedef]
  420 |     using Fixed = basic_fixed<Bits, D>;
      |           ^
32 warnings generated.
[7/8] Linking CXX static library libfixedwide.a
[7/8] Install the project...
-- Install configuration: "Release"
-- Installing: /home/shared/ws/fixedwide/build_verify/stage/lib/libfixedwide.a
-- Installing: /home/shared/ws/fixedwide/build_verify/stage/include
-- Installing: /home/shared/ws/fixedwide/build_verify/stage/include/fixedwide
-- Installing: /home/shared/ws/fixedwide/build_verify/stage/include/fixedwide/floating.hpp
-- Installing: /home/shared/ws/fixedwide/build_verify/stage/include/fixedwide/wide.hpp
-- Installing: /home/shared/ws/fixedwide/build_verify/stage/include/fixedwide/format.hpp
-- Installing: /home/shared/ws/fixedwide/build_verify/stage/include/fixedwide/error.hpp
-- Installing: /home/shared/ws/fixedwide/build_verify/stage/include/fixedwide/iostream.hpp
-- Installing: /home/shared/ws/fixedwide/build_verify/stage/include/fixedwide/chars.hpp
-- Installing: /home/shared/ws/fixedwide/build_verify/stage/include/fixedwide/all.hpp
-- Installing: /home/shared/ws/fixedwide/build_verify/stage/include/fixedwide/mixed.hpp
-- Installing: /home/shared/ws/fixedwide/build_verify/stage/include/fixedwide/binary.hpp
-- Installing: /home/shared/ws/fixedwide/build_verify/stage/include/fixedwide/hash.hpp
-- Installing: /home/shared/ws/fixedwide/build_verify/stage/include/fixedwide/detail
-- Installing: /home/shared/ws/fixedwide/build_verify/stage/include/fixedwide/detail/constexpr_arith.hpp
-- Installing: /home/shared/ws/fixedwide/build_verify/stage/include/fixedwide/detail/mixed_native.hpp
-- Installing: /home/shared/ws/fixedwide/build_verify/stage/include/fixedwide/detail/overflow.hpp
-- Installing: /home/shared/ws/fixedwide/build_verify/stage/include/fixedwide/bigint.hpp
-- Installing: /home/shared/ws/fixedwide/build_verify/stage/include/fixedwide/string.hpp
-- Installing: /home/shared/ws/fixedwide/build_verify/stage/include/fixedwide/version.hpp
-- Installing: /home/shared/ws/fixedwide/build_verify/stage/include/fixedwide/integer_chars.hpp
-- Installing: /home/shared/ws/fixedwide/build_verify/stage/include/fixedwide/fixed.hpp
-- Installing: /home/shared/ws/fixedwide/build_verify/stage/include/fixedwide/arithmetic.hpp
-- Installing: /home/shared/ws/fixedwide/build_verify/stage/include/fixedwide/rounding.hpp
-- Installing: /home/shared/ws/fixedwide/build_verify/stage/lib/cmake/fixedwide/fixedwideTargets.cmake
-- Installing: /home/shared/ws/fixedwide/build_verify/stage/lib/cmake/fixedwide/fixedwideTargets-release.cmake
-- Installing: /home/shared/ws/fixedwide/build_verify/stage/lib/cmake/fixedwide/fixedwideConfig.cmake
-- Installing: /home/shared/ws/fixedwide/build_verify/stage/lib/cmake/fixedwide/fixedwideConfigVersion.cmake
-- The CXX compiler identification is Clang 22.1.8
-- Detecting CXX compiler ABI info
-- Detecting CXX compiler ABI info - done
-- Check for working CXX compiler: /usr/bin/clang++ - skipped
-- Detecting CXX compile features
-- Detecting CXX compile features - done
-- Configuring done (0.1s)
-- Generating done (0.0s)
-- Build files have been written to: /home/shared/ws/fixedwide/build_verify/consumer
[ 50%] Building CXX object CMakeFiles/consumer.dir/consumer.cpp.o
[100%] Linking CXX executable consumer
[100%] Built target consumer
