digits,workload,pair_index,order_slot,mode,iterations,ns_per_op,cpu_ns_per_op
12,throughput4096.FP64.mul,0,0,nearest_even,1048576,2.667675018,2.650655746
12,throughput4096.FP64.mul,0,1,toward_zero,1048576,2.682761192,2.646067619
12,throughput4096.FP64.mul,1,0,toward_zero,1048576,2.805243492,2.595732689
12,throughput4096.FP64.mul,1,1,nearest_even,1048576,2.662315369,2.646696091
12,throughput4096.FP64.mul,2,0,nearest_even,1048576,2.825556755,2.645601273
12,throughput4096.FP64.mul,2,1,toward_zero,1048576,2.798468590,2.623383522
12,throughput4096.FP64.mul,3,0,toward_zero,1048576,2.742019653,2.586933136
12,throughput4096.FP64.mul,3,1,nearest_even,1048576,2.656907082,2.624330521
12,throughput4096.FP64.mul,4,0,nearest_even,1048576,2.618353844,2.613752365
12,throughput4096.FP64.mul,4,1,toward_zero,1048576,2.787862778,2.606922150
12,throughput4096.FP64.mul,5,0,toward_zero,1048576,2.584606171,2.579883575
12,throughput4096.FP64.mul,5,1,nearest_even,1048576,2.771476746,2.632793427
12,throughput4096.FP64.mul,6,0,nearest_even,1048576,2.687166214,2.644231796
12,throughput4096.FP64.mul,6,1,toward_zero,1048576,2.696893692,2.693467140
12,throughput4096.FP64.mul,7,0,toward_zero,1048576,2.771448135,2.601790428
12,throughput4096.FP64.mul,7,1,nearest_even,1048576,2.651221275,2.647882462
12,throughput4096.FP64.mul,8,0,nearest_even,1048576,2.785838127,2.651371002
12,throughput4096.FP64.mul,8,1,toward_zero,1048576,2.865466118,2.647741318
12,throughput256.FP64.mul,0,0,nearest_even,1048576,2.626140594,2.610048294
12,throughput256.FP64.mul,0,1,toward_zero,1048576,2.708845139,2.556730270
12,throughput256.FP64.mul,1,0,toward_zero,1048576,2.579140663,2.554474831
12,throughput256.FP64.mul,1,1,nearest_even,1048576,2.833572388,2.681025505
12,throughput256.FP64.mul,2,0,nearest_even,1048576,2.625816345,2.615406036
12,throughput256.FP64.mul,2,1,toward_zero,1048576,2.719126701,2.590954781
12,throughput256.FP64.mul,3,0,toward_zero,1048576,2.593091011,2.571054459
12,throughput256.FP64.mul,3,1,nearest_even,1048576,2.680468559,2.678304672
12,throughput256.FP64.mul,4,0,nearest_even,1048576,2.756351471,2.622974396
12,throughput256.FP64.mul,4,1,toward_zero,1048576,2.619194984,2.608584404
12,throughput256.FP64.mul,5,0,toward_zero,1048576,2.808358192,2.646087646
12,throughput256.FP64.mul,5,1,nearest_even,1048576,2.740052223,2.602602959
12,throughput256.FP64.mul,6,0,nearest_even,1048576,2.733315468,2.711238861
12,throughput256.FP64.mul,6,1,toward_zero,1048576,2.779493332,2.640085220
12,throughput256.FP64.mul,7,0,toward_zero,1048576,2.655837059,2.645522118
12,throughput256.FP64.mul,7,1,nearest_even,1048576,2.732053757,2.608768463
12,throughput256.FP64.mul,8,0,nearest_even,1048576,2.667263985,2.641280174
12,throughput256.FP64.mul,8,1,toward_zero,1048576,2.554958344,2.550853729
12,exact_results.FP64.mul,0,0,nearest_even,1048576,2.867940903,2.717946053
12,exact_results.FP64.mul,0,1,toward_zero,1048576,2.585409164,2.581068039
12,exact_results.FP64.mul,1,0,toward_zero,1048576,2.699300766,2.561156273
12,exact_results.FP64.mul,1,1,nearest_even,1048576,2.621850014,2.610812187
12,exact_results.FP64.mul,2,0,nearest_even,1048576,2.906273842,2.654110909
12,exact_results.FP64.mul,2,1,toward_zero,1048576,2.648947716,2.627300262
12,exact_results.FP64.mul,3,0,toward_zero,1048576,2.629035950,2.617202759
12,exact_results.FP64.mul,3,1,nearest_even,1048576,2.844503403,2.709596634
12,exact_results.FP64.mul,4,0,nearest_even,1048576,2.717540741,2.705095291
12,exact_results.FP64.mul,4,1,toward_zero,1048576,2.819345474,2.690019608
12,exact_results.FP64.mul,5,0,toward_zero,1048576,2.736382484,2.712722778
12,exact_results.FP64.mul,5,1,nearest_even,1048576,2.616117477,2.611592293
12,exact_results.FP64.mul,6,0,nearest_even,1048576,2.804316521,2.608554840
12,exact_results.FP64.mul,6,1,toward_zero,1048576,2.705874443,2.702247620
12,exact_results.FP64.mul,7,0,toward_zero,1048576,2.801001549,2.650785446
12,exact_results.FP64.mul,7,1,nearest_even,1048576,2.652664185,2.610513687
12,exact_results.FP64.mul,8,0,nearest_even,1048576,2.751747131,2.605499268
12,exact_results.FP64.mul,8,1,toward_zero,1048576,2.836448669,2.680550575
12,halfway_ties.FP64.mul,0,0,nearest_even,1048576,2.624679565,2.619926453
12,halfway_ties.FP64.mul,0,1,toward_zero,1048576,2.734969139,2.599470139
12,halfway_ties.FP64.mul,1,0,toward_zero,1048576,2.580603600,2.557628632
12,halfway_ties.FP64.mul,1,1,nearest_even,1048576,2.743663788,2.604503632
12,halfway_ties.FP64.mul,2,0,nearest_even,1048576,2.611110687,2.587182045
12,halfway_ties.FP64.mul,2,1,toward_zero,1048576,2.605521202,2.602276802
12,halfway_ties.FP64.mul,3,0,toward_zero,1048576,2.708530426,2.576591492
12,halfway_ties.FP64.mul,3,1,nearest_even,1048576,2.587263107,2.566045761
12,halfway_ties.FP64.mul,4,0,nearest_even,1048576,2.670876503,2.544642448
12,halfway_ties.FP64.mul,4,1,toward_zero,1048576,2.787175179,2.627913475
12,halfway_ties.FP64.mul,5,0,toward_zero,1048576,2.639412880,2.621751785
12,halfway_ties.FP64.mul,5,1,nearest_even,1048576,2.767998695,2.618225098
12,halfway_ties.FP64.mul,6,0,nearest_even,1048576,2.628901482,2.617605209
12,halfway_ties.FP64.mul,6,1,toward_zero,1048576,2.749443054,2.621194839
12,halfway_ties.FP64.mul,7,0,toward_zero,1048576,2.647342682,2.559950829
12,halfway_ties.FP64.mul,7,1,nearest_even,1048576,2.638332367,2.615942001
12,halfway_ties.FP64.mul,8,0,nearest_even,1048576,2.791475296,2.622220039
12,halfway_ties.FP64.mul,8,1,toward_zero,1048576,2.633574486,2.618396759
12,exact_chain.FP64.mul,0,0,nearest_even,1048576,3.947342873,3.656235695
12,exact_chain.FP64.mul,0,1,toward_zero,1048576,3.856973648,3.701855659
12,exact_chain.FP64.mul,1,0,toward_zero,1048576,3.765230179,3.692369461
12,exact_chain.FP64.mul,1,1,nearest_even,1048576,3.844754219,3.694176674
12,exact_chain.FP64.mul,2,0,nearest_even,1048576,3.693732262,3.682164192
12,exact_chain.FP64.mul,2,1,toward_zero,1048576,3.850707054,3.693887711
12,exact_chain.FP64.mul,3,0,toward_zero,1048576,3.812315941,3.691346169
12,exact_chain.FP64.mul,3,1,nearest_even,1048576,3.714666367,3.689024925
12,exact_chain.FP64.mul,4,0,nearest_even,1048576,3.989229202,3.685067177
12,exact_chain.FP64.mul,4,1,toward_zero,1048576,3.717342377,3.691929817
12,exact_chain.FP64.mul,5,0,toward_zero,1048576,3.836804390,3.698117256
12,exact_chain.FP64.mul,5,1,nearest_even,1048576,3.676877975,3.649448395
12,exact_chain.FP64.mul,6,0,nearest_even,1048576,3.801108360,3.651658058
12,exact_chain.FP64.mul,6,1,toward_zero,1048576,3.816080093,3.693666458
12,exact_chain.FP64.mul,7,0,toward_zero,1048576,3.716176033,3.692119598
12,exact_chain.FP64.mul,7,1,nearest_even,1048576,3.810577393,3.675133705
12,exact_chain.FP64.mul,8,0,nearest_even,1048576,3.795871735,3.647108078
12,exact_chain.FP64.mul,8,1,toward_zero,1048576,3.835504532,3.693228722
12,inexact_chain.FP64.mul,0,0,nearest_even,1048576,4.797545433,4.648628235
12,inexact_chain.FP64.mul,0,1,toward_zero,1048576,3.687245369,3.681753159
12,inexact_chain.FP64.mul,1,0,toward_zero,1048576,3.835017204,3.692874908
12,inexact_chain.FP64.mul,1,1,nearest_even,1048576,4.791421890,4.646869659
12,inexact_chain.FP64.mul,2,0,nearest_even,1048576,4.905188560,4.640535355
12,inexact_chain.FP64.mul,2,1,toward_zero,1048576,3.725338936,3.687942505
12,inexact_chain.FP64.mul,3,0,toward_zero,1048576,3.842374802,3.692639351
12,inexact_chain.FP64.mul,3,1,nearest_even,1048576,4.738058090,4.713101387
12,inexact_chain.FP64.mul,4,0,nearest_even,1048576,4.920810699,4.739358902
12,inexact_chain.FP64.mul,4,1,toward_zero,1048576,3.925987244,3.767392159
12,inexact_chain.FP64.mul,5,0,toward_zero,1048576,3.770771980,3.755267143
12,inexact_chain.FP64.mul,5,1,nearest_even,1048576,5.078157425,4.740711212
12,inexact_chain.FP64.mul,6,0,nearest_even,1048576,4.896016121,4.737991333
12,inexact_chain.FP64.mul,6,1,toward_zero,1048576,3.759879112,3.754734039
12,inexact_chain.FP64.mul,7,0,toward_zero,1048576,3.910556793,3.765376091
12,inexact_chain.FP64.mul,7,1,nearest_even,1048576,4.881350517,4.737607956
12,inexact_chain.FP64.mul,8,0,nearest_even,1048576,4.742214203,4.728189468
12,inexact_chain.FP64.mul,8,1,toward_zero,1048576,3.913479805,3.766990662
12,throughput4096.FP64.div,0,0,toward_zero,1048576,2.612019539,2.462273598
12,throughput4096.FP64.div,0,1,nearest_even,1048576,2.554451942,2.423482895
12,throughput4096.FP64.div,1,0,nearest_even,1048576,2.437855721,2.424589157
12,throughput4096.FP64.div,1,1,toward_zero,1048576,2.653696060,2.472373009
12,throughput4096.FP64.div,2,0,toward_zero,1048576,2.484282494,2.469124794
12,throughput4096.FP64.div,2,1,nearest_even,1048576,2.411303520,2.408375740
12,throughput4096.FP64.div,3,0,nearest_even,1048576,2.599388123,2.428258896
12,throughput4096.FP64.div,3,1,toward_zero,1048576,2.477441788,2.465588570
12,throughput4096.FP64.div,4,0,toward_zero,1048576,2.593827248,2.472057343
12,throughput4096.FP64.div,4,1,nearest_even,1048576,2.469654083,2.420528412
12,throughput4096.FP64.div,5,0,nearest_even,1048576,2.415039062,2.410084724
12,throughput4096.FP64.div,5,1,toward_zero,1048576,2.641504288,2.473441124
12,throughput4096.FP64.div,6,0,toward_zero,1048576,2.481894493,2.469019890
12,throughput4096.FP64.div,6,1,nearest_even,1048576,2.586364746,2.429453850
12,throughput4096.FP64.div,7,0,nearest_even,1048576,2.601804733,2.431097031
12,throughput4096.FP64.div,7,1,toward_zero,1048576,2.483661652,2.471251488
12,throughput4096.FP64.div,8,0,toward_zero,1048576,2.677631378,2.477829933
12,throughput4096.FP64.div,8,1,nearest_even,1048576,2.465134621,2.419890404
12,throughput256.FP64.div,0,0,toward_zero,1048576,2.478262901,2.474693298
12,throughput256.FP64.div,0,1,nearest_even,1048576,2.638820648,2.411825180
12,throughput256.FP64.div,1,0,nearest_even,1048576,2.446770668,2.407876968
12,throughput256.FP64.div,1,1,toward_zero,1048576,2.661827087,2.485918045
12,throughput256.FP64.div,2,0,toward_zero,1048576,2.497993469,2.475525856
12,throughput256.FP64.div,2,1,nearest_even,1048576,2.443541527,2.411510468
12,throughput256.FP64.div,3,0,nearest_even,1048576,2.572471619,2.415951729
12,throughput256.FP64.div,3,1,toward_zero,1048576,2.666852951,2.486400604
12,throughput256.FP64.div,4,0,toward_zero,1048576,2.505886078,2.475384712
12,throughput256.FP64.div,4,1,nearest_even,1048576,2.575758934,2.417950630
12,throughput256.FP64.div,5,0,nearest_even,1048576,2.441831589,2.409769058
12,throughput256.FP64.div,5,1,toward_zero,1048576,2.627802849,2.481123924
12,throughput256.FP64.div,6,0,toward_zero,1048576,2.491954803,2.478413582
12,throughput256.FP64.div,6,1,nearest_even,1048576,2.432410240,2.408269882
12,throughput256.FP64.div,7,0,nearest_even,1048576,2.563041687,2.413288116
12,throughput256.FP64.div,7,1,toward_zero,1048576,2.487119675,2.475181580
12,throughput256.FP64.div,8,0,toward_zero,1048576,2.502962112,2.477619171
12,throughput256.FP64.div,8,1,nearest_even,1048576,2.579925537,2.414089203
12,exact_results.FP64.div,0,0,nearest_even,1048576,2.662744522,2.658313751
12,exact_results.FP64.div,0,1,toward_zero,1048576,2.844865799,2.627490044
12,exact_results.FP64.div,1,0,toward_zero,1048576,2.793758392,2.623215675
12,exact_results.FP64.div,1,1,nearest_even,1048576,2.846385002,2.662675858
12,exact_results.FP64.div,2,0,nearest_even,1048576,2.679560661,2.656741142
12,exact_results.FP64.div,2,1,toward_zero,1048576,2.617120743,2.612614632
12,exact_results.FP64.div,3,0,toward_zero,1048576,2.786497116,2.615302086
12,exact_results.FP64.div,3,1,nearest_even,1048576,2.670129776,2.657505989
12,exact_results.FP64.div,4,0,nearest_even,1048576,2.839582443,2.663946152
12,exact_results.FP64.div,4,1,toward_zero,1048576,2.623083115,2.608527184
12,exact_results.FP64.div,5,0,toward_zero,1048576,2.617092133,2.614146233
12,exact_results.FP64.div,5,1,nearest_even,1048576,2.859255791,2.664182663
12,exact_results.FP64.div,6,0,nearest_even,1048576,2.659811974,2.654437065
12,exact_results.FP64.div,6,1,toward_zero,1048576,2.925383568,2.614870071
12,exact_results.FP64.div,7,0,toward_zero,1048576,2.611158371,2.595710754
12,exact_results.FP64.div,7,1,nearest_even,1048576,2.799319267,2.639274597
12,exact_results.FP64.div,8,0,nearest_even,1048576,2.679331779,2.633485794
12,exact_results.FP64.div,8,1,toward_zero,1048576,2.591724396,2.588891029
12,halfway_ties.FP64.div,0,0,nearest_even,1048576,2.602502823,2.426776886
12,halfway_ties.FP64.div,0,1,toward_zero,1048576,2.619117737,2.594288826
12,halfway_ties.FP64.div,1,0,toward_zero,1048576,2.745603561,2.599450111
12,halfway_ties.FP64.div,1,1,nearest_even,1048576,2.450239182,2.428230286
12,halfway_ties.FP64.div,2,0,nearest_even,1048576,2.462526321,2.437840462
12,halfway_ties.FP64.div,2,1,toward_zero,1048576,2.762218475,2.598932266
12,halfway_ties.FP64.div,3,0,toward_zero,1048576,2.653429031,2.595933914
12,halfway_ties.FP64.div,3,1,nearest_even,1048576,2.722595215,2.441281319
12,halfway_ties.FP64.div,4,0,nearest_even,1048576,2.454576492,2.430083275
12,halfway_ties.FP64.div,4,1,toward_zero,1048576,2.631978989,2.598159790
12,halfway_ties.FP64.div,5,0,toward_zero,1048576,2.763163567,2.600538254
12,halfway_ties.FP64.div,5,1,nearest_even,1048576,2.430173874,2.425458908
12,halfway_ties.FP64.div,6,0,nearest_even,1048576,2.605369568,2.431254387
12,halfway_ties.FP64.div,6,1,toward_zero,1048576,2.618717194,2.595140457
12,halfway_ties.FP64.div,7,0,toward_zero,1048576,2.600915909,2.595524788
12,halfway_ties.FP64.div,7,1,nearest_even,1048576,2.625367165,2.437012672
12,halfway_ties.FP64.div,8,0,nearest_even,1048576,2.436337471,2.432263374
12,halfway_ties.FP64.div,8,1,toward_zero,1048576,2.760699272,2.595943451
12,exact_chain.FP64.div,0,0,nearest_even,1048576,3.775625229,3.761498451
12,exact_chain.FP64.div,0,1,toward_zero,1048576,3.919891357,3.745435715
12,exact_chain.FP64.div,1,0,toward_zero,1048576,3.878061295,3.734944344
12,exact_chain.FP64.div,1,1,nearest_even,1048576,3.781081200,3.754839897
12,exact_chain.FP64.div,2,0,nearest_even,1048576,3.912734985,3.761269569
12,exact_chain.FP64.div,2,1,toward_zero,1048576,3.725511551,3.714393616
12,exact_chain.FP64.div,3,0,toward_zero,1048576,4.044550896,3.760769844
12,exact_chain.FP64.div,3,1,nearest_even,1048576,3.877965927,3.758631706
12,exact_chain.FP64.div,4,0,nearest_even,1048576,3.803801537,3.760578156
12,exact_chain.FP64.div,4,1,toward_zero,1048576,3.888513565,3.750726700
12,exact_chain.FP64.div,5,0,toward_zero,1048576,3.760356903,3.747490883
12,exact_chain.FP64.div,5,1,nearest_even,1048576,3.907337189,3.760960579
12,exact_chain.FP64.div,6,0,nearest_even,1048576,3.758675575,3.753043175
12,exact_chain.FP64.div,6,1,toward_zero,1048576,3.905540466,3.765192986
12,exact_chain.FP64.div,7,0,toward_zero,1048576,3.926398277,3.774300575
12,exact_chain.FP64.div,7,1,nearest_even,1048576,3.976866722,3.769887924
12,exact_chain.FP64.div,8,0,nearest_even,1048576,3.941303253,3.758554459
12,exact_chain.FP64.div,8,1,toward_zero,1048576,3.751671791,3.734889030
12,inexact_chain.FP64.div,0,0,nearest_even,1048576,5.067542076,4.929648399
12,inexact_chain.FP64.div,0,1,toward_zero,1048576,3.760585785,3.733617783
12,inexact_chain.FP64.div,1,0,toward_zero,1048576,4.026894569,3.757849693
12,inexact_chain.FP64.div,1,1,nearest_even,1048576,5.092288017,4.945760727
12,inexact_chain.FP64.div,2,0,nearest_even,1048576,4.990684509,4.924451828
12,inexact_chain.FP64.div,2,1,toward_zero,1048576,3.917387962,3.750699043
12,inexact_chain.FP64.div,3,0,toward_zero,1048576,3.753057480,3.746946335
12,inexact_chain.FP64.div,3,1,nearest_even,1048576,5.425077438,4.912888527
12,inexact_chain.FP64.div,4,0,nearest_even,1048576,5.089737892,4.937552452
12,inexact_chain.FP64.div,4,1,toward_zero,1048576,4.049777985,3.764602661
12,inexact_chain.FP64.div,5,0,toward_zero,1048576,3.754346848,3.728887558
12,inexact_chain.FP64.div,5,1,nearest_even,1048576,5.083966255,4.929116249
12,inexact_chain.FP64.div,6,0,nearest_even,1048576,5.048298836,4.905964851
12,inexact_chain.FP64.div,6,1,toward_zero,1048576,3.735630035,3.720593452
12,inexact_chain.FP64.div,7,0,toward_zero,1048576,3.827573776,3.681064606
12,inexact_chain.FP64.div,7,1,nearest_even,1048576,5.045661926,4.910140038
12,inexact_chain.FP64.div,8,0,nearest_even,1048576,5.110509872,4.917043686
12,inexact_chain.FP64.div,8,1,toward_zero,1048576,3.870694160,3.724864960
12,throughput4096.FP64.mul_div,0,0,toward_zero,1048576,2.602320671,2.590307236
12,throughput4096.FP64.mul_div,0,1,nearest_even,1048576,2.565086365,2.412034988
12,throughput4096.FP64.mul_div,1,0,nearest_even,1048576,2.412325859,2.407056808
12,throughput4096.FP64.mul_div,1,1,toward_zero,1048576,2.733201027,2.606424332
12,throughput4096.FP64.mul_div,2,0,toward_zero,1048576,2.629169464,2.607086182
12,throughput4096.FP64.mul_div,2,1,nearest_even,1048576,2.417800903,2.413046837
12,throughput4096.FP64.mul_div,3,0,nearest_even,1048576,2.617952347,2.409312248
12,throughput4096.FP64.mul_div,3,1,toward_zero,1048576,2.639001846,2.607838631
12,throughput4096.FP64.mul_div,4,0,toward_zero,1048576,2.763135910,2.605411530
12,throughput4096.FP64.mul_div,4,1,nearest_even,1048576,2.562811852,2.411825180
12,throughput4096.FP64.mul_div,5,0,nearest_even,1048576,2.438420296,2.412735939
12,throughput4096.FP64.mul_div,5,1,toward_zero,1048576,2.771170616,2.607228279
12,throughput4096.FP64.mul_div,6,0,toward_zero,1048576,2.625988007,2.602499962
12,throughput4096.FP64.mul_div,6,1,nearest_even,1048576,2.556582451,2.408250809
12,throughput4096.FP64.mul_div,7,0,nearest_even,1048576,2.426419258,2.413621902
12,throughput4096.FP64.mul_div,7,1,toward_zero,1048576,2.624964714,2.603690147
12,throughput4096.FP64.mul_div,8,0,toward_zero,1048576,2.743978500,2.605992317
12,throughput4096.FP64.mul_div,8,1,nearest_even,1048576,2.428387642,2.405804634
12,throughput256.FP64.mul_div,0,0,nearest_even,1048576,2.400010109,2.397311211
12,throughput256.FP64.mul_div,0,1,toward_zero,1048576,2.746739388,2.593476295
12,throughput256.FP64.mul_div,1,0,toward_zero,1048576,2.580124855,2.575706482
12,throughput256.FP64.mul_div,1,1,nearest_even,1048576,2.647982597,2.387163162
12,throughput256.FP64.mul_div,2,0,nearest_even,1048576,2.404424667,2.391674042
12,throughput256.FP64.mul_div,2,1,toward_zero,1048576,2.594505310,2.589379311
12,throughput256.FP64.mul_div,3,0,toward_zero,1048576,2.727821350,2.581380844
12,throughput256.FP64.mul_div,3,1,nearest_even,1048576,2.389680862,2.379491806
12,throughput256.FP64.mul_div,4,0,nearest_even,1048576,2.525979042,2.401533127
12,throughput256.FP64.mul_div,4,1,toward_zero,1048576,2.619700432,2.591384888
12,throughput256.FP64.mul_div,5,0,toward_zero,1048576,2.578481674,2.575706482
12,throughput256.FP64.mul_div,5,1,nearest_even,1048576,2.524326324,2.386495590
12,throughput256.FP64.mul_div,6,0,nearest_even,1048576,2.403230667,2.393728256
12,throughput256.FP64.mul_div,6,1,toward_zero,1048576,2.717445374,2.592082977
12,throughput256.FP64.mul_div,7,0,toward_zero,1048576,2.599501610,2.575860023
12,throughput256.FP64.mul_div,7,1,nearest_even,1048576,2.413500786,2.379664421
12,throughput256.FP64.mul_div,8,0,nearest_even,1048576,2.671621323,2.408031464
12,throughput256.FP64.mul_div,8,1,toward_zero,1048576,2.595164299,2.581163406
12,exact_results.FP64.mul_div,0,0,toward_zero,1048576,2.771438599,2.634206772
12,exact_results.FP64.mul_div,0,1,nearest_even,1048576,2.623255730,2.601810455
12,exact_results.FP64.mul_div,1,0,nearest_even,1048576,2.576398849,2.571530342
12,exact_results.FP64.mul_div,1,1,toward_zero,1048576,2.741398811,2.602805138
12,exact_results.FP64.mul_div,2,0,toward_zero,1048576,2.605196953,2.593193054
12,exact_results.FP64.mul_div,2,1,nearest_even,1048576,2.704288483,2.577264786
12,exact_results.FP64.mul_div,3,0,nearest_even,1048576,2.620322227,2.587124825
12,exact_results.FP64.mul_div,3,1,toward_zero,1048576,2.608578682,2.595207214
12,exact_results.FP64.mul_div,4,0,toward_zero,1048576,2.757784843,2.599036217
12,exact_results.FP64.mul_div,4,1,nearest_even,1048576,2.763546944,2.608117104
12,exact_results.FP64.mul_div,5,0,nearest_even,1048576,2.794618607,2.645168304
12,exact_results.FP64.mul_div,5,1,toward_zero,1048576,2.574631691,2.550127983
12,exact_results.FP64.mul_div,6,0,toward_zero,1048576,2.566480637,2.555096626
12,exact_results.FP64.mul_div,6,1,nearest_even,1048576,2.791933060,2.634792328
12,exact_results.FP64.mul_div,7,0,nearest_even,1048576,2.635714531,2.621571541
12,exact_results.FP64.mul_div,7,1,toward_zero,1048576,2.710041046,2.571024895
12,exact_results.FP64.mul_div,8,0,toward_zero,1048576,2.611598015,2.597873688
12,exact_results.FP64.mul_div,8,1,nearest_even,1048576,2.543358803,2.538752556
12,halfway_ties.FP64.mul_div,0,0,toward_zero,1048576,2.644457817,2.618330002
12,halfway_ties.FP64.mul_div,0,1,nearest_even,1048576,2.416377068,2.413841248
12,halfway_ties.FP64.mul_div,1,0,nearest_even,1048576,2.580430984,2.431162834
12,halfway_ties.FP64.mul_div,1,1,toward_zero,1048576,2.765849113,2.622802734
12,halfway_ties.FP64.mul_div,2,0,toward_zero,1048576,2.746357918,2.616275787
12,halfway_ties.FP64.mul_div,2,1,nearest_even,1048576,2.429600716,2.406285286
12,halfway_ties.FP64.mul_div,3,0,nearest_even,1048576,2.432152748,2.419879913
12,halfway_ties.FP64.mul_div,3,1,toward_zero,1048576,2.768122673,2.632193565
12,halfway_ties.FP64.mul_div,4,0,toward_zero,1048576,2.620962143,2.610857010
12,halfway_ties.FP64.mul_div,4,1,nearest_even,1048576,2.412947655,2.408738136
12,halfway_ties.FP64.mul_div,5,0,nearest_even,1048576,2.578997612,2.435919762
12,halfway_ties.FP64.mul_div,5,1,toward_zero,1048576,2.630869865,2.628048897
12,halfway_ties.FP64.mul_div,6,0,toward_zero,1048576,2.745124817,2.617039680
12,halfway_ties.FP64.mul_div,6,1,nearest_even,1048576,2.416167259,2.401803970
12,halfway_ties.FP64.mul_div,7,0,nearest_even,1048576,2.431684494,2.428746223
12,halfway_ties.FP64.mul_div,7,1,toward_zero,1048576,2.935167313,2.639730453
12,halfway_ties.FP64.mul_div,8,0,toward_zero,1048576,2.629035950,2.614594460
12,halfway_ties.FP64.mul_div,8,1,nearest_even,1048576,2.538859367,2.410237312
12,exact_chain.FP64.mul_div,0,0,nearest_even,1048576,3.768478394,3.762633324
12,exact_chain.FP64.mul_div,0,1,toward_zero,1048576,3.903027534,3.756404877
12,exact_chain.FP64.mul_div,1,0,toward_zero,1048576,3.929368973,3.743485451
12,exact_chain.FP64.mul_div,1,1,nearest_even,1048576,3.727087975,3.712442398
12,exact_chain.FP64.mul_div,2,0,nearest_even,1048576,4.012696266,3.723787308
12,exact_chain.FP64.mul_div,2,1,toward_zero,1048576,3.712880135,3.696393013
12,exact_chain.FP64.mul_div,3,0,toward_zero,1048576,3.873551369,3.703052521
12,exact_chain.FP64.mul_div,3,1,nearest_even,1048576,3.844408989,3.715501785
12,exact_chain.FP64.mul_div,4,0,nearest_even,1048576,3.740445137,3.712902069
12,exact_chain.FP64.mul_div,4,1,toward_zero,1048576,3.829112053,3.699831009
12,exact_chain.FP64.mul_div,5,0,toward_zero,1048576,3.717456818,3.698616028
12,exact_chain.FP64.mul_div,5,1,nearest_even,1048576,3.876991272,3.729919434
12,exact_chain.FP64.mul_div,6,0,nearest_even,1048576,3.870293617,3.724281311
12,exact_chain.FP64.mul_div,6,1,toward_zero,1048576,3.850744247,3.706816673
12,exact_chain.FP64.mul_div,7,0,toward_zero,1048576,3.830430984,3.701102257
12,exact_chain.FP64.mul_div,7,1,nearest_even,1048576,3.744993210,3.719189644
12,exact_chain.FP64.mul_div,8,0,nearest_even,1048576,3.859773636,3.720259666
12,exact_chain.FP64.mul_div,8,1,toward_zero,1048576,3.709717751,3.695694923
12,inexact_chain.FP64.mul_div,0,0,toward_zero,1048576,3.880506516,3.701340675
12,inexact_chain.FP64.mul_div,0,1,nearest_even,1048576,4.990732193,4.857334137
12,inexact_chain.FP64.mul_div,1,0,nearest_even,1048576,4.986987114,4.853824615
12,inexact_chain.FP64.mul_div,1,1,toward_zero,1048576,3.717838287,3.701042175
12,inexact_chain.FP64.mul_div,2,0,toward_zero,1048576,3.838495255,3.703270912
12,inexact_chain.FP64.mul_div,2,1,nearest_even,1048576,4.932868004,4.811477661
12,inexact_chain.FP64.mul_div,3,0,nearest_even,1048576,4.795186043,4.788013458
12,inexact_chain.FP64.mul_div,3,1,toward_zero,1048576,3.961444855,3.702705383
12,inexact_chain.FP64.mul_div,4,0,toward_zero,1048576,3.790645599,3.700574875
12,inexact_chain.FP64.mul_div,4,1,nearest_even,1048576,4.840246201,4.826678276
12,inexact_chain.FP64.mul_div,5,0,nearest_even,1048576,4.887006760,4.806204796
12,inexact_chain.FP64.mul_div,5,1,toward_zero,1048576,3.773628235,3.699688911
12,inexact_chain.FP64.mul_div,6,0,toward_zero,1048576,3.700926781,3.694290161
12,inexact_chain.FP64.mul_div,6,1,nearest_even,1048576,4.969511032,4.892462730
12,inexact_chain.FP64.mul_div,7,0,nearest_even,1048576,5.066137314,4.840542793
12,inexact_chain.FP64.mul_div,7,1,toward_zero,1048576,3.701347351,3.696065903
12,inexact_chain.FP64.mul_div,8,0,toward_zero,1048576,3.777746201,3.700422287
12,inexact_chain.FP64.mul_div,8,1,nearest_even,1048576,4.892577171,4.808075905
12,throughput4096.FP128.mul,0,0,toward_zero,1048576,2.677917480,2.673651695
12,throughput4096.FP128.mul,0,1,nearest_even,1048576,2.456927299,2.453244209
12,throughput4096.FP128.mul,1,0,nearest_even,1048576,2.558111191,2.477590561
12,throughput4096.FP128.mul,1,1,toward_zero,1048576,2.697581291,2.693373680
12,throughput4096.FP128.mul,2,0,toward_zero,1048576,2.761234283,2.684411049
12,throughput4096.FP128.mul,2,1,nearest_even,1048576,2.466472626,2.461845398
12,throughput4096.FP128.mul,3,0,nearest_even,1048576,2.643377304,2.470022202
12,throughput4096.FP128.mul,3,1,toward_zero,1048576,2.787624359,2.700509071
12,throughput4096.FP128.mul,4,0,toward_zero,1048576,2.691322327,2.686827660
12,throughput4096.FP128.mul,4,1,nearest_even,1048576,2.547200203,2.468949318
12,throughput4096.FP128.mul,5,0,nearest_even,1048576,2.487903595,2.478821754
12,throughput4096.FP128.mul,5,1,toward_zero,1048576,2.706093788,2.700661659
12,throughput4096.FP128.mul,6,0,toward_zero,1048576,2.772336960,2.698485374
12,throughput4096.FP128.mul,6,1,nearest_even,1048576,2.474784851,2.470950127
12,throughput4096.FP128.mul,7,0,nearest_even,1048576,2.559182167,2.485915184
12,throughput4096.FP128.mul,7,1,toward_zero,1048576,2.706017494,2.701493263
12,throughput4096.FP128.mul,8,0,toward_zero,1048576,2.690834999,2.686282158
12,throughput4096.FP128.mul,8,1,nearest_even,1048576,2.545451164,2.471522331
12,throughput256.FP128.mul,0,0,nearest_even,1048576,2.616031647,2.476308823
12,throughput256.FP128.mul,0,1,toward_zero,1048576,2.797695160,2.709375381
12,throughput256.FP128.mul,1,0,toward_zero,1048576,2.694666862,2.691987038
12,throughput256.FP128.mul,1,1,nearest_even,1048576,2.469682693,2.465417862
12,throughput256.FP128.mul,2,0,nearest_even,1048576,2.556324959,2.470969200
12,throughput256.FP128.mul,2,1,toward_zero,1048576,2.700858116,2.698291779
12,throughput256.FP128.mul,3,0,toward_zero,1048576,2.794541359,2.689464569
12,throughput256.FP128.mul,3,1,nearest_even,1048576,2.445843697,2.440718651
12,throughput256.FP128.mul,4,0,nearest_even,1048576,2.480852127,2.476852417
12,throughput256.FP128.mul,4,1,toward_zero,1048576,2.842333794,2.693996429
12,throughput256.FP128.mul,5,0,toward_zero,1048576,2.681061745,2.678782463
12,throughput256.FP128.mul,5,1,nearest_even,1048576,2.618220329,2.470757484
12,throughput256.FP128.mul,6,0,nearest_even,1048576,2.610032082,2.476490021
12,throughput256.FP128.mul,6,1,toward_zero,1048576,2.691131592,2.687246323
12,throughput256.FP128.mul,7,0,toward_zero,1048576,2.824734688,2.690190315
12,throughput256.FP128.mul,7,1,nearest_even,1048576,2.456182480,2.453444481
12,throughput256.FP128.mul,8,0,nearest_even,1048576,2.559984207,2.466991425
12,throughput256.FP128.mul,8,1,toward_zero,1048576,2.702129364,2.697756767
12,exact_results.FP128.mul,0,0,nearest_even,1048576,2.550524712,2.546774864
12,exact_results.FP128.mul,0,1,toward_zero,1048576,2.760727882,2.677785873
12,exact_results.FP128.mul,1,0,toward_zero,1048576,2.664320946,2.659089088
12,exact_results.FP128.mul,1,1,nearest_even,1048576,2.600267410,2.525218964
12,exact_results.FP128.mul,2,0,nearest_even,1048576,2.531846046,2.528764725
12,exact_results.FP128.mul,2,1,toward_zero,1048576,2.921389580,2.674739838
12,exact_results.FP128.mul,3,0,toward_zero,1048576,2.671583176,2.658420563
12,exact_results.FP128.mul,3,1,nearest_even,1048576,2.558006287,2.552871704
12,exact_results.FP128.mul,4,0,nearest_even,1048576,2.609725952,2.529853821
12,exact_results.FP128.mul,4,1,toward_zero,1048576,2.673933029,2.662806511
12,exact_results.FP128.mul,5,0,toward_zero,1048576,2.724897385,2.650606155
12,exact_results.FP128.mul,5,1,nearest_even,1048576,2.525558472,2.518404961
12,exact_results.FP128.mul,6,0,nearest_even,1048576,2.564684868,2.562157631
12,exact_results.FP128.mul,6,1,toward_zero,1048576,2.743424416,2.669773102
12,exact_results.FP128.mul,7,0,toward_zero,1048576,2.668783188,2.663455963
12,exact_results.FP128.mul,7,1,nearest_even,1048576,2.522272110,2.518005371
12,exact_results.FP128.mul,8,0,nearest_even,1048576,2.604279518,2.527955055
12,exact_results.FP128.mul,8,1,toward_zero,1048576,2.830601692,2.673266411
12,halfway_ties.FP128.mul,0,0,toward_zero,1048576,2.815695763,2.684036255
12,halfway_ties.FP128.mul,0,1,nearest_even,1048576,2.473208427,2.469459534
12,halfway_ties.FP128.mul,1,0,nearest_even,1048576,2.589575768,2.471733093
12,halfway_ties.FP128.mul,1,1,toward_zero,1048576,2.696214676,2.682777405
12,halfway_ties.FP128.mul,2,0,toward_zero,1048576,2.673885345,2.669495583
12,halfway_ties.FP128.mul,2,1,nearest_even,1048576,2.586059570,2.463896751
12,halfway_ties.FP128.mul,3,0,nearest_even,1048576,2.471871376,2.468837738
12,halfway_ties.FP128.mul,3,1,toward_zero,1048576,2.766509056,2.687475204
12,halfway_ties.FP128.mul,4,0,toward_zero,1048576,2.674305916,2.668902397
12,halfway_ties.FP128.mul,4,1,nearest_even,1048576,2.467819214,2.463754654
12,halfway_ties.FP128.mul,5,0,nearest_even,1048576,2.547468185,2.474428177
12,halfway_ties.FP128.mul,5,1,toward_zero,1048576,2.837776184,2.688794136
12,halfway_ties.FP128.mul,6,0,toward_zero,1048576,2.761281967,2.672705650
12,halfway_ties.FP128.mul,6,1,nearest_even,1048576,2.452274323,2.447340965
12,halfway_ties.FP128.mul,7,0,nearest_even,1048576,2.481999397,2.478381157
12,halfway_ties.FP128.mul,7,1,toward_zero,1048576,2.777009010,2.692951202
12,halfway_ties.FP128.mul,8,0,toward_zero,1048576,2.695765495,2.677155495
12,halfway_ties.FP128.mul,8,1,nearest_even,1048576,2.613529205,2.460008621
12,exact_chain.FP128.mul,0,0,nearest_even,1048576,3.705360413,3.699755669
12,exact_chain.FP128.mul,0,1,toward_zero,1048576,3.989134789,3.690649986
12,exact_chain.FP128.mul,1,0,toward_zero,1048576,3.745672226,3.654810905
12,exact_chain.FP128.mul,1,1,nearest_even,1048576,3.685668945,3.679383278
12,exact_chain.FP128.mul,2,0,nearest_even,1048576,3.766835213,3.686072350
12,exact_chain.FP128.mul,2,1,toward_zero,1048576,3.654816628,3.648724556
12,exact_chain.FP128.mul,3,0,toward_zero,1048576,3.736623764,3.660704613
12,exact_chain.FP128.mul,3,1,nearest_even,1048576,3.683929443,3.677395821
12,exact_chain.FP128.mul,4,0,nearest_even,1048576,3.755608559,3.680847168
12,exact_chain.FP128.mul,4,1,toward_zero,1048576,3.890281677,3.683378220
12,exact_chain.FP128.mul,5,0,toward_zero,1048576,3.691668510,3.678791046
12,exact_chain.FP128.mul,5,1,nearest_even,1048576,3.782228470,3.694637299
12,exact_chain.FP128.mul,6,0,nearest_even,1048576,3.692624092,3.687065125
12,exact_chain.FP128.mul,6,1,toward_zero,1048576,3.766176224,3.683244705
12,exact_chain.FP128.mul,7,0,toward_zero,1048576,3.686470985,3.680913925
12,exact_chain.FP128.mul,7,1,nearest_even,1048576,3.781435013,3.686493874
12,exact_chain.FP128.mul,8,0,nearest_even,1048576,3.689022064,3.682910919
12,exact_chain.FP128.mul,8,1,toward_zero,1048576,3.763309479,3.682538986
12,inexact_chain.FP128.mul,0,0,nearest_even,1048576,4.814161301,4.700391769
12,inexact_chain.FP128.mul,0,1,toward_zero,1048576,3.820035934,3.671434402
12,inexact_chain.FP128.mul,1,0,toward_zero,1048576,3.665498734,3.660895348
12,inexact_chain.FP128.mul,1,1,nearest_even,1048576,4.830288887,4.689837456
12,inexact_chain.FP128.mul,2,0,nearest_even,1048576,4.850296974,4.688529968
12,inexact_chain.FP128.mul,2,1,toward_zero,1048576,3.868057251,3.678142548
12,inexact_chain.FP128.mul,3,0,toward_zero,1048576,3.839365005,3.678418159
12,inexact_chain.FP128.mul,3,1,nearest_even,1048576,4.832716942,4.689233780
12,inexact_chain.FP128.mul,4,0,nearest_even,1048576,4.733348846,4.687915802
12,inexact_chain.FP128.mul,4,1,toward_zero,1048576,3.846186638,3.676690102
12,inexact_chain.FP128.mul,5,0,toward_zero,1048576,3.819396019,3.686510086
12,inexact_chain.FP128.mul,5,1,nearest_even,1048576,4.716187477,4.686502457
12,inexact_chain.FP128.mul,6,0,nearest_even,1048576,4.998355865,4.697531700
12,inexact_chain.FP128.mul,6,1,toward_zero,1048576,3.820207596,3.674787521
12,inexact_chain.FP128.mul,7,0,toward_zero,1048576,3.705293655,3.677963257
12,inexact_chain.FP128.mul,7,1,nearest_even,1048576,4.842844963,4.687791824
12,inexact_chain.FP128.mul,8,0,nearest_even,1048576,4.853469849,4.690094948
12,inexact_chain.FP128.mul,8,1,toward_zero,1048576,3.680394173,3.671510696
12,throughput4096.FP128.div,0,0,toward_zero,1048576,2.701718330,2.539083481
12,throughput4096.FP128.div,0,1,nearest_even,1048576,3.288604736,3.273864746
12,throughput4096.FP128.div,1,0,nearest_even,1048576,3.554014206,3.247113228
12,throughput4096.FP128.div,1,1,toward_zero,1048576,2.558073044,2.551409721
12,throughput4096.FP128.div,2,0,toward_zero,1048576,2.783811569,2.597761154
12,throughput4096.FP128.div,2,1,nearest_even,1048576,3.334562302,3.283794403
12,throughput4096.FP128.div,3,0,nearest_even,1048576,3.454177856,3.258575439
12,throughput4096.FP128.div,3,1,toward_zero,1048576,2.475597382,2.466390610
12,throughput4096.FP128.div,4,0,toward_zero,1048576,2.694427490,2.689960480
12,throughput4096.FP128.div,4,1,nearest_even,1048576,3.463234901,3.282042503
12,throughput4096.FP128.div,5,0,nearest_even,1048576,3.264077187,3.257116318
12,throughput4096.FP128.div,5,1,toward_zero,1048576,2.836391449,2.662339211
12,throughput4096.FP128.div,6,0,toward_zero,1048576,2.720121384,2.683548927
12,throughput4096.FP128.div,6,1,nearest_even,1048576,3.666501999,3.300617218
12,throughput4096.FP128.div,7,0,nearest_even,1048576,3.279546738,3.263091087
12,throughput4096.FP128.div,7,1,toward_zero,1048576,2.829836845,2.658547401
12,throughput4096.FP128.div,8,0,toward_zero,1048576,2.718066216,2.687513351
12,throughput4096.FP128.div,8,1,nearest_even,1048576,3.461458206,3.300599098
12,throughput256.FP128.div,0,0,nearest_even,1048576,3.305430412,3.266117096
12,throughput256.FP128.div,0,1,toward_zero,1048576,2.796118736,2.653424263
12,throughput256.FP128.div,1,0,toward_zero,1048576,2.714693069,2.686453819
12,throughput256.FP128.div,1,1,nearest_even,1048576,3.299410820,3.294980049
12,throughput256.FP128.div,2,0,nearest_even,1048576,3.411802292,3.262694359
12,throughput256.FP128.div,2,1,toward_zero,1048576,2.827036858,2.652937889
12,throughput256.FP128.div,3,0,toward_zero,1048576,2.827695847,2.692052841
12,throughput256.FP128.div,3,1,nearest_even,1048576,3.325237274,3.298410416
12,throughput256.FP128.div,4,0,nearest_even,1048576,3.411755562,3.262810707
12,throughput256.FP128.div,4,1,toward_zero,1048576,2.674793243,2.644470215
12,throughput256.FP128.div,5,0,toward_zero,1048576,2.847847939,2.698865891
12,throughput256.FP128.div,5,1,nearest_even,1048576,3.294786453,3.290194511
12,throughput256.FP128.div,6,0,nearest_even,1048576,3.414010048,3.252782822
12,throughput256.FP128.div,6,1,toward_zero,1048576,2.649368286,2.645809174
12,throughput256.FP128.div,7,0,toward_zero,1048576,2.713794708,2.691251755
12,throughput256.FP128.div,7,1,nearest_even,1048576,3.607711792,3.295575142
12,throughput256.FP128.div,8,0,nearest_even,1048576,3.417401314,3.257221222
12,throughput256.FP128.div,8,1,toward_zero,1048576,2.777342796,2.751779556
12,exact_results.FP128.div,0,0,nearest_even,1048576,2.464905739,2.460677147
12,exact_results.FP128.div,0,1,toward_zero,1048576,3.428370476,3.240855217
12,exact_results.FP128.div,1,0,toward_zero,1048576,3.064852715,3.050698280
12,exact_results.FP128.div,1,1,nearest_even,1048576,2.628672600,2.449785233
12,exact_results.FP128.div,2,0,nearest_even,1048576,2.442815781,2.435846329
12,exact_results.FP128.div,2,1,toward_zero,1048576,2.957545280,2.806627274
12,exact_results.FP128.div,3,0,toward_zero,1048576,2.731156349,2.723238945
12,exact_results.FP128.div,3,1,nearest_even,1048576,2.458943367,2.454994202
12,exact_results.FP128.div,4,0,nearest_even,1048576,2.743529320,2.441452980
12,exact_results.FP128.div,4,1,toward_zero,1048576,2.720579147,2.710062027
12,exact_results.FP128.div,5,0,toward_zero,1048576,3.090994835,2.964810371
12,exact_results.FP128.div,5,1,nearest_even,1048576,2.461332321,2.454583168
12,exact_results.FP128.div,6,0,nearest_even,1048576,2.435907364,2.433066368
12,exact_results.FP128.div,6,1,toward_zero,1048576,2.829627037,2.737046242
12,exact_results.FP128.div,7,0,toward_zero,1048576,3.245149612,3.239153862
12,exact_results.FP128.div,7,1,nearest_even,1048576,2.520265579,2.444550514
12,exact_results.FP128.div,8,0,nearest_even,1048576,2.439022064,2.434851646
12,exact_results.FP128.div,8,1,toward_zero,1048576,3.194748878,3.118496895
12,halfway_ties.FP128.div,0,0,toward_zero,1048576,3.007802010,2.989118576
12,halfway_ties.FP128.div,0,1,nearest_even,1048576,3.604147911,3.299290657
12,halfway_ties.FP128.div,1,0,nearest_even,1048576,3.270889282,3.262744904
12,halfway_ties.FP128.div,1,1,toward_zero,1048576,2.836668015,2.701256752
12,halfway_ties.FP128.div,2,0,toward_zero,1048576,2.835721970,2.827146530
12,halfway_ties.FP128.div,2,1,nearest_even,1048576,3.527833939,3.304936409
12,halfway_ties.FP128.div,3,0,nearest_even,1048576,3.273479462,3.265047073
12,halfway_ties.FP128.div,3,1,toward_zero,1048576,2.712600708,2.708266258
12,halfway_ties.FP128.div,4,0,toward_zero,1048576,3.005203247,2.852046013
12,halfway_ties.FP128.div,4,1,nearest_even,1048576,3.305506706,3.290393829
12,halfway_ties.FP128.div,5,0,nearest_even,1048576,3.357723236,3.260737419
12,halfway_ties.FP128.div,5,1,toward_zero,1048576,2.876492500,2.726058006
12,halfway_ties.FP128.div,6,0,toward_zero,1048576,3.260542870,3.173322678
12,halfway_ties.FP128.div,6,1,nearest_even,1048576,3.277282715,3.272605896
12,halfway_ties.FP128.div,7,0,nearest_even,1048576,3.340888023,3.263554573
12,halfway_ties.FP128.div,7,1,toward_zero,1048576,3.036819458,3.026427269
12,halfway_ties.FP128.div,8,0,toward_zero,1048576,3.273240089,3.194849014
12,halfway_ties.FP128.div,8,1,nearest_even,1048576,3.288987160,3.282120705
12,exact_chain.FP128.div,0,0,nearest_even,1048576,4.081460953,4.071385384
12,exact_chain.FP128.div,0,1,toward_zero,1048576,4.182205200,4.052006721
12,exact_chain.FP128.div,1,0,toward_zero,1048576,4.133438110,4.045115471
12,exact_chain.FP128.div,1,1,nearest_even,1048576,4.107440948,4.055856705
12,exact_chain.FP128.div,2,0,nearest_even,1048576,4.216727257,4.035927773
12,exact_chain.FP128.div,2,1,toward_zero,1048576,4.037098885,4.022788048
12,exact_chain.FP128.div,3,0,toward_zero,1048576,4.203063965,4.031805992
12,exact_chain.FP128.div,3,1,nearest_even,1048576,4.343766212,4.060233116
12,exact_chain.FP128.div,4,0,nearest_even,1048576,4.057899475,4.031978607
12,exact_chain.FP128.div,4,1,toward_zero,1048576,4.178574562,4.035866737
12,exact_chain.FP128.div,5,0,toward_zero,1048576,4.170682907,4.037559509
12,exact_chain.FP128.div,5,1,nearest_even,1048576,4.079760551,4.046272278
12,exact_chain.FP128.div,6,0,nearest_even,1048576,4.169851303,4.034102440
12,exact_chain.FP128.div,6,1,toward_zero,1048576,4.046462059,4.031619072
12,exact_chain.FP128.div,7,0,toward_zero,1048576,4.210162163,4.074486732
12,exact_chain.FP128.div,7,1,nearest_even,1048576,4.327646255,4.050757408
12,exact_chain.FP128.div,8,0,nearest_even,1048576,4.048411369,4.031769753
12,exact_chain.FP128.div,8,1,toward_zero,1048576,4.166525841,4.031976700
12,inexact_chain.FP128.div,0,0,nearest_even,1048576,5.207298279,5.177249908
12,inexact_chain.FP128.div,0,1,toward_zero,1048576,4.360936165,4.048412323
12,inexact_chain.FP128.div,1,0,toward_zero,1048576,4.232978821,4.075159073
12,inexact_chain.FP128.div,1,1,nearest_even,1048576,5.207813263,5.180472374
12,inexact_chain.FP128.div,2,0,nearest_even,1048576,5.315648079,5.169098854
12,inexact_chain.FP128.div,2,1,toward_zero,1048576,4.164606094,4.018676758
12,inexact_chain.FP128.div,3,0,toward_zero,1048576,4.039545059,4.026274681
12,inexact_chain.FP128.div,3,1,nearest_even,1048576,5.329167366,5.183432579
12,inexact_chain.FP128.div,4,0,nearest_even,1048576,5.442763329,5.170339584
12,inexact_chain.FP128.div,4,1,toward_zero,1048576,4.174361229,4.029685974
12,inexact_chain.FP128.div,5,0,toward_zero,1048576,4.044742584,4.027433395
12,inexact_chain.FP128.div,5,1,nearest_even,1048576,5.349461555,5.187943459
12,inexact_chain.FP128.div,6,0,nearest_even,1048576,5.343595505,5.167379379
12,inexact_chain.FP128.div,6,1,toward_zero,1048576,4.161901474,4.007243156
12,inexact_chain.FP128.div,7,0,toward_zero,1048576,4.045707703,4.027401924
12,inexact_chain.FP128.div,7,1,nearest_even,1048576,5.463287354,5.181252480
12,inexact_chain.FP128.div,8,0,nearest_even,1048576,5.308234215,5.167875290
12,inexact_chain.FP128.div,8,1,toward_zero,1048576,4.038064003,4.009991646
12,throughput4096.FP128.mul_div,0,0,nearest_even,1048576,4.802285194,4.765931129
12,throughput4096.FP128.mul_div,0,1,toward_zero,1048576,3.145399094,3.001317024
12,throughput4096.FP128.mul_div,1,0,toward_zero,1048576,3.081449509,3.066407204
12,throughput4096.FP128.mul_div,1,1,nearest_even,1048576,4.935964584,4.794499397
12,throughput4096.FP128.mul_div,2,0,nearest_even,1048576,5.076666832,4.765817642
12,throughput4096.FP128.mul_div,2,1,toward_zero,1048576,3.018885612,3.005724907
12,throughput4096.FP128.mul_div,3,0,toward_zero,1048576,3.147664070,3.024067879
12,throughput4096.FP128.mul_div,3,1,nearest_even,1048576,4.840446472,4.813886642
12,throughput4096.FP128.mul_div,4,0,nearest_even,1048576,4.922434807,4.765414238
12,throughput4096.FP128.mul_div,4,1,toward_zero,1048576,3.132061005,3.008620262
12,throughput4096.FP128.mul_div,5,0,toward_zero,1048576,3.040172577,3.022263527
12,throughput4096.FP128.mul_div,5,1,nearest_even,1048576,4.936623573,4.801403999
12,throughput4096.FP128.mul_div,6,0,nearest_even,1048576,5.055694580,4.766160965
12,throughput4096.FP128.mul_div,6,1,toward_zero,1048576,3.004916191,2.986107826
12,throughput4096.FP128.mul_div,7,0,toward_zero,1048576,3.167174339,3.034997940
12,throughput4096.FP128.mul_div,7,1,nearest_even,1048576,4.840083122,4.796772957
12,throughput4096.FP128.mul_div,8,0,nearest_even,1048576,4.930537224,4.764066696
12,throughput4096.FP128.mul_div,8,1,toward_zero,1048576,3.017156601,2.992039680
12,throughput256.FP128.mul_div,0,0,toward_zero,1048576,3.188204765,3.023582458
12,throughput256.FP128.mul_div,0,1,nearest_even,1048576,4.952904701,4.781841278
12,throughput256.FP128.mul_div,1,0,nearest_even,1048576,4.902007103,4.753718376
12,throughput256.FP128.mul_div,1,1,toward_zero,1048576,3.138032913,2.995366096
12,throughput256.FP128.mul_div,2,0,toward_zero,1048576,3.023777962,3.012582779
12,throughput256.FP128.mul_div,2,1,nearest_even,1048576,4.921642303,4.777387619
12,throughput256.FP128.mul_div,3,0,nearest_even,1048576,4.909842491,4.756874084
12,throughput256.FP128.mul_div,3,1,toward_zero,1048576,3.003990173,2.990225792
12,throughput256.FP128.mul_div,4,0,toward_zero,1048576,3.160457611,3.027011871
12,throughput256.FP128.mul_div,4,1,nearest_even,1048576,5.064866066,4.783864021
12,throughput256.FP128.mul_div,5,0,nearest_even,1048576,4.789671898,4.755438805
12,throughput256.FP128.mul_div,5,1,toward_zero,1048576,3.132891655,2.986855507
12,throughput256.FP128.mul_div,6,0,toward_zero,1048576,3.023692131,3.018257141
12,throughput256.FP128.mul_div,6,1,nearest_even,1048576,4.904291153,4.777958870
12,throughput256.FP128.mul_div,7,0,nearest_even,1048576,4.867132187,4.747040749
12,throughput256.FP128.mul_div,7,1,toward_zero,1048576,2.996919632,2.992216110
12,throughput256.FP128.mul_div,8,0,toward_zero,1048576,3.142465591,3.022043228
12,throughput256.FP128.mul_div,8,1,nearest_even,1048576,6.809196472,4.783031464
12,exact_results.FP128.mul_div,0,0,nearest_even,1048576,3.134028435,3.127097130
12,exact_results.FP128.mul_div,0,1,toward_zero,1048576,3.117843628,3.037672997
12,exact_results.FP128.mul_div,1,0,toward_zero,1048576,3.048122406,3.025901794
12,exact_results.FP128.mul_div,1,1,nearest_even,1048576,3.276832581,3.137414932
12,exact_results.FP128.mul_div,2,0,nearest_even,1048576,3.173565865,3.150790215
12,exact_results.FP128.mul_div,2,1,toward_zero,1048576,3.162415504,3.034942627
12,exact_results.FP128.mul_div,3,0,toward_zero,1048576,3.042036057,3.018976212
12,exact_results.FP128.mul_div,3,1,nearest_even,1048576,3.265673637,3.138084412
12,exact_results.FP128.mul_div,4,0,nearest_even,1048576,3.144816399,3.122549057
12,exact_results.FP128.mul_div,4,1,toward_zero,1048576,3.167709351,3.014627457
12,exact_results.FP128.mul_div,5,0,toward_zero,1048576,3.173174858,3.026314735
12,exact_results.FP128.mul_div,5,1,nearest_even,1048576,3.154590607,3.149242401
12,exact_results.FP128.mul_div,6,0,nearest_even,1048576,3.349038124,3.154052734
12,exact_results.FP128.mul_div,6,1,toward_zero,1048576,3.026948929,3.022301674
12,exact_results.FP128.mul_div,7,0,toward_zero,1048576,3.200099945,3.028701782
12,exact_results.FP128.mul_div,7,1,nearest_even,1048576,3.108154297,3.102072716
12,exact_results.FP128.mul_div,8,0,nearest_even,1048576,3.285824776,3.118536949
12,exact_results.FP128.mul_div,8,1,toward_zero,1048576,3.020003319,3.015804291
12,halfway_ties.FP128.mul_div,0,0,toward_zero,1048576,3.364411354,3.044839859
12,halfway_ties.FP128.mul_div,0,1,nearest_even,1048576,4.964198112,4.803076744
12,halfway_ties.FP128.mul_div,1,0,nearest_even,1048576,4.766244888,4.758513451
12,halfway_ties.FP128.mul_div,1,1,toward_zero,1048576,3.145055771,3.001195908
12,halfway_ties.FP128.mul_div,2,0,toward_zero,1048576,3.028678894,3.024155617
12,halfway_ties.FP128.mul_div,2,1,nearest_even,1048576,4.935361862,4.791270256
12,halfway_ties.FP128.mul_div,3,0,nearest_even,1048576,4.905723572,4.764763832
12,halfway_ties.FP128.mul_div,3,1,toward_zero,1048576,3.006836891,3.000869751
12,halfway_ties.FP128.mul_div,4,0,toward_zero,1048576,3.307083130,3.036116600
12,halfway_ties.FP128.mul_div,4,1,nearest_even,1048576,4.804319382,4.787258148
12,halfway_ties.FP128.mul_div,5,0,nearest_even,1048576,4.908925056,4.762274742
12,halfway_ties.FP128.mul_div,5,1,toward_zero,1048576,3.139255524,2.996988297
12,halfway_ties.FP128.mul_div,6,0,toward_zero,1048576,3.016572952,3.011627197
12,halfway_ties.FP128.mul_div,6,1,nearest_even,1048576,4.941736221,4.798345566
12,halfway_ties.FP128.mul_div,7,0,nearest_even,1048576,4.889012337,4.761095047
12,halfway_ties.FP128.mul_div,7,1,toward_zero,1048576,3.004839897,2.999837875
12,halfway_ties.FP128.mul_div,8,0,toward_zero,1048576,3.298694611,3.035620689
12,halfway_ties.FP128.mul_div,8,1,nearest_even,1048576,4.821805000,4.782958984
12,exact_chain.FP128.mul_div,0,0,toward_zero,1048576,3.827612877,3.746009827
12,exact_chain.FP128.mul_div,0,1,nearest_even,1048576,3.951383591,3.778219223
12,exact_chain.FP128.mul_div,1,0,nearest_even,1048576,3.868639946,3.776955605
12,exact_chain.FP128.mul_div,1,1,toward_zero,1048576,3.838476181,3.763138771
12,exact_chain.FP128.mul_div,2,0,toward_zero,1048576,3.765211105,3.758298874
12,exact_chain.FP128.mul_div,2,1,nearest_even,1048576,3.849922180,3.774617195
12,exact_chain.FP128.mul_div,3,0,nearest_even,1048576,3.779208183,3.773581505
12,exact_chain.FP128.mul_div,3,1,toward_zero,1048576,3.843416214,3.770143509
12,exact_chain.FP128.mul_div,4,0,toward_zero,1048576,3.765860558,3.760091782
12,exact_chain.FP128.mul_div,4,1,nearest_even,1048576,3.997819901,3.780188560
12,exact_chain.FP128.mul_div,5,0,nearest_even,1048576,3.865755081,3.778362274
12,exact_chain.FP128.mul_div,5,1,toward_zero,1048576,3.790359497,3.763092041
12,exact_chain.FP128.mul_div,6,0,toward_zero,1048576,3.867704391,3.773538589
12,exact_chain.FP128.mul_div,6,1,nearest_even,1048576,3.781597137,3.772979736
12,exact_chain.FP128.mul_div,7,0,nearest_even,1048576,3.858961105,3.780220985
12,exact_chain.FP128.mul_div,7,1,toward_zero,1048576,3.834387779,3.759024620
12,exact_chain.FP128.mul_div,8,0,toward_zero,1048576,3.773828506,3.766552925
12,exact_chain.FP128.mul_div,8,1,nearest_even,1048576,4.003494263,3.778639793
12,inexact_chain.FP128.mul_div,0,0,toward_zero,1048576,3.747018814,3.739377975
12,inexact_chain.FP128.mul_div,0,1,nearest_even,1048576,4.972549438,4.895212173
12,inexact_chain.FP128.mul_div,1,0,nearest_even,1048576,5.205636024,4.906151772
12,inexact_chain.FP128.mul_div,1,1,toward_zero,1048576,3.764007568,3.751570702
12,inexact_chain.FP128.mul_div,2,0,toward_zero,1048576,3.919280052,3.759423256
12,inexact_chain.FP128.mul_div,2,1,nearest_even,1048576,5.053792953,4.905524254
12,inexact_chain.FP128.mul_div,3,0,nearest_even,1048576,5.031826019,4.890253067
12,inexact_chain.FP128.mul_div,3,1,toward_zero,1048576,3.757080078,3.751330376
12,inexact_chain.FP128.mul_div,4,0,toward_zero,1048576,3.845938683,3.763635635
12,inexact_chain.FP128.mul_div,4,1,nearest_even,1048576,5.054499626,4.908226013
12,inexact_chain.FP128.mul_div,5,0,nearest_even,1048576,4.983012199,4.894631386
12,inexact_chain.FP128.mul_div,5,1,toward_zero,1048576,3.830239296,3.755488396
12,inexact_chain.FP128.mul_div,6,0,toward_zero,1048576,3.774688721,3.768249512
12,inexact_chain.FP128.mul_div,6,1,nearest_even,1048576,4.981597900,4.905696869
12,inexact_chain.FP128.mul_div,7,0,nearest_even,1048576,4.964599609,4.892148972
12,inexact_chain.FP128.mul_div,7,1,toward_zero,1048576,3.763271332,3.756241798
12,inexact_chain.FP128.mul_div,8,0,toward_zero,1048576,4.003944397,3.766961098
12,inexact_chain.FP128.mul_div,8,1,nearest_even,1048576,4.994897842,4.900403023
12,wide_product.FP128.mul,0,0,toward_zero,1048576,6.203860283,6.117561340
12,wide_product.FP128.mul,0,1,nearest_even,1048576,7.419080734,7.338341713
12,wide_product.FP128.mul,1,0,nearest_even,1048576,7.399905205,7.320441246
12,wide_product.FP128.mul,1,1,toward_zero,1048576,6.315297127,6.049560547
12,wide_product.FP128.mul,2,0,toward_zero,1048576,6.206497192,6.053277969
12,wide_product.FP128.mul,2,1,nearest_even,1048576,7.458895683,7.319336891
12,wide_product.FP128.mul,3,0,nearest_even,1048576,7.464991570,7.325525284
12,wide_product.FP128.mul,3,1,toward_zero,1048576,6.132639885,6.049474716
12,wide_product.FP128.mul,4,0,toward_zero,1048576,6.300333977,6.057575226
12,wide_product.FP128.mul,4,1,nearest_even,1048576,7.407290459,7.317214012
12,wide_product.FP128.mul,5,0,nearest_even,1048576,7.394305229,7.314132690
12,wide_product.FP128.mul,5,1,toward_zero,1048576,6.125980377,6.048348427
12,wide_product.FP128.mul,6,0,toward_zero,1048576,6.273848534,6.055674553
12,wide_product.FP128.mul,6,1,nearest_even,1048576,7.417494774,7.320092201
12,wide_product.FP128.mul,7,0,nearest_even,1048576,7.465947151,7.315868378
12,wide_product.FP128.mul,7,1,toward_zero,1048576,6.055943489,6.045319557
12,wide_product.FP128.mul,8,0,toward_zero,1048576,6.133251190,6.055032730
12,wide_product.FP128.mul,8,1,nearest_even,1048576,7.756179810,7.432435989
12,native_by64.FP128.div,0,0,toward_zero,1048576,4.083907127,4.053594589
12,native_by64.FP128.div,0,1,nearest_even,1048576,6.503313065,6.360796928
12,native_by64.FP128.div,1,0,nearest_even,1048576,6.494686127,6.359397888
12,native_by64.FP128.div,1,1,toward_zero,1048576,4.176548958,4.053620338
12,native_by64.FP128.div,2,0,toward_zero,1048576,4.194579124,4.030527115
12,native_by64.FP128.div,2,1,nearest_even,1048576,6.658204079,6.368379593
12,native_by64.FP128.div,3,0,nearest_even,1048576,6.500474930,6.364434242
12,native_by64.FP128.div,3,1,toward_zero,1048576,4.050560951,4.032488823
12,native_by64.FP128.div,4,0,toward_zero,1048576,4.218484879,4.114580154
12,native_by64.FP128.div,4,1,nearest_even,1048576,6.455549240,6.370180130
12,native_by64.FP128.div,5,0,nearest_even,1048576,6.611414909,6.372632027
12,native_by64.FP128.div,5,1,toward_zero,1048576,4.106866837,4.092308998
12,native_by64.FP128.div,6,0,toward_zero,1048576,4.107946396,4.022245407
12,native_by64.FP128.div,6,1,nearest_even,1048576,6.447667122,6.367417336
12,native_by64.FP128.div,7,0,nearest_even,1048576,6.442975998,6.362310410
12,native_by64.FP128.div,7,1,toward_zero,1048576,4.177236557,4.101938248
12,native_by64.FP128.div,8,0,toward_zero,1048576,4.028575897,4.021631241
12,native_by64.FP128.div,8,1,nearest_even,1048576,6.629387856,6.366316795
12,native_by128.FP128.div,0,0,nearest_even,1048576,10.443890572,10.276856422
12,native_by128.FP128.div,0,1,toward_zero,1048576,8.568890572,8.460602760
12,native_by128.FP128.div,1,0,toward_zero,1048576,8.945306778,8.516278267
12,native_by128.FP128.div,1,1,nearest_even,1048576,10.417366982,10.258645058
12,native_by128.FP128.div,2,0,nearest_even,1048576,10.412609100,10.252047539
12,native_by128.FP128.div,2,1,toward_zero,1048576,8.687541008,8.461884499
12,native_by128.FP128.div,3,0,toward_zero,1048576,8.594631195,8.495162964
12,native_by128.FP128.div,3,1,nearest_even,1048576,10.402137756,10.247677803
12,native_by128.FP128.div,4,0,nearest_even,1048576,10.321944237,10.236783981
12,native_by128.FP128.div,4,1,toward_zero,1048576,8.782227516,8.472947121
12,native_by128.FP128.div,5,0,toward_zero,1048576,8.528675079,8.445053101
12,native_by128.FP128.div,5,1,nearest_even,1048576,10.416076660,10.260409355
12,native_by128.FP128.div,6,0,nearest_even,1048576,10.478641510,10.219749451
12,native_by128.FP128.div,6,1,toward_zero,1048576,8.525580406,8.435102463
12,native_by128.FP128.div,7,0,toward_zero,1048576,8.757662773,8.507128716
12,native_by128.FP128.div,7,1,nearest_even,1048576,10.543488503,10.255325317
12,native_by128.FP128.div,8,0,nearest_even,1048576,10.467996597,10.240644455
12,native_by128.FP128.div,8,1,toward_zero,1048576,8.571279526,8.480808258
12,wide_by64.FP128.div,0,0,toward_zero,1048576,6.896172523,6.814353943
12,wide_by64.FP128.div,0,1,nearest_even,1048576,8.373354912,8.068857193
12,wide_by64.FP128.div,1,0,nearest_even,1048576,8.131258011,8.043628693
12,wide_by64.FP128.div,1,1,toward_zero,1048576,6.837143898,6.755201340
12,wide_by64.FP128.div,2,0,toward_zero,1048576,6.861680984,6.776344299
12,wide_by64.FP128.div,2,1,nearest_even,1048576,8.309872627,8.057321548
12,wide_by64.FP128.div,3,0,nearest_even,1048576,8.137344360,8.035362244
12,wide_by64.FP128.div,3,1,toward_zero,1048576,6.999210358,6.754667282
12,wide_by64.FP128.div,4,0,toward_zero,1048576,6.899850845,6.758755684
12,wide_by64.FP128.div,4,1,nearest_even,1048576,8.328504562,8.056907654
12,wide_by64.FP128.div,5,0,nearest_even,1048576,8.137784004,8.040552139
12,wide_by64.FP128.div,5,1,toward_zero,1048576,6.822076797,6.743330956
12,wide_by64.FP128.div,6,0,toward_zero,1048576,6.798801422,6.720156670
12,wide_by64.FP128.div,6,1,nearest_even,1048576,8.273373604,8.053527832
12,wide_by64.FP128.div,7,0,nearest_even,1048576,8.194309235,8.031368256
12,wide_by64.FP128.div,7,1,toward_zero,1048576,6.850645065,6.770324707
12,wide_by64.FP128.div,8,0,toward_zero,1048576,6.856655121,6.779434204
12,wide_by64.FP128.div,8,1,nearest_even,1048576,8.120422363,8.042746544
12,wide_by128.FP128.div,0,0,toward_zero,1048576,12.707527161,12.526407242
12,wide_by128.FP128.div,0,1,nearest_even,1048576,14.512643814,14.350275040
12,wide_by128.FP128.div,1,0,nearest_even,1048576,14.643438339,14.255329132
12,wide_by128.FP128.div,1,1,toward_zero,1048576,12.623435974,12.442064285
12,wide_by128.FP128.div,2,0,toward_zero,1048576,12.852863312,12.438685417
12,wide_by128.FP128.div,2,1,nearest_even,1048576,14.512118340,14.270231247
12,wide_by128.FP128.div,3,0,nearest_even,1048576,14.574978828,14.244534492
12,wide_by128.FP128.div,3,1,toward_zero,1048576,12.571401596,12.405784607
12,wide_by128.FP128.div,4,0,toward_zero,1048576,12.515974998,12.363673210
12,wide_by128.FP128.div,4,1,nearest_even,1048576,14.625561714,14.288784981
12,wide_by128.FP128.div,5,0,nearest_even,1048576,14.634313583,14.342994690
12,wide_by128.FP128.div,5,1,toward_zero,1048576,12.845133781,12.482560158
12,wide_by128.FP128.div,6,0,toward_zero,1048576,12.556754112,12.384049416
12,wide_by128.FP128.div,6,1,nearest_even,1048576,14.623229980,14.288311005
12,wide_by128.FP128.div,7,0,nearest_even,1048576,14.431486130,14.251927376
12,wide_by128.FP128.div,7,1,toward_zero,1048576,12.561694145,12.407526016
12,wide_by128.FP128.div,8,0,toward_zero,1048576,12.749338150,12.369604111
12,wide_by128.FP128.div,8,1,nearest_even,1048576,14.369334221,14.212238312
12,wide_product.FP128.mul_div,0,0,toward_zero,1048576,13.580823898,13.166655540
12,wide_product.FP128.mul_div,0,1,nearest_even,1048576,13.858645439,13.576756477
12,wide_product.FP128.mul_div,1,0,nearest_even,1048576,13.889640808,13.549279213
12,wide_product.FP128.mul_div,1,1,toward_zero,1048576,13.222409248,13.057657242
12,wide_product.FP128.mul_div,2,0,toward_zero,1048576,13.400948524,13.107851028
12,wide_product.FP128.mul_div,2,1,nearest_even,1048576,13.761015892,13.575240135
12,wide_product.FP128.mul_div,3,0,nearest_even,1048576,13.726676941,13.571520805
12,wide_product.FP128.mul_div,3,1,toward_zero,1048576,13.531579971,13.114992142
12,wide_product.FP128.mul_div,4,0,toward_zero,1048576,13.311429977,13.031736374
12,wide_product.FP128.mul_div,4,1,nearest_even,1048576,13.917903900,13.579004288
12,wide_product.FP128.mul_div,5,0,nearest_even,1048576,13.730842590,13.563202858
12,wide_product.FP128.mul_div,5,1,toward_zero,1048576,13.363350868,13.067090988
12,wide_product.FP128.mul_div,6,0,toward_zero,1048576,13.219934464,13.047554970
12,wide_product.FP128.mul_div,6,1,nearest_even,1048576,13.738964081,13.580884933
12,wide_product.FP128.mul_div,7,0,nearest_even,1048576,13.913928986,13.588518143
12,wide_product.FP128.mul_div,7,1,toward_zero,1048576,13.223709106,13.061780930
12,wide_product.FP128.mul_div,8,0,toward_zero,1048576,13.488718033,13.081076622
12,wide_product.FP128.mul_div,8,1,nearest_even,1048576,13.925547600,13.561545372
12,throughput4096.FP64.mul_wide,0,0,toward_zero,1048576,2.534396172,2.529318810
12,throughput4096.FP64.mul_wide,0,1,nearest_even,1048576,2.381961823,2.375822067
12,throughput4096.FP64.mul_wide,1,0,nearest_even,1048576,2.466004372,2.384248734
12,throughput4096.FP64.mul_wide,1,1,toward_zero,1048576,2.526829720,2.524321556
12,throughput4096.FP64.mul_wide,2,0,toward_zero,1048576,2.676646233,2.528602600
12,throughput4096.FP64.mul_wide,2,1,nearest_even,1048576,2.453850746,2.368331909
12,throughput4096.FP64.mul_wide,3,0,nearest_even,1048576,2.381158829,2.378469467
12,throughput4096.FP64.mul_wide,3,1,toward_zero,1048576,2.602377892,2.528957367
12,throughput4096.FP64.mul_wide,4,0,toward_zero,1048576,2.520953178,2.510609627
12,throughput4096.FP64.mul_wide,4,1,nearest_even,1048576,2.365106583,2.362160683
12,throughput4096.FP64.mul_wide,5,0,nearest_even,1048576,2.457405090,2.381066322
12,throughput4096.FP64.mul_wide,5,1,toward_zero,1048576,2.527928352,2.525372505
12,throughput4096.FP64.mul_wide,6,0,toward_zero,1048576,2.520207405,2.515607834
12,throughput4096.FP64.mul_wide,6,1,nearest_even,1048576,2.439498901,2.367241859
12,throughput4096.FP64.mul_wide,7,0,nearest_even,1048576,2.381158829,2.378115654
12,throughput4096.FP64.mul_wide,7,1,toward_zero,1048576,2.597581863,2.525813103
12,throughput4096.FP64.mul_wide,8,0,toward_zero,1048576,2.516233444,2.513295174
12,throughput4096.FP64.mul_wide,8,1,nearest_even,1048576,2.515726089,2.368569374
12,fullrange.FP64.mul_wide,0,0,toward_zero,1048576,2.592011452,2.507210732
12,fullrange.FP64.mul_wide,0,1,nearest_even,1048576,3.094673157,3.089383125
12,fullrange.FP64.mul_wide,1,0,nearest_even,1048576,3.163629532,3.080268860
12,fullrange.FP64.mul_wide,1,1,toward_zero,1048576,2.543664932,2.539274216
12,fullrange.FP64.mul_wide,2,0,toward_zero,1048576,2.593195915,2.522820473
12,fullrange.FP64.mul_wide,2,1,nearest_even,1048576,3.094806671,3.087683678
12,fullrange.FP64.mul_wide,3,0,nearest_even,1048576,3.077981949,3.073179245
12,fullrange.FP64.mul_wide,3,1,toward_zero,1048576,2.582848549,2.511448860
12,fullrange.FP64.mul_wide,4,0,toward_zero,1048576,2.546817780,2.521742821
12,fullrange.FP64.mul_wide,4,1,nearest_even,1048576,3.417745590,3.102347374
12,fullrange.FP64.mul_wide,5,0,nearest_even,1048576,3.078841209,3.073473930
12,fullrange.FP64.mul_wide,5,1,toward_zero,1048576,2.664999962,2.519266129
12,fullrange.FP64.mul_wide,6,0,toward_zero,1048576,2.521899223,2.518550873
12,fullrange.FP64.mul_wide,6,1,nearest_even,1048576,3.107457161,3.093444824
12,fullrange.FP64.mul_wide,7,0,nearest_even,1048576,3.214622498,3.081024170
12,fullrange.FP64.mul_wide,7,1,toward_zero,1048576,2.514322281,2.509769440
12,fullrange.FP64.mul_wide,8,0,toward_zero,1048576,2.613662720,2.530053139
12,fullrange.FP64.mul_wide,8,1,nearest_even,1048576,3.096765518,3.092021942
12,throughput4096.FP64.quantize4,0,0,nearest_even,1048576,4.784483910,4.703012466
12,throughput4096.FP64.quantize4,0,1,toward_zero,1048576,3.987395287,3.758092880
12,throughput4096.FP64.quantize4,1,0,toward_zero,1048576,3.718766212,3.712615967
12,throughput4096.FP64.quantize4,1,1,nearest_even,1048576,4.783844948,4.704798698
12,throughput4096.FP64.quantize4,2,0,nearest_even,1048576,4.774060249,4.693056107
12,throughput4096.FP64.quantize4,2,1,toward_zero,1048576,3.751795769,3.745512009
12,throughput4096.FP64.quantize4,3,0,toward_zero,1048576,3.813117981,3.738070488
12,throughput4096.FP64.quantize4,3,1,nearest_even,1048576,4.702582359,4.693860054
12,throughput4096.FP64.quantize4,4,0,nearest_even,1048576,4.908093452,4.693762779
12,throughput4096.FP64.quantize4,4,1,toward_zero,1048576,3.811330795,3.724663734
12,throughput4096.FP64.quantize4,5,0,toward_zero,1048576,3.752503395,3.747175217
12,throughput4096.FP64.quantize4,5,1,nearest_even,1048576,4.790866852,4.703309059
12,throughput4096.FP64.quantize4,6,0,nearest_even,1048576,4.768003464,4.691511154
12,throughput4096.FP64.quantize4,6,1,toward_zero,1048576,3.739537239,3.733980179
12,throughput4096.FP64.quantize4,7,0,toward_zero,1048576,3.814168930,3.741547585
12,throughput4096.FP64.quantize4,7,1,nearest_even,1048576,4.779803276,4.705175400
12,throughput4096.FP64.quantize4,8,0,nearest_even,1048576,4.886834145,4.713801384
12,throughput4096.FP64.quantize4,8,1,toward_zero,1048576,3.801490784,3.715432167
12,throughput4096.FP128.quantize4,0,0,toward_zero,1048576,7.298864365,7.203269005
12,throughput4096.FP128.quantize4,0,1,nearest_even,1048576,8.109301567,8.024935722
12,throughput4096.FP128.quantize4,1,0,nearest_even,1048576,8.113276482,7.865173340
12,throughput4096.FP128.quantize4,1,1,toward_zero,1048576,6.617548943,6.330097198
12,throughput4096.FP128.quantize4,2,0,toward_zero,1048576,5.754169464,5.744413376
12,throughput4096.FP128.quantize4,2,1,nearest_even,1048576,8.333014488,8.108114243
12,throughput4096.FP128.quantize4,3,0,nearest_even,1048576,8.551033020,8.467199326
12,throughput4096.FP128.quantize4,3,1,toward_zero,1048576,7.167190552,6.955603600
12,throughput4096.FP128.quantize4,4,0,toward_zero,1048576,6.612523079,6.518960953
12,throughput4096.FP128.quantize4,4,1,nearest_even,1048576,8.121063232,8.032763481
12,throughput4096.FP128.quantize4,5,0,nearest_even,1048576,8.161002159,8.008953094
12,throughput4096.FP128.quantize4,5,1,toward_zero,1048576,5.913684845,5.738107681
12,throughput4096.FP128.quantize4,6,0,toward_zero,1048576,7.496331215,7.337264061
12,throughput4096.FP128.quantize4,6,1,nearest_even,1048576,7.948792458,7.785738945
12,throughput4096.FP128.quantize4,7,0,nearest_even,1048576,9.651836395,9.448849678
12,throughput4096.FP128.quantize4,7,1,toward_zero,1048576,7.331656456,7.034673691
12,throughput4096.FP128.quantize4,8,0,toward_zero,1048576,6.222883224,6.048707008
12,throughput4096.FP128.quantize4,8,1,nearest_even,1048576,8.451492310,8.170144081
12,parse_extra_digit.FP64,0,0,toward_zero,1048576,33.413397789,32.494554520
12,parse_extra_digit.FP64,0,1,nearest_even,1048576,33.978174210,32.940381050
12,parse_extra_digit.FP64,1,0,nearest_even,1048576,33.939047813,33.002295494
12,parse_extra_digit.FP64,1,1,toward_zero,1048576,33.346992493,32.450328827
12,parse_extra_digit.FP64,2,0,toward_zero,1048576,33.447708130,32.522473335
12,parse_extra_digit.FP64,2,1,nearest_even,1048576,33.956265450,33.002593040
12,parse_extra_digit.FP64,3,0,nearest_even,1048576,34.077599525,32.992957115
12,parse_extra_digit.FP64,3,1,toward_zero,1048576,33.529047966,32.637187958
12,parse_extra_digit.FP64,4,0,toward_zero,1048576,33.374233246,32.487936974
12,parse_extra_digit.FP64,4,1,nearest_even,1048576,33.893013954,32.966814995
12,parse_extra_digit.FP64,5,0,nearest_even,1048576,33.943289757,32.989299774
12,parse_extra_digit.FP64,5,1,toward_zero,1048576,33.333376884,32.578055382
12,parse_extra_digit.FP64,6,0,toward_zero,1048576,33.178935051,32.459861755
12,parse_extra_digit.FP64,6,1,nearest_even,1048576,33.514132500,32.942479134
12,parse_extra_digit.FP64,7,0,nearest_even,1048576,33.548185349,32.975543022
12,parse_extra_digit.FP64,7,1,toward_zero,1048576,33.227406502,32.489634514
12,parse_extra_digit.FP64,8,0,toward_zero,1048576,33.227921486,32.450022697
12,parse_extra_digit.FP64,8,1,nearest_even,1048576,33.588477135,33.009216309
12,format_2digits.FP64,0,0,nearest_even,1048576,16.417368889,15.834927559
12,format_2digits.FP64,0,1,toward_zero,1048576,14.655591011,14.419972420
12,format_2digits.FP64,1,0,toward_zero,1048576,14.756861687,14.429620743
12,format_2digits.FP64,1,1,nearest_even,1048576,16.003631592,15.829040527
12,format_2digits.FP64,2,0,nearest_even,1048576,16.213480949,15.818431854
12,format_2digits.FP64,2,1,toward_zero,1048576,14.597060204,14.427994728
12,format_2digits.FP64,3,0,toward_zero,1048576,14.764238358,14.420770645
12,format_2digits.FP64,3,1,nearest_even,1048576,16.076181412,15.825662613
12,format_2digits.FP64,4,0,nearest_even,1048576,16.258866310,15.827452660
12,format_2digits.FP64,4,1,toward_zero,1048576,14.732211113,14.425602913
12,format_2digits.FP64,5,0,toward_zero,1048576,14.830146790,14.424630165
12,format_2digits.FP64,5,1,nearest_even,1048576,15.989348412,15.820452690
12,format_2digits.FP64,6,0,nearest_even,1048576,16.230833054,15.817193031
12,format_2digits.FP64,6,1,toward_zero,1048576,14.589626312,14.416996956
12,format_2digits.FP64,7,0,toward_zero,1048576,14.846007347,14.459922791
12,format_2digits.FP64,7,1,nearest_even,1048576,16.224230766,15.872074127
12,format_2digits.FP64,8,0,nearest_even,1048576,16.207930565,15.808543205
12,format_2digits.FP64,8,1,toward_zero,1048576,14.570689201,14.398269653
12,parse_extra_digit.FP128,0,0,toward_zero,1048576,33.448701859,32.844027519
12,parse_extra_digit.FP128,0,1,nearest_even,1048576,34.187545776,33.357843399
12,parse_extra_digit.FP128,1,0,nearest_even,1048576,34.155003548,33.301859856
12,parse_extra_digit.FP128,1,1,toward_zero,1048576,33.531148911,32.931133270
12,parse_extra_digit.FP128,2,0,toward_zero,1048576,33.639690399,32.917564392
12,parse_extra_digit.FP128,2,1,nearest_even,1048576,33.874582291,33.111878395
12,parse_extra_digit.FP128,3,0,nearest_even,1048576,33.650783539,33.050246239
12,parse_extra_digit.FP128,3,1,toward_zero,1048576,33.556116104,32.851685524
12,parse_extra_digit.FP128,4,0,toward_zero,1048576,33.535639763,32.610038757
12,parse_extra_digit.FP128,4,1,nearest_even,1048576,33.672806740,33.106366158
12,parse_extra_digit.FP128,5,0,nearest_even,1048576,33.564103127,32.985321999
12,parse_extra_digit.FP128,5,1,toward_zero,1048576,33.431828499,32.641311646
12,parse_extra_digit.FP128,6,0,toward_zero,1048576,33.245168686,32.615117073
12,parse_extra_digit.FP128,6,1,nearest_even,1048576,33.724689484,33.064861298
12,parse_extra_digit.FP128,7,0,nearest_even,1048576,33.761301994,33.074423790
12,parse_extra_digit.FP128,7,1,toward_zero,1048576,33.340352058,32.582244873
12,parse_extra_digit.FP128,8,0,toward_zero,1048576,33.101676941,32.538409233
12,parse_extra_digit.FP128,8,1,nearest_even,1048576,33.891485214,33.073749542
12,format_2digits.FP128,0,0,toward_zero,1048576,14.776611328,14.410586357
12,format_2digits.FP128,0,1,nearest_even,1048576,16.012059212,15.734669685
12,format_2digits.FP128,1,0,nearest_even,1048576,16.142528534,15.705101967
12,format_2digits.FP128,1,1,toward_zero,1048576,14.479279518,14.313400269
12,format_2digits.FP128,2,0,toward_zero,1048576,14.680654526,14.330485344
12,format_2digits.FP128,2,1,nearest_even,1048576,15.972005844,15.722929001
12,format_2digits.FP128,3,0,nearest_even,1048576,16.167265892,15.754057884
12,format_2digits.FP128,3,1,toward_zero,1048576,14.629584312,14.337585449
12,format_2digits.FP128,4,0,toward_zero,1048576,14.803995132,14.412095070
12,format_2digits.FP128,4,1,nearest_even,1048576,15.913694382,15.732136726
12,format_2digits.FP128,5,0,nearest_even,1048576,16.036567688,15.693031311
12,format_2digits.FP128,5,1,toward_zero,1048576,14.568443298,14.319578171
12,format_2digits.FP128,6,0,toward_zero,1048576,14.720353127,14.318483353
12,format_2digits.FP128,6,1,nearest_even,1048576,16.083586693,15.745965004
12,format_2digits.FP128,7,0,nearest_even,1048576,16.291906357,15.777660370
12,format_2digits.FP128,7,1,toward_zero,1048576,14.517354965,14.334237099
12,format_2digits.FP128,8,0,toward_zero,1048576,14.679000854,14.328207016
12,format_2digits.FP128,8,1,nearest_even,1048576,15.890428543,15.707854271
12,throughput4096.FP64.mul,0,0,toward_zero,1048576,2.632514000,2.607735634
12,throughput4096.FP64.mul,0,1,nearest_even,1048576,2.981011391,2.680835724
12,throughput4096.FP64.mul,1,0,nearest_even,1048576,2.676379204,2.660197258
12,throughput4096.FP64.mul,1,1,toward_zero,1048576,2.707966805,2.633005142
12,throughput4096.FP64.mul,2,0,toward_zero,1048576,2.678833961,2.664459229
12,throughput4096.FP64.mul,2,1,nearest_even,1048576,2.598002434,2.595314026
12,throughput4096.FP64.mul,3,0,nearest_even,1048576,2.735713005,2.655699730
12,throughput4096.FP64.mul,3,1,toward_zero,1048576,2.637816429,2.631228447
12,throughput4096.FP64.mul,4,0,toward_zero,1048576,2.719298363,2.649268150
12,throughput4096.FP64.mul,4,1,nearest_even,1048576,2.659707069,2.653127670
12,throughput4096.FP64.mul,5,0,nearest_even,1048576,2.652292252,2.649486542
12,throughput4096.FP64.mul,5,1,toward_zero,1048576,2.754870415,2.677961349
12,throughput4096.FP64.mul,6,0,toward_zero,1048576,2.812438011,2.632155418
12,throughput4096.FP64.mul,6,1,nearest_even,1048576,2.730448723,2.643833160
12,throughput4096.FP64.mul,7,0,nearest_even,1048576,2.647753716,2.634103775
12,throughput4096.FP64.mul,7,1,toward_zero,1048576,2.585428238,2.580780983
12,throughput4096.FP64.mul,8,0,toward_zero,1048576,2.647361755,2.574110985
12,throughput4096.FP64.mul,8,1,nearest_even,1048576,2.619577408,2.615185738
12,throughput256.FP64.mul,0,0,toward_zero,1048576,2.652789116,2.571263313
12,throughput256.FP64.mul,0,1,nearest_even,1048576,2.673445702,2.668520927
12,throughput256.FP64.mul,1,0,nearest_even,1048576,2.610394478,2.607315063
12,throughput256.FP64.mul,1,1,toward_zero,1048576,2.641017914,2.565825462
12,throughput256.FP64.mul,2,0,toward_zero,1048576,2.571269035,2.566504478
12,throughput256.FP64.mul,2,1,nearest_even,1048576,2.741092682,2.666828156
12,throughput256.FP64.mul,3,0,nearest_even,1048576,2.844168663,2.688469887
12,throughput256.FP64.mul,3,1,toward_zero,1048576,2.556315422,2.553147316
12,throughput256.FP64.mul,4,0,toward_zero,1048576,2.659753799,2.570286751
12,throughput256.FP64.mul,4,1,nearest_even,1048576,2.541945457,2.537564278
12,throughput256.FP64.mul,5,0,nearest_even,1048576,2.730840683,2.658575058
12,throughput256.FP64.mul,5,1,toward_zero,1048576,2.606095314,2.584084511
12,throughput256.FP64.mul,6,0,toward_zero,1048576,2.578825951,2.575763702
12,throughput256.FP64.mul,6,1,nearest_even,1048576,2.765869141,2.635451317
12,throughput256.FP64.mul,7,0,nearest_even,1048576,2.632274628,2.606069565
12,throughput256.FP64.mul,7,1,toward_zero,1048576,2.762486458,2.615291595
12,throughput256.FP64.mul,8,0,toward_zero,1048576,2.573800087,2.567010880
12,throughput256.FP64.mul,8,1,nearest_even,1048576,2.557901382,2.555040359
12,exact_results.FP64.mul,0,0,nearest_even,1048576,2.859820366,2.718681335
12,exact_results.FP64.mul,0,1,toward_zero,1048576,2.618458748,2.611555099
12,exact_results.FP64.mul,1,0,toward_zero,1048576,2.729111671,2.585320473
12,exact_results.FP64.mul,1,1,nearest_even,1048576,2.716671944,2.713885307
12,exact_results.FP64.mul,2,0,nearest_even,1048576,2.791360855,2.712348938
12,exact_results.FP64.mul,2,1,toward_zero,1048576,2.603715897,2.599305153
12,exact_results.FP64.mul,3,0,toward_zero,1048576,2.609687805,2.605565071
12,exact_results.FP64.mul,3,1,nearest_even,1048576,2.740940094,2.664027214
12,exact_results.FP64.mul,4,0,nearest_even,1048576,2.660977364,2.658342361
12,exact_results.FP64.mul,4,1,toward_zero,1048576,2.709705353,2.631103516
12,exact_results.FP64.mul,5,0,toward_zero,1048576,2.627946854,2.622934341
12,exact_results.FP64.mul,5,1,nearest_even,1048576,2.776970863,2.633513451
12,exact_results.FP64.mul,6,0,nearest_even,1048576,2.742316246,2.661096573
12,exact_results.FP64.mul,6,1,toward_zero,1048576,2.630755424,2.619744301
12,exact_results.FP64.mul,7,0,toward_zero,1048576,2.700934410,2.628210068
12,exact_results.FP64.mul,7,1,nearest_even,1048576,2.642278671,2.637774467
12,exact_results.FP64.mul,8,0,nearest_even,1048576,2.663002014,2.658976555
12,exact_results.FP64.mul,8,1,toward_zero,1048576,2.697810173,2.616937637
12,halfway_ties.FP64.mul,0,0,toward_zero,1048576,2.631901741,2.627301216
12,halfway_ties.FP64.mul,0,1,nearest_even,1048576,2.694666862,2.617983818
12,halfway_ties.FP64.mul,1,0,nearest_even,1048576,2.565888405,2.561574936
12,halfway_ties.FP64.mul,1,1,toward_zero,1048576,2.676350594,2.606919289
12,halfway_ties.FP64.mul,2,0,toward_zero,1048576,2.628376961,2.622076035
12,halfway_ties.FP64.mul,2,1,nearest_even,1048576,2.796299934,2.619742393
12,halfway_ties.FP64.mul,3,0,nearest_even,1048576,2.695995331,2.612139702
12,halfway_ties.FP64.mul,3,1,toward_zero,1048576,2.662382126,2.650966644
12,halfway_ties.FP64.mul,4,0,toward_zero,1048576,2.733440399,2.658640862
12,halfway_ties.FP64.mul,4,1,nearest_even,1048576,2.574841499,2.572010040
12,halfway_ties.FP64.mul,5,0,nearest_even,1048576,2.612105370,2.607771873
12,halfway_ties.FP64.mul,5,1,toward_zero,1048576,2.703504562,2.629137993
12,halfway_ties.FP64.mul,6,0,toward_zero,1048576,2.623217583,2.617707253
12,halfway_ties.FP64.mul,6,1,nearest_even,1048576,2.764463425,2.607601166
12,halfway_ties.FP64.mul,7,0,nearest_even,1048576,2.620847702,2.614851952
12,halfway_ties.FP64.mul,7,1,toward_zero,1048576,2.622529030,2.618595123
12,halfway_ties.FP64.mul,8,0,toward_zero,1048576,2.719490051,2.578966141
12,halfway_ties.FP64.mul,8,1,nearest_even,1048576,2.745535851,2.614919662
12,exact_chain.FP64.mul,0,0,nearest_even,1048576,3.733461380,3.648485184
12,exact_chain.FP64.mul,0,1,toward_zero,1048576,3.761609077,3.688593864
12,exact_chain.FP64.mul,1,0,toward_zero,1048576,3.696579933,3.688681602
12,exact_chain.FP64.mul,1,1,nearest_even,1048576,3.721250534,3.646566391
12,exact_chain.FP64.mul,2,0,nearest_even,1048576,3.642720222,3.636712074
12,exact_chain.FP64.mul,2,1,toward_zero,1048576,3.910719872,3.687868118
12,exact_chain.FP64.mul,3,0,toward_zero,1048576,3.686175346,3.676783562
12,exact_chain.FP64.mul,3,1,nearest_even,1048576,3.729667664,3.638175964
12,exact_chain.FP64.mul,4,0,nearest_even,1048576,3.634398460,3.630281448
12,exact_chain.FP64.mul,4,1,toward_zero,1048576,3.755589485,3.680158615
12,exact_chain.FP64.mul,5,0,toward_zero,1048576,3.756362915,3.681459427
12,exact_chain.FP64.mul,5,1,nearest_even,1048576,3.634120941,3.627951622
12,exact_chain.FP64.mul,6,0,nearest_even,1048576,3.710653305,3.636932373
12,exact_chain.FP64.mul,6,1,toward_zero,1048576,3.680805206,3.675237656
12,exact_chain.FP64.mul,7,0,toward_zero,1048576,3.931606293,3.682556152
12,exact_chain.FP64.mul,7,1,nearest_even,1048576,3.688477516,3.676010132
12,exact_chain.FP64.mul,8,0,nearest_even,1048576,3.754872322,3.678487778
12,exact_chain.FP64.mul,8,1,toward_zero,1048576,3.748442650,3.676526070
12,inexact_chain.FP64.mul,0,0,nearest_even,1048576,4.760188103,4.637497902
12,inexact_chain.FP64.mul,0,1,toward_zero,1048576,3.832160950,3.688936234
12,inexact_chain.FP64.mul,1,0,toward_zero,1048576,3.819577217,3.692675591
12,inexact_chain.FP64.mul,1,1,nearest_even,1048576,4.642722130,4.628439903
12,inexact_chain.FP64.mul,2,0,nearest_even,1048576,4.713437080,4.631228447
12,inexact_chain.FP64.mul,2,1,toward_zero,1048576,3.768507004,3.679164886
12,inexact_chain.FP64.mul,3,0,toward_zero,1048576,3.691726685,3.676630974
12,inexact_chain.FP64.mul,3,1,nearest_even,1048576,4.775073051,4.633246422
12,inexact_chain.FP64.mul,4,0,nearest_even,1048576,4.798205376,4.623730659
12,inexact_chain.FP64.mul,4,1,toward_zero,1048576,4.119049072,3.686978340
12,inexact_chain.FP64.mul,5,0,toward_zero,1048576,3.872776985,3.686282158
12,inexact_chain.FP64.mul,5,1,nearest_even,1048576,4.774643898,4.633082390
12,inexact_chain.FP64.mul,6,0,nearest_even,1048576,4.647499084,4.629786491
12,inexact_chain.FP64.mul,6,1,toward_zero,1048576,3.817265511,3.690210342
12,inexact_chain.FP64.mul,7,0,toward_zero,1048576,3.804719925,3.691081047
12,inexact_chain.FP64.mul,7,1,nearest_even,1048576,4.641690254,4.630072594
12,inexact_chain.FP64.mul,8,0,nearest_even,1048576,4.919798851,4.632328987
12,inexact_chain.FP64.mul,8,1,toward_zero,1048576,3.771153450,3.688345909
12,throughput4096.FP64.div,0,0,toward_zero,1048576,2.424479485,2.413764954
12,throughput4096.FP64.div,0,1,nearest_even,1048576,2.376629829,2.371533394
12,throughput4096.FP64.div,1,0,nearest_even,1048576,2.468010902,2.390995979
12,throughput4096.FP64.div,1,1,toward_zero,1048576,2.437961578,2.434103966
12,throughput4096.FP64.div,2,0,toward_zero,1048576,2.423696518,2.420538902
12,throughput4096.FP64.div,2,1,nearest_even,1048576,2.454395294,2.376280785
12,throughput4096.FP64.div,3,0,nearest_even,1048576,2.393399239,2.388903618
12,throughput4096.FP64.div,3,1,toward_zero,1048576,2.512009621,2.440631866
12,throughput4096.FP64.div,4,0,toward_zero,1048576,2.429821014,2.424112320
12,throughput4096.FP64.div,4,1,nearest_even,1048576,2.382897377,2.380104065
12,throughput4096.FP64.div,5,0,nearest_even,1048576,2.624010086,2.397502899
12,throughput4096.FP64.div,5,1,toward_zero,1048576,2.493866920,2.434756279
12,throughput4096.FP64.div,6,0,toward_zero,1048576,2.684605598,2.427418709
12,throughput4096.FP64.div,6,1,nearest_even,1048576,2.541543961,2.382303238
12,throughput4096.FP64.div,7,0,nearest_even,1048576,2.399321556,2.383178711
12,throughput4096.FP64.div,7,1,toward_zero,1048576,2.576600075,2.436915398
12,throughput4096.FP64.div,8,0,toward_zero,1048576,2.448882103,2.431181908
12,throughput4096.FP64.div,8,1,nearest_even,1048576,2.390121460,2.387356758
12,throughput256.FP64.div,0,0,nearest_even,1048576,2.540894508,2.383983612
12,throughput256.FP64.div,0,1,toward_zero,1048576,2.451271057,2.444053650
12,throughput256.FP64.div,1,0,toward_zero,1048576,2.438983917,2.436219215
12,throughput256.FP64.div,1,1,nearest_even,1048576,2.518058777,2.375759125
12,throughput256.FP64.div,2,0,nearest_even,1048576,2.401003838,2.381916046
12,throughput256.FP64.div,2,1,toward_zero,1048576,2.700905800,2.447791100
12,throughput256.FP64.div,3,0,toward_zero,1048576,2.445165634,2.437001228
12,throughput256.FP64.div,3,1,nearest_even,1048576,2.381340027,2.366508484
12,throughput256.FP64.div,4,0,nearest_even,1048576,2.466339111,2.381978035
12,throughput256.FP64.div,4,1,toward_zero,1048576,2.446207047,2.443154335
12,throughput256.FP64.div,5,0,toward_zero,1048576,2.433948517,2.429644585
12,throughput256.FP64.div,5,1,nearest_even,1048576,2.447296143,2.367015839
12,throughput256.FP64.div,6,0,nearest_even,1048576,2.378990173,2.376433372
12,throughput256.FP64.div,6,1,toward_zero,1048576,2.530364037,2.454906464
12,throughput256.FP64.div,7,0,toward_zero,1048576,2.437034607,2.434241295
12,throughput256.FP64.div,7,1,nearest_even,1048576,2.368470192,2.363487244
12,throughput256.FP64.div,8,0,nearest_even,1048576,2.462411880,2.388281822
12,throughput256.FP64.div,8,1,toward_zero,1048576,2.617139816,2.448513031
12,exact_results.FP64.div,0,0,toward_zero,1048576,2.674267769,2.586562157
12,exact_results.FP64.div,0,1,nearest_even,1048576,2.617178917,2.609434128
12,exact_results.FP64.div,1,0,nearest_even,1048576,2.623475075,2.611802101
12,exact_results.FP64.div,1,1,toward_zero,1048576,2.644304276,2.565876007
12,exact_results.FP64.div,2,0,toward_zero,1048576,2.560223579,2.557573318
12,exact_results.FP64.div,2,1,nearest_even,1048576,2.679446220,2.605287552
12,exact_results.FP64.div,3,0,nearest_even,1048576,2.608808517,2.601687431
12,exact_results.FP64.div,3,1,toward_zero,1048576,2.567111969,2.563067436
12,exact_results.FP64.div,4,0,toward_zero,1048576,2.643186569,2.569037437
12,exact_results.FP64.div,4,1,nearest_even,1048576,2.606782913,2.602220535
12,exact_results.FP64.div,5,0,nearest_even,1048576,2.677707672,2.608669281
12,exact_results.FP64.div,5,1,toward_zero,1048576,2.716165543,2.568321228
12,exact_results.FP64.div,6,0,toward_zero,1048576,2.567475319,2.558711052
12,exact_results.FP64.div,6,1,nearest_even,1048576,2.688532829,2.604924202
12,exact_results.FP64.div,7,0,nearest_even,1048576,2.615401268,2.604598045
12,exact_results.FP64.div,7,1,toward_zero,1048576,2.566185951,2.561584473
12,exact_results.FP64.div,8,0,toward_zero,1048576,2.638867378,2.563830376
12,exact_results.FP64.div,8,1,nearest_even,1048576,2.606457710,2.603759766
12,halfway_ties.FP64.div,0,0,toward_zero,1048576,2.661855698,2.583914757
12,halfway_ties.FP64.div,0,1,nearest_even,1048576,2.416826248,2.413831711
12,halfway_ties.FP64.div,1,0,nearest_even,1048576,2.503286362,2.429481506
12,halfway_ties.FP64.div,1,1,toward_zero,1048576,2.594992638,2.587239265
12,halfway_ties.FP64.div,2,0,toward_zero,1048576,2.579915047,2.577456474
12,halfway_ties.FP64.div,2,1,nearest_even,1048576,2.630947113,2.413239479
12,halfway_ties.FP64.div,3,0,nearest_even,1048576,2.429581642,2.421895027
12,halfway_ties.FP64.div,3,1,toward_zero,1048576,2.581119537,2.577895164
12,halfway_ties.FP64.div,4,0,toward_zero,1048576,2.683449745,2.578381538
12,halfway_ties.FP64.div,4,1,nearest_even,1048576,2.445490837,2.415151596
12,halfway_ties.FP64.div,5,0,nearest_even,1048576,2.570923805,2.424361229
12,halfway_ties.FP64.div,5,1,toward_zero,1048576,2.587444305,2.582691193
12,halfway_ties.FP64.div,6,0,toward_zero,1048576,2.581491470,2.573747635
12,halfway_ties.FP64.div,6,1,nearest_even,1048576,2.572710991,2.439390182
12,halfway_ties.FP64.div,7,0,nearest_even,1048576,2.442356110,2.424264908
12,halfway_ties.FP64.div,7,1,toward_zero,1048576,2.752453804,2.591501236
12,halfway_ties.FP64.div,8,0,toward_zero,1048576,2.569710732,2.565184593
12,halfway_ties.FP64.div,8,1,nearest_even,1048576,2.438831329,2.403332710
12,exact_chain.FP64.div,0,0,toward_zero,1048576,3.724871635,3.715339661
12,exact_chain.FP64.div,0,1,nearest_even,1048576,3.844181061,3.710514069
12,exact_chain.FP64.div,1,0,nearest_even,1048576,3.712794304,3.704113007
12,exact_chain.FP64.div,1,1,toward_zero,1048576,3.813625336,3.729927063
12,exact_chain.FP64.div,2,0,toward_zero,1048576,3.687579155,3.681467056
12,exact_chain.FP64.div,2,1,nearest_even,1048576,3.802416801,3.714010239
12,exact_chain.FP64.div,3,0,nearest_even,1048576,3.928214073,3.713781357
12,exact_chain.FP64.div,3,1,toward_zero,1048576,3.714504242,3.708754539
12,exact_chain.FP64.div,4,0,toward_zero,1048576,3.774660110,3.686266899
12,exact_chain.FP64.div,4,1,nearest_even,1048576,3.710386276,3.703997612
12,exact_chain.FP64.div,5,0,nearest_even,1048576,3.784606934,3.708889008
12,exact_chain.FP64.div,5,1,toward_zero,1048576,3.684358597,3.678668022
12,exact_chain.FP64.div,6,0,toward_zero,1048576,3.743904114,3.668292046
12,exact_chain.FP64.div,6,1,nearest_even,1048576,3.787186623,3.711926460
12,exact_chain.FP64.div,7,0,nearest_even,1048576,3.855722427,3.709932327
12,exact_chain.FP64.div,7,1,toward_zero,1048576,3.785457611,3.697050095
12,exact_chain.FP64.div,8,0,toward_zero,1048576,3.716090202,3.686080933
12,exact_chain.FP64.div,8,1,nearest_even,1048576,3.845002174,3.710476875
12,inexact_chain.FP64.div,0,0,toward_zero,1048576,3.824698448,3.691364288
12,inexact_chain.FP64.div,0,1,nearest_even,1048576,4.989642143,4.867010117
12,inexact_chain.FP64.div,1,0,nearest_even,1048576,5.048881531,4.879956245
12,inexact_chain.FP64.div,1,1,toward_zero,1048576,3.817321777,3.710972786
12,inexact_chain.FP64.div,2,0,toward_zero,1048576,3.798213005,3.666075706
12,inexact_chain.FP64.div,2,1,nearest_even,1048576,4.865871429,4.855049133
12,inexact_chain.FP64.div,3,0,nearest_even,1048576,4.989957809,4.841881752
12,inexact_chain.FP64.div,3,1,toward_zero,1048576,3.815258026,3.683807373
12,inexact_chain.FP64.div,4,0,toward_zero,1048576,3.687273979,3.664353371
12,inexact_chain.FP64.div,4,1,nearest_even,1048576,5.114502907,4.868530273
12,inexact_chain.FP64.div,5,0,nearest_even,1048576,4.983450890,4.861514091
12,inexact_chain.FP64.div,5,1,toward_zero,1048576,3.672540665,3.658145905
12,inexact_chain.FP64.div,6,0,toward_zero,1048576,3.780765533,3.703193665
12,inexact_chain.FP64.div,6,1,nearest_even,1048576,4.943876266,4.869350433
12,inexact_chain.FP64.div,7,0,nearest_even,1048576,4.869148254,4.860139847
12,inexact_chain.FP64.div,7,1,toward_zero,1048576,3.786556244,3.707811356
12,inexact_chain.FP64.div,8,0,toward_zero,1048576,3.849864960,3.704865456
12,inexact_chain.FP64.div,8,1,nearest_even,1048576,4.960185051,4.866886139
12,throughput4096.FP64.mul_div,0,0,nearest_even,1048576,2.482563019,2.398390770
12,throughput4096.FP64.mul_div,0,1,toward_zero,1048576,2.603763580,2.599248886
12,throughput4096.FP64.mul_div,1,0,toward_zero,1048576,2.584472656,2.580665588
12,throughput4096.FP64.mul_div,1,1,nearest_even,1048576,2.472271919,2.393049240
12,throughput4096.FP64.mul_div,2,0,nearest_even,1048576,2.415441513,2.411012650
12,throughput4096.FP64.mul_div,2,1,toward_zero,1048576,2.683660507,2.609405518
12,throughput4096.FP64.mul_div,3,0,toward_zero,1048576,2.596158028,2.593276978
12,throughput4096.FP64.mul_div,3,1,nearest_even,1048576,2.411141396,2.406227112
12,throughput4096.FP64.mul_div,4,0,nearest_even,1048576,2.527746201,2.420002937
12,throughput4096.FP64.mul_div,4,1,toward_zero,1048576,2.751029968,2.604236603
12,throughput4096.FP64.mul_div,5,0,toward_zero,1048576,2.780086517,2.598093987
12,throughput4096.FP64.mul_div,5,1,nearest_even,1048576,2.401921272,2.396613121
12,throughput4096.FP64.mul_div,6,0,nearest_even,1048576,2.427871704,2.421018600
12,throughput4096.FP64.mul_div,6,1,toward_zero,1048576,2.760259628,2.612147331
12,throughput4096.FP64.mul_div,7,0,toward_zero,1048576,2.912218094,2.598294258
12,throughput4096.FP64.mul_div,7,1,nearest_even,1048576,2.559868813,2.396347046
12,throughput4096.FP64.mul_div,8,0,nearest_even,1048576,2.433881760,2.418284416
12,throughput4096.FP64.mul_div,8,1,toward_zero,1048576,2.605235100,2.603097916
12,throughput256.FP64.mul_div,0,0,nearest_even,1048576,2.527460098,2.395973206
12,throughput256.FP64.mul_div,0,1,toward_zero,1048576,2.595986366,2.588967323
12,throughput256.FP64.mul_div,1,0,toward_zero,1048576,2.597285271,2.581496239
12,throughput256.FP64.mul_div,1,1,nearest_even,1048576,2.626494408,2.386551857
12,throughput256.FP64.mul_div,2,0,nearest_even,1048576,2.410434723,2.402358055
12,throughput256.FP64.mul_div,2,1,toward_zero,1048576,2.726063728,2.599227905
12,throughput256.FP64.mul_div,3,0,toward_zero,1048576,2.583804131,2.578420639
12,throughput256.FP64.mul_div,3,1,nearest_even,1048576,2.401701927,2.390260696
12,throughput256.FP64.mul_div,4,0,nearest_even,1048576,2.481368065,2.402946472
12,throughput256.FP64.mul_div,4,1,toward_zero,1048576,2.598499298,2.587038040
12,throughput256.FP64.mul_div,5,0,toward_zero,1048576,2.656926155,2.579871178
12,throughput256.FP64.mul_div,5,1,nearest_even,1048576,2.391305923,2.385405540
12,throughput256.FP64.mul_div,6,0,nearest_even,1048576,2.409268379,2.404400826
12,throughput256.FP64.mul_div,6,1,toward_zero,1048576,2.680019379,2.602297783
12,throughput256.FP64.mul_div,7,0,toward_zero,1048576,2.586193085,2.581840515
12,throughput256.FP64.mul_div,7,1,nearest_even,1048576,2.535056114,2.388981819
12,throughput256.FP64.mul_div,8,0,nearest_even,1048576,2.516310692,2.404161453
12,throughput256.FP64.mul_div,8,1,toward_zero,1048576,2.597515106,2.593106270
12,exact_results.FP64.mul_div,0,0,nearest_even,1048576,2.682723999,2.596994400
12,exact_results.FP64.mul_div,0,1,toward_zero,1048576,2.622289658,2.611431122
12,exact_results.FP64.mul_div,1,0,toward_zero,1048576,2.686182022,2.612062454
12,exact_results.FP64.mul_div,1,1,nearest_even,1048576,2.575625420,2.550806999
12,exact_results.FP64.mul_div,2,0,nearest_even,1048576,2.563022614,2.557971954
12,exact_results.FP64.mul_div,2,1,toward_zero,1048576,2.733898163,2.605019569
12,exact_results.FP64.mul_div,3,0,toward_zero,1048576,2.602158546,2.594138145
12,exact_results.FP64.mul_div,3,1,nearest_even,1048576,2.685580254,2.577569962
12,exact_results.FP64.mul_div,4,0,nearest_even,1048576,2.598537445,2.581344604
12,exact_results.FP64.mul_div,4,1,toward_zero,1048576,2.796184540,2.601647377
12,exact_results.FP64.mul_div,5,0,toward_zero,1048576,2.747045517,2.597180367
12,exact_results.FP64.mul_div,5,1,nearest_even,1048576,2.581921577,2.577474594
12,exact_results.FP64.mul_div,6,0,nearest_even,1048576,2.718161583,2.585997581
12,exact_results.FP64.mul_div,6,1,toward_zero,1048576,2.613604546,2.600625992
12,exact_results.FP64.mul_div,7,0,toward_zero,1048576,2.604193687,2.596230507
12,exact_results.FP64.mul_div,7,1,nearest_even,1048576,2.712677956,2.584131241
12,exact_results.FP64.mul_div,8,0,nearest_even,1048576,2.592823982,2.585806847
12,exact_results.FP64.mul_div,8,1,toward_zero,1048576,2.677573204,2.599077225
12,halfway_ties.FP64.mul_div,0,0,nearest_even,1048576,2.436260223,2.432348251
12,halfway_ties.FP64.mul_div,0,1,toward_zero,1048576,2.628815651,2.625514984
12,halfway_ties.FP64.mul_div,1,0,toward_zero,1048576,2.719002724,2.626070976
12,halfway_ties.FP64.mul_div,1,1,nearest_even,1048576,2.548986435,2.412062645
12,halfway_ties.FP64.mul_div,2,0,nearest_even,1048576,2.933505058,2.430332184
12,halfway_ties.FP64.mul_div,2,1,toward_zero,1048576,2.618745804,2.613763809
12,halfway_ties.FP64.mul_div,3,0,toward_zero,1048576,2.621612549,2.610132217
12,halfway_ties.FP64.mul_div,3,1,nearest_even,1048576,2.417762756,2.405356407
12,halfway_ties.FP64.mul_div,4,0,nearest_even,1048576,2.430270195,2.424502373
12,halfway_ties.FP64.mul_div,4,1,toward_zero,1048576,2.755787849,2.626364708
12,halfway_ties.FP64.mul_div,5,0,toward_zero,1048576,2.614197731,2.608574867
12,halfway_ties.FP64.mul_div,5,1,nearest_even,1048576,2.418441772,2.410600662
12,halfway_ties.FP64.mul_div,6,0,nearest_even,1048576,2.539775848,2.425544739
12,halfway_ties.FP64.mul_div,6,1,toward_zero,1048576,2.636555672,2.629031181
12,halfway_ties.FP64.mul_div,7,0,toward_zero,1048576,2.749692917,2.618054390
12,halfway_ties.FP64.mul_div,7,1,nearest_even,1048576,2.529113770,2.404279709
12,halfway_ties.FP64.mul_div,8,0,nearest_even,1048576,2.431674004,2.424942970
12,halfway_ties.FP64.mul_div,8,1,toward_zero,1048576,2.753227234,2.636128426
12,exact_chain.FP64.mul_div,0,0,nearest_even,1048576,3.869481087,3.737100601
12,exact_chain.FP64.mul_div,0,1,toward_zero,1048576,3.705322266,3.694394112
12,exact_chain.FP64.mul_div,1,0,toward_zero,1048576,3.820026398,3.699629784
12,exact_chain.FP64.mul_div,1,1,nearest_even,1048576,3.755589485,3.714517593
12,exact_chain.FP64.mul_div,2,0,nearest_even,1048576,3.968190193,3.717947006
12,exact_chain.FP64.mul_div,2,1,toward_zero,1048576,3.705828667,3.693190575
12,exact_chain.FP64.mul_div,3,0,toward_zero,1048576,3.788916588,3.698550224
12,exact_chain.FP64.mul_div,3,1,nearest_even,1048576,3.802665710,3.717545509
12,exact_chain.FP64.mul_div,4,0,nearest_even,1048576,3.710969925,3.704895973
12,exact_chain.FP64.mul_div,4,1,toward_zero,1048576,3.775463104,3.695914268
12,exact_chain.FP64.mul_div,5,0,toward_zero,1048576,3.698003769,3.692118645
12,exact_chain.FP64.mul_div,5,1,nearest_even,1048576,3.824631691,3.727232933
12,exact_chain.FP64.mul_div,6,0,nearest_even,1048576,4.163574219,3.731181145
12,exact_chain.FP64.mul_div,6,1,toward_zero,1048576,3.909056664,3.745551109
12,exact_chain.FP64.mul_div,7,0,toward_zero,1048576,3.788754463,3.744688034
12,exact_chain.FP64.mul_div,7,1,nearest_even,1048576,3.728932381,3.710886955
12,exact_chain.FP64.mul_div,8,0,nearest_even,1048576,3.871554375,3.714477539
12,exact_chain.FP64.mul_div,8,1,toward_zero,1048576,3.754854202,3.744986534
12,inexact_chain.FP64.mul_div,0,0,nearest_even,1048576,5.046703339,4.787733078
12,inexact_chain.FP64.mul_div,0,1,toward_zero,1048576,3.757682800,3.747318268
12,inexact_chain.FP64.mul_div,1,0,toward_zero,1048576,3.852234840,3.728122711
12,inexact_chain.FP64.mul_div,1,1,nearest_even,1048576,4.808103561,4.798452377
12,inexact_chain.FP64.mul_div,2,0,nearest_even,1048576,4.905332565,4.785939217
12,inexact_chain.FP64.mul_div,2,1,toward_zero,1048576,3.838849068,3.753882408
12,inexact_chain.FP64.mul_div,3,0,toward_zero,1048576,3.750201225,3.745159149
12,inexact_chain.FP64.mul_div,3,1,nearest_even,1048576,5.020532608,4.780492783
12,inexact_chain.FP64.mul_div,4,0,nearest_even,1048576,4.960643768,4.864144325
12,inexact_chain.FP64.mul_div,4,1,toward_zero,1048576,3.750449181,3.744106293
12,inexact_chain.FP64.mul_div,5,0,toward_zero,1048576,4.136533737,3.757556915
12,inexact_chain.FP64.mul_div,5,1,nearest_even,1048576,4.965574265,4.812517166
12,inexact_chain.FP64.mul_div,6,0,nearest_even,1048576,4.925941467,4.864667892
12,inexact_chain.FP64.mul_div,6,1,toward_zero,1048576,3.754643440,3.747182846
12,inexact_chain.FP64.mul_div,7,0,toward_zero,1048576,4.021973610,3.737618446
12,inexact_chain.FP64.mul_div,7,1,nearest_even,1048576,4.743342400,4.732938766
12,inexact_chain.FP64.mul_div,8,0,nearest_even,1048576,4.960443497,4.805266380
12,inexact_chain.FP64.mul_div,8,1,toward_zero,1048576,3.864035606,3.703663826
12,throughput4096.FP128.mul,0,0,toward_zero,1048576,2.633125305,2.627205849
12,throughput4096.FP128.mul,0,1,nearest_even,1048576,2.598450661,2.462358475
12,throughput4096.FP128.mul,1,0,nearest_even,1048576,2.472730637,2.464280128
12,throughput4096.FP128.mul,1,1,toward_zero,1048576,2.690855026,2.686035156
12,throughput4096.FP128.mul,2,0,toward_zero,1048576,2.805100441,2.682956696
12,throughput4096.FP128.mul,2,1,nearest_even,1048576,2.476218224,2.461176872
12,throughput4096.FP128.mul,3,0,nearest_even,1048576,2.693023682,2.478853226
12,throughput4096.FP128.mul,3,1,toward_zero,1048576,2.694103241,2.688300133
12,throughput4096.FP128.mul,4,0,toward_zero,1048576,2.683344841,2.678180695
12,throughput4096.FP128.mul,4,1,nearest_even,1048576,2.540588379,2.461700439
12,throughput4096.FP128.mul,5,0,nearest_even,1048576,2.480661392,2.469362259
12,throughput4096.FP128.mul,5,1,toward_zero,1048576,2.775164604,2.701280594
12,throughput4096.FP128.mul,6,0,toward_zero,1048576,2.981154442,2.691670418
12,throughput4096.FP128.mul,6,1,nearest_even,1048576,2.464780807,2.461910248
12,throughput4096.FP128.mul,7,0,nearest_even,1048576,2.632102966,2.481344223
12,throughput4096.FP128.mul,7,1,toward_zero,1048576,2.704021454,2.699295998
12,throughput4096.FP128.mul,8,0,toward_zero,1048576,2.830094337,2.692893028
12,throughput4096.FP128.mul,8,1,nearest_even,1048576,2.502502441,2.465483665
12,throughput256.FP128.mul,0,0,nearest_even,1048576,2.618831635,2.479157448
12,throughput256.FP128.mul,0,1,toward_zero,1048576,2.819766045,2.695225716
12,throughput256.FP128.mul,1,0,toward_zero,1048576,2.693290710,2.685755730
12,throughput256.FP128.mul,1,1,nearest_even,1048576,2.597352028,2.452623367
12,throughput256.FP128.mul,2,0,nearest_even,1048576,2.490627289,2.472158432
12,throughput256.FP128.mul,2,1,toward_zero,1048576,2.673091888,2.670516968
12,throughput256.FP128.mul,3,0,toward_zero,1048576,2.798679352,2.694566727
12,throughput256.FP128.mul,3,1,nearest_even,1048576,2.459669113,2.455404282
12,throughput256.FP128.mul,4,0,nearest_even,1048576,2.610442162,2.480867386
12,throughput256.FP128.mul,4,1,toward_zero,1048576,2.705569267,2.698751450
12,throughput256.FP128.mul,5,0,toward_zero,1048576,2.683927536,2.680655479
12,throughput256.FP128.mul,5,1,nearest_even,1048576,2.583145142,2.455223083
12,throughput256.FP128.mul,6,0,nearest_even,1048576,2.606047630,2.471334457
12,throughput256.FP128.mul,6,1,toward_zero,1048576,2.811080933,2.690999031
12,throughput256.FP128.mul,7,0,toward_zero,1048576,2.692411423,2.685193062
12,throughput256.FP128.mul,7,1,nearest_even,1048576,2.450249672,2.447540283
12,throughput256.FP128.mul,8,0,nearest_even,1048576,2.571621895,2.478687286
12,throughput256.FP128.mul,8,1,toward_zero,1048576,2.644466400,2.640164375
12,exact_results.FP128.mul,0,0,toward_zero,1048576,2.753601074,2.672142982
12,exact_results.FP128.mul,0,1,nearest_even,1048576,2.534854889,2.530607224
12,exact_results.FP128.mul,1,0,nearest_even,1048576,2.715133667,2.548531532
12,exact_results.FP128.mul,1,1,toward_zero,1048576,2.674067497,2.668025017
12,exact_results.FP128.mul,2,0,toward_zero,1048576,2.675108910,2.658803940
12,exact_results.FP128.mul,2,1,nearest_even,1048576,2.772222519,2.520575523
12,exact_results.FP128.mul,3,0,nearest_even,1048576,2.526685715,2.518692970
12,exact_results.FP128.mul,3,1,toward_zero,1048576,3.086848259,2.667040825
12,exact_results.FP128.mul,4,0,toward_zero,1048576,2.661320686,2.656022072
12,exact_results.FP128.mul,4,1,nearest_even,1048576,2.519797325,2.511116028
12,exact_results.FP128.mul,5,0,nearest_even,1048576,2.686297417,2.529670715
12,exact_results.FP128.mul,5,1,toward_zero,1048576,2.665038109,2.660790443
12,exact_results.FP128.mul,6,0,toward_zero,1048576,2.798048973,2.663228035
12,exact_results.FP128.mul,6,1,nearest_even,1048576,2.521803856,2.514461517
12,exact_results.FP128.mul,7,0,nearest_even,1048576,2.528702736,2.525421143
12,exact_results.FP128.mul,7,1,toward_zero,1048576,2.787997246,2.671043396
12,exact_results.FP128.mul,8,0,toward_zero,1048576,2.701880455,2.660867691
12,exact_results.FP128.mul,8,1,nearest_even,1048576,2.777945518,2.522189140
12,halfway_ties.FP128.mul,0,0,nearest_even,1048576,2.490770340,2.484984398
12,halfway_ties.FP128.mul,0,1,toward_zero,1048576,2.772689819,2.687197685
12,halfway_ties.FP128.mul,1,0,toward_zero,1048576,2.680459023,2.672771454
12,halfway_ties.FP128.mul,1,1,nearest_even,1048576,2.474460602,2.463009834
12,halfway_ties.FP128.mul,2,0,nearest_even,1048576,2.562277794,2.481238365
12,halfway_ties.FP128.mul,2,1,toward_zero,1048576,2.687683105,2.681791306
12,halfway_ties.FP128.mul,3,0,toward_zero,1048576,2.750285149,2.677749634
12,halfway_ties.FP128.mul,3,1,nearest_even,1048576,2.472300529,2.464632034
12,halfway_ties.FP128.mul,4,0,nearest_even,1048576,2.480069160,2.477418900
12,halfway_ties.FP128.mul,4,1,toward_zero,1048576,2.757985115,2.682069778
12,halfway_ties.FP128.mul,5,0,toward_zero,1048576,2.820970535,2.670997620
12,halfway_ties.FP128.mul,5,1,nearest_even,1048576,2.474212646,2.465541840
12,halfway_ties.FP128.mul,6,0,nearest_even,1048576,2.554729462,2.469410896
12,halfway_ties.FP128.mul,6,1,toward_zero,1048576,2.683689117,2.680512428
12,halfway_ties.FP128.mul,7,0,toward_zero,1048576,2.723168373,2.643796921
12,halfway_ties.FP128.mul,7,1,nearest_even,1048576,2.470018387,2.465227127
12,halfway_ties.FP128.mul,8,0,nearest_even,1048576,2.482963562,2.473815918
12,halfway_ties.FP128.mul,8,1,toward_zero,1048576,2.768017769,2.688308716
12,exact_chain.FP128.mul,0,0,toward_zero,1048576,3.850419998,3.701018333
12,exact_chain.FP128.mul,0,1,nearest_even,1048576,3.816041946,3.684362411
12,exact_chain.FP128.mul,1,0,nearest_even,1048576,3.812640190,3.681591988
12,exact_chain.FP128.mul,1,1,toward_zero,1048576,3.684407234,3.675343513
12,exact_chain.FP128.mul,2,0,toward_zero,1048576,3.753907204,3.667032242
12,exact_chain.FP128.mul,2,1,nearest_even,1048576,3.756812096,3.679471970
12,exact_chain.FP128.mul,3,0,nearest_even,1048576,3.684951782,3.675269127
12,exact_chain.FP128.mul,3,1,toward_zero,1048576,3.748270035,3.673916817
12,exact_chain.FP128.mul,4,0,toward_zero,1048576,3.669129372,3.663142204
12,exact_chain.FP128.mul,4,1,nearest_even,1048576,3.919643402,3.682776451
12,exact_chain.FP128.mul,5,0,nearest_even,1048576,3.684139252,3.675486565
12,exact_chain.FP128.mul,5,1,toward_zero,1048576,3.751233101,3.658219337
12,exact_chain.FP128.mul,6,0,toward_zero,1048576,3.749628067,3.675151825
12,exact_chain.FP128.mul,6,1,nearest_even,1048576,3.738906860,3.681362152
12,exact_chain.FP128.mul,7,0,nearest_even,1048576,3.809439659,3.677445412
12,exact_chain.FP128.mul,7,1,toward_zero,1048576,3.678560257,3.667973518
12,exact_chain.FP128.mul,8,0,toward_zero,1048576,3.796311378,3.664343834
12,exact_chain.FP128.mul,8,1,nearest_even,1048576,3.704443932,3.677384377
12,inexact_chain.FP128.mul,0,0,toward_zero,1048576,3.691773415,3.684094429
12,inexact_chain.FP128.mul,0,1,nearest_even,1048576,4.818757057,4.685585022
12,inexact_chain.FP128.mul,1,0,nearest_even,1048576,4.768978119,4.685115814
12,inexact_chain.FP128.mul,1,1,toward_zero,1048576,3.666893005,3.660676003
12,inexact_chain.FP128.mul,2,0,toward_zero,1048576,3.767074585,3.676156044
12,inexact_chain.FP128.mul,2,1,nearest_even,1048576,4.919607162,4.695255280
12,inexact_chain.FP128.mul,3,0,nearest_even,1048576,4.695988655,4.688519478
12,inexact_chain.FP128.mul,3,1,toward_zero,1048576,3.787578583,3.704511642
12,inexact_chain.FP128.mul,4,0,toward_zero,1048576,3.678168297,3.665760994
12,inexact_chain.FP128.mul,4,1,nearest_even,1048576,5.264817238,4.696984291
12,inexact_chain.FP128.mul,5,0,nearest_even,1048576,4.907214165,4.687505722
12,inexact_chain.FP128.mul,5,1,toward_zero,1048576,3.692757607,3.678609848
12,inexact_chain.FP128.mul,6,0,toward_zero,1048576,3.917962074,3.688785553
12,inexact_chain.FP128.mul,6,1,nearest_even,1048576,4.839214325,4.686271667
12,inexact_chain.FP128.mul,7,0,nearest_even,1048576,4.825914383,4.683304787
12,inexact_chain.FP128.mul,7,1,toward_zero,1048576,3.690579414,3.672812462
12,inexact_chain.FP128.mul,8,0,toward_zero,1048576,3.778244019,3.656175613
12,inexact_chain.FP128.mul,8,1,nearest_even,1048576,4.696381569,4.686339378
12,throughput4096.FP128.div,0,0,nearest_even,1048576,3.216381073,3.209946632
12,throughput4096.FP128.div,0,1,toward_zero,1048576,2.523886681,2.520604134
12,throughput4096.FP128.div,1,0,toward_zero,1048576,2.925909042,2.691259384
12,throughput4096.FP128.div,1,1,nearest_even,1048576,3.286903381,3.277057648
12,throughput4096.FP128.div,2,0,nearest_even,1048576,3.333970070,3.243358612
12,throughput4096.FP128.div,2,1,toward_zero,1048576,2.647342682,2.642724991
12,throughput4096.FP128.div,3,0,toward_zero,1048576,2.825117111,2.696516037
12,throughput4096.FP128.div,3,1,nearest_even,1048576,3.299448967,3.288331032
12,throughput4096.FP128.div,4,0,nearest_even,1048576,3.343161583,3.255025864
12,throughput4096.FP128.div,4,1,toward_zero,1048576,2.656104088,2.651941299
12,throughput4096.FP128.div,5,0,toward_zero,1048576,2.764482498,2.688833237
12,throughput4096.FP128.div,5,1,nearest_even,1048576,3.314745903,3.286026955
12,throughput4096.FP128.div,6,0,nearest_even,1048576,3.534914017,3.264176369
12,throughput4096.FP128.div,6,1,toward_zero,1048576,2.654107094,2.643448830
12,throughput4096.FP128.div,7,0,toward_zero,1048576,2.696224213,2.688729286
12,throughput4096.FP128.div,7,1,nearest_even,1048576,3.435364723,3.299776077
12,throughput4096.FP128.div,8,0,nearest_even,1048576,3.267230988,3.256514549
12,throughput4096.FP128.div,8,1,toward_zero,1048576,2.791131020,2.664430618
12,throughput256.FP128.div,0,0,toward_zero,1048576,2.701517105,2.681665421
12,throughput256.FP128.div,0,1,nearest_even,1048576,3.445883751,3.281949997
12,throughput256.FP128.div,1,0,nearest_even,1048576,3.258506775,3.250733376
12,throughput256.FP128.div,1,1,toward_zero,1048576,2.792000771,2.656385422
12,throughput256.FP128.div,2,0,toward_zero,1048576,2.740185738,2.685297966
12,throughput256.FP128.div,2,1,nearest_even,1048576,3.565288544,3.275608063
12,throughput256.FP128.div,3,0,nearest_even,1048576,3.265510559,3.258098602
12,throughput256.FP128.div,3,1,toward_zero,1048576,3.209167480,2.660494804
12,throughput256.FP128.div,4,0,toward_zero,1048576,2.680229187,2.665424347
12,throughput256.FP128.div,4,1,nearest_even,1048576,3.315969467,3.292965889
12,throughput256.FP128.div,5,0,nearest_even,1048576,3.263943672,3.259103775
12,throughput256.FP128.div,5,1,toward_zero,1048576,2.661283493,2.653281212
12,throughput256.FP128.div,6,0,toward_zero,1048576,2.842697144,2.687715530
12,throughput256.FP128.div,6,1,nearest_even,1048576,3.284896851,3.275806427
12,throughput256.FP128.div,7,0,nearest_even,1048576,3.412280083,3.255740166
12,throughput256.FP128.div,7,1,toward_zero,1048576,2.771916389,2.646085739
12,throughput256.FP128.div,8,0,toward_zero,1048576,2.807354927,2.685698509
12,throughput256.FP128.div,8,1,nearest_even,1048576,3.292636871,3.282080650
12,exact_results.FP128.div,0,0,toward_zero,1048576,2.821056366,2.730730057
12,exact_results.FP128.div,0,1,nearest_even,1048576,2.458943367,2.454400063
12,exact_results.FP128.div,1,0,nearest_even,1048576,2.446742058,2.436953545
12,exact_results.FP128.div,1,1,toward_zero,1048576,2.794045448,2.715263367
12,exact_results.FP128.div,2,0,toward_zero,1048576,2.733010292,2.728792191
12,exact_results.FP128.div,2,1,nearest_even,1048576,2.534998894,2.458807945
12,exact_results.FP128.div,3,0,nearest_even,1048576,2.439337730,2.436370850
12,exact_results.FP128.div,3,1,toward_zero,1048576,2.716853142,2.711602211
12,exact_results.FP128.div,4,0,toward_zero,1048576,3.571193695,3.342782021
12,exact_results.FP128.div,4,1,nearest_even,1048576,2.452025414,2.445142746
12,exact_results.FP128.div,5,0,nearest_even,1048576,2.567503929,2.439829826
12,exact_results.FP128.div,5,1,toward_zero,1048576,2.967213631,2.963205338
12,exact_results.FP128.div,6,0,toward_zero,1048576,3.314918518,3.231748581
12,exact_results.FP128.div,6,1,nearest_even,1048576,2.454930305,2.433284760
12,exact_results.FP128.div,7,0,nearest_even,1048576,2.452608109,2.432158470
12,exact_results.FP128.div,7,1,toward_zero,1048576,3.295292854,3.115258217
12,exact_results.FP128.div,8,0,toward_zero,1048576,2.880304337,2.875303268
12,exact_results.FP128.div,8,1,nearest_even,1048576,2.612774849,2.458433151
12,halfway_ties.FP128.div,0,0,nearest_even,1048576,3.312901497,3.267120361
12,halfway_ties.FP128.div,0,1,toward_zero,1048576,3.500030518,3.209362984
12,halfway_ties.FP128.div,1,0,toward_zero,1048576,2.715906143,2.711526871
12,halfway_ties.FP128.div,1,1,nearest_even,1048576,3.385450363,3.298067093
12,halfway_ties.FP128.div,2,0,nearest_even,1048576,3.270604134,3.265267372
12,halfway_ties.FP128.div,2,1,toward_zero,1048576,3.341384888,3.261462212
12,halfway_ties.FP128.div,3,0,toward_zero,1048576,2.735857010,2.725140572
12,halfway_ties.FP128.div,3,1,nearest_even,1048576,3.375628471,3.302264214
12,halfway_ties.FP128.div,4,0,nearest_even,1048576,3.262635231,3.256178856
12,halfway_ties.FP128.div,4,1,toward_zero,1048576,2.945506096,2.869425774
12,halfway_ties.FP128.div,5,0,toward_zero,1048576,2.737309456,2.732555389
12,halfway_ties.FP128.div,5,1,nearest_even,1048576,3.510798454,3.283029556
12,halfway_ties.FP128.div,6,0,nearest_even,1048576,3.266180038,3.261748314
12,halfway_ties.FP128.div,6,1,toward_zero,1048576,2.695727348,2.690382957
12,halfway_ties.FP128.div,7,0,toward_zero,1048576,3.024714470,2.945796013
12,halfway_ties.FP128.div,7,1,nearest_even,1048576,3.656545639,3.295919418
12,halfway_ties.FP128.div,8,0,nearest_even,1048576,3.423641205,3.254442215
12,halfway_ties.FP128.div,8,1,toward_zero,1048576,2.695679665,2.691250801
12,exact_chain.FP128.div,0,0,nearest_even,1048576,4.207745552,4.069586754
12,exact_chain.FP128.div,0,1,toward_zero,1048576,4.260324478,4.135724068
12,exact_chain.FP128.div,1,0,toward_zero,1048576,4.229109764,4.140682220
12,exact_chain.FP128.div,1,1,nearest_even,1048576,4.046385765,4.039566994
12,exact_chain.FP128.div,2,0,nearest_even,1048576,4.114931107,4.031933784
12,exact_chain.FP128.div,2,1,toward_zero,1048576,4.198649406,4.123455048
12,exact_chain.FP128.div,3,0,toward_zero,1048576,4.168771744,4.131255150
12,exact_chain.FP128.div,3,1,nearest_even,1048576,4.306387901,4.052287102
12,exact_chain.FP128.div,4,0,nearest_even,1048576,4.117644310,4.031377792
12,exact_chain.FP128.div,4,1,toward_zero,1048576,4.147933006,4.119873047
12,exact_chain.FP128.div,5,0,toward_zero,1048576,4.279138565,4.131483078
12,exact_chain.FP128.div,5,1,nearest_even,1048576,4.055272102,4.039443016
12,exact_chain.FP128.div,6,0,nearest_even,1048576,4.185789108,4.031092644
12,exact_chain.FP128.div,6,1,toward_zero,1048576,4.260009766,4.117962837
12,exact_chain.FP128.div,7,0,toward_zero,1048576,4.136715889,4.126636505
12,exact_chain.FP128.div,7,1,nearest_even,1048576,4.316038132,4.044993401
12,exact_chain.FP128.div,8,0,nearest_even,1048576,4.120291710,4.031952858
12,exact_chain.FP128.div,8,1,toward_zero,1048576,4.123282433,4.116308212
12,inexact_chain.FP128.div,0,0,toward_zero,1048576,4.133142471,4.127059937
12,inexact_chain.FP128.div,0,1,nearest_even,1048576,5.757350922,5.181961060
12,inexact_chain.FP128.div,1,0,nearest_even,1048576,5.334700584,5.171134949
12,inexact_chain.FP128.div,1,1,toward_zero,1048576,4.245409966,4.121898651
12,inexact_chain.FP128.div,2,0,toward_zero,1048576,4.146461487,4.132018089
12,inexact_chain.FP128.div,2,1,nearest_even,1048576,5.300197601,5.174925804
12,inexact_chain.FP128.div,3,0,nearest_even,1048576,5.281079292,5.161532402
12,inexact_chain.FP128.div,3,1,toward_zero,1048576,4.189611435,4.109939575
12,inexact_chain.FP128.div,4,0,toward_zero,1048576,4.315407753,4.132552147
12,inexact_chain.FP128.div,4,1,nearest_even,1048576,5.270339966,5.175587654
12,inexact_chain.FP128.div,5,0,nearest_even,1048576,5.272690773,5.167236328
12,inexact_chain.FP128.div,5,1,toward_zero,1048576,4.112217903,4.105723381
12,inexact_chain.FP128.div,6,0,toward_zero,1048576,4.283188820,4.136651993
12,inexact_chain.FP128.div,6,1,nearest_even,1048576,5.313784599,5.180232048
12,inexact_chain.FP128.div,7,0,nearest_even,1048576,5.300457001,5.159380913
12,inexact_chain.FP128.div,7,1,toward_zero,1048576,4.250989914,4.114562988
12,inexact_chain.FP128.div,8,0,toward_zero,1048576,4.214586258,4.129771233
12,inexact_chain.FP128.div,8,1,nearest_even,1048576,5.254995346,5.175071716
12,throughput4096.FP128.mul_div,0,0,toward_zero,1048576,2.881928444,2.878082275
12,throughput4096.FP128.mul_div,0,1,nearest_even,1048576,4.659987450,4.570890427
12,throughput4096.FP128.mul_div,1,0,nearest_even,1048576,4.608956337,4.530933380
12,throughput4096.FP128.mul_div,1,1,toward_zero,1048576,2.874533653,2.868747711
12,throughput4096.FP128.mul_div,2,0,toward_zero,1048576,3.109101295,2.901816368
12,throughput4096.FP128.mul_div,2,1,nearest_even,1048576,4.579450607,4.560583115
12,throughput4096.FP128.mul_div,3,0,nearest_even,1048576,4.628104210,4.540422440
12,throughput4096.FP128.mul_div,3,1,toward_zero,1048576,2.870368004,2.865298271
12,throughput4096.FP128.mul_div,4,0,toward_zero,1048576,2.973988533,2.897584915
12,throughput4096.FP128.mul_div,4,1,nearest_even,1048576,4.643725395,4.567368507
12,throughput4096.FP128.mul_div,5,0,nearest_even,1048576,4.545846939,4.535911560
12,throughput4096.FP128.mul_div,5,1,toward_zero,1048576,3.094720840,2.866703033
12,throughput4096.FP128.mul_div,6,0,toward_zero,1048576,2.901382446,2.893025398
12,throughput4096.FP128.mul_div,6,1,nearest_even,1048576,4.849504471,4.579415321
12,throughput4096.FP128.mul_div,7,0,nearest_even,1048576,4.696486473,4.542253494
12,throughput4096.FP128.mul_div,7,1,toward_zero,1048576,2.880372047,2.872360229
12,throughput4096.FP128.mul_div,8,0,toward_zero,1048576,2.902194023,2.897640228
12,throughput4096.FP128.mul_div,8,1,nearest_even,1048576,4.714010239,4.573749542
12,throughput256.FP128.mul_div,0,0,toward_zero,1048576,2.990957260,2.871184349
12,throughput256.FP128.mul_div,0,1,nearest_even,1048576,4.574511528,4.565005302
12,throughput256.FP128.mul_div,1,0,nearest_even,1048576,4.632479668,4.536941528
12,throughput256.FP128.mul_div,1,1,toward_zero,1048576,3.016172409,2.866387367
12,throughput256.FP128.mul_div,2,0,toward_zero,1048576,2.999642372,2.896531105
12,throughput256.FP128.mul_div,2,1,nearest_even,1048576,4.687868118,4.551353455
12,throughput256.FP128.mul_div,3,0,nearest_even,1048576,4.533751488,4.522246361
12,throughput256.FP128.mul_div,3,1,toward_zero,1048576,3.025889397,2.867155075
12,throughput256.FP128.mul_div,4,0,toward_zero,1048576,2.889495850,2.885154724
12,throughput256.FP128.mul_div,4,1,nearest_even,1048576,4.715853691,4.567783356
12,throughput256.FP128.mul_div,5,0,nearest_even,1048576,4.647633553,4.528384209
12,throughput256.FP128.mul_div,5,1,toward_zero,1048576,3.013764381,2.866522789
12,throughput256.FP128.mul_div,6,0,toward_zero,1048576,3.009971619,2.879439354
12,throughput256.FP128.mul_div,6,1,nearest_even,1048576,4.574788094,4.558193207
12,throughput256.FP128.mul_div,7,0,nearest_even,1048576,4.608707428,4.525238037
12,throughput256.FP128.mul_div,7,1,toward_zero,1048576,2.855548859,2.850987434
12,throughput256.FP128.mul_div,8,0,toward_zero,1048576,2.974972725,2.895338058
12,throughput256.FP128.mul_div,8,1,nearest_even,1048576,4.603261948,4.561930656
12,exact_results.FP128.mul_div,0,0,nearest_even,1048576,3.021847725,2.987607002
12,exact_results.FP128.mul_div,0,1,toward_zero,1048576,3.035176277,2.910979271
12,exact_results.FP128.mul_div,1,0,toward_zero,1048576,3.062502861,2.906112671
12,exact_results.FP128.mul_div,1,1,nearest_even,1048576,2.997263908,2.976372719
12,exact_results.FP128.mul_div,2,0,nearest_even,1048576,3.121139526,2.987725258
12,exact_results.FP128.mul_div,2,1,toward_zero,1048576,2.909829140,2.902859688
12,exact_results.FP128.mul_div,3,0,toward_zero,1048576,3.014662743,2.893015862
12,exact_results.FP128.mul_div,3,1,nearest_even,1048576,3.025650024,3.018890381
12,exact_results.FP128.mul_div,4,0,nearest_even,1048576,3.127962112,3.010042191
12,exact_results.FP128.mul_div,4,1,toward_zero,1048576,2.907946587,2.901961327
12,exact_results.FP128.mul_div,5,0,toward_zero,1048576,2.986868858,2.901845932
12,exact_results.FP128.mul_div,5,1,nearest_even,1048576,3.001085281,2.995939255
12,exact_results.FP128.mul_div,6,0,nearest_even,1048576,3.239188194,3.008781433
12,exact_results.FP128.mul_div,6,1,toward_zero,1048576,2.936122894,2.901233673
12,exact_results.FP128.mul_div,7,0,toward_zero,1048576,2.895754814,2.890504837
12,exact_results.FP128.mul_div,7,1,nearest_even,1048576,3.167020798,3.025598526
12,exact_results.FP128.mul_div,8,0,nearest_even,1048576,3.004362106,3.000219345
12,exact_results.FP128.mul_div,8,1,toward_zero,1048576,3.037211418,2.901671410
12,halfway_ties.FP128.mul_div,0,0,nearest_even,1048576,4.726325989,4.591548920
12,halfway_ties.FP128.mul_div,0,1,toward_zero,1048576,2.896681786,2.889212608
12,halfway_ties.FP128.mul_div,1,0,toward_zero,1048576,2.978670120,2.899887085
12,halfway_ties.FP128.mul_div,1,1,nearest_even,1048576,4.944525719,4.592305183
12,halfway_ties.FP128.mul_div,2,0,nearest_even,1048576,4.839032173,4.551342010
12,halfway_ties.FP128.mul_div,2,1,toward_zero,1048576,2.862571716,2.855628967
12,halfway_ties.FP128.mul_div,3,0,toward_zero,1048576,3.016927719,2.888908386
12,halfway_ties.FP128.mul_div,3,1,nearest_even,1048576,4.731647491,4.582194328
12,halfway_ties.FP128.mul_div,4,0,nearest_even,1048576,4.552898407,4.534554482
12,halfway_ties.FP128.mul_div,4,1,toward_zero,1048576,3.011404991,2.871794701
12,halfway_ties.FP128.mul_div,5,0,toward_zero,1048576,2.912809372,2.898041725
12,halfway_ties.FP128.mul_div,5,1,nearest_even,1048576,4.867868423,4.574539185
12,halfway_ties.FP128.mul_div,6,0,nearest_even,1048576,4.682039261,4.543737411
12,halfway_ties.FP128.mul_div,6,1,toward_zero,1048576,2.866708755,2.859067917
12,halfway_ties.FP128.mul_div,7,0,toward_zero,1048576,3.030752182,2.913626671
12,halfway_ties.FP128.mul_div,7,1,nearest_even,1048576,4.583874702,4.572954178
12,halfway_ties.FP128.mul_div,8,0,nearest_even,1048576,4.624644279,4.539352417
12,halfway_ties.FP128.mul_div,8,1,toward_zero,1048576,2.872566223,2.867580414
12,exact_chain.FP128.mul_div,0,0,toward_zero,1048576,3.816930771,3.740822792
12,exact_chain.FP128.mul_div,0,1,nearest_even,1048576,3.807605743,3.800642014
12,exact_chain.FP128.mul_div,1,0,nearest_even,1048576,3.887568474,3.807425499
12,exact_chain.FP128.mul_div,1,1,toward_zero,1048576,4.238396645,3.760065079
12,exact_chain.FP128.mul_div,2,0,toward_zero,1048576,3.766854286,3.749298096
12,exact_chain.FP128.mul_div,2,1,nearest_even,1048576,4.090710640,3.806175232
12,exact_chain.FP128.mul_div,3,0,nearest_even,1048576,3.812841415,3.800021172
12,exact_chain.FP128.mul_div,3,1,toward_zero,1048576,3.911636353,3.761133194
12,exact_chain.FP128.mul_div,4,0,toward_zero,1048576,3.902750015,3.759071350
12,exact_chain.FP128.mul_div,4,1,nearest_even,1048576,3.803095818,3.794720650
12,exact_chain.FP128.mul_div,5,0,nearest_even,1048576,3.935791016,3.803813934
12,exact_chain.FP128.mul_div,5,1,toward_zero,1048576,3.759477615,3.754378319
12,exact_chain.FP128.mul_div,6,0,toward_zero,1048576,3.840922356,3.757863998
12,exact_chain.FP128.mul_div,6,1,nearest_even,1048576,4.045946121,3.796256065
12,exact_chain.FP128.mul_div,7,0,nearest_even,1048576,3.814121246,3.799133301
12,exact_chain.FP128.mul_div,7,1,toward_zero,1048576,3.839221954,3.760932922
12,exact_chain.FP128.mul_div,8,0,toward_zero,1048576,3.760061264,3.752421379
12,exact_chain.FP128.mul_div,8,1,nearest_even,1048576,3.882667542,3.797012329
12,inexact_chain.FP128.mul_div,0,0,nearest_even,1048576,4.965555191,4.886167526
12,inexact_chain.FP128.mul_div,0,1,toward_zero,1048576,3.751662254,3.745559692
12,inexact_chain.FP128.mul_div,1,0,toward_zero,1048576,3.836747169,3.758909225
12,inexact_chain.FP128.mul_div,1,1,nearest_even,1048576,4.979677200,4.904225349
12,inexact_chain.FP128.mul_div,2,0,nearest_even,1048576,4.924585342,4.895770073
12,inexact_chain.FP128.mul_div,2,1,toward_zero,1048576,4.024353027,3.743638992
12,inexact_chain.FP128.mul_div,3,0,toward_zero,1048576,3.900199890,3.754246712
12,inexact_chain.FP128.mul_div,3,1,nearest_even,1048576,4.916033745,4.901683807
12,inexact_chain.FP128.mul_div,4,0,nearest_even,1048576,5.029314041,4.895032883
12,inexact_chain.FP128.mul_div,4,1,toward_zero,1048576,3.829552650,3.744222641
12,inexact_chain.FP128.mul_div,5,0,toward_zero,1048576,3.809736252,3.750613213
12,inexact_chain.FP128.mul_div,5,1,nearest_even,1048576,5.043847084,4.908028603
12,inexact_chain.FP128.mul_div,6,0,nearest_even,1048576,5.205894470,4.897441864
12,inexact_chain.FP128.mul_div,6,1,toward_zero,1048576,3.760729790,3.744737625
12,inexact_chain.FP128.mul_div,7,0,toward_zero,1048576,3.881463051,3.756785393
12,inexact_chain.FP128.mul_div,7,1,nearest_even,1048576,4.987025261,4.904918671
12,inexact_chain.FP128.mul_div,8,0,nearest_even,1048576,4.897373199,4.889250755
12,inexact_chain.FP128.mul_div,8,1,toward_zero,1048576,3.819634438,3.745361328
12,wide_product.FP128.mul,0,0,nearest_even,1048576,7.498843193,7.391244888
12,wide_product.FP128.mul,0,1,toward_zero,1048576,6.288438797,6.063443184
12,wide_product.FP128.mul,1,0,toward_zero,1048576,6.136347771,6.055725098
12,wide_product.FP128.mul,1,1,nearest_even,1048576,7.499369621,7.338194847
12,wide_product.FP128.mul,2,0,nearest_even,1048576,7.409249306,7.322443008
12,wide_product.FP128.mul,2,1,toward_zero,1048576,6.289518356,6.064418793
12,wide_product.FP128.mul,3,0,toward_zero,1048576,6.143876076,6.050679207
12,wide_product.FP128.mul,3,1,nearest_even,1048576,7.401557922,7.318848610
12,wide_product.FP128.mul,4,0,nearest_even,1048576,7.485047340,7.331170082
12,wide_product.FP128.mul,4,1,toward_zero,1048576,6.082488060,6.048882484
12,wide_product.FP128.mul,5,0,toward_zero,1048576,6.398880959,6.060241699
12,wide_product.FP128.mul,5,1,nearest_even,1048576,7.641055107,7.329721451
12,wide_product.FP128.mul,6,0,nearest_even,1048576,7.464523315,7.330858231
12,wide_product.FP128.mul,6,1,toward_zero,1048576,6.173485756,6.052801132
12,wide_product.FP128.mul,7,0,toward_zero,1048576,6.275491714,6.052770615
12,wide_product.FP128.mul,7,1,nearest_even,1048576,7.421393394,7.325893402
12,wide_product.FP128.mul,8,0,nearest_even,1048576,7.411160469,7.322845459
12,wide_product.FP128.mul,8,1,toward_zero,1048576,6.130585670,6.049081802
12,native_by64.FP128.div,0,0,toward_zero,1048576,4.076636314,4.071191788
12,native_by64.FP128.div,0,1,nearest_even,1048576,6.599538803,6.368886948
12,native_by64.FP128.div,1,0,nearest_even,1048576,6.449836731,6.352519035
12,native_by64.FP128.div,1,1,toward_zero,1048576,4.104764938,4.027898788
12,native_by64.FP128.div,2,0,toward_zero,1048576,4.106522560,4.028750420
12,native_by64.FP128.div,2,1,nearest_even,1048576,6.435943604,6.358900070
12,native_by64.FP128.div,3,0,nearest_even,1048576,6.883398056,6.370777130
12,native_by64.FP128.div,3,1,toward_zero,1048576,4.214758873,4.024308205
12,native_by64.FP128.div,4,0,toward_zero,1048576,4.211462021,4.032030106
12,native_by64.FP128.div,4,1,nearest_even,1048576,6.545745850,6.370923996
12,native_by64.FP128.div,5,0,nearest_even,1048576,6.515563011,6.363801003
12,native_by64.FP128.div,5,1,toward_zero,1048576,4.209532738,4.081912041
12,native_by64.FP128.div,6,0,toward_zero,1048576,4.036524773,4.026875496
12,native_by64.FP128.div,6,1,nearest_even,1048576,6.599720001,6.362340927
12,native_by64.FP128.div,7,0,nearest_even,1048576,6.466375351,6.362112045
12,native_by64.FP128.div,7,1,toward_zero,1048576,4.146442413,4.066011429
12,native_by64.FP128.div,8,0,toward_zero,1048576,4.033228874,4.026162148
12,native_by64.FP128.div,8,1,nearest_even,1048576,6.450629234,6.366201401
12,native_by128.FP128.div,0,0,toward_zero,1048576,8.788438797,8.542387962
12,native_by128.FP128.div,0,1,nearest_even,1048576,10.438263893,10.270703316
12,native_by128.FP128.div,1,0,nearest_even,1048576,10.397483826,10.221382141
12,native_by128.FP128.div,1,1,toward_zero,1048576,8.829197884,8.518232346
12,native_by128.FP128.div,2,0,toward_zero,1048576,8.810825348,8.555269241
12,native_by128.FP128.div,2,1,nearest_even,1048576,10.349003792,10.253982544
12,native_by128.FP128.div,3,0,nearest_even,1048576,10.563697815,10.248015404
12,native_by128.FP128.div,3,1,toward_zero,1048576,8.813567162,8.523824692
12,native_by128.FP128.div,4,0,toward_zero,1048576,8.583691597,8.495006561
12,native_by128.FP128.div,4,1,nearest_even,1048576,10.808431625,10.246082306
12,native_by128.FP128.div,5,0,nearest_even,1048576,10.631402016,10.235086441
12,native_by128.FP128.div,5,1,toward_zero,1048576,8.590245247,8.450026512
12,native_by128.FP128.div,6,0,toward_zero,1048576,8.657826424,8.558278084
12,native_by128.FP128.div,6,1,nearest_even,1048576,10.582281113,10.252808571
12,native_by128.FP128.div,7,0,nearest_even,1048576,10.336735725,10.235797882
12,native_by128.FP128.div,7,1,toward_zero,1048576,8.715526581,8.470711708
12,native_by128.FP128.div,8,0,toward_zero,1048576,8.600068092,8.456476212
12,native_by128.FP128.div,8,1,nearest_even,1048576,10.606950760,10.242812157
12,wide_by64.FP128.div,0,0,toward_zero,1048576,6.891596794,6.803680420
12,wide_by64.FP128.div,0,1,nearest_even,1048576,8.148418427,8.065075874
12,wide_by64.FP128.div,1,0,nearest_even,1048576,8.314316750,8.050509453
12,wide_by64.FP128.div,1,1,toward_zero,1048576,6.864413261,6.745573044
12,wide_by64.FP128.div,2,0,toward_zero,1048576,6.901485443,6.763903618
12,wide_by64.FP128.div,2,1,nearest_even,1048576,8.304140091,8.063227654
12,wide_by64.FP128.div,3,0,nearest_even,1048576,8.297930717,8.045927048
12,wide_by64.FP128.div,3,1,toward_zero,1048576,6.824427605,6.727331161
12,wide_by64.FP128.div,4,0,toward_zero,1048576,6.824532509,6.728074074
12,wide_by64.FP128.div,4,1,nearest_even,1048576,8.146115303,8.055852890
12,wide_by64.FP128.div,5,0,nearest_even,1048576,8.685955048,8.049962044
12,wide_by64.FP128.div,5,1,toward_zero,1048576,7.054093361,6.767565727
12,wide_by64.FP128.div,6,0,toward_zero,1048576,6.864509583,6.733016014
12,wide_by64.FP128.div,6,1,nearest_even,1048576,8.235862732,8.048259735
12,wide_by64.FP128.div,7,0,nearest_even,1048576,8.176442146,8.032850266
12,wide_by64.FP128.div,7,1,toward_zero,1048576,7.004083633,6.725793839
12,wide_by64.FP128.div,8,0,toward_zero,1048576,6.870537758,6.776524544
12,wide_by64.FP128.div,8,1,nearest_even,1048576,8.131440163,8.048800468
12,wide_by128.FP128.div,0,0,toward_zero,1048576,12.882062912,12.539503098
12,wide_by128.FP128.div,0,1,nearest_even,1048576,14.451199532,14.279515266
12,wide_by128.FP128.div,1,0,nearest_even,1048576,14.605010033,14.259296417
12,wide_by128.FP128.div,1,1,toward_zero,1048576,13.050912857,12.430427551
12,wide_by128.FP128.div,2,0,toward_zero,1048576,12.724114418,12.391341209
12,wide_by128.FP128.div,2,1,nearest_even,1048576,14.709499359,14.279829025
12,wide_by128.FP128.div,3,0,nearest_even,1048576,14.481477737,14.230840683
12,wide_by128.FP128.div,3,1,toward_zero,1048576,12.774170876,12.435879707
12,wide_by128.FP128.div,4,0,toward_zero,1048576,12.534311295,12.364302635
12,wide_by128.FP128.div,4,1,nearest_even,1048576,14.578735352,14.272577286
12,wide_by128.FP128.div,5,0,nearest_even,1048576,14.980232239,14.268317223
12,wide_by128.FP128.div,5,1,toward_zero,1048576,12.664331436,12.421153069
12,wide_by128.FP128.div,6,0,toward_zero,1048576,12.653362274,12.374972343
12,wide_by128.FP128.div,6,1,nearest_even,1048576,14.700528145,14.278339386
12,wide_by128.FP128.div,7,0,nearest_even,1048576,14.619991302,14.262403488
12,wide_by128.FP128.div,7,1,toward_zero,1048576,12.617914200,12.419939995
12,wide_by128.FP128.div,8,0,toward_zero,1048576,12.756944656,12.386040688
12,wide_by128.FP128.div,8,1,nearest_even,1048576,14.525591850,14.260766029
12,wide_product.FP128.mul_div,0,0,toward_zero,1048576,12.923396111,12.728107452
12,wide_product.FP128.mul_div,0,1,nearest_even,1048576,13.767361641,13.369890213
12,wide_product.FP128.mul_div,1,0,nearest_even,1048576,13.619636536,13.341083527
12,wide_product.FP128.mul_div,1,1,toward_zero,1048576,12.948315620,12.606415749
12,wide_product.FP128.mul_div,2,0,toward_zero,1048576,13.233216286,12.615676880
12,wide_product.FP128.mul_div,2,1,nearest_even,1048576,13.711915016,13.322454453
12,wide_product.FP128.mul_div,3,0,nearest_even,1048576,13.534972191,13.357425690
12,wide_product.FP128.mul_div,3,1,toward_zero,1048576,12.787089348,12.622610092
12,wide_product.FP128.mul_div,4,0,toward_zero,1048576,12.970118523,12.637733459
12,wide_product.FP128.mul_div,4,1,nearest_even,1048576,13.536834717,13.343977928
12,wide_product.FP128.mul_div,5,0,nearest_even,1048576,13.807949066,13.350494385
12,wide_product.FP128.mul_div,5,1,toward_zero,1048576,12.943585396,12.634848595
12,wide_product.FP128.mul_div,6,0,toward_zero,1048576,13.008930206,12.626491547
12,wide_product.FP128.mul_div,6,1,nearest_even,1048576,13.526764870,13.339436531
12,wide_product.FP128.mul_div,7,0,nearest_even,1048576,13.501416206,13.341274261
12,wide_product.FP128.mul_div,7,1,toward_zero,1048576,12.926664352,12.609368324
12,wide_product.FP128.mul_div,8,0,toward_zero,1048576,13.139179230,12.579289436
12,wide_product.FP128.mul_div,8,1,nearest_even,1048576,13.816864014,13.345055580
12,throughput4096.FP64.mul_wide,0,0,nearest_even,1048576,2.514274597,2.379444122
12,throughput4096.FP64.mul_wide,0,1,toward_zero,1048576,2.540072441,2.533503532
12,throughput4096.FP64.mul_wide,1,0,toward_zero,1048576,2.670789719,2.534926414
12,throughput4096.FP64.mul_wide,1,1,nearest_even,1048576,2.382325172,2.373664856
12,throughput4096.FP64.mul_wide,2,0,nearest_even,1048576,2.384168625,2.380570412
12,throughput4096.FP64.mul_wide,2,1,toward_zero,1048576,2.671335220,2.538126945
12,throughput4096.FP64.mul_wide,3,0,toward_zero,1048576,2.525444031,2.517154694
12,throughput4096.FP64.mul_wide,3,1,nearest_even,1048576,2.442576408,2.364748955
12,throughput4096.FP64.mul_wide,4,0,nearest_even,1048576,2.399790764,2.381382942
12,throughput4096.FP64.mul_wide,4,1,toward_zero,1048576,2.554451942,2.531726837
12,throughput4096.FP64.mul_wide,5,0,toward_zero,1048576,2.761253357,2.525114059
12,throughput4096.FP64.mul_wide,5,1,nearest_even,1048576,2.370573044,2.362971306
12,throughput4096.FP64.mul_wide,6,0,nearest_even,1048576,2.384865761,2.378795624
12,throughput4096.FP64.mul_wide,6,1,toward_zero,1048576,2.646396637,2.529853821
12,throughput4096.FP64.mul_wide,7,0,toward_zero,1048576,2.530231476,2.522449493
12,throughput4096.FP64.mul_wide,7,1,nearest_even,1048576,2.483948708,2.368587494
12,throughput4096.FP64.mul_wide,8,0,nearest_even,1048576,2.385993004,2.378018379
12,throughput4096.FP64.mul_wide,8,1,toward_zero,1048576,2.530756950,2.528354645
12,fullrange.FP64.mul_wide,0,0,toward_zero,1048576,2.588667870,2.504515648
12,fullrange.FP64.mul_wide,0,1,nearest_even,1048576,3.089370728,3.084836960
12,fullrange.FP64.mul_wide,1,0,nearest_even,1048576,3.477204323,3.080917358
12,fullrange.FP64.mul_wide,1,1,toward_zero,1048576,2.522195816,2.507925987
12,fullrange.FP64.mul_wide,2,0,toward_zero,1048576,2.795736313,2.527004242
12,fullrange.FP64.mul_wide,2,1,nearest_even,1048576,3.097090721,3.088351250
12,fullrange.FP64.mul_wide,3,0,nearest_even,1048576,3.203051567,3.080193520
12,fullrange.FP64.mul_wide,3,1,toward_zero,1048576,2.508302689,2.504275322
12,fullrange.FP64.mul_wide,4,0,toward_zero,1048576,2.537425041,2.521943092
12,fullrange.FP64.mul_wide,4,1,nearest_even,1048576,3.211364746,3.092097282
12,fullrange.FP64.mul_wide,5,0,nearest_even,1048576,3.088386536,3.079225540
12,fullrange.FP64.mul_wide,5,1,toward_zero,1048576,2.590224266,2.510057449
12,fullrange.FP64.mul_wide,6,0,toward_zero,1048576,2.522530556,2.517920494
12,fullrange.FP64.mul_wide,6,1,nearest_even,1048576,3.098791122,3.094037056
12,fullrange.FP64.mul_wide,7,0,nearest_even,1048576,3.196077347,3.082132339
12,fullrange.FP64.mul_wide,7,1,toward_zero,1048576,2.669136047,2.512645721
12,fullrange.FP64.mul_wide,8,0,toward_zero,1048576,2.706447601,2.524502754
12,fullrange.FP64.mul_wide,8,1,nearest_even,1048576,3.102632523,3.093063354
12,throughput4096.FP64.quantize4,0,0,nearest_even,1048576,4.864983559,4.709664345
12,throughput4096.FP64.quantize4,0,1,toward_zero,1048576,3.896444321,3.722868919
12,throughput4096.FP64.quantize4,1,0,toward_zero,1048576,3.742681503,3.725312233
12,throughput4096.FP64.quantize4,1,1,nearest_even,1048576,4.867877960,4.708622932
12,throughput4096.FP64.quantize4,2,0,nearest_even,1048576,4.843399048,4.687860489
12,throughput4096.FP64.quantize4,2,1,toward_zero,1048576,3.881156921,3.746963501
12,throughput4096.FP64.quantize4,3,0,toward_zero,1048576,3.866558075,3.745323181
12,throughput4096.FP64.quantize4,3,1,nearest_even,1048576,4.820219040,4.733291626
12,throughput4096.FP64.quantize4,4,0,nearest_even,1048576,4.694709778,4.682316780
12,throughput4096.FP64.quantize4,4,1,toward_zero,1048576,3.804929733,3.724634171
12,throughput4096.FP64.quantize4,5,0,toward_zero,1048576,3.733069420,3.726634026
12,throughput4096.FP64.quantize4,5,1,nearest_even,1048576,4.781847954,4.702218056
12,throughput4096.FP64.quantize4,6,0,nearest_even,1048576,4.930824280,4.715052605
12,throughput4096.FP64.quantize4,6,1,toward_zero,1048576,3.813013077,3.804512024
12,throughput4096.FP64.quantize4,7,0,toward_zero,1048576,3.849464417,3.756652832
12,throughput4096.FP64.quantize4,7,1,nearest_even,1048576,4.827776909,4.736721039
12,throughput4096.FP64.quantize4,8,0,nearest_even,1048576,5.170350075,4.717440605
12,throughput4096.FP64.quantize4,8,1,toward_zero,1048576,3.737798691,3.718787193
12,throughput4096.FP128.quantize4,0,0,toward_zero,1048576,6.584700584,6.388051033
12,throughput4096.FP128.quantize4,0,1,nearest_even,1048576,6.890439987,6.621522903
12,throughput4096.FP128.quantize4,1,0,nearest_even,1048576,8.025316238,7.888466835
12,throughput4096.FP128.quantize4,1,1,toward_zero,1048576,5.845894814,5.747961044
12,throughput4096.FP128.quantize4,2,0,toward_zero,1048576,7.470390320,7.387317657
12,throughput4096.FP128.quantize4,2,1,nearest_even,1048576,6.601267815,6.356087685
12,throughput4096.FP128.quantize4,3,0,nearest_even,1048576,8.211670876,7.939759254
12,throughput4096.FP128.quantize4,3,1,toward_zero,1048576,7.400621414,7.251890182
12,throughput4096.FP128.quantize4,4,0,toward_zero,1048576,5.938928604,5.849431992
12,throughput4096.FP128.quantize4,4,1,nearest_even,1048576,7.072839737,6.976920128
12,throughput4096.FP128.quantize4,5,0,nearest_even,1048576,7.584510803,7.354891777
12,throughput4096.FP128.quantize4,5,1,toward_zero,1048576,6.693795204,6.603176117
12,throughput4096.FP128.quantize4,6,0,toward_zero,1048576,7.410348892,7.293156624
12,throughput4096.FP128.quantize4,6,1,nearest_even,1048576,6.179773331,6.093684196
12,throughput4096.FP128.quantize4,7,0,nearest_even,1048576,7.093162537,6.834590912
12,throughput4096.FP128.quantize4,7,1,toward_zero,1048576,6.586038589,6.488071442
12,throughput4096.FP128.quantize4,8,0,toward_zero,1048576,7.460233688,7.298871994
12,throughput4096.FP128.quantize4,8,1,nearest_even,1048576,9.072995186,8.831611633
12,parse_extra_digit.FP64,0,0,toward_zero,1048576,33.250358582,32.475539207
12,parse_extra_digit.FP64,0,1,nearest_even,1048576,34.022336960,32.892746925
12,parse_extra_digit.FP64,1,0,nearest_even,1048576,35.460698128,32.920601845
12,parse_extra_digit.FP64,1,1,toward_zero,1048576,33.353854179,32.423933983
12,parse_extra_digit.FP64,2,0,toward_zero,1048576,33.392024994,32.605898857
12,parse_extra_digit.FP64,2,1,nearest_even,1048576,33.698395729,33.062343597
12,parse_extra_digit.FP64,3,0,nearest_even,1048576,33.912162781,33.068791389
12,parse_extra_digit.FP64,3,1,toward_zero,1048576,33.414450645,32.636635780
12,parse_extra_digit.FP64,4,0,toward_zero,1048576,33.204533577,32.618278503
12,parse_extra_digit.FP64,4,1,nearest_even,1048576,33.961503029,33.290566444
12,parse_extra_digit.FP64,5,0,nearest_even,1048576,34.085255623,32.958622932
12,parse_extra_digit.FP64,5,1,toward_zero,1048576,33.086198807,32.491153717
12,parse_extra_digit.FP64,6,0,toward_zero,1048576,33.135090828,32.480571747
12,parse_extra_digit.FP64,6,1,nearest_even,1048576,33.814809799,32.987533569
12,parse_extra_digit.FP64,7,0,nearest_even,1048576,33.489578247,32.869959831
12,parse_extra_digit.FP64,7,1,toward_zero,1048576,33.233054161,32.573171616
12,parse_extra_digit.FP64,8,0,toward_zero,1048576,33.341586113,32.493445396
12,parse_extra_digit.FP64,8,1,nearest_even,1048576,33.790216446,33.069409370
12,format_2digits.FP64,0,0,toward_zero,1048576,14.584849358,14.398592949
12,format_2digits.FP64,0,1,nearest_even,1048576,16.259135246,15.837525368
12,format_2digits.FP64,1,0,nearest_even,1048576,16.064180374,15.862737656
12,format_2digits.FP64,1,1,toward_zero,1048576,14.899619102,14.499314308
12,format_2digits.FP64,2,0,toward_zero,1048576,14.841890335,14.530970573
12,format_2digits.FP64,2,1,nearest_even,1048576,16.105247498,15.909371376
12,format_2digits.FP64,3,0,nearest_even,1048576,16.238057137,15.855389595
12,format_2digits.FP64,3,1,toward_zero,1048576,14.662682533,14.492451668
12,format_2digits.FP64,4,0,toward_zero,1048576,14.872025490,14.439638138
12,format_2digits.FP64,4,1,nearest_even,1048576,16.251825333,15.880696297
12,format_2digits.FP64,5,0,nearest_even,1048576,16.216826439,15.806554794
12,format_2digits.FP64,5,1,toward_zero,1048576,14.699916840,14.412683487
12,format_2digits.FP64,6,0,toward_zero,1048576,14.809441566,14.421087265
12,format_2digits.FP64,6,1,nearest_even,1048576,15.997259140,15.815368652
12,format_2digits.FP64,7,0,nearest_even,1048576,16.239948273,15.890433311
12,format_2digits.FP64,7,1,toward_zero,1048576,14.948223114,14.530388832
12,format_2digits.FP64,8,0,toward_zero,1048576,14.904759407,14.431655884
12,format_2digits.FP64,8,1,nearest_even,1048576,16.117171288,15.824737549
12,parse_extra_digit.FP128,0,0,nearest_even,1048576,33.926208496,33.229067802
12,parse_extra_digit.FP128,0,1,toward_zero,1048576,33.638020515,32.925758362
12,parse_extra_digit.FP128,1,0,toward_zero,1048576,33.839318275,33.079709053
12,parse_extra_digit.FP128,1,1,nearest_even,1048576,33.839393616,33.103233337
12,parse_extra_digit.FP128,2,0,nearest_even,1048576,33.908178329,33.162087440
12,parse_extra_digit.FP128,2,1,toward_zero,1048576,33.697134972,33.010742188
12,parse_extra_digit.FP128,3,0,toward_zero,1048576,33.352679253,32.646517754
12,parse_extra_digit.FP128,3,1,nearest_even,1048576,33.861284256,33.110074043
12,parse_extra_digit.FP128,4,0,nearest_even,1048576,34.254716873,33.368853569
12,parse_extra_digit.FP128,4,1,toward_zero,1048576,33.706087112,32.697484016
12,parse_extra_digit.FP128,5,0,toward_zero,1048576,33.584465981,32.733281136
12,parse_extra_digit.FP128,5,1,nearest_even,1048576,34.046644211,33.120436668
12,parse_extra_digit.FP128,6,0,nearest_even,1048576,34.661258698,33.718437195
12,parse_extra_digit.FP128,6,1,toward_zero,1048576,33.761265755,32.850408554
12,parse_extra_digit.FP128,7,0,toward_zero,1048576,33.822912216,32.753314972
12,parse_extra_digit.FP128,7,1,nearest_even,1048576,34.035493851,33.129837036
12,parse_extra_digit.FP128,8,0,nearest_even,1048576,34.065571785,33.190937042
12,parse_extra_digit.FP128,8,1,toward_zero,1048576,33.798853874,32.811470032
12,format_2digits.FP128,0,0,nearest_even,1048576,16.040944099,15.692387581
12,format_2digits.FP128,0,1,toward_zero,1048576,14.847211838,14.334876060
12,format_2digits.FP128,1,0,toward_zero,1048576,14.754970551,14.330506325
12,format_2digits.FP128,1,1,nearest_even,1048576,16.277412415,15.784327507
12,format_2digits.FP128,2,0,nearest_even,1048576,16.004626274,15.697853088
12,format_2digits.FP128,2,1,toward_zero,1048576,14.893542290,14.335872650
12,format_2digits.FP128,3,0,toward_zero,1048576,14.628485680,14.338247299
12,format_2digits.FP128,3,1,nearest_even,1048576,16.218421936,15.751689911
12,format_2digits.FP128,4,0,nearest_even,1048576,16.140388489,15.693984032
12,format_2digits.FP128,4,1,toward_zero,1048576,14.744039536,14.317408562
12,format_2digits.FP128,5,0,toward_zero,1048576,14.633874893,14.334241867
12,format_2digits.FP128,5,1,nearest_even,1048576,16.250344276,15.719078064
12,format_2digits.FP128,6,0,nearest_even,1048576,15.987628937,15.690308571
12,format_2digits.FP128,6,1,toward_zero,1048576,14.716236115,14.294346809
12,format_2digits.FP128,7,0,toward_zero,1048576,14.477932930,14.280043602
12,format_2digits.FP128,7,1,nearest_even,1048576,16.242050171,15.693757057
12,format_2digits.FP128,8,0,nearest_even,1048576,15.873603821,15.692217827
12,format_2digits.FP128,8,1,toward_zero,1048576,14.717220306,14.331163406
12,throughput4096.FP64.mul,0,0,nearest_even,1048576,2.642021179,2.633483887
12,throughput4096.FP64.mul,0,1,toward_zero,1048576,2.824896812,2.676405907
12,throughput4096.FP64.mul,1,0,toward_zero,1048576,2.661521912,2.658813477
12,throughput4096.FP64.mul,1,1,nearest_even,1048576,2.739182472,2.655929565
12,throughput4096.FP64.mul,2,0,nearest_even,1048576,2.662458420,2.651474953
12,throughput4096.FP64.mul,2,1,toward_zero,1048576,2.625452995,2.620837212
12,throughput4096.FP64.mul,3,0,toward_zero,1048576,2.726235390,2.653098106
12,throughput4096.FP64.mul,3,1,nearest_even,1048576,2.606305122,2.603309631
12,throughput4096.FP64.mul,4,0,nearest_even,1048576,2.717885017,2.648505211
12,throughput4096.FP64.mul,4,1,toward_zero,1048576,2.823358536,2.624644279
12,throughput4096.FP64.mul,5,0,toward_zero,1048576,2.587185860,2.581629753
12,throughput4096.FP64.mul,5,1,nearest_even,1048576,2.742325783,2.651424408
12,throughput4096.FP64.mul,6,0,nearest_even,1048576,2.654174805,2.648876190
12,throughput4096.FP64.mul,6,1,toward_zero,1048576,2.822670937,2.648760796
12,throughput4096.FP64.mul,7,0,toward_zero,1048576,2.597620010,2.582957268
12,throughput4096.FP64.mul,7,1,nearest_even,1048576,2.622700691,2.617947578
12,throughput4096.FP64.mul,8,0,nearest_even,1048576,2.766871452,2.624063492
12,throughput4096.FP64.mul,8,1,toward_zero,1048576,2.642688751,2.638147354
12,throughput256.FP64.mul,0,0,toward_zero,1048576,2.764234543,2.628493309
12,throughput256.FP64.mul,0,1,nearest_even,1048576,2.610710144,2.608411789
12,throughput256.FP64.mul,1,0,nearest_even,1048576,2.640769005,2.632249832
12,throughput256.FP64.mul,1,1,toward_zero,1048576,2.824906349,2.603081703
12,throughput256.FP64.mul,2,0,toward_zero,1048576,2.586145401,2.582301140
12,throughput256.FP64.mul,2,1,nearest_even,1048576,2.753715515,2.665025711
12,throughput256.FP64.mul,3,0,nearest_even,1048576,2.680459976,2.673708916
12,throughput256.FP64.mul,3,1,toward_zero,1048576,2.695440292,2.622724533
12,throughput256.FP64.mul,4,0,toward_zero,1048576,2.654547691,2.644815445
12,throughput256.FP64.mul,4,1,nearest_even,1048576,2.605541229,2.601732254
12,throughput256.FP64.mul,5,0,nearest_even,1048576,2.735857010,2.666247368
12,throughput256.FP64.mul,5,1,toward_zero,1048576,2.641485214,2.637056351
12,throughput256.FP64.mul,6,0,toward_zero,1048576,2.704689980,2.635040283
12,throughput256.FP64.mul,6,1,nearest_even,1048576,2.680736542,2.676344872
12,throughput256.FP64.mul,7,0,nearest_even,1048576,2.830295563,2.684830666
12,throughput256.FP64.mul,7,1,toward_zero,1048576,2.753619194,2.667268753
12,throughput256.FP64.mul,8,0,toward_zero,1048576,2.685227394,2.678198814
12,throughput256.FP64.mul,8,1,nearest_even,1048576,2.696214676,2.616542816
12,exact_results.FP64.mul,0,0,nearest_even,1048576,2.685943604,2.680759430
12,exact_results.FP64.mul,0,1,toward_zero,1048576,2.647620201,2.629825592
12,exact_results.FP64.mul,1,0,toward_zero,1048576,2.710968018,2.629853249
12,exact_results.FP64.mul,1,1,nearest_even,1048576,2.640892982,2.636349678
12,exact_results.FP64.mul,2,0,nearest_even,1048576,2.710289001,2.641222954
12,exact_results.FP64.mul,2,1,toward_zero,1048576,2.595786095,2.591768265
12,exact_results.FP64.mul,3,0,toward_zero,1048576,2.551041603,2.547949791
12,exact_results.FP64.mul,3,1,nearest_even,1048576,2.677716255,2.603529930
12,exact_results.FP64.mul,4,0,nearest_even,1048576,2.814692497,2.634305954
12,exact_results.FP64.mul,4,1,toward_zero,1048576,2.740262032,2.657139778
12,exact_results.FP64.mul,5,0,toward_zero,1048576,2.683985710,2.679833412
12,exact_results.FP64.mul,5,1,nearest_even,1048576,2.679101944,2.603682518
12,exact_results.FP64.mul,6,0,nearest_even,1048576,2.609792709,2.598608971
12,exact_results.FP64.mul,6,1,toward_zero,1048576,2.643118858,2.638825417
12,exact_results.FP64.mul,7,0,toward_zero,1048576,2.733287811,2.663465500
12,exact_results.FP64.mul,7,1,nearest_even,1048576,2.609477043,2.604818344
12,exact_results.FP64.mul,8,0,nearest_even,1048576,2.671200752,2.597738266
12,exact_results.FP64.mul,8,1,toward_zero,1048576,2.712544441,2.707771301
12,halfway_ties.FP64.mul,0,0,toward_zero,1048576,2.717043877,2.713398933
12,halfway_ties.FP64.mul,0,1,nearest_even,1048576,2.651250839,2.580562592
12,halfway_ties.FP64.mul,1,0,nearest_even,1048576,2.769547462,2.619392395
12,halfway_ties.FP64.mul,1,1,toward_zero,1048576,2.701565742,2.621166229
12,halfway_ties.FP64.mul,2,0,toward_zero,1048576,2.650447845,2.626822472
12,halfway_ties.FP64.mul,2,1,nearest_even,1048576,2.576189041,2.572858810
12,halfway_ties.FP64.mul,3,0,nearest_even,1048576,2.727830887,2.584017754
12,halfway_ties.FP64.mul,3,1,toward_zero,1048576,2.653820992,2.649221420
12,halfway_ties.FP64.mul,4,0,toward_zero,1048576,2.778175354,2.646544456
12,halfway_ties.FP64.mul,4,1,nearest_even,1048576,2.614933014,2.609130859
12,halfway_ties.FP64.mul,5,0,nearest_even,1048576,2.577479362,2.574196815
12,halfway_ties.FP64.mul,5,1,toward_zero,1048576,2.695498466,2.564537048
12,halfway_ties.FP64.mul,6,0,toward_zero,1048576,2.556420326,2.550041199
12,halfway_ties.FP64.mul,6,1,nearest_even,1048576,2.822546959,2.612489700
12,halfway_ties.FP64.mul,7,0,nearest_even,1048576,2.588285446,2.580903053
12,halfway_ties.FP64.mul,7,1,toward_zero,1048576,2.657011986,2.652497292
12,halfway_ties.FP64.mul,8,0,toward_zero,1048576,2.639039993,2.557810783
12,halfway_ties.FP64.mul,8,1,nearest_even,1048576,2.615764618,2.611228943
12,exact_chain.FP64.mul,0,0,nearest_even,1048576,3.719233513,3.645806313
12,exact_chain.FP64.mul,0,1,toward_zero,1048576,3.763501167,3.690723419
12,exact_chain.FP64.mul,1,0,toward_zero,1048576,3.694171906,3.688489914
12,exact_chain.FP64.mul,1,1,nearest_even,1048576,3.898718834,3.648561478
12,exact_chain.FP64.mul,2,0,nearest_even,1048576,3.641229630,3.635336876
12,exact_chain.FP64.mul,2,1,toward_zero,1048576,3.752244949,3.678133011
12,exact_chain.FP64.mul,3,0,toward_zero,1048576,3.690560341,3.677292824
12,exact_chain.FP64.mul,3,1,nearest_even,1048576,3.705226898,3.633081436
12,exact_chain.FP64.mul,4,0,nearest_even,1048576,3.715546608,3.642895699
12,exact_chain.FP64.mul,4,1,toward_zero,1048576,3.696321487,3.688975334
12,exact_chain.FP64.mul,5,0,toward_zero,1048576,3.763434410,3.691604614
12,exact_chain.FP64.mul,5,1,nearest_even,1048576,3.785486221,3.642169952
12,exact_chain.FP64.mul,6,0,nearest_even,1048576,3.738382339,3.635984421
12,exact_chain.FP64.mul,6,1,toward_zero,1048576,3.680279732,3.673936844
12,exact_chain.FP64.mul,7,0,toward_zero,1048576,3.815220833,3.677472115
12,exact_chain.FP64.mul,7,1,nearest_even,1048576,3.641067505,3.626963615
12,exact_chain.FP64.mul,8,0,nearest_even,1048576,3.767208099,3.633188248
12,exact_chain.FP64.mul,8,1,toward_zero,1048576,3.802283287,3.677208900
12,inexact_chain.FP64.mul,0,0,toward_zero,1048576,3.801872253,3.715098381
12,inexact_chain.FP64.mul,0,1,nearest_even,1048576,4.678446770,4.671520233
12,inexact_chain.FP64.mul,1,0,nearest_even,1048576,4.760149002,4.678591728
12,inexact_chain.FP64.mul,1,1,toward_zero,1048576,3.784473419,3.712053299
12,inexact_chain.FP64.mul,2,0,toward_zero,1048576,3.723151207,3.716425896
12,inexact_chain.FP64.mul,2,1,nearest_even,1048576,4.758677483,4.683944702
12,inexact_chain.FP64.mul,3,0,nearest_even,1048576,4.751922607,4.680747986
12,inexact_chain.FP64.mul,3,1,toward_zero,1048576,3.895507812,3.725189209
12,inexact_chain.FP64.mul,4,0,toward_zero,1048576,3.803983688,3.720268250
12,inexact_chain.FP64.mul,4,1,nearest_even,1048576,4.687849045,4.679965019
12,inexact_chain.FP64.mul,5,0,nearest_even,1048576,4.761878967,4.678908348
12,inexact_chain.FP64.mul,5,1,toward_zero,1048576,3.804012299,3.729003906
12,inexact_chain.FP64.mul,6,0,toward_zero,1048576,3.721182823,3.715300560
12,inexact_chain.FP64.mul,6,1,nearest_even,1048576,4.762499809,4.687697411
12,inexact_chain.FP64.mul,7,0,nearest_even,1048576,4.911409378,4.690303802
12,inexact_chain.FP64.mul,7,1,toward_zero,1048576,3.723027229,3.717078209
12,inexact_chain.FP64.mul,8,0,toward_zero,1048576,3.799808502,3.724014282
12,inexact_chain.FP64.mul,8,1,nearest_even,1048576,4.765347481,4.685565948
12,throughput4096.FP64.div,0,0,toward_zero,1048576,2.441630363,2.436837196
12,throughput4096.FP64.div,0,1,nearest_even,1048576,2.404578209,2.398908615
12,throughput4096.FP64.div,1,0,nearest_even,1048576,2.467533112,2.395017624
12,throughput4096.FP64.div,1,1,toward_zero,1048576,2.448213577,2.443477631
12,throughput4096.FP64.div,2,0,toward_zero,1048576,2.515469551,2.446259499
12,throughput4096.FP64.div,2,1,nearest_even,1048576,2.397230148,2.392546654
12,throughput4096.FP64.div,3,0,nearest_even,1048576,2.541810989,2.379473686
12,throughput4096.FP64.div,3,1,toward_zero,1048576,2.573093414,2.433485985
12,throughput4096.FP64.div,4,0,toward_zero,1048576,2.423142433,2.417817116
12,throughput4096.FP64.div,4,1,nearest_even,1048576,2.381722450,2.379368782
12,throughput4096.FP64.div,5,0,nearest_even,1048576,2.524335861,2.395694733
12,throughput4096.FP64.div,5,1,toward_zero,1048576,2.431015015,2.428612709
12,throughput4096.FP64.div,6,0,toward_zero,1048576,2.564092636,2.421713829
12,throughput4096.FP64.div,6,1,nearest_even,1048576,2.380384445,2.372384071
12,throughput4096.FP64.div,7,0,nearest_even,1048576,2.393274307,2.390355110
12,throughput4096.FP64.div,7,1,toward_zero,1048576,2.519176483,2.442498207
12,throughput4096.FP64.div,8,0,toward_zero,1048576,2.443570137,2.425669670
12,throughput4096.FP64.div,8,1,nearest_even,1048576,2.384081841,2.378708839
12,throughput256.FP64.div,0,0,nearest_even,1048576,2.534722328,2.391740799
12,throughput256.FP64.div,0,1,toward_zero,1048576,2.618563652,2.452604294
12,throughput256.FP64.div,1,0,toward_zero,1048576,2.569118500,2.441713333
12,throughput256.FP64.div,1,1,nearest_even,1048576,2.397612572,2.373875618
12,throughput256.FP64.div,2,0,nearest_even,1048576,2.386681557,2.383858681
12,throughput256.FP64.div,2,1,toward_zero,1048576,2.580335617,2.452959061
12,throughput256.FP64.div,3,0,toward_zero,1048576,2.445557594,2.442695618
12,throughput256.FP64.div,3,1,nearest_even,1048576,2.395328522,2.382195473
12,throughput256.FP64.div,4,0,nearest_even,1048576,2.505293846,2.386154175
12,throughput256.FP64.div,4,1,toward_zero,1048576,2.454845428,2.449795723
12,throughput256.FP64.div,5,0,toward_zero,1048576,2.549827576,2.445697784
12,throughput256.FP64.div,5,1,nearest_even,1048576,2.384063721,2.371933937
12,throughput256.FP64.div,6,0,nearest_even,1048576,2.384684563,2.381116867
12,throughput256.FP64.div,6,1,toward_zero,1048576,2.527050018,2.451589584
12,throughput256.FP64.div,7,0,toward_zero,1048576,2.586670876,2.441969872
12,throughput256.FP64.div,7,1,nearest_even,1048576,2.369674683,2.365581512
12,throughput256.FP64.div,8,0,nearest_even,1048576,2.465383530,2.385760307
12,throughput256.FP64.div,8,1,toward_zero,1048576,2.451042175,2.446902275
12,exact_results.FP64.div,0,0,nearest_even,1048576,2.714808464,2.637924194
12,exact_results.FP64.div,0,1,toward_zero,1048576,2.580039978,2.569201469
12,exact_results.FP64.div,1,0,toward_zero,1048576,2.566949844,2.564049721
12,exact_results.FP64.div,1,1,nearest_even,1048576,2.673398972,2.604257584
12,exact_results.FP64.div,2,0,nearest_even,1048576,2.607327461,2.602737427
12,exact_results.FP64.div,2,1,toward_zero,1048576,2.635753632,2.564543724
12,exact_results.FP64.div,3,0,toward_zero,1048576,2.571650505,2.558164597
12,exact_results.FP64.div,3,1,nearest_even,1048576,2.617045403,2.603443146
12,exact_results.FP64.div,4,0,nearest_even,1048576,2.875431061,2.610725403
12,exact_results.FP64.div,4,1,toward_zero,1048576,2.565689087,2.560160637
12,exact_results.FP64.div,5,0,toward_zero,1048576,2.699024200,2.565081596
12,exact_results.FP64.div,5,1,nearest_even,1048576,2.630268097,2.606050491
12,exact_results.FP64.div,6,0,nearest_even,1048576,2.607128143,2.603233337
12,exact_results.FP64.div,6,1,toward_zero,1048576,2.726484299,2.568232536
12,exact_results.FP64.div,7,0,toward_zero,1048576,2.566586494,2.560954094
12,exact_results.FP64.div,7,1,nearest_even,1048576,2.726159096,2.606635094
12,exact_results.FP64.div,8,0,nearest_even,1048576,2.624745369,2.604198456
12,exact_results.FP64.div,8,1,toward_zero,1048576,2.562152863,2.557752609
12,halfway_ties.FP64.div,0,0,nearest_even,1048576,2.556936264,2.430265427
12,halfway_ties.FP64.div,0,1,toward_zero,1048576,2.605827332,2.586436272
12,halfway_ties.FP64.div,1,0,toward_zero,1048576,2.889362335,2.586953163
12,halfway_ties.FP64.div,1,1,nearest_even,1048576,2.416740417,2.411853790
12,halfway_ties.FP64.div,2,0,nearest_even,1048576,2.421001434,2.417481422
12,halfway_ties.FP64.div,2,1,toward_zero,1048576,2.718172073,2.580074310
12,halfway_ties.FP64.div,3,0,toward_zero,1048576,2.571793556,2.566868782
12,halfway_ties.FP64.div,3,1,nearest_even,1048576,2.552846909,2.412369728
12,halfway_ties.FP64.div,4,0,nearest_even,1048576,2.427585602,2.416745186
12,halfway_ties.FP64.div,4,1,toward_zero,1048576,2.584320068,2.580073357
12,halfway_ties.FP64.div,5,0,toward_zero,1048576,2.710690498,2.575887680
12,halfway_ties.FP64.div,5,1,nearest_even,1048576,2.408294678,2.405538559
12,halfway_ties.FP64.div,6,0,nearest_even,1048576,2.426782608,2.423069954
12,halfway_ties.FP64.div,6,1,toward_zero,1048576,2.730354309,2.594340324
12,halfway_ties.FP64.div,7,0,toward_zero,1048576,2.715677261,2.576720238
12,halfway_ties.FP64.div,7,1,nearest_even,1048576,2.555742264,2.418004036
12,halfway_ties.FP64.div,8,0,nearest_even,1048576,2.429361343,2.424189568
12,halfway_ties.FP64.div,8,1,toward_zero,1048576,2.590071678,2.586349487
12,exact_chain.FP64.div,0,0,toward_zero,1048576,3.727002144,3.721365929
12,exact_chain.FP64.div,0,1,nearest_even,1048576,3.853152275,3.712854385
12,exact_chain.FP64.div,1,0,nearest_even,1048576,3.712718010,3.703512192
12,exact_chain.FP64.div,1,1,toward_zero,1048576,3.973445892,3.701252937
12,exact_chain.FP64.div,2,0,toward_zero,1048576,3.844113350,3.704425812
12,exact_chain.FP64.div,2,1,nearest_even,1048576,3.719004631,3.708632469
12,exact_chain.FP64.div,3,0,nearest_even,1048576,3.857241631,3.712709427
12,exact_chain.FP64.div,3,1,toward_zero,1048576,3.728769302,3.714487076
12,exact_chain.FP64.div,4,0,toward_zero,1048576,3.831683159,3.692635536
12,exact_chain.FP64.div,4,1,nearest_even,1048576,3.706525803,3.701456070
12,exact_chain.FP64.div,5,0,nearest_even,1048576,3.866480827,3.712738037
12,exact_chain.FP64.div,5,1,toward_zero,1048576,4.041924477,3.719295502
12,exact_chain.FP64.div,6,0,toward_zero,1048576,3.659622192,3.652355194
12,exact_chain.FP64.div,6,1,nearest_even,1048576,3.875853539,3.707430840
12,exact_chain.FP64.div,7,0,nearest_even,1048576,3.710854530,3.705611229
12,exact_chain.FP64.div,7,1,toward_zero,1048576,3.888437271,3.717084885
12,exact_chain.FP64.div,8,0,toward_zero,1048576,3.832934380,3.713723183
12,exact_chain.FP64.div,8,1,nearest_even,1048576,3.731521606,3.707372665
12,inexact_chain.FP64.div,0,0,toward_zero,1048576,3.702828407,3.678447723
12,inexact_chain.FP64.div,0,1,nearest_even,1048576,5.006611824,4.865059853
12,inexact_chain.FP64.div,1,0,nearest_even,1048576,5.020084381,4.880263329
12,inexact_chain.FP64.div,1,1,toward_zero,1048576,3.712068558,3.698369026
12,inexact_chain.FP64.div,2,0,toward_zero,1048576,3.851050377,3.717784882
12,inexact_chain.FP64.div,2,1,nearest_even,1048576,4.854406357,4.847812653
12,inexact_chain.FP64.div,3,0,nearest_even,1048576,5.130144119,4.862987518
12,inexact_chain.FP64.div,3,1,toward_zero,1048576,3.835131645,3.696620941
12,inexact_chain.FP64.div,4,0,toward_zero,1048576,3.714313507,3.708765030
12,inexact_chain.FP64.div,4,1,nearest_even,1048576,4.986536980,4.849898338
12,inexact_chain.FP64.div,5,0,nearest_even,1048576,4.987990379,4.843493462
12,inexact_chain.FP64.div,5,1,toward_zero,1048576,3.673677444,3.668884277
12,inexact_chain.FP64.div,6,0,toward_zero,1048576,3.850734711,3.696842194
12,inexact_chain.FP64.div,6,1,nearest_even,1048576,5.016338348,4.853884697
12,inexact_chain.FP64.div,7,0,nearest_even,1048576,5.161942482,4.851558685
12,inexact_chain.FP64.div,7,1,toward_zero,1048576,3.703831673,3.689980507
12,inexact_chain.FP64.div,8,0,toward_zero,1048576,3.838915825,3.680597305
12,inexact_chain.FP64.div,8,1,nearest_even,1048576,4.885840416,4.871010780
12,throughput4096.FP64.mul_div,0,0,toward_zero,1048576,2.583899498,2.572619438
12,throughput4096.FP64.mul_div,0,1,nearest_even,1048576,2.395959854,2.389181137
12,throughput4096.FP64.mul_div,1,0,nearest_even,1048576,2.572079659,2.417521477
12,throughput4096.FP64.mul_div,1,1,toward_zero,1048576,2.605827332,2.600474358
12,throughput4096.FP64.mul_div,2,0,toward_zero,1048576,2.589077950,2.585968971
12,throughput4096.FP64.mul_div,2,1,nearest_even,1048576,2.683678627,2.403341293
12,throughput4096.FP64.mul_div,3,0,nearest_even,1048576,2.413911819,2.407392502
12,throughput4096.FP64.mul_div,3,1,toward_zero,1048576,2.755167007,2.612749100
12,throughput4096.FP64.mul_div,4,0,toward_zero,1048576,2.595451355,2.592206001
12,throughput4096.FP64.mul_div,4,1,nearest_even,1048576,2.410387039,2.405835152
12,throughput4096.FP64.mul_div,5,0,nearest_even,1048576,2.562544823,2.427704811
12,throughput4096.FP64.mul_div,5,1,toward_zero,1048576,2.614923477,2.602360725
12,throughput4096.FP64.mul_div,6,0,toward_zero,1048576,2.739000320,2.604388237
12,throughput4096.FP64.mul_div,6,1,nearest_even,1048576,2.400889397,2.396203041
12,throughput4096.FP64.mul_div,7,0,nearest_even,1048576,2.418746948,2.415685654
12,throughput4096.FP64.mul_div,7,1,toward_zero,1048576,2.754784584,2.617461205
12,throughput4096.FP64.mul_div,8,0,toward_zero,1048576,2.594113350,2.589169502
12,throughput4096.FP64.mul_div,8,1,nearest_even,1048576,2.681720734,2.412150383
12,throughput256.FP64.mul_div,0,0,toward_zero,1048576,2.593244553,2.589627266
12,throughput256.FP64.mul_div,0,1,nearest_even,1048576,2.401854515,2.396604538
12,throughput256.FP64.mul_div,1,0,nearest_even,1048576,2.554901123,2.413515091
12,throughput256.FP64.mul_div,1,1,toward_zero,1048576,2.595479012,2.592839241
12,throughput256.FP64.mul_div,2,0,toward_zero,1048576,2.710423470,2.594358444
12,throughput256.FP64.mul_div,2,1,nearest_even,1048576,2.419692039,2.394358635
12,throughput256.FP64.mul_div,3,0,nearest_even,1048576,2.405274391,2.403072357
12,throughput256.FP64.mul_div,3,1,toward_zero,1048576,2.757460594,2.601236343
12,throughput256.FP64.mul_div,4,0,toward_zero,1048576,2.590549469,2.581554413
12,throughput256.FP64.mul_div,4,1,nearest_even,1048576,2.393790245,2.391079903
12,throughput256.FP64.mul_div,5,0,nearest_even,1048576,2.555025101,2.414815903
12,throughput256.FP64.mul_div,5,1,toward_zero,1048576,2.779072762,2.601732254
12,throughput256.FP64.mul_div,6,0,toward_zero,1048576,2.724200249,2.586182594
12,throughput256.FP64.mul_div,6,1,nearest_even,1048576,2.390302658,2.387154579
12,throughput256.FP64.mul_div,7,0,nearest_even,1048576,2.410185814,2.406007767
12,throughput256.FP64.mul_div,7,1,toward_zero,1048576,2.745593071,2.606424332
12,throughput256.FP64.mul_div,8,0,toward_zero,1048576,2.586737633,2.584105492
12,throughput256.FP64.mul_div,8,1,nearest_even,1048576,2.512621880,2.390625000
12,exact_results.FP64.mul_div,0,0,toward_zero,1048576,2.587426186,2.574705124
12,exact_results.FP64.mul_div,0,1,nearest_even,1048576,2.582934380,2.569235802
12,exact_results.FP64.mul_div,1,0,nearest_even,1048576,2.831557274,2.657427788
12,exact_results.FP64.mul_div,1,1,toward_zero,1048576,2.561914444,2.557324409
12,exact_results.FP64.mul_div,2,0,toward_zero,1048576,2.747934341,2.583979607
12,exact_results.FP64.mul_div,2,1,nearest_even,1048576,2.763413429,2.609041214
12,exact_results.FP64.mul_div,3,0,nearest_even,1048576,2.670416832,2.666791916
12,exact_results.FP64.mul_div,3,1,toward_zero,1048576,2.717292786,2.561135292
12,exact_results.FP64.mul_div,4,0,toward_zero,1048576,2.561464310,2.556023598
12,exact_results.FP64.mul_div,4,1,nearest_even,1048576,2.699100494,2.558566093
12,exact_results.FP64.mul_div,5,0,nearest_even,1048576,2.548030853,2.544796944
12,exact_results.FP64.mul_div,5,1,toward_zero,1048576,2.566481590,2.562044144
12,exact_results.FP64.mul_div,6,0,toward_zero,1048576,2.742860794,2.604180336
12,exact_results.FP64.mul_div,6,1,nearest_even,1048576,2.555560112,2.551169395
12,exact_results.FP64.mul_div,7,0,nearest_even,1048576,2.687720299,2.558958054
12,exact_results.FP64.mul_div,7,1,toward_zero,1048576,2.603925705,2.600575447
12,exact_results.FP64.mul_div,8,0,toward_zero,1048576,2.610958099,2.599488258
12,exact_results.FP64.mul_div,8,1,nearest_even,1048576,2.841283798,2.555596352
12,halfway_ties.FP64.mul_div,0,0,toward_zero,1048576,2.638237000,2.634285927
12,halfway_ties.FP64.mul_div,0,1,nearest_even,1048576,2.568908691,2.418416023
12,halfway_ties.FP64.mul_div,1,0,nearest_even,1048576,2.425196648,2.420969009
12,halfway_ties.FP64.mul_div,1,1,toward_zero,1048576,2.759753227,2.637775421
12,halfway_ties.FP64.mul_div,2,0,toward_zero,1048576,2.634749413,2.614375114
12,halfway_ties.FP64.mul_div,2,1,nearest_even,1048576,2.413003922,2.408355713
12,halfway_ties.FP64.mul_div,3,0,nearest_even,1048576,2.585294724,2.433427811
12,halfway_ties.FP64.mul_div,3,1,toward_zero,1048576,2.626666069,2.623317719
12,halfway_ties.FP64.mul_div,4,0,toward_zero,1048576,2.620465279,2.615722656
12,halfway_ties.FP64.mul_div,4,1,nearest_even,1048576,2.581845284,2.413575172
12,halfway_ties.FP64.mul_div,5,0,nearest_even,1048576,2.427709579,2.424799919
12,halfway_ties.FP64.mul_div,5,1,toward_zero,1048576,2.971838951,2.638354301
12,halfway_ties.FP64.mul_div,6,0,toward_zero,1048576,2.612210274,2.607647896
12,halfway_ties.FP64.mul_div,6,1,nearest_even,1048576,2.413109779,2.408213615
12,halfway_ties.FP64.mul_div,7,0,nearest_even,1048576,2.583842278,2.424562454
12,halfway_ties.FP64.mul_div,7,1,toward_zero,1048576,2.628443718,2.623728752
12,halfway_ties.FP64.mul_div,8,0,toward_zero,1048576,2.762018204,2.620021820
12,halfway_ties.FP64.mul_div,8,1,nearest_even,1048576,2.408934593,2.404332161
12,exact_chain.FP64.mul_div,0,0,nearest_even,1048576,3.905502319,3.759975433
12,exact_chain.FP64.mul_div,0,1,toward_zero,1048576,3.877994537,3.723173141
12,exact_chain.FP64.mul_div,1,0,toward_zero,1048576,3.837339401,3.698301315
12,exact_chain.FP64.mul_div,1,1,nearest_even,1048576,3.855006218,3.716331482
12,exact_chain.FP64.mul_div,2,0,nearest_even,1048576,3.714332581,3.708314896
12,exact_chain.FP64.mul_div,2,1,toward_zero,1048576,3.839068413,3.699446678
12,exact_chain.FP64.mul_div,3,0,toward_zero,1048576,3.698070526,3.692120552
12,exact_chain.FP64.mul_div,3,1,nearest_even,1048576,3.853533745,3.718215942
12,exact_chain.FP64.mul_div,4,0,nearest_even,1048576,3.716672897,3.710368156
12,exact_chain.FP64.mul_div,4,1,toward_zero,1048576,3.968143463,3.703354836
12,exact_chain.FP64.mul_div,5,0,toward_zero,1048576,3.847983360,3.702189445
12,exact_chain.FP64.mul_div,5,1,nearest_even,1048576,3.718746185,3.713397980
12,exact_chain.FP64.mul_div,6,0,nearest_even,1048576,3.852234840,3.714038849
12,exact_chain.FP64.mul_div,6,1,toward_zero,1048576,3.704567909,3.694299698
12,exact_chain.FP64.mul_div,7,0,toward_zero,1048576,3.845499039,3.698045731
12,exact_chain.FP64.mul_div,7,1,nearest_even,1048576,3.829341888,3.710874557
12,exact_chain.FP64.mul_div,8,0,nearest_even,1048576,3.736279488,3.711909294
12,exact_chain.FP64.mul_div,8,1,toward_zero,1048576,3.992182732,3.702401161
12,inexact_chain.FP64.mul_div,0,0,toward_zero,1048576,3.838638306,3.698913574
12,inexact_chain.FP64.mul_div,0,1,nearest_even,1048576,4.778178215,4.770821571
12,inexact_chain.FP64.mul_div,1,0,nearest_even,1048576,5.032649040,4.894937515
12,inexact_chain.FP64.mul_div,1,1,toward_zero,1048576,3.838849068,3.703425407
12,inexact_chain.FP64.mul_div,2,0,toward_zero,1048576,3.700449944,3.694803238
12,inexact_chain.FP64.mul_div,2,1,nearest_even,1048576,5.101833344,4.826648712
12,inexact_chain.FP64.mul_div,3,0,nearest_even,1048576,4.992556572,4.855313301
12,inexact_chain.FP64.mul_div,3,1,toward_zero,1048576,3.703612328,3.695465088
12,inexact_chain.FP64.mul_div,4,0,toward_zero,1048576,3.866231918,3.704052925
12,inexact_chain.FP64.mul_div,4,1,nearest_even,1048576,4.983748436,4.811429977
12,inexact_chain.FP64.mul_div,5,0,nearest_even,1048576,4.766970634,4.759041786
12,inexact_chain.FP64.mul_div,5,1,toward_zero,1048576,3.863940239,3.700975418
12,inexact_chain.FP64.mul_div,6,0,toward_zero,1048576,4.008319855,3.708716393
12,inexact_chain.FP64.mul_div,6,1,nearest_even,1048576,4.817476273,4.810760498
12,inexact_chain.FP64.mul_div,7,0,nearest_even,1048576,4.929162025,4.786414146
12,inexact_chain.FP64.mul_div,7,1,toward_zero,1048576,3.839144707,3.701418877
12,inexact_chain.FP64.mul_div,8,0,toward_zero,1048576,3.701596260,3.695732117
12,inexact_chain.FP64.mul_div,8,1,nearest_even,1048576,4.958599091,4.821644783
12,throughput4096.FP128.mul,0,0,toward_zero,1048576,2.806303978,2.678027153
12,throughput4096.FP128.mul,0,1,nearest_even,1048576,2.516643524,2.464405060
12,throughput4096.FP128.mul,1,0,nearest_even,1048576,2.619357109,2.477005959
12,throughput4096.FP128.mul,1,1,toward_zero,1048576,2.860335350,2.712976456
12,throughput4096.FP128.mul,2,0,toward_zero,1048576,2.687950134,2.683911324
12,throughput4096.FP128.mul,2,1,nearest_even,1048576,2.587444305,2.466326714
12,throughput4096.FP128.mul,3,0,nearest_even,1048576,2.496273041,2.474015236
12,throughput4096.FP128.mul,3,1,toward_zero,1048576,2.682006836,2.679375648
12,throughput4096.FP128.mul,4,0,toward_zero,1048576,2.832703590,2.695129395
12,throughput4096.FP128.mul,4,1,nearest_even,1048576,2.465192795,2.460754395
12,throughput4096.FP128.mul,5,0,nearest_even,1048576,2.599799156,2.483513832
12,throughput4096.FP128.mul,5,1,toward_zero,1048576,2.731366158,2.707780838
12,throughput4096.FP128.mul,6,0,toward_zero,1048576,2.699586868,2.695656776
12,throughput4096.FP128.mul,6,1,nearest_even,1048576,2.741273880,2.475295067
12,throughput4096.FP128.mul,7,0,nearest_even,1048576,2.483107567,2.478094101
12,throughput4096.FP128.mul,7,1,toward_zero,1048576,2.847064018,2.710065842
12,throughput4096.FP128.mul,8,0,toward_zero,1048576,2.701145172,2.688824654
12,throughput4096.FP128.mul,8,1,nearest_even,1048576,2.468230247,2.465723991
12,throughput256.FP128.mul,0,0,nearest_even,1048576,2.649053574,2.487919807
12,throughput256.FP128.mul,0,1,toward_zero,1048576,2.696492195,2.688669205
12,throughput256.FP128.mul,1,0,toward_zero,1048576,2.849184990,2.684060097
12,throughput256.FP128.mul,1,1,nearest_even,1048576,2.462631226,2.459522247
12,throughput256.FP128.mul,2,0,nearest_even,1048576,2.480001450,2.476299286
12,throughput256.FP128.mul,2,1,toward_zero,1048576,2.853914261,2.694739342
12,throughput256.FP128.mul,3,0,toward_zero,1048576,2.686353683,2.682433128
12,throughput256.FP128.mul,3,1,nearest_even,1048576,2.755148888,2.465207100
12,throughput256.FP128.mul,4,0,nearest_even,1048576,2.476867676,2.473471642
12,throughput256.FP128.mul,4,1,toward_zero,1048576,2.703935623,2.691616058
12,throughput256.FP128.mul,5,0,toward_zero,1048576,2.829579353,2.687861443
12,throughput256.FP128.mul,5,1,nearest_even,1048576,2.462296486,2.457075119
12,throughput256.FP128.mul,6,0,nearest_even,1048576,2.614226341,2.482684135
12,throughput256.FP128.mul,6,1,toward_zero,1048576,2.711234093,2.700806618
12,throughput256.FP128.mul,7,0,toward_zero,1048576,2.698641777,2.695025444
12,throughput256.FP128.mul,7,1,nearest_even,1048576,2.591762543,2.457458496
12,throughput256.FP128.mul,8,0,nearest_even,1048576,2.474967003,2.470251083
12,throughput256.FP128.mul,8,1,toward_zero,1048576,2.823234558,2.698886871
12,exact_results.FP128.mul,0,0,nearest_even,1048576,2.538018227,2.534096718
12,exact_results.FP128.mul,0,1,toward_zero,1048576,2.852194786,2.681552887
12,exact_results.FP128.mul,1,0,toward_zero,1048576,2.826082230,2.676546097
12,exact_results.FP128.mul,1,1,nearest_even,1048576,2.522061348,2.518816948
12,exact_results.FP128.mul,2,0,nearest_even,1048576,2.672605515,2.535767555
12,exact_results.FP128.mul,2,1,toward_zero,1048576,2.668974876,2.664881706
12,exact_results.FP128.mul,3,0,toward_zero,1048576,2.787959099,2.667822838
12,exact_results.FP128.mul,3,1,nearest_even,1048576,2.543636322,2.518599510
12,exact_results.FP128.mul,4,0,nearest_even,1048576,2.528721809,2.525527000
12,exact_results.FP128.mul,4,1,toward_zero,1048576,2.810059547,2.671967506
12,exact_results.FP128.mul,5,0,toward_zero,1048576,2.663146019,2.658613205
12,exact_results.FP128.mul,5,1,nearest_even,1048576,2.643224716,2.525265694
12,exact_results.FP128.mul,6,0,nearest_even,1048576,2.572233200,2.547920227
12,exact_results.FP128.mul,6,1,toward_zero,1048576,2.811549187,2.672333717
12,exact_results.FP128.mul,7,0,toward_zero,1048576,2.811367989,2.667673111
12,exact_results.FP128.mul,7,1,nearest_even,1048576,2.520275116,2.512896538
12,exact_results.FP128.mul,8,0,nearest_even,1048576,2.646464348,2.527235985
12,exact_results.FP128.mul,8,1,toward_zero,1048576,2.698536873,2.673461914
12,halfway_ties.FP128.mul,0,0,toward_zero,1048576,2.680727005,2.677987099
12,halfway_ties.FP128.mul,0,1,nearest_even,1048576,2.619758606,2.468092918
12,halfway_ties.FP128.mul,1,0,nearest_even,1048576,2.479591370,2.474983215
12,halfway_ties.FP128.mul,1,1,toward_zero,1048576,2.833392143,2.693193436
12,halfway_ties.FP128.mul,2,0,toward_zero,1048576,2.679036140,2.675895691
12,halfway_ties.FP128.mul,2,1,nearest_even,1048576,2.463892937,2.459886551
12,halfway_ties.FP128.mul,3,0,nearest_even,1048576,2.751937866,2.479614258
12,halfway_ties.FP128.mul,3,1,toward_zero,1048576,2.685713768,2.681866646
12,halfway_ties.FP128.mul,4,0,toward_zero,1048576,2.817081451,2.670742989
12,halfway_ties.FP128.mul,4,1,nearest_even,1048576,2.488649368,2.466714859
12,halfway_ties.FP128.mul,5,0,nearest_even,1048576,2.481445312,2.477150917
12,halfway_ties.FP128.mul,5,1,toward_zero,1048576,2.848402023,2.685079575
12,halfway_ties.FP128.mul,6,0,toward_zero,1048576,2.675443649,2.671052933
12,halfway_ties.FP128.mul,6,1,nearest_even,1048576,2.625204086,2.465773582
12,halfway_ties.FP128.mul,7,0,nearest_even,1048576,2.469674110,2.465063095
12,halfway_ties.FP128.mul,7,1,toward_zero,1048576,2.640616417,2.636130333
12,halfway_ties.FP128.mul,8,0,toward_zero,1048576,2.829827309,2.672247887
12,halfway_ties.FP128.mul,8,1,nearest_even,1048576,2.466128349,2.463267326
12,exact_chain.FP128.mul,0,0,nearest_even,1048576,3.708370209,3.695973396
12,exact_chain.FP128.mul,0,1,toward_zero,1048576,3.817733765,3.674328804
12,exact_chain.FP128.mul,1,0,toward_zero,1048576,3.662297249,3.658306122
12,exact_chain.FP128.mul,1,1,nearest_even,1048576,3.820169449,3.683233261
12,exact_chain.FP128.mul,2,0,nearest_even,1048576,3.681837082,3.675945282
12,exact_chain.FP128.mul,2,1,toward_zero,1048576,3.821201324,3.683157921
12,exact_chain.FP128.mul,3,0,toward_zero,1048576,3.932580948,3.672993660
12,exact_chain.FP128.mul,3,1,nearest_even,1048576,3.696981430,3.675563812
12,exact_chain.FP128.mul,4,0,nearest_even,1048576,3.817532539,3.682271957
12,exact_chain.FP128.mul,4,1,toward_zero,1048576,3.678425789,3.672620773
12,exact_chain.FP128.mul,5,0,toward_zero,1048576,3.815698624,3.680388451
12,exact_chain.FP128.mul,5,1,nearest_even,1048576,3.677308083,3.671921730
12,exact_chain.FP128.mul,6,0,nearest_even,1048576,3.811159134,3.679107666
12,exact_chain.FP128.mul,6,1,toward_zero,1048576,3.786689758,3.671510696
12,exact_chain.FP128.mul,7,0,toward_zero,1048576,3.830116272,3.671188354
12,exact_chain.FP128.mul,7,1,nearest_even,1048576,3.838447571,3.689750671
12,exact_chain.FP128.mul,8,0,nearest_even,1048576,3.714447021,3.682305336
12,exact_chain.FP128.mul,8,1,toward_zero,1048576,3.833670616,3.671053886
12,inexact_chain.FP128.mul,0,0,nearest_even,1048576,4.848883629,4.689190865
12,inexact_chain.FP128.mul,0,1,toward_zero,1048576,3.783288002,3.663980484
12,inexact_chain.FP128.mul,1,0,toward_zero,1048576,3.861322403,3.676021576
12,inexact_chain.FP128.mul,1,1,nearest_even,1048576,4.838296890,4.688681602
12,inexact_chain.FP128.mul,2,0,nearest_even,1048576,4.815203667,4.686645508
12,inexact_chain.FP128.mul,2,1,toward_zero,1048576,3.692633629,3.669590950
12,inexact_chain.FP128.mul,3,0,toward_zero,1048576,3.817255974,3.680217743
12,inexact_chain.FP128.mul,3,1,nearest_even,1048576,4.687705040,4.680865288
12,inexact_chain.FP128.mul,4,0,nearest_even,1048576,4.821758270,4.685198784
12,inexact_chain.FP128.mul,4,1,toward_zero,1048576,3.922156334,3.661955833
12,inexact_chain.FP128.mul,5,0,toward_zero,1048576,3.662679672,3.656530380
12,inexact_chain.FP128.mul,5,1,nearest_even,1048576,4.837082863,4.690346718
12,inexact_chain.FP128.mul,6,0,nearest_even,1048576,4.822158813,4.684590340
12,inexact_chain.FP128.mul,6,1,toward_zero,1048576,3.673954010,3.667949677
12,inexact_chain.FP128.mul,7,0,toward_zero,1048576,3.801309586,3.667802811
12,inexact_chain.FP128.mul,7,1,nearest_even,1048576,4.808649063,4.681266785
12,inexact_chain.FP128.mul,8,0,nearest_even,1048576,4.825570107,4.682410240
12,inexact_chain.FP128.mul,8,1,toward_zero,1048576,3.813385963,3.669198990
12,throughput4096.FP128.div,0,0,nearest_even,1048576,3.224912643,3.211369514
12,throughput4096.FP128.div,0,1,toward_zero,1048576,2.632160187,2.487179756
12,throughput4096.FP128.div,1,0,toward_zero,1048576,2.490770340,2.488233566
12,throughput4096.FP128.div,1,1,nearest_even,1048576,3.431179047,3.291456223
12,throughput4096.FP128.div,2,0,nearest_even,1048576,3.246430397,3.241694450
12,throughput4096.FP128.div,2,1,toward_zero,1048576,2.612983704,2.474114418
12,throughput4096.FP128.div,3,0,toward_zero,1048576,2.500133514,2.495650291
12,throughput4096.FP128.div,3,1,nearest_even,1048576,3.416608810,3.299575806
12,throughput4096.FP128.div,4,0,nearest_even,1048576,3.301255226,3.245323181
12,throughput4096.FP128.div,4,1,toward_zero,1048576,2.599569321,2.463648796
12,throughput4096.FP128.div,5,0,toward_zero,1048576,2.676522255,2.514356613
12,throughput4096.FP128.div,5,1,nearest_even,1048576,3.312997818,3.299586296
12,throughput4096.FP128.div,6,0,nearest_even,1048576,3.415967941,3.254670143
12,throughput4096.FP128.div,6,1,toward_zero,1048576,2.564054489,2.559634209
12,throughput4096.FP128.div,7,0,toward_zero,1048576,2.763250351,2.600096703
12,throughput4096.FP128.div,7,1,nearest_even,1048576,3.284133911,3.278826714
12,throughput4096.FP128.div,8,0,nearest_even,1048576,3.414812088,3.252844810
12,throughput4096.FP128.div,8,1,toward_zero,1048576,2.562354088,2.558411598
12,throughput256.FP128.div,0,0,nearest_even,1048576,3.435193062,3.292658806
12,throughput256.FP128.div,0,1,toward_zero,1048576,2.716709137,2.569025993
12,throughput256.FP128.div,1,0,toward_zero,1048576,2.593655586,2.589694977
12,throughput256.FP128.div,1,1,nearest_even,1048576,3.426182747,3.276885986
12,throughput256.FP128.div,2,0,nearest_even,1048576,3.251302719,3.246117592
12,throughput256.FP128.div,2,1,toward_zero,1048576,2.699033737,2.561482430
12,throughput256.FP128.div,3,0,toward_zero,1048576,2.599416733,2.596478462
12,throughput256.FP128.div,3,1,nearest_even,1048576,3.427921295,3.288849831
12,throughput256.FP128.div,4,0,nearest_even,1048576,3.251351357,3.247390747
12,throughput256.FP128.div,4,1,toward_zero,1048576,2.666127205,2.536820412
12,throughput256.FP128.div,5,0,toward_zero,1048576,2.510663033,2.498352051
12,throughput256.FP128.div,5,1,nearest_even,1048576,3.389578819,3.281613350
12,throughput256.FP128.div,6,0,nearest_even,1048576,3.412567139,3.246309280
12,throughput256.FP128.div,6,1,toward_zero,1048576,2.557891846,2.552631378
12,throughput256.FP128.div,7,0,toward_zero,1048576,2.747198105,2.601572037
12,throughput256.FP128.div,7,1,nearest_even,1048576,3.288844109,3.280944824
12,throughput256.FP128.div,8,0,nearest_even,1048576,3.392693520,3.253447533
12,throughput256.FP128.div,8,1,toward_zero,1048576,2.555961609,2.551562309
12,exact_results.FP128.div,0,0,toward_zero,1048576,2.708168030,2.559101105
12,exact_results.FP128.div,0,1,nearest_even,1048576,2.450678825,2.447433472
12,exact_results.FP128.div,1,0,nearest_even,1048576,2.431158066,2.426988602
12,exact_results.FP128.div,1,1,toward_zero,1048576,2.905127525,2.766693115
12,exact_results.FP128.div,2,0,toward_zero,1048576,2.591199875,2.569525719
12,exact_results.FP128.div,2,1,nearest_even,1048576,2.786965370,2.463163376
12,exact_results.FP128.div,3,0,nearest_even,1048576,2.429448128,2.425421715
12,exact_results.FP128.div,3,1,toward_zero,1048576,3.114643097,2.960538864
12,exact_results.FP128.div,4,0,toward_zero,1048576,2.916649818,2.892041206
12,exact_results.FP128.div,4,1,nearest_even,1048576,2.453449249,2.448210716
12,exact_results.FP128.div,5,0,nearest_even,1048576,2.599617004,2.439364433
12,exact_results.FP128.div,5,1,toward_zero,1048576,2.521622658,2.518454552
12,exact_results.FP128.div,6,0,toward_zero,1048576,2.695871353,2.574119568
12,exact_results.FP128.div,6,1,nearest_even,1048576,2.486355782,2.461032867
12,exact_results.FP128.div,7,0,nearest_even,1048576,2.432429314,2.429491997
12,exact_results.FP128.div,7,1,toward_zero,1048576,3.132586479,2.992353439
12,exact_results.FP128.div,8,0,toward_zero,1048576,2.902566910,2.763257980
12,exact_results.FP128.div,8,1,nearest_even,1048576,2.583040237,2.451188087
12,halfway_ties.FP128.div,0,0,toward_zero,1048576,2.539566040,2.535182953
12,halfway_ties.FP128.div,0,1,nearest_even,1048576,3.442541122,3.303607941
12,halfway_ties.FP128.div,1,0,nearest_even,1048576,3.283617020,3.257460594
12,halfway_ties.FP128.div,1,1,toward_zero,1048576,2.505140305,2.502336502
12,halfway_ties.FP128.div,2,0,toward_zero,1048576,3.534686089,3.387602806
12,halfway_ties.FP128.div,2,1,nearest_even,1048576,3.284352303,3.280180931
12,halfway_ties.FP128.div,3,0,nearest_even,1048576,3.390190125,3.251680374
12,halfway_ties.FP128.div,3,1,toward_zero,1048576,2.514790535,2.510142326
12,halfway_ties.FP128.div,4,0,toward_zero,1048576,3.213791847,3.065374374
12,halfway_ties.FP128.div,4,1,nearest_even,1048576,3.411086082,3.277067184
12,halfway_ties.FP128.div,5,0,nearest_even,1048576,3.392502785,3.251900673
12,halfway_ties.FP128.div,5,1,toward_zero,1048576,2.521880150,2.509262085
12,halfway_ties.FP128.div,6,0,toward_zero,1048576,3.107868195,2.968537331
12,halfway_ties.FP128.div,6,1,nearest_even,1048576,3.281964302,3.277410507
12,halfway_ties.FP128.div,7,0,nearest_even,1048576,3.406881332,3.264538765
12,halfway_ties.FP128.div,7,1,toward_zero,1048576,2.777869225,2.761631966
12,halfway_ties.FP128.div,8,0,toward_zero,1048576,2.986180305,2.844171524
12,halfway_ties.FP128.div,8,1,nearest_even,1048576,3.292589188,3.279797554
12,exact_chain.FP128.div,0,0,toward_zero,1048576,4.162121773,4.128970146
12,exact_chain.FP128.div,0,1,nearest_even,1048576,4.205021858,4.063817024
12,exact_chain.FP128.div,1,0,nearest_even,1048576,4.032999992,4.026590347
12,exact_chain.FP128.div,1,1,toward_zero,1048576,4.261089325,4.123435020
12,exact_chain.FP128.div,2,0,toward_zero,1048576,4.292046547,4.138331413
12,exact_chain.FP128.div,2,1,nearest_even,1048576,4.043701172,4.037426949
12,exact_chain.FP128.div,3,0,nearest_even,1048576,4.334574699,4.041705132
12,exact_chain.FP128.div,3,1,toward_zero,1048576,4.303349495,4.132407188
12,exact_chain.FP128.div,4,0,toward_zero,1048576,4.136267662,4.122939110
12,exact_chain.FP128.div,4,1,nearest_even,1048576,4.213325500,4.049981117
12,exact_chain.FP128.div,5,0,nearest_even,1048576,4.030591965,4.024887085
12,exact_chain.FP128.div,5,1,toward_zero,1048576,4.154860497,4.120579720
12,exact_chain.FP128.div,6,0,toward_zero,1048576,4.279204369,4.135141373
12,exact_chain.FP128.div,6,1,nearest_even,1048576,4.183257103,4.043758392
12,exact_chain.FP128.div,7,0,nearest_even,1048576,4.173997879,4.032685280
12,exact_chain.FP128.div,7,1,toward_zero,1048576,4.268742561,4.126074791
12,exact_chain.FP128.div,8,0,toward_zero,1048576,4.121314049,4.114704132
12,exact_chain.FP128.div,8,1,nearest_even,1048576,4.183801651,4.045862198
12,inexact_chain.FP128.div,0,0,toward_zero,1048576,4.313582420,4.126006126
12,inexact_chain.FP128.div,0,1,nearest_even,1048576,5.335149765,5.190301895
12,inexact_chain.FP128.div,1,0,nearest_even,1048576,5.313117027,5.166174889
12,inexact_chain.FP128.div,1,1,toward_zero,1048576,4.133658409,4.125949860
12,inexact_chain.FP128.div,2,0,toward_zero,1048576,4.298772812,4.136155128
12,inexact_chain.FP128.div,2,1,nearest_even,1048576,5.376387596,5.181683540
12,inexact_chain.FP128.div,3,0,nearest_even,1048576,5.340509415,5.165899277
12,inexact_chain.FP128.div,3,1,toward_zero,1048576,4.248342514,4.117359161
12,inexact_chain.FP128.div,4,0,toward_zero,1048576,4.296231270,4.132933617
12,inexact_chain.FP128.div,4,1,nearest_even,1048576,5.317262650,5.174007416
12,inexact_chain.FP128.div,5,0,nearest_even,1048576,5.296004295,5.162440300
12,inexact_chain.FP128.div,5,1,toward_zero,1048576,4.125823975,4.112887383
12,inexact_chain.FP128.div,6,0,toward_zero,1048576,4.254487038,4.119108200
12,inexact_chain.FP128.div,6,1,nearest_even,1048576,5.455376625,5.188688278
12,inexact_chain.FP128.div,7,0,nearest_even,1048576,5.166204453,5.157114983
12,inexact_chain.FP128.div,7,1,toward_zero,1048576,4.244024277,4.097577095
12,inexact_chain.FP128.div,8,0,toward_zero,1048576,4.261614799,4.126294136
12,inexact_chain.FP128.div,8,1,nearest_even,1048576,5.300819397,5.181633949
12,throughput4096.FP128.mul_div,0,0,toward_zero,1048576,2.859914780,2.856020927
12,throughput4096.FP128.mul_div,0,1,nearest_even,1048576,4.804587364,4.606366158
12,throughput4096.FP128.mul_div,1,0,nearest_even,1048576,4.860177040,4.559368134
12,throughput4096.FP128.mul_div,1,1,toward_zero,1048576,2.892219543,2.865729332
12,throughput4096.FP128.mul_div,2,0,toward_zero,1048576,2.891713142,2.887063980
12,throughput4096.FP128.mul_div,2,1,nearest_even,1048576,4.796982765,4.618875504
12,throughput4096.FP128.mul_div,3,0,nearest_even,1048576,4.724127769,4.577446938
12,throughput4096.FP128.mul_div,3,1,toward_zero,1048576,2.875231743,2.870886803
12,throughput4096.FP128.mul_div,4,0,toward_zero,1048576,3.047865868,2.909280777
12,throughput4096.FP128.mul_div,4,1,nearest_even,1048576,4.596831322,4.589418411
12,throughput4096.FP128.mul_div,5,0,nearest_even,1048576,4.850096703,4.580093384
12,throughput4096.FP128.mul_div,5,1,toward_zero,1048576,3.064461708,2.927556992
12,throughput4096.FP128.mul_div,6,0,toward_zero,1048576,2.895696640,2.889892578
12,throughput4096.FP128.mul_div,6,1,nearest_even,1048576,4.767582893,4.617840767
12,throughput4096.FP128.mul_div,7,0,nearest_even,1048576,4.559003830,4.550789833
12,throughput4096.FP128.mul_div,7,1,toward_zero,1048576,3.009341240,2.870936394
12,throughput4096.FP128.mul_div,8,0,toward_zero,1048576,2.900703430,2.896647453
12,throughput4096.FP128.mul_div,8,1,nearest_even,1048576,4.737838745,4.599850655
12,throughput256.FP128.mul_div,0,0,nearest_even,1048576,4.819426537,4.542877197
12,throughput256.FP128.mul_div,0,1,toward_zero,1048576,2.869116783,2.862880707
12,throughput256.FP128.mul_div,1,0,toward_zero,1048576,3.035825729,2.899122238
12,throughput256.FP128.mul_div,1,1,nearest_even,1048576,4.590649605,4.575764656
12,throughput256.FP128.mul_div,2,0,nearest_even,1048576,4.657588959,4.521592140
12,throughput256.FP128.mul_div,2,1,toward_zero,1048576,2.979960442,2.861372948
12,throughput256.FP128.mul_div,3,0,toward_zero,1048576,2.923912048,2.900432587
12,throughput256.FP128.mul_div,3,1,nearest_even,1048576,4.692090988,4.560854912
12,throughput256.FP128.mul_div,4,0,nearest_even,1048576,4.532756805,4.520329475
12,throughput256.FP128.mul_div,4,1,toward_zero,1048576,3.147071838,2.863695145
12,throughput256.FP128.mul_div,5,0,toward_zero,1048576,2.888684273,2.884377480
12,throughput256.FP128.mul_div,5,1,nearest_even,1048576,4.721940041,4.564328194
12,throughput256.FP128.mul_div,6,0,nearest_even,1048576,4.680416107,4.531276703
12,throughput256.FP128.mul_div,6,1,toward_zero,1048576,2.864797592,2.860079765
12,throughput256.FP128.mul_div,7,0,toward_zero,1048576,3.024312973,2.893595695
12,throughput256.FP128.mul_div,7,1,nearest_even,1048576,4.562396049,4.547932625
12,throughput256.FP128.mul_div,8,0,nearest_even,1048576,4.670220375,4.529205322
12,throughput256.FP128.mul_div,8,1,toward_zero,1048576,3.001209259,2.857715607
12,exact_results.FP128.mul_div,0,0,toward_zero,1048576,2.911175728,2.894156456
12,exact_results.FP128.mul_div,0,1,nearest_even,1048576,2.978546143,2.973399162
12,exact_results.FP128.mul_div,1,0,nearest_even,1048576,3.152756691,2.998708725
12,exact_results.FP128.mul_div,1,1,toward_zero,1048576,2.896041870,2.891812325
12,exact_results.FP128.mul_div,2,0,toward_zero,1048576,3.031412125,2.891839981
12,exact_results.FP128.mul_div,2,1,nearest_even,1048576,2.966678619,2.963558197
12,exact_results.FP128.mul_div,3,0,nearest_even,1048576,3.130475998,2.984162331
12,exact_results.FP128.mul_div,3,1,toward_zero,1048576,2.905873299,2.892347336
12,exact_results.FP128.mul_div,4,0,toward_zero,1048576,3.050769806,2.893733978
12,exact_results.FP128.mul_div,4,1,nearest_even,1048576,3.122964859,2.967676163
12,exact_results.FP128.mul_div,5,0,nearest_even,1048576,3.149861336,2.995242119
12,exact_results.FP128.mul_div,5,1,toward_zero,1048576,2.902347565,2.886292458
12,exact_results.FP128.mul_div,6,0,toward_zero,1048576,2.878451347,2.873831749
12,exact_results.FP128.mul_div,6,1,nearest_even,1048576,3.174530983,3.003954887
12,exact_results.FP128.mul_div,7,0,nearest_even,1048576,3.032874107,3.028570175
12,exact_results.FP128.mul_div,7,1,toward_zero,1048576,3.043737411,2.892272949
12,exact_results.FP128.mul_div,8,0,toward_zero,1048576,2.897761345,2.893733025
12,exact_results.FP128.mul_div,8,1,nearest_even,1048576,3.113162041,2.972846985
12,halfway_ties.FP128.mul_div,0,0,nearest_even,1048576,4.725111961,4.586741447
12,halfway_ties.FP128.mul_div,0,1,toward_zero,1048576,3.061251640,2.877223969
12,halfway_ties.FP128.mul_div,1,0,toward_zero,1048576,2.903350830,2.897660255
12,halfway_ties.FP128.mul_div,1,1,nearest_even,1048576,4.767095566,4.621483803
12,halfway_ties.FP128.mul_div,2,0,nearest_even,1048576,4.700450897,4.550083160
12,halfway_ties.FP128.mul_div,2,1,toward_zero,1048576,2.864806175,2.859795570
12,halfway_ties.FP128.mul_div,3,0,toward_zero,1048576,3.032835960,2.892174721
12,halfway_ties.FP128.mul_div,3,1,nearest_even,1048576,4.682001114,4.563133240
12,halfway_ties.FP128.mul_div,4,0,nearest_even,1048576,4.565214157,4.538043022
12,halfway_ties.FP128.mul_div,4,1,toward_zero,1048576,3.112167358,2.860243797
12,halfway_ties.FP128.mul_div,5,0,toward_zero,1048576,2.914100647,2.893820763
12,halfway_ties.FP128.mul_div,5,1,nearest_even,1048576,4.736673355,4.581486702
12,halfway_ties.FP128.mul_div,6,0,nearest_even,1048576,4.681246758,4.542999268
12,halfway_ties.FP128.mul_div,6,1,toward_zero,1048576,2.896510124,2.872120857
12,halfway_ties.FP128.mul_div,7,0,toward_zero,1048576,2.899347305,2.884273529
12,halfway_ties.FP128.mul_div,7,1,nearest_even,1048576,4.755782127,4.569384575
12,halfway_ties.FP128.mul_div,8,0,nearest_even,1048576,4.715720177,4.537883759
12,halfway_ties.FP128.mul_div,8,1,toward_zero,1048576,2.889869690,2.874940872
12,exact_chain.FP128.mul_div,0,0,toward_zero,1048576,3.887454033,3.750328064
12,exact_chain.FP128.mul_div,0,1,nearest_even,1048576,3.777995110,3.771205902
12,exact_chain.FP128.mul_div,1,0,nearest_even,1048576,3.949443817,3.780817986
12,exact_chain.FP128.mul_div,1,1,toward_zero,1048576,4.029110909,3.764696121
12,exact_chain.FP128.mul_div,2,0,toward_zero,1048576,3.772444725,3.756567001
12,exact_chain.FP128.mul_div,2,1,nearest_even,1048576,3.927726746,3.778322220
12,exact_chain.FP128.mul_div,3,0,nearest_even,1048576,3.777641296,3.772282600
12,exact_chain.FP128.mul_div,3,1,toward_zero,1048576,3.899617195,3.759804726
12,exact_chain.FP128.mul_div,4,0,toward_zero,1048576,3.763796806,3.757902145
12,exact_chain.FP128.mul_div,4,1,nearest_even,1048576,3.907471657,3.773638725
12,exact_chain.FP128.mul_div,5,0,nearest_even,1048576,3.905216217,3.777207375
12,exact_chain.FP128.mul_div,5,1,toward_zero,1048576,3.911761284,3.763568878
12,exact_chain.FP128.mul_div,6,0,toward_zero,1048576,3.886049271,3.764429092
12,exact_chain.FP128.mul_div,6,1,nearest_even,1048576,3.778004646,3.772972107
12,exact_chain.FP128.mul_div,7,0,nearest_even,1048576,3.909458160,3.784103394
12,exact_chain.FP128.mul_div,7,1,toward_zero,1048576,3.880823135,3.766514778
12,exact_chain.FP128.mul_div,8,0,toward_zero,1048576,3.773867607,3.764373779
12,exact_chain.FP128.mul_div,8,1,nearest_even,1048576,3.874660492,3.793197632
12,inexact_chain.FP128.mul_div,0,0,nearest_even,1048576,5.057060242,4.889606476
12,inexact_chain.FP128.mul_div,0,1,toward_zero,1048576,3.769903183,3.755064011
12,inexact_chain.FP128.mul_div,1,0,toward_zero,1048576,3.923542023,3.763323784
12,inexact_chain.FP128.mul_div,1,1,nearest_even,1048576,5.229618073,4.910446167
12,inexact_chain.FP128.mul_div,2,0,nearest_even,1048576,4.914275169,4.895767212
12,inexact_chain.FP128.mul_div,2,1,toward_zero,1048576,3.908072472,3.764352798
12,inexact_chain.FP128.mul_div,3,0,toward_zero,1048576,3.890129089,3.765739441
12,inexact_chain.FP128.mul_div,3,1,nearest_even,1048576,4.941926956,4.906153679
12,inexact_chain.FP128.mul_div,4,0,nearest_even,1048576,5.041066170,4.900909424
12,inexact_chain.FP128.mul_div,4,1,toward_zero,1048576,3.887128830,3.761602402
12,inexact_chain.FP128.mul_div,5,0,toward_zero,1048576,3.792040825,3.765110016
12,inexact_chain.FP128.mul_div,5,1,nearest_even,1048576,5.180373192,4.912479401
12,inexact_chain.FP128.mul_div,6,0,nearest_even,1048576,5.049559593,4.902589798
12,inexact_chain.FP128.mul_div,6,1,toward_zero,1048576,3.776447296,3.755133629
12,inexact_chain.FP128.mul_div,7,0,toward_zero,1048576,3.925108910,3.772206306
12,inexact_chain.FP128.mul_div,7,1,nearest_even,1048576,5.047103882,4.904319763
12,inexact_chain.FP128.mul_div,8,0,nearest_even,1048576,4.914562225,4.894966125
12,inexact_chain.FP128.mul_div,8,1,toward_zero,1048576,4.041083336,3.764687538
12,wide_product.FP128.mul,0,0,toward_zero,1048576,6.295050621,6.118220329
12,wide_product.FP128.mul,0,1,nearest_even,1048576,7.572854042,7.386090279
12,wide_product.FP128.mul,1,0,nearest_even,1048576,7.529695511,7.352564812
12,wide_product.FP128.mul,1,1,toward_zero,1048576,6.249895096,6.079430580
12,wide_product.FP128.mul,2,0,toward_zero,1048576,6.396779060,6.071984291
12,wide_product.FP128.mul,2,1,nearest_even,1048576,7.498309135,7.338599205
12,wide_product.FP128.mul,3,0,nearest_even,1048576,7.608617783,7.333437920
12,wide_product.FP128.mul,3,1,toward_zero,1048576,6.190101624,6.055597305
12,wide_product.FP128.mul,4,0,toward_zero,1048576,6.346130371,6.073324203
12,wide_product.FP128.mul,4,1,nearest_even,1048576,7.507338524,7.343460083
12,wide_product.FP128.mul,5,0,nearest_even,1048576,7.510175705,7.336287498
12,wide_product.FP128.mul,5,1,toward_zero,1048576,6.191965103,6.057568550
12,wide_product.FP128.mul,6,0,toward_zero,1048576,6.220084190,6.068834305
12,wide_product.FP128.mul,6,1,nearest_even,1048576,7.677306175,7.392512321
12,wide_product.FP128.mul,7,0,nearest_even,1048576,7.502771378,7.348819733
12,wide_product.FP128.mul,7,1,toward_zero,1048576,6.226257324,6.073943138
12,wide_product.FP128.mul,8,0,toward_zero,1048576,6.202867508,6.059401512
12,wide_product.FP128.mul,8,1,nearest_even,1048576,7.680822372,7.378984451
12,native_by64.FP128.div,0,0,toward_zero,1048576,4.242839813,4.098917961
12,native_by64.FP128.div,0,1,nearest_even,1048576,6.535284042,6.373562813
12,native_by64.FP128.div,1,0,nearest_even,1048576,6.551927567,6.364894867
12,native_by64.FP128.div,1,1,toward_zero,1048576,4.074639320,4.059161186
12,native_by64.FP128.div,2,0,toward_zero,1048576,4.204831123,4.038841248
12,native_by64.FP128.div,2,1,nearest_even,1048576,6.664672852,6.374188423
12,native_by64.FP128.div,3,0,nearest_even,1048576,6.525567055,6.368800163
12,native_by64.FP128.div,3,1,toward_zero,1048576,4.176874161,4.042662621
12,native_by64.FP128.div,4,0,toward_zero,1048576,4.057651520,4.033268929
12,native_by64.FP128.div,4,1,nearest_even,1048576,6.529340744,6.381509781
12,native_by64.FP128.div,5,0,nearest_even,1048576,6.520961761,6.378297806
12,native_by64.FP128.div,5,1,toward_zero,1048576,4.298190117,4.035755157
12,native_by64.FP128.div,6,0,toward_zero,1048576,4.105041504,4.093331337
12,native_by64.FP128.div,6,1,nearest_even,1048576,6.521228790,6.376179695
12,native_by64.FP128.div,7,0,nearest_even,1048576,6.527133942,6.379836082
12,native_by64.FP128.div,7,1,toward_zero,1048576,4.180734634,4.041837692
12,native_by64.FP128.div,8,0,toward_zero,1048576,4.171141624,4.039204597
12,native_by64.FP128.div,8,1,nearest_even,1048576,6.698343277,6.382511139
12,native_by128.FP128.div,0,0,toward_zero,1048576,8.641870499,8.439564705
12,native_by128.FP128.div,0,1,nearest_even,1048576,10.606874466,10.279828072
12,native_by128.FP128.div,1,0,nearest_even,1048576,10.539496422,10.233878136
12,native_by128.FP128.div,1,1,toward_zero,1048576,8.703975677,8.428850174
12,native_by128.FP128.div,2,0,toward_zero,1048576,8.643723488,8.468645096
12,native_by128.FP128.div,2,1,nearest_even,1048576,10.546365738,10.278023720
12,native_by128.FP128.div,3,0,nearest_even,1048576,10.565637589,10.258129120
12,native_by128.FP128.div,3,1,toward_zero,1048576,8.613253593,8.457724571
12,native_by128.FP128.div,4,0,toward_zero,1048576,8.744132996,8.471371651
12,native_by128.FP128.div,4,1,nearest_even,1048576,12.442796707,10.263052940
12,native_by128.FP128.div,5,0,nearest_even,1048576,10.450990677,10.277484894
12,native_by128.FP128.div,5,1,toward_zero,1048576,8.740741730,8.478027344
12,native_by128.FP128.div,6,0,toward_zero,1048576,8.761743546,8.436592102
12,native_by128.FP128.div,6,1,nearest_even,1048576,10.430209160,10.253601074
12,native_by128.FP128.div,7,0,nearest_even,1048576,10.723700523,10.240616798
12,native_by128.FP128.div,7,1,toward_zero,1048576,8.771803856,8.469929695
12,native_by128.FP128.div,8,0,toward_zero,1048576,8.781091690,8.498161316
12,native_by128.FP128.div,8,1,nearest_even,1048576,10.425832748,10.254987717
12,wide_by64.FP128.div,0,0,toward_zero,1048576,6.997319221,6.843271255
12,wide_by64.FP128.div,0,1,nearest_even,1048576,8.532478333,8.086864471
12,wide_by64.FP128.div,1,0,nearest_even,1048576,8.210801125,8.053901672
12,wide_by64.FP128.div,1,1,toward_zero,1048576,6.953969002,6.802516937
12,wide_by64.FP128.div,2,0,toward_zero,1048576,6.931391716,6.789692879
12,wide_by64.FP128.div,2,1,nearest_even,1048576,8.384887695,8.052491188
12,wide_by64.FP128.div,3,0,nearest_even,1048576,8.352267265,8.040953636
12,wide_by64.FP128.div,3,1,toward_zero,1048576,6.950854301,6.781208992
12,wide_by64.FP128.div,4,0,toward_zero,1048576,6.904418945,6.756541252
12,wide_by64.FP128.div,4,1,nearest_even,1048576,8.364277840,8.063317299
12,wide_by64.FP128.div,5,0,nearest_even,1048576,8.201638222,8.051116943
12,wide_by64.FP128.div,5,1,toward_zero,1048576,6.927445412,6.774273872
12,wide_by64.FP128.div,6,0,toward_zero,1048576,6.935921669,6.790364265
12,wide_by64.FP128.div,6,1,nearest_even,1048576,8.530548096,8.059167862
12,wide_by64.FP128.div,7,0,nearest_even,1048576,8.219429016,8.044085503
12,wide_by64.FP128.div,7,1,toward_zero,1048576,6.904466629,6.735986710
12,wide_by64.FP128.div,8,0,toward_zero,1048576,6.908642769,6.758085251
12,wide_by64.FP128.div,8,1,nearest_even,1048576,8.337592125,8.057330132
12,wide_by128.FP128.div,0,0,nearest_even,1048576,14.827987671,14.375706673
12,wide_by128.FP128.div,0,1,toward_zero,1048576,12.760747910,12.466499329
12,wide_by128.FP128.div,1,0,toward_zero,1048576,12.886458397,12.405499458
12,wide_by128.FP128.div,1,1,nearest_even,1048576,14.611956596,14.281530380
12,wide_by128.FP128.div,2,0,nearest_even,1048576,14.698197365,14.246807098
12,wide_by128.FP128.div,2,1,toward_zero,1048576,12.761588097,12.454668999
12,wide_by128.FP128.div,3,0,toward_zero,1048576,12.832722664,12.416115761
12,wide_by128.FP128.div,3,1,nearest_even,1048576,14.619858742,14.303559303
12,wide_by128.FP128.div,4,0,nearest_even,1048576,14.686740875,14.243883133
12,wide_by128.FP128.div,4,1,toward_zero,1048576,12.758807182,12.424447060
12,wide_by128.FP128.div,5,0,toward_zero,1048576,12.733554840,12.409045219
12,wide_by128.FP128.div,5,1,nearest_even,1048576,14.731629372,14.269024849
12,wide_by128.FP128.div,6,0,nearest_even,1048576,14.697241783,14.268115044
12,wide_by128.FP128.div,6,1,toward_zero,1048576,12.815781593,12.400157928
12,wide_by128.FP128.div,7,0,toward_zero,1048576,12.539538383,12.367579460
12,wide_by128.FP128.div,7,1,nearest_even,1048576,14.824624062,14.265335083
12,wide_by128.FP128.div,8,0,nearest_even,1048576,14.547538757,14.249215126
12,wide_by128.FP128.div,8,1,toward_zero,1048576,12.724306107,12.409744263
12,wide_product.FP128.mul_div,0,0,nearest_even,1048576,13.821994781,13.469508171
12,wide_product.FP128.mul_div,0,1,toward_zero,1048576,12.910297394,12.616081238
12,wide_product.FP128.mul_div,1,0,toward_zero,1048576,13.067003250,12.643498421
12,wide_product.FP128.mul_div,1,1,nearest_even,1048576,13.699695587,13.402301788
12,wide_product.FP128.mul_div,2,0,nearest_even,1048576,13.780460358,13.371911049
12,wide_product.FP128.mul_div,2,1,toward_zero,1048576,12.973750114,12.673021317
12,wide_product.FP128.mul_div,3,0,toward_zero,1048576,13.017930031,12.642181396
12,wide_product.FP128.mul_div,3,1,nearest_even,1048576,13.841868401,13.343505859
12,wide_product.FP128.mul_div,4,0,nearest_even,1048576,13.668308258,13.376168251
12,wide_product.FP128.mul_div,4,1,toward_zero,1048576,13.063220024,12.633168221
12,wide_product.FP128.mul_div,5,0,toward_zero,1048576,12.917195320,12.629370689
12,wide_product.FP128.mul_div,5,1,nearest_even,1048576,13.783069611,13.351757050
12,wide_product.FP128.mul_div,6,0,nearest_even,1048576,13.666531563,13.348840714
12,wide_product.FP128.mul_div,6,1,toward_zero,1048576,12.934480667,12.644538879
12,wide_product.FP128.mul_div,7,0,toward_zero,1048576,13.110401154,12.651389122
12,wide_product.FP128.mul_div,7,1,nearest_even,1048576,13.689586639,13.361570358
12,wide_product.FP128.mul_div,8,0,nearest_even,1048576,13.966184616,13.363418579
12,wide_product.FP128.mul_div,8,1,toward_zero,1048576,12.848096848,12.663483620
12,throughput4096.FP64.mul_wide,0,0,nearest_even,1048576,2.407796860,2.385454178
12,throughput4096.FP64.mul_wide,0,1,toward_zero,1048576,2.542260170,2.537898064
12,throughput4096.FP64.mul_wide,1,0,toward_zero,1048576,2.669815063,2.535570145
12,throughput4096.FP64.mul_wide,1,1,nearest_even,1048576,2.391650200,2.371359825
12,throughput4096.FP64.mul_wide,2,0,nearest_even,1048576,2.514331818,2.380152702
12,throughput4096.FP64.mul_wide,2,1,toward_zero,1048576,2.687654495,2.540927887
12,throughput4096.FP64.mul_wide,3,0,toward_zero,1048576,2.524956703,2.522803307
12,throughput4096.FP64.mul_wide,3,1,nearest_even,1048576,2.494095802,2.367110252
12,throughput4096.FP64.mul_wide,4,0,nearest_even,1048576,2.398146629,2.377349854
12,throughput4096.FP64.mul_wide,4,1,toward_zero,1048576,2.531301498,2.528306961
12,throughput4096.FP64.mul_wide,5,0,toward_zero,1048576,2.664751053,2.522842407
12,throughput4096.FP64.mul_wide,5,1,nearest_even,1048576,2.366435051,2.363706589
12,throughput4096.FP64.mul_wide,6,0,nearest_even,1048576,2.381836891,2.377484322
12,throughput4096.FP64.mul_wide,6,1,toward_zero,1048576,2.675690651,2.534830093
12,throughput4096.FP64.mul_wide,7,0,toward_zero,1048576,2.523848534,2.521112442
12,throughput4096.FP64.mul_wide,7,1,nearest_even,1048576,2.502838135,2.370034218
12,throughput4096.FP64.mul_wide,8,0,nearest_even,1048576,2.556888580,2.383513451
12,throughput4096.FP64.mul_wide,8,1,toward_zero,1048576,2.538170815,2.526786804
12,fullrange.FP64.mul_wide,0,0,toward_zero,1048576,2.544219017,2.517044067
12,fullrange.FP64.mul_wide,0,1,nearest_even,1048576,3.095504761,3.091228485
12,fullrange.FP64.mul_wide,1,0,nearest_even,1048576,3.227090836,3.085150719
12,fullrange.FP64.mul_wide,1,1,toward_zero,1048576,2.509831429,2.505583763
12,fullrange.FP64.mul_wide,2,0,toward_zero,1048576,2.668630600,2.531093597
12,fullrange.FP64.mul_wide,2,1,nearest_even,1048576,3.111031532,3.088351250
12,fullrange.FP64.mul_wide,3,0,nearest_even,1048576,3.238518715,3.079800606
12,fullrange.FP64.mul_wide,3,1,toward_zero,1048576,2.521613121,2.508996010
12,fullrange.FP64.mul_wide,4,0,toward_zero,1048576,2.519672394,2.515310287
12,fullrange.FP64.mul_wide,4,1,nearest_even,1048576,3.272323608,3.103784561
12,fullrange.FP64.mul_wide,5,0,nearest_even,1048576,3.221760750,3.080439568
12,fullrange.FP64.mul_wide,5,1,toward_zero,1048576,2.652263641,2.509139061
12,fullrange.FP64.mul_wide,6,0,toward_zero,1048576,2.539135933,2.523606300
12,fullrange.FP64.mul_wide,6,1,nearest_even,1048576,3.229452133,3.096119881
12,fullrange.FP64.mul_wide,7,0,nearest_even,1048576,3.096231461,3.079866409
12,fullrange.FP64.mul_wide,7,1,toward_zero,1048576,2.507137299,2.504237175
12,fullrange.FP64.mul_wide,8,0,toward_zero,1048576,2.667828560,2.527562141
12,fullrange.FP64.mul_wide,8,1,nearest_even,1048576,3.089351654,3.085772514
12,throughput4096.FP64.quantize4,0,0,nearest_even,1048576,4.869120598,4.715538025
12,throughput4096.FP64.quantize4,0,1,toward_zero,1048576,4.008176804,3.736434937
12,throughput4096.FP64.quantize4,1,0,toward_zero,1048576,3.740875244,3.724368095
12,throughput4096.FP64.quantize4,1,1,nearest_even,1048576,4.863998413,4.723690987
12,throughput4096.FP64.quantize4,2,0,nearest_even,1048576,4.856097221,4.718062401
12,throughput4096.FP64.quantize4,2,1,toward_zero,1048576,3.714083672,3.708592415
12,throughput4096.FP64.quantize4,3,0,toward_zero,1048576,3.882398605,3.742169380
12,throughput4096.FP64.quantize4,3,1,nearest_even,1048576,4.846208572,4.708068848
12,throughput4096.FP64.quantize4,4,0,nearest_even,1048576,4.860138893,4.685174942
12,throughput4096.FP64.quantize4,4,1,toward_zero,1048576,3.874755859,3.718939781
12,throughput4096.FP64.quantize4,5,0,toward_zero,1048576,3.853906631,3.729594231
12,throughput4096.FP64.quantize4,5,1,nearest_even,1048576,4.733434677,4.702828407
12,throughput4096.FP64.quantize4,6,0,nearest_even,1048576,4.836147308,4.693449974
12,throughput4096.FP64.quantize4,6,1,toward_zero,1048576,3.878558159,3.749057770
12,throughput4096.FP64.quantize4,7,0,toward_zero,1048576,3.730097771,3.713798523
12,throughput4096.FP64.quantize4,7,1,nearest_even,1048576,4.858352661,4.712176323
12,throughput4096.FP64.quantize4,8,0,nearest_even,1048576,4.954319000,4.691039085
12,throughput4096.FP64.quantize4,8,1,toward_zero,1048576,3.739547729,3.722008705
12,throughput4096.FP128.quantize4,0,0,toward_zero,1048576,8.012933731,7.828580856
12,throughput4096.FP128.quantize4,0,1,nearest_even,1048576,7.998305321,7.677187920
12,throughput4096.FP128.quantize4,1,0,nearest_even,1048576,7.861119270,7.674505234
12,throughput4096.FP128.quantize4,1,1,toward_zero,1048576,7.653983116,7.375432014
12,throughput4096.FP128.quantize4,2,0,toward_zero,1048576,7.161000252,7.014123917
12,throughput4096.FP128.quantize4,2,1,nearest_even,1048576,8.458066940,8.305290222
12,throughput4096.FP128.quantize4,3,0,nearest_even,1048576,8.109645844,7.675571442
12,throughput4096.FP128.quantize4,3,1,toward_zero,1048576,6.859139442,6.698625565
12,throughput4096.FP128.quantize4,4,0,toward_zero,1048576,7.409976006,7.252482414
12,throughput4096.FP128.quantize4,4,1,nearest_even,1048576,6.592000008,6.357372284
12,throughput4096.FP128.quantize4,5,0,nearest_even,1048576,7.401806831,7.230609894
12,throughput4096.FP128.quantize4,5,1,toward_zero,1048576,6.460413933,6.158625603
12,throughput4096.FP128.quantize4,6,0,toward_zero,1048576,6.999076843,6.799200058
12,throughput4096.FP128.quantize4,6,1,nearest_even,1048576,7.468269348,7.297591209
12,throughput4096.FP128.quantize4,7,0,nearest_even,1048576,7.949203491,7.785909653
12,throughput4096.FP128.quantize4,7,1,toward_zero,1048576,7.094241142,6.817000389
12,throughput4096.FP128.quantize4,8,0,toward_zero,1048576,7.316149712,7.179151535
12,throughput4096.FP128.quantize4,8,1,nearest_even,1048576,7.698279381,7.429734230
12,parse_extra_digit.FP64,0,0,nearest_even,1048576,33.978434563,33.090331078
12,parse_extra_digit.FP64,0,1,toward_zero,1048576,33.326098442,32.434949875
12,parse_extra_digit.FP64,1,0,toward_zero,1048576,33.572284698,32.600065231
12,parse_extra_digit.FP64,1,1,nearest_even,1048576,34.075242043,33.065195084
12,parse_extra_digit.FP64,2,0,nearest_even,1048576,34.133707047,33.221427917
12,parse_extra_digit.FP64,2,1,toward_zero,1048576,34.054039955,32.929207802
12,parse_extra_digit.FP64,3,0,toward_zero,1048576,33.395551682,32.468569756
12,parse_extra_digit.FP64,3,1,nearest_even,1048576,33.989775658,32.984212875
12,parse_extra_digit.FP64,4,0,nearest_even,1048576,34.016958237,33.037459373
12,parse_extra_digit.FP64,4,1,toward_zero,1048576,33.363026619,32.459760666
12,parse_extra_digit.FP64,5,0,toward_zero,1048576,33.483883858,32.539088249
12,parse_extra_digit.FP64,5,1,nearest_even,1048576,34.000926018,33.031954765
12,parse_extra_digit.FP64,6,0,nearest_even,1048576,33.943999290,33.012104988
12,parse_extra_digit.FP64,6,1,toward_zero,1048576,33.497834206,32.514493942
12,parse_extra_digit.FP64,7,0,toward_zero,1048576,33.550012589,32.551420212
12,parse_extra_digit.FP64,7,1,nearest_even,1048576,33.955684662,33.046927452
12,parse_extra_digit.FP64,8,0,nearest_even,1048576,33.850028992,32.988591194
12,parse_extra_digit.FP64,8,1,toward_zero,1048576,33.377407074,32.480543137
12,format_2digits.FP64,0,0,nearest_even,1048576,16.368401527,15.837691307
12,format_2digits.FP64,0,1,toward_zero,1048576,14.742454529,14.438425064
12,format_2digits.FP64,1,0,toward_zero,1048576,15.109363556,14.519216537
12,format_2digits.FP64,1,1,nearest_even,1048576,16.246332169,15.906959534
12,format_2digits.FP64,2,0,nearest_even,1048576,16.413681984,15.843095779
12,format_2digits.FP64,2,1,toward_zero,1048576,14.779020309,14.455021858
12,format_2digits.FP64,3,0,toward_zero,1048576,14.965048790,14.447611809
12,format_2digits.FP64,3,1,nearest_even,1048576,16.233136177,15.907694817
12,format_2digits.FP64,4,0,nearest_even,1048576,16.477498055,15.911733627
12,format_2digits.FP64,4,1,toward_zero,1048576,14.752142906,14.469764709
12,format_2digits.FP64,5,0,toward_zero,1048576,14.959536552,14.533954620
12,format_2digits.FP64,5,1,nearest_even,1048576,16.379551888,15.955045700
12,format_2digits.FP64,6,0,nearest_even,1048576,16.386995316,15.915577888
12,format_2digits.FP64,6,1,toward_zero,1048576,14.923067093,14.448749542
12,format_2digits.FP64,7,0,toward_zero,1048576,14.939825058,14.455610275
12,format_2digits.FP64,7,1,nearest_even,1048576,16.159689903,15.852169037
12,format_2digits.FP64,8,0,nearest_even,1048576,16.399044037,15.839721680
12,format_2digits.FP64,8,1,toward_zero,1048576,14.697719574,14.429086685
12,parse_extra_digit.FP128,0,0,nearest_even,1048576,34.337356567,33.364016533
12,parse_extra_digit.FP128,0,1,toward_zero,1048576,33.997056007,32.833676338
12,parse_extra_digit.FP128,1,0,toward_zero,1048576,33.675207138,32.763317108
12,parse_extra_digit.FP128,1,1,nearest_even,1048576,34.101240158,33.209721565
12,parse_extra_digit.FP128,2,0,nearest_even,1048576,34.383351326,33.447192192
12,parse_extra_digit.FP128,2,1,toward_zero,1048576,33.866864204,32.857843399
12,parse_extra_digit.FP128,3,0,toward_zero,1048576,33.850640297,32.978243828
12,parse_extra_digit.FP128,3,1,nearest_even,1048576,34.255969048,33.290049553
12,parse_extra_digit.FP128,4,0,nearest_even,1048576,34.365666389,33.338127136
12,parse_extra_digit.FP128,4,1,toward_zero,1048576,33.721241951,32.854294777
12,parse_extra_digit.FP128,5,0,toward_zero,1048576,33.738592148,32.778740883
12,parse_extra_digit.FP128,5,1,nearest_even,1048576,34.111072540,33.153469086
12,parse_extra_digit.FP128,6,0,nearest_even,1048576,34.216050148,33.319186211
12,parse_extra_digit.FP128,6,1,toward_zero,1048576,33.819578171,32.858213425
12,parse_extra_digit.FP128,7,0,toward_zero,1048576,33.851596832,32.810315132
12,parse_extra_digit.FP128,7,1,nearest_even,1048576,34.075194359,33.201103210
12,parse_extra_digit.FP128,8,0,nearest_even,1048576,34.252194405,33.187390327
12,parse_extra_digit.FP128,8,1,toward_zero,1048576,33.674271584,32.729651451
12,format_2digits.FP128,0,0,toward_zero,1048576,14.609816551,14.311572075
12,format_2digits.FP128,0,1,nearest_even,1048576,16.172616959,15.726322174
12,format_2digits.FP128,1,0,nearest_even,1048576,16.129143715,15.707858086
12,format_2digits.FP128,1,1,toward_zero,1048576,14.854511261,14.326779366
12,format_2digits.FP128,2,0,toward_zero,1048576,14.672523499,14.329494476
12,format_2digits.FP128,2,1,nearest_even,1048576,16.299751282,15.727236748
12,format_2digits.FP128,3,0,nearest_even,1048576,16.003108025,15.711977959
12,format_2digits.FP128,3,1,toward_zero,1048576,14.758123398,14.320219040
12,format_2digits.FP128,4,0,toward_zero,1048576,14.750776291,14.331743240
12,format_2digits.FP128,4,1,nearest_even,1048576,16.209144592,15.729376793
12,format_2digits.FP128,5,0,nearest_even,1048576,15.986998558,15.695715904
12,format_2digits.FP128,5,1,toward_zero,1048576,14.936758041,14.320979118
12,format_2digits.FP128,6,0,toward_zero,1048576,14.635145187,14.285170555
12,format_2digits.FP128,6,1,nearest_even,1048576,16.143265724,15.712069511
12,format_2digits.FP128,7,0,nearest_even,1048576,16.106632233,15.671581268
12,format_2digits.FP128,7,1,toward_zero,1048576,14.749161720,14.278182983
12,format_2digits.FP128,8,0,toward_zero,1048576,14.585566521,14.296121597
12,format_2digits.FP128,8,1,nearest_even,1048576,16.310004234,15.710448265
