digits,workload,pair_index,order_slot,mode,iterations,ns_per_op,cpu_ns_per_op
12,throughput4096.FP64.mul,0,0,nearest_even,1048576,2.649973869,2.644299507
12,throughput4096.FP64.mul,0,1,toward_zero,1048576,2.615911484,2.612674713
12,throughput4096.FP64.mul,1,0,toward_zero,1048576,2.586397171,2.582395554
12,throughput4096.FP64.mul,1,1,nearest_even,1048576,2.640046120,2.630598068
12,throughput4096.FP64.mul,2,0,nearest_even,1048576,2.628398895,2.624148369
12,throughput4096.FP64.mul,2,1,toward_zero,1048576,2.575016975,2.572057724
12,throughput4096.FP64.mul,3,0,toward_zero,1048576,2.575819969,2.567593575
12,throughput4096.FP64.mul,3,1,nearest_even,1048576,2.615356445,2.610980988
12,throughput4096.FP64.mul,4,0,nearest_even,1048576,2.635545731,2.630625725
12,throughput4096.FP64.mul,4,1,toward_zero,1048576,2.570794106,2.567756653
12,throughput4096.FP64.mul,5,0,toward_zero,1048576,2.563923836,2.559820175
12,throughput4096.FP64.mul,5,1,nearest_even,1048576,2.609891891,2.606290817
12,throughput4096.FP64.mul,6,0,nearest_even,1048576,2.621633530,2.617976189
12,throughput4096.FP64.mul,6,1,toward_zero,1048576,2.573163033,2.568283081
12,throughput4096.FP64.mul,7,0,toward_zero,1048576,2.568032265,2.562874794
12,throughput4096.FP64.mul,7,1,nearest_even,1048576,2.612519264,2.608278275
12,throughput4096.FP64.mul,8,0,nearest_even,1048576,2.622092247,2.619267464
12,throughput4096.FP64.mul,8,1,toward_zero,1048576,2.572733879,2.568043709
12,throughput256.FP64.mul,0,0,nearest_even,1048576,2.613789558,2.608755112
12,throughput256.FP64.mul,0,1,toward_zero,1048576,2.598817825,2.593668938
12,throughput256.FP64.mul,1,0,toward_zero,1048576,2.565690994,2.563532829
12,throughput256.FP64.mul,1,1,nearest_even,1048576,2.616703987,2.612052917
12,throughput256.FP64.mul,2,0,nearest_even,1048576,2.620630264,2.615557671
12,throughput256.FP64.mul,2,1,toward_zero,1048576,2.573602676,2.570632935
12,throughput256.FP64.mul,3,0,toward_zero,1048576,2.560139656,2.555688858
12,throughput256.FP64.mul,3,1,nearest_even,1048576,2.606490135,2.602535248
12,throughput256.FP64.mul,4,0,nearest_even,1048576,2.615051270,2.610323906
12,throughput256.FP64.mul,4,1,toward_zero,1048576,2.578055382,2.574122429
12,throughput256.FP64.mul,5,0,toward_zero,1048576,2.572848320,2.568454742
12,throughput256.FP64.mul,5,1,nearest_even,1048576,2.607339859,2.602916718
12,throughput256.FP64.mul,6,0,nearest_even,1048576,2.616465569,2.613600731
12,throughput256.FP64.mul,6,1,toward_zero,1048576,2.585011482,2.580121040
12,throughput256.FP64.mul,7,0,toward_zero,1048576,2.569751740,2.562750816
12,throughput256.FP64.mul,7,1,nearest_even,1048576,2.613121033,2.608775139
12,throughput256.FP64.mul,8,0,nearest_even,1048576,2.642100334,2.638892174
12,throughput256.FP64.mul,8,1,toward_zero,1048576,2.588727951,2.583848000
12,exact_results.FP64.mul,0,0,nearest_even,1048576,2.601282120,2.597511292
12,exact_results.FP64.mul,0,1,toward_zero,1048576,2.544776917,2.541796684
12,exact_results.FP64.mul,1,0,toward_zero,1048576,2.531504631,2.526537895
12,exact_results.FP64.mul,1,1,nearest_even,1048576,2.565624237,2.559903145
12,exact_results.FP64.mul,2,0,nearest_even,1048576,2.555974007,2.552718163
12,exact_results.FP64.mul,2,1,toward_zero,1048576,2.528342247,2.524138451
12,exact_results.FP64.mul,3,0,toward_zero,1048576,2.521863937,2.517918587
12,exact_results.FP64.mul,3,1,nearest_even,1048576,2.547212601,2.544470787
12,exact_results.FP64.mul,4,0,nearest_even,1048576,2.549009323,2.544357300
12,exact_results.FP64.mul,4,1,toward_zero,1048576,2.546390533,2.540575027
12,exact_results.FP64.mul,5,0,toward_zero,1048576,2.544508934,2.539521217
12,exact_results.FP64.mul,5,1,nearest_even,1048576,2.556098938,2.550103188
12,exact_results.FP64.mul,6,0,nearest_even,1048576,2.557608604,2.552240372
12,exact_results.FP64.mul,6,1,toward_zero,1048576,2.519866943,2.516297340
12,exact_results.FP64.mul,7,0,toward_zero,1048576,2.534954071,2.530492783
12,exact_results.FP64.mul,7,1,nearest_even,1048576,2.541937828,2.537820816
12,exact_results.FP64.mul,8,0,nearest_even,1048576,2.546448708,2.543364525
12,exact_results.FP64.mul,8,1,toward_zero,1048576,2.543123245,2.539101601
12,halfway_ties.FP64.mul,0,0,nearest_even,1048576,2.675924301,2.673726082
12,halfway_ties.FP64.mul,0,1,toward_zero,1048576,2.558907509,2.554839134
12,halfway_ties.FP64.mul,1,0,toward_zero,1048576,2.548177719,2.544499397
12,halfway_ties.FP64.mul,1,1,nearest_even,1048576,2.659298897,2.654847145
12,halfway_ties.FP64.mul,2,0,nearest_even,1048576,2.661553383,2.658364296
12,halfway_ties.FP64.mul,2,1,toward_zero,1048576,2.549305916,2.545445442
12,halfway_ties.FP64.mul,3,0,toward_zero,1048576,2.546438217,2.542988777
12,halfway_ties.FP64.mul,3,1,nearest_even,1048576,2.656499863,2.654273987
12,halfway_ties.FP64.mul,4,0,nearest_even,1048576,2.659919739,2.656243324
12,halfway_ties.FP64.mul,4,1,toward_zero,1048576,2.557751656,2.553340912
12,halfway_ties.FP64.mul,5,0,toward_zero,1048576,2.549352646,2.545314789
12,halfway_ties.FP64.mul,5,1,nearest_even,1048576,2.641125679,2.637802124
12,halfway_ties.FP64.mul,6,0,nearest_even,1048576,2.645797729,2.641853333
12,halfway_ties.FP64.mul,6,1,toward_zero,1048576,2.554321289,2.549018860
12,halfway_ties.FP64.mul,7,0,toward_zero,1048576,2.550471306,2.545351982
12,halfway_ties.FP64.mul,7,1,nearest_even,1048576,2.657933235,2.655497551
12,halfway_ties.FP64.mul,8,0,nearest_even,1048576,2.631857872,2.626929283
12,halfway_ties.FP64.mul,8,1,toward_zero,1048576,2.552000046,2.547145844
12,exact_chain.FP64.mul,0,0,nearest_even,1048576,3.682003975,3.676956177
12,exact_chain.FP64.mul,0,1,toward_zero,1048576,3.752717972,3.747175217
12,exact_chain.FP64.mul,1,0,toward_zero,1048576,3.751829147,3.746667862
12,exact_chain.FP64.mul,1,1,nearest_even,1048576,3.684010506,3.678765297
12,exact_chain.FP64.mul,2,0,nearest_even,1048576,3.682070732,3.677042961
12,exact_chain.FP64.mul,2,1,toward_zero,1048576,3.753998756,3.749773979
12,exact_chain.FP64.mul,3,0,toward_zero,1048576,3.754524231,3.749507904
12,exact_chain.FP64.mul,3,1,nearest_even,1048576,3.680551529,3.674880981
12,exact_chain.FP64.mul,4,0,nearest_even,1048576,3.681506157,3.675381660
12,exact_chain.FP64.mul,4,1,toward_zero,1048576,3.753951073,3.749330521
12,exact_chain.FP64.mul,5,0,toward_zero,1048576,3.753376961,3.748771667
12,exact_chain.FP64.mul,5,1,nearest_even,1048576,3.680389404,3.674577713
12,exact_chain.FP64.mul,6,0,nearest_even,1048576,3.681640625,3.675542831
12,exact_chain.FP64.mul,6,1,toward_zero,1048576,3.754810333,3.748789787
12,exact_chain.FP64.mul,7,0,toward_zero,1048576,3.755135536,3.749036789
12,exact_chain.FP64.mul,7,1,nearest_even,1048576,3.679319382,3.675486565
12,exact_chain.FP64.mul,8,0,nearest_even,1048576,3.682481766,3.675542831
12,exact_chain.FP64.mul,8,1,toward_zero,1048576,3.752565384,3.748128891
12,inexact_chain.FP64.mul,0,0,nearest_even,1048576,4.750112534,4.744538307
12,inexact_chain.FP64.mul,0,1,toward_zero,1048576,3.751590729,3.746628761
12,inexact_chain.FP64.mul,1,0,toward_zero,1048576,3.755670547,3.750775337
12,inexact_chain.FP64.mul,1,1,nearest_even,1048576,4.821313858,4.813343048
12,inexact_chain.FP64.mul,2,0,nearest_even,1048576,4.751421928,4.744669914
12,inexact_chain.FP64.mul,2,1,toward_zero,1048576,3.754275322,3.749343872
12,inexact_chain.FP64.mul,3,0,toward_zero,1048576,3.752641678,3.746822357
12,inexact_chain.FP64.mul,3,1,nearest_even,1048576,4.753590584,4.746516228
12,inexact_chain.FP64.mul,4,0,nearest_even,1048576,4.779856682,4.773402214
12,inexact_chain.FP64.mul,4,1,toward_zero,1048576,3.755240440,3.749830246
12,inexact_chain.FP64.mul,5,0,toward_zero,1048576,3.756348610,3.749926567
12,inexact_chain.FP64.mul,5,1,nearest_even,1048576,4.848421097,4.841078758
12,inexact_chain.FP64.mul,6,0,nearest_even,1048576,4.855874062,4.848883629
12,inexact_chain.FP64.mul,6,1,toward_zero,1048576,3.751800537,3.746065140
12,inexact_chain.FP64.mul,7,0,toward_zero,1048576,3.755517960,3.750012398
12,inexact_chain.FP64.mul,7,1,nearest_even,1048576,4.788102150,4.781236649
12,inexact_chain.FP64.mul,8,0,nearest_even,1048576,4.791045189,4.783196449
12,inexact_chain.FP64.mul,8,1,toward_zero,1048576,3.754934311,3.749964714
12,throughput4096.FP64.div,0,0,toward_zero,1048576,2.414813042,2.411862373
12,throughput4096.FP64.div,0,1,nearest_even,1048576,2.506022453,2.501523972
12,throughput4096.FP64.div,1,0,nearest_even,1048576,2.518482208,2.514690399
12,throughput4096.FP64.div,1,1,toward_zero,1048576,2.444681168,2.441140175
12,throughput4096.FP64.div,2,0,toward_zero,1048576,2.432250977,2.428232193
12,throughput4096.FP64.div,2,1,nearest_even,1048576,2.509337425,2.506501198
12,throughput4096.FP64.div,3,0,nearest_even,1048576,2.517478943,2.513198853
12,throughput4096.FP64.div,3,1,toward_zero,1048576,2.440152168,2.437814713
12,throughput4096.FP64.div,4,0,toward_zero,1048576,2.441136360,2.436573029
12,throughput4096.FP64.div,4,1,nearest_even,1048576,2.515042305,2.510773659
12,throughput4096.FP64.div,5,0,nearest_even,1048576,2.523421288,2.521080971
12,throughput4096.FP64.div,5,1,toward_zero,1048576,2.445025444,2.441379547
12,throughput4096.FP64.div,6,0,toward_zero,1048576,2.436894417,2.433733940
12,throughput4096.FP64.div,6,1,nearest_even,1048576,2.511975288,2.509485245
12,throughput4096.FP64.div,7,0,nearest_even,1048576,2.522829056,2.519277573
12,throughput4096.FP64.div,7,1,toward_zero,1048576,2.448904991,2.445591927
12,throughput4096.FP64.div,8,0,toward_zero,1048576,2.438699722,2.434059143
12,throughput4096.FP64.div,8,1,nearest_even,1048576,2.510684967,2.507964134
12,throughput256.FP64.div,0,0,toward_zero,1048576,2.445474625,2.442609787
12,throughput256.FP64.div,0,1,nearest_even,1048576,2.519064903,2.514728546
12,throughput256.FP64.div,1,0,nearest_even,1048576,2.516819000,2.513849258
12,throughput256.FP64.div,1,1,toward_zero,1048576,2.447462082,2.443499565
12,throughput256.FP64.div,2,0,toward_zero,1048576,2.444270134,2.440966606
12,throughput256.FP64.div,2,1,nearest_even,1048576,2.516752243,2.513840675
12,throughput256.FP64.div,3,0,nearest_even,1048576,2.523946762,2.520287514
12,throughput256.FP64.div,3,1,toward_zero,1048576,2.451207161,2.447883606
12,throughput256.FP64.div,4,0,toward_zero,1048576,2.442494392,2.438521385
12,throughput256.FP64.div,4,1,nearest_even,1048576,2.517688751,2.512885094
12,throughput256.FP64.div,5,0,nearest_even,1048576,2.519733429,2.516898155
12,throughput256.FP64.div,5,1,toward_zero,1048576,2.448445320,2.444092751
12,throughput256.FP64.div,6,0,toward_zero,1048576,2.436560631,2.434191704
12,throughput256.FP64.div,6,1,nearest_even,1048576,2.514315605,2.510218620
12,throughput256.FP64.div,7,0,nearest_even,1048576,2.515233994,2.511775970
12,throughput256.FP64.div,7,1,toward_zero,1048576,2.445082664,2.442066193
12,throughput256.FP64.div,8,0,toward_zero,1048576,2.437888145,2.433600426
12,throughput256.FP64.div,8,1,nearest_even,1048576,2.506576538,2.503597260
12,exact_results.FP64.div,0,0,nearest_even,1048576,2.607665062,2.602372169
12,exact_results.FP64.div,0,1,toward_zero,1048576,2.542464256,2.539763451
12,exact_results.FP64.div,1,0,toward_zero,1048576,2.533569336,2.528438568
12,exact_results.FP64.div,1,1,nearest_even,1048576,2.563474655,2.558526993
12,exact_results.FP64.div,2,0,nearest_even,1048576,2.568424225,2.565302849
12,exact_results.FP64.div,2,1,toward_zero,1048576,2.528389931,2.524456024
12,exact_results.FP64.div,3,0,toward_zero,1048576,2.519522667,2.515605927
12,exact_results.FP64.div,3,1,nearest_even,1048576,2.553508759,2.551369667
12,exact_results.FP64.div,4,0,nearest_even,1048576,2.563293457,2.560190201
12,exact_results.FP64.div,4,1,toward_zero,1048576,2.523402214,2.518368721
12,exact_results.FP64.div,5,0,toward_zero,1048576,2.517736435,2.514958382
12,exact_results.FP64.div,5,1,nearest_even,1048576,2.554589272,2.550606728
12,exact_results.FP64.div,6,0,nearest_even,1048576,2.562720299,2.559137344
12,exact_results.FP64.div,6,1,toward_zero,1048576,2.518643379,2.516476631
12,exact_results.FP64.div,7,0,toward_zero,1048576,2.521463394,2.517003059
12,exact_results.FP64.div,7,1,nearest_even,1048576,2.554330826,2.549554825
12,exact_results.FP64.div,8,0,nearest_even,1048576,2.558984756,2.555489540
12,exact_results.FP64.div,8,1,toward_zero,1048576,2.522819519,2.517814636
12,halfway_ties.FP64.div,0,0,nearest_even,1048576,2.520182610,2.517795563
12,halfway_ties.FP64.div,0,1,toward_zero,1048576,2.542511940,2.538290024
12,halfway_ties.FP64.div,1,0,toward_zero,1048576,2.534763336,2.530264854
12,halfway_ties.FP64.div,1,1,nearest_even,1048576,2.511306763,2.508631706
12,halfway_ties.FP64.div,2,0,nearest_even,1048576,2.524500847,2.519267082
12,halfway_ties.FP64.div,2,1,toward_zero,1048576,2.538365364,2.535424232
12,halfway_ties.FP64.div,3,0,toward_zero,1048576,2.532717705,2.527798653
12,halfway_ties.FP64.div,3,1,nearest_even,1048576,2.510962486,2.507170677
12,halfway_ties.FP64.div,4,0,nearest_even,1048576,2.516303062,2.513533592
12,halfway_ties.FP64.div,4,1,toward_zero,1048576,2.542177200,2.537565231
12,halfway_ties.FP64.div,5,0,toward_zero,1048576,2.537839890,2.532327652
12,halfway_ties.FP64.div,5,1,nearest_even,1048576,2.510732651,2.508575439
12,halfway_ties.FP64.div,6,0,nearest_even,1048576,2.522437096,2.517879486
12,halfway_ties.FP64.div,6,1,toward_zero,1048576,2.538995743,2.535157204
12,halfway_ties.FP64.div,7,0,toward_zero,1048576,2.529153824,2.526241302
12,halfway_ties.FP64.div,7,1,nearest_even,1048576,2.506070137,2.501915932
12,halfway_ties.FP64.div,8,0,nearest_even,1048576,2.522849083,2.518436432
12,halfway_ties.FP64.div,8,1,toward_zero,1048576,2.539826393,2.537228584
12,exact_chain.FP64.div,0,0,nearest_even,1048576,3.751055717,3.746015549
12,exact_chain.FP64.div,0,1,toward_zero,1048576,3.927769661,3.922981262
12,exact_chain.FP64.div,1,0,toward_zero,1048576,3.890926361,3.885344505
12,exact_chain.FP64.div,1,1,nearest_even,1048576,3.734058380,3.728525162
12,exact_chain.FP64.div,2,0,nearest_even,1048576,3.753415108,3.748600006
12,exact_chain.FP64.div,2,1,toward_zero,1048576,3.775343895,3.769713402
12,exact_chain.FP64.div,3,0,toward_zero,1048576,3.979269981,3.973791122
12,exact_chain.FP64.div,3,1,nearest_even,1048576,3.773346901,3.767764091
12,exact_chain.FP64.div,4,0,nearest_even,1048576,3.779833794,3.775220871
12,exact_chain.FP64.div,4,1,toward_zero,1048576,3.918578148,3.912622452
12,exact_chain.FP64.div,5,0,toward_zero,1048576,3.881036758,3.875056267
12,exact_chain.FP64.div,5,1,nearest_even,1048576,3.772906303,3.768031120
12,exact_chain.FP64.div,6,0,nearest_even,1048576,3.788434029,3.781771660
12,exact_chain.FP64.div,6,1,toward_zero,1048576,3.992798805,3.987695694
12,exact_chain.FP64.div,7,0,toward_zero,1048576,4.006528854,4.001795769
12,exact_chain.FP64.div,7,1,nearest_even,1048576,3.756673813,3.750269890
12,exact_chain.FP64.div,8,0,nearest_even,1048576,3.765989304,3.759460449
12,exact_chain.FP64.div,8,1,toward_zero,1048576,3.931649208,3.925962448
12,inexact_chain.FP64.div,0,0,nearest_even,1048576,4.939668655,4.933021545
12,inexact_chain.FP64.div,0,1,toward_zero,1048576,3.763610840,3.758410454
12,inexact_chain.FP64.div,1,0,toward_zero,1048576,3.844786644,3.839424133
12,inexact_chain.FP64.div,1,1,nearest_even,1048576,4.935444832,4.929038048
12,inexact_chain.FP64.div,2,0,nearest_even,1048576,4.933925629,4.925330162
12,inexact_chain.FP64.div,2,1,toward_zero,1048576,3.910676956,3.904990196
12,inexact_chain.FP64.div,3,0,toward_zero,1048576,3.844060898,3.838662148
12,inexact_chain.FP64.div,3,1,nearest_even,1048576,4.932960510,4.925322533
12,inexact_chain.FP64.div,4,0,nearest_even,1048576,4.933935165,4.926727295
12,inexact_chain.FP64.div,4,1,toward_zero,1048576,3.823317528,3.818213463
12,inexact_chain.FP64.div,5,0,toward_zero,1048576,3.795876503,3.790476799
12,inexact_chain.FP64.div,5,1,nearest_even,1048576,4.931804657,4.926426888
12,inexact_chain.FP64.div,6,0,nearest_even,1048576,4.933333397,4.925818443
12,inexact_chain.FP64.div,6,1,toward_zero,1048576,3.859625816,3.854684830
12,inexact_chain.FP64.div,7,0,toward_zero,1048576,3.773279190,3.768021584
12,inexact_chain.FP64.div,7,1,nearest_even,1048576,4.933104515,4.924411774
12,inexact_chain.FP64.div,8,0,nearest_even,1048576,4.932674408,4.925140381
12,inexact_chain.FP64.div,8,1,toward_zero,1048576,3.812922478,3.807425499
12,throughput4096.FP64.mul_div,0,0,toward_zero,1048576,2.484916687,2.480513573
12,throughput4096.FP64.mul_div,0,1,nearest_even,1048576,2.703249931,2.699105263
12,throughput4096.FP64.mul_div,1,0,nearest_even,1048576,2.719675064,2.714047432
12,throughput4096.FP64.mul_div,1,1,toward_zero,1048576,2.486253738,2.483284950
12,throughput4096.FP64.mul_div,2,0,toward_zero,1048576,2.482632637,2.477608681
12,throughput4096.FP64.mul_div,2,1,nearest_even,1048576,2.709164619,2.703837395
12,throughput4096.FP64.mul_div,3,0,nearest_even,1048576,2.729468346,2.725666046
12,throughput4096.FP64.mul_div,3,1,toward_zero,1048576,2.492932320,2.489685059
12,throughput4096.FP64.mul_div,4,0,toward_zero,1048576,2.486148834,2.482147217
12,throughput4096.FP64.mul_div,4,1,nearest_even,1048576,2.715403557,2.710905075
12,throughput4096.FP64.mul_div,5,0,nearest_even,1048576,2.728198051,2.724864006
12,throughput4096.FP64.mul_div,5,1,toward_zero,1048576,2.494527817,2.489694595
12,throughput4096.FP64.mul_div,6,0,toward_zero,1048576,2.491566658,2.487373352
12,throughput4096.FP64.mul_div,6,1,nearest_even,1048576,2.698836327,2.694882393
12,throughput4096.FP64.mul_div,7,0,nearest_even,1048576,2.722292900,2.719541550
12,throughput4096.FP64.mul_div,7,1,toward_zero,1048576,2.494872093,2.490402222
12,throughput4096.FP64.mul_div,8,0,toward_zero,1048576,2.485375404,2.481009483
12,throughput4096.FP64.mul_div,8,1,nearest_even,1048576,2.704912186,2.702514648
12,throughput256.FP64.mul_div,0,0,nearest_even,1048576,2.709432602,2.706461906
12,throughput256.FP64.mul_div,0,1,toward_zero,1048576,2.482910156,2.479138374
12,throughput256.FP64.mul_div,1,0,toward_zero,1048576,2.484944344,2.479826927
12,throughput256.FP64.mul_div,1,1,nearest_even,1048576,2.707472801,2.704915047
12,throughput256.FP64.mul_div,2,0,nearest_even,1048576,2.687160492,2.684008598
12,throughput256.FP64.mul_div,2,1,toward_zero,1048576,2.491957664,2.487497330
12,throughput256.FP64.mul_div,3,0,toward_zero,1048576,2.489531517,2.485798836
12,throughput256.FP64.mul_div,3,1,nearest_even,1048576,2.705246925,2.700386047
12,throughput256.FP64.mul_div,4,0,nearest_even,1048576,2.716359138,2.710676193
12,throughput256.FP64.mul_div,4,1,toward_zero,1048576,2.486158371,2.481717110
12,throughput256.FP64.mul_div,5,0,toward_zero,1048576,2.473851204,2.469956398
12,throughput256.FP64.mul_div,5,1,nearest_even,1048576,2.711133003,2.707043648
12,throughput256.FP64.mul_div,6,0,nearest_even,1048576,2.714562416,2.710188866
12,throughput256.FP64.mul_div,6,1,toward_zero,1048576,2.486474037,2.482328415
12,throughput256.FP64.mul_div,7,0,toward_zero,1048576,2.477386475,2.474072456
12,throughput256.FP64.mul_div,7,1,nearest_even,1048576,2.703087807,2.698569298
12,throughput256.FP64.mul_div,8,0,nearest_even,1048576,2.713750839,2.710238457
12,throughput256.FP64.mul_div,8,1,toward_zero,1048576,2.485174179,2.480569839
12,exact_results.FP64.mul_div,0,0,toward_zero,1048576,2.514268875,2.510667801
12,exact_results.FP64.mul_div,0,1,nearest_even,1048576,2.522647858,2.520356178
12,exact_results.FP64.mul_div,1,0,nearest_even,1048576,2.521482468,2.517415047
12,exact_results.FP64.mul_div,1,1,toward_zero,1048576,2.495541573,2.490601540
12,exact_results.FP64.mul_div,2,0,toward_zero,1048576,2.494537354,2.492008209
12,exact_results.FP64.mul_div,2,1,nearest_even,1048576,2.513809204,2.509672165
12,exact_results.FP64.mul_div,3,0,nearest_even,1048576,2.514239311,2.509356499
12,exact_results.FP64.mul_div,3,1,toward_zero,1048576,2.490419388,2.488138199
12,exact_results.FP64.mul_div,4,0,toward_zero,1048576,2.495675087,2.491415977
12,exact_results.FP64.mul_div,4,1,nearest_even,1048576,2.515223503,2.512244225
12,exact_results.FP64.mul_div,5,0,nearest_even,1048576,2.516848564,2.511767387
12,exact_results.FP64.mul_div,5,1,toward_zero,1048576,2.495980263,2.491940498
12,exact_results.FP64.mul_div,6,0,toward_zero,1048576,2.492149353,2.489762306
12,exact_results.FP64.mul_div,6,1,nearest_even,1048576,2.513866425,2.509615898
12,exact_results.FP64.mul_div,7,0,nearest_even,1048576,2.514201164,2.510381699
12,exact_results.FP64.mul_div,7,1,toward_zero,1048576,2.489273071,2.486141205
12,exact_results.FP64.mul_div,8,0,toward_zero,1048576,2.491222382,2.487268448
12,exact_results.FP64.mul_div,8,1,nearest_even,1048576,2.510216713,2.506723404
12,halfway_ties.FP64.mul_div,0,0,toward_zero,1048576,2.523279190,2.520089149
12,halfway_ties.FP64.mul_div,0,1,nearest_even,1048576,2.728168488,2.724214554
12,halfway_ties.FP64.mul_div,1,0,nearest_even,1048576,2.731704712,2.728075981
12,halfway_ties.FP64.mul_div,1,1,toward_zero,1048576,2.507302284,2.504371643
12,halfway_ties.FP64.mul_div,2,0,toward_zero,1048576,2.503662109,2.500406265
12,halfway_ties.FP64.mul_div,2,1,nearest_even,1048576,2.666245461,2.662530899
12,halfway_ties.FP64.mul_div,3,0,nearest_even,1048576,2.725742340,2.723355293
12,halfway_ties.FP64.mul_div,3,1,toward_zero,1048576,2.507809639,2.503435135
12,halfway_ties.FP64.mul_div,4,0,toward_zero,1048576,2.504484177,2.499727249
12,halfway_ties.FP64.mul_div,4,1,nearest_even,1048576,2.720105171,2.716159821
12,halfway_ties.FP64.mul_div,5,0,nearest_even,1048576,2.666923523,2.663972855
12,halfway_ties.FP64.mul_div,5,1,toward_zero,1048576,2.509175301,2.505076408
12,halfway_ties.FP64.mul_div,6,0,toward_zero,1048576,2.501379013,2.497235298
12,halfway_ties.FP64.mul_div,6,1,nearest_even,1048576,2.713292122,2.710762978
12,halfway_ties.FP64.mul_div,7,0,nearest_even,1048576,2.720276833,2.715767860
12,halfway_ties.FP64.mul_div,7,1,toward_zero,1048576,2.508669853,2.503626823
12,halfway_ties.FP64.mul_div,8,0,toward_zero,1048576,2.499650002,2.495206833
12,halfway_ties.FP64.mul_div,8,1,nearest_even,1048576,2.660597801,2.657618523
12,exact_chain.FP64.mul_div,0,0,nearest_even,1048576,3.760504723,3.755772591
12,exact_chain.FP64.mul_div,0,1,toward_zero,1048576,3.804189682,3.797775269
12,exact_chain.FP64.mul_div,1,0,toward_zero,1048576,3.803319931,3.798225403
12,exact_chain.FP64.mul_div,1,1,nearest_even,1048576,3.761623383,3.755097389
12,exact_chain.FP64.mul_div,2,0,nearest_even,1048576,3.759941101,3.754770279
12,exact_chain.FP64.mul_div,2,1,toward_zero,1048576,3.809797287,3.802810669
12,exact_chain.FP64.mul_div,3,0,toward_zero,1048576,3.807638168,3.801826477
12,exact_chain.FP64.mul_div,3,1,nearest_even,1048576,3.760829926,3.756299973
12,exact_chain.FP64.mul_div,4,0,nearest_even,1048576,3.763017654,3.757752419
12,exact_chain.FP64.mul_div,4,1,toward_zero,1048576,3.807896614,3.801596642
12,exact_chain.FP64.mul_div,5,0,toward_zero,1048576,3.804074287,3.798849106
12,exact_chain.FP64.mul_div,5,1,nearest_even,1048576,3.757495880,3.751912117
12,exact_chain.FP64.mul_div,6,0,nearest_even,1048576,3.765817642,3.756507874
12,exact_chain.FP64.mul_div,6,1,toward_zero,1048576,3.806358337,3.800594330
12,exact_chain.FP64.mul_div,7,0,toward_zero,1048576,3.806444168,3.800251961
12,exact_chain.FP64.mul_div,7,1,nearest_even,1048576,3.758775711,3.752869606
12,exact_chain.FP64.mul_div,8,0,nearest_even,1048576,3.760542870,3.755734444
12,exact_chain.FP64.mul_div,8,1,toward_zero,1048576,3.805851936,3.800127029
12,inexact_chain.FP64.mul_div,0,0,toward_zero,1048576,3.809702873,3.804475784
12,inexact_chain.FP64.mul_div,0,1,nearest_even,1048576,4.955385208,4.946272850
12,inexact_chain.FP64.mul_div,1,0,nearest_even,1048576,4.955940247,4.948940277
12,inexact_chain.FP64.mul_div,1,1,toward_zero,1048576,3.809309959,3.803338051
12,inexact_chain.FP64.mul_div,2,0,toward_zero,1048576,3.809309959,3.803891182
12,inexact_chain.FP64.mul_div,2,1,nearest_even,1048576,4.951784134,4.945576668
12,inexact_chain.FP64.mul_div,3,0,nearest_even,1048576,4.955729485,4.944823265
12,inexact_chain.FP64.mul_div,3,1,toward_zero,1048576,3.804896355,3.798313141
12,inexact_chain.FP64.mul_div,4,0,toward_zero,1048576,3.806491852,3.800720215
12,inexact_chain.FP64.mul_div,4,1,nearest_even,1048576,4.951239586,4.943418503
12,inexact_chain.FP64.mul_div,5,0,nearest_even,1048576,4.950331688,4.941611290
12,inexact_chain.FP64.mul_div,5,1,toward_zero,1048576,3.802870750,3.797286987
12,inexact_chain.FP64.mul_div,6,0,toward_zero,1048576,3.800796509,3.797268867
12,inexact_chain.FP64.mul_div,6,1,nearest_even,1048576,4.954029083,4.945317268
12,inexact_chain.FP64.mul_div,7,0,nearest_even,1048576,4.947617531,4.940829277
12,inexact_chain.FP64.mul_div,7,1,toward_zero,1048576,3.805212021,3.798941612
12,inexact_chain.FP64.mul_div,8,0,toward_zero,1048576,3.804121971,3.797442436
12,inexact_chain.FP64.mul_div,8,1,nearest_even,1048576,4.952213287,4.944306374
12,throughput4096.FP128.mul,0,0,toward_zero,1048576,2.583271980,2.580139160
12,throughput4096.FP128.mul,0,1,nearest_even,1048576,2.374367714,2.369898796
12,throughput4096.FP128.mul,1,0,nearest_even,1048576,2.394156456,2.391197205
12,throughput4096.FP128.mul,1,1,toward_zero,1048576,2.617343903,2.613859177
12,throughput4096.FP128.mul,2,0,toward_zero,1048576,2.598139763,2.594491005
12,throughput4096.FP128.mul,2,1,nearest_even,1048576,2.378925323,2.376176834
12,throughput4096.FP128.mul,3,0,nearest_even,1048576,2.397347450,2.393870354
12,throughput4096.FP128.mul,3,1,toward_zero,1048576,2.612843513,2.608764648
12,throughput4096.FP128.mul,4,0,toward_zero,1048576,2.597451210,2.594500542
12,throughput4096.FP128.mul,4,1,nearest_even,1048576,2.387276649,2.382233620
12,throughput4096.FP128.mul,5,0,nearest_even,1048576,2.397853851,2.395248413
12,throughput4096.FP128.mul,5,1,toward_zero,1048576,2.610054016,2.605955124
12,throughput4096.FP128.mul,6,0,toward_zero,1048576,2.602248192,2.597795486
12,throughput4096.FP128.mul,6,1,nearest_even,1048576,2.389178276,2.385904312
12,throughput4096.FP128.mul,7,0,nearest_even,1048576,2.398188591,2.394872665
12,throughput4096.FP128.mul,7,1,toward_zero,1048576,2.618872643,2.614651680
12,throughput4096.FP128.mul,8,0,toward_zero,1048576,2.601970673,2.598580360
12,throughput4096.FP128.mul,8,1,nearest_even,1048576,2.389818192,2.385530472
12,throughput256.FP128.mul,0,0,nearest_even,1048576,2.397442818,2.394780159
12,throughput256.FP128.mul,0,1,toward_zero,1048576,2.616378784,2.612099648
12,throughput256.FP128.mul,1,0,toward_zero,1048576,2.595502853,2.591987610
12,throughput256.FP128.mul,1,1,nearest_even,1048576,2.383761406,2.380762100
12,throughput256.FP128.mul,2,0,nearest_even,1048576,2.394413948,2.390452385
12,throughput256.FP128.mul,2,1,toward_zero,1048576,2.611783981,2.607858658
12,throughput256.FP128.mul,3,0,toward_zero,1048576,2.606804848,2.604207993
12,throughput256.FP128.mul,3,1,nearest_even,1048576,2.387066841,2.381536484
12,throughput256.FP128.mul,4,0,nearest_even,1048576,2.397299767,2.394891739
12,throughput256.FP128.mul,4,1,toward_zero,1048576,2.620076180,2.616353035
12,throughput256.FP128.mul,5,0,toward_zero,1048576,2.599237442,2.594814301
12,throughput256.FP128.mul,5,1,nearest_even,1048576,2.378916740,2.376522064
12,throughput256.FP128.mul,6,0,nearest_even,1048576,2.401684761,2.397444725
12,throughput256.FP128.mul,6,1,toward_zero,1048576,2.625073433,2.620087624
12,throughput256.FP128.mul,7,0,toward_zero,1048576,2.619828224,2.616436958
12,throughput256.FP128.mul,7,1,nearest_even,1048576,2.380664825,2.375870705
12,throughput256.FP128.mul,8,0,nearest_even,1048576,2.394452095,2.392114639
12,throughput256.FP128.mul,8,1,toward_zero,1048576,2.618461609,2.614068985
12,exact_results.FP128.mul,0,0,nearest_even,1048576,2.530587196,2.527751923
12,exact_results.FP128.mul,0,1,toward_zero,1048576,2.592578888,2.588633537
12,exact_results.FP128.mul,1,0,toward_zero,1048576,2.583969116,2.580206871
12,exact_results.FP128.mul,1,1,nearest_even,1048576,2.516972542,2.513992310
12,exact_results.FP128.mul,2,0,nearest_even,1048576,2.518758774,2.514135361
12,exact_results.FP128.mul,2,1,toward_zero,1048576,2.582536697,2.577816963
12,exact_results.FP128.mul,3,0,toward_zero,1048576,2.578093529,2.574674606
12,exact_results.FP128.mul,3,1,nearest_even,1048576,2.515175819,2.510621071
12,exact_results.FP128.mul,4,0,nearest_even,1048576,2.520746231,2.515408516
12,exact_results.FP128.mul,4,1,toward_zero,1048576,2.580127716,2.577244759
12,exact_results.FP128.mul,5,0,toward_zero,1048576,2.577855110,2.573529243
12,exact_results.FP128.mul,5,1,nearest_even,1048576,2.510188103,2.506216049
12,exact_results.FP128.mul,6,0,nearest_even,1048576,2.513083458,2.511183739
12,exact_results.FP128.mul,6,1,toward_zero,1048576,2.582011223,2.578200340
12,exact_results.FP128.mul,7,0,toward_zero,1048576,2.582278252,2.578360558
12,exact_results.FP128.mul,7,1,nearest_even,1048576,2.511860847,2.509425163
12,exact_results.FP128.mul,8,0,nearest_even,1048576,2.516628265,2.512397766
12,exact_results.FP128.mul,8,1,toward_zero,1048576,2.584208488,2.580016136
12,halfway_ties.FP128.mul,0,0,toward_zero,1048576,2.598941803,2.595170021
12,halfway_ties.FP128.mul,0,1,nearest_even,1048576,2.386197090,2.381450653
12,halfway_ties.FP128.mul,1,0,nearest_even,1048576,2.395981789,2.393193245
12,halfway_ties.FP128.mul,1,1,toward_zero,1048576,2.598826408,2.594204903
12,halfway_ties.FP128.mul,2,0,toward_zero,1048576,2.591365814,2.586905479
12,halfway_ties.FP128.mul,2,1,nearest_even,1048576,2.385633469,2.383218765
12,halfway_ties.FP128.mul,3,0,nearest_even,1048576,2.401752472,2.397567749
12,halfway_ties.FP128.mul,3,1,toward_zero,1048576,2.602620125,2.600347519
12,halfway_ties.FP128.mul,4,0,toward_zero,1048576,2.586586952,2.583359718
12,halfway_ties.FP128.mul,4,1,nearest_even,1048576,2.382766724,2.378317833
12,halfway_ties.FP128.mul,5,0,nearest_even,1048576,2.392140388,2.390202522
12,halfway_ties.FP128.mul,5,1,toward_zero,1048576,2.603327751,2.599861145
12,halfway_ties.FP128.mul,6,0,toward_zero,1048576,2.593563080,2.590066910
12,halfway_ties.FP128.mul,6,1,nearest_even,1048576,2.380807877,2.377964020
12,halfway_ties.FP128.mul,7,0,nearest_even,1048576,2.401533127,2.397082329
12,halfway_ties.FP128.mul,7,1,toward_zero,1048576,2.600345612,2.598169327
12,halfway_ties.FP128.mul,8,0,toward_zero,1048576,2.595884323,2.591385841
12,halfway_ties.FP128.mul,8,1,nearest_even,1048576,2.382863045,2.379893303
12,exact_chain.FP128.mul,0,0,nearest_even,1048576,3.632587433,3.627081871
12,exact_chain.FP128.mul,0,1,toward_zero,1048576,3.691539764,3.686167717
12,exact_chain.FP128.mul,1,0,toward_zero,1048576,3.687812805,3.683204651
12,exact_chain.FP128.mul,1,1,nearest_even,1048576,3.630074501,3.624092102
12,exact_chain.FP128.mul,2,0,nearest_even,1048576,3.629730225,3.624034882
12,exact_chain.FP128.mul,2,1,toward_zero,1048576,3.692265511,3.682147026
12,exact_chain.FP128.mul,3,0,toward_zero,1048576,3.690985680,3.685250282
12,exact_chain.FP128.mul,3,1,nearest_even,1048576,3.629376411,3.623468399
12,exact_chain.FP128.mul,4,0,nearest_even,1048576,3.628114700,3.623041153
12,exact_chain.FP128.mul,4,1,toward_zero,1048576,3.692657471,3.686950684
12,exact_chain.FP128.mul,5,0,toward_zero,1048576,3.693946838,3.684848785
12,exact_chain.FP128.mul,5,1,nearest_even,1048576,3.632184982,3.626777649
12,exact_chain.FP128.mul,6,0,nearest_even,1048576,3.629405022,3.623489380
12,exact_chain.FP128.mul,6,1,toward_zero,1048576,3.696316719,3.686502457
12,exact_chain.FP128.mul,7,0,toward_zero,1048576,3.692552567,3.686455727
12,exact_chain.FP128.mul,7,1,nearest_even,1048576,3.631956100,3.627752304
12,exact_chain.FP128.mul,8,0,nearest_even,1048576,3.631554604,3.626631737
12,exact_chain.FP128.mul,8,1,toward_zero,1048576,3.694492340,3.688920021
12,inexact_chain.FP128.mul,0,0,nearest_even,1048576,4.665133476,4.658967972
12,inexact_chain.FP128.mul,0,1,toward_zero,1048576,3.688987732,3.683118820
12,inexact_chain.FP128.mul,1,0,toward_zero,1048576,3.693211555,3.686903000
12,inexact_chain.FP128.mul,1,1,nearest_even,1048576,4.678118706,4.671920776
12,inexact_chain.FP128.mul,2,0,nearest_even,1048576,4.680889130,4.674797058
12,inexact_chain.FP128.mul,2,1,toward_zero,1048576,3.696297646,3.687410355
12,inexact_chain.FP128.mul,3,0,toward_zero,1048576,3.690554619,3.683988571
12,inexact_chain.FP128.mul,3,1,nearest_even,1048576,4.674115181,4.667700768
12,inexact_chain.FP128.mul,4,0,nearest_even,1048576,4.676810265,4.670918465
12,inexact_chain.FP128.mul,4,1,toward_zero,1048576,3.690411568,3.681048393
12,inexact_chain.FP128.mul,5,0,toward_zero,1048576,3.689025879,3.683331490
12,inexact_chain.FP128.mul,5,1,nearest_even,1048576,4.679369926,4.671855927
12,inexact_chain.FP128.mul,6,0,nearest_even,1048576,4.680840492,4.670105934
12,inexact_chain.FP128.mul,6,1,toward_zero,1048576,3.684765816,3.679096222
12,inexact_chain.FP128.mul,7,0,toward_zero,1048576,3.689666748,3.683957100
12,inexact_chain.FP128.mul,7,1,nearest_even,1048576,4.678127289,4.670596123
12,inexact_chain.FP128.mul,8,0,nearest_even,1048576,4.670016289,4.661659241
12,inexact_chain.FP128.mul,8,1,toward_zero,1048576,3.687134743,3.681838989
12,throughput4096.FP128.div,0,0,toward_zero,1048576,2.318148613,2.315313339
12,throughput4096.FP128.div,0,1,nearest_even,1048576,3.461491585,3.455116272
12,throughput4096.FP128.div,1,0,nearest_even,1048576,3.401582718,3.396534920
12,throughput4096.FP128.div,1,1,toward_zero,1048576,2.344558716,2.341798782
12,throughput4096.FP128.div,2,0,toward_zero,1048576,2.384161949,2.377350807
12,throughput4096.FP128.div,2,1,nearest_even,1048576,3.463994980,3.459168434
12,throughput4096.FP128.div,3,0,nearest_even,1048576,3.418322563,3.412464142
12,throughput4096.FP128.div,3,1,toward_zero,1048576,2.350290298,2.347197533
12,throughput4096.FP128.div,4,0,toward_zero,1048576,2.387123108,2.382330894
12,throughput4096.FP128.div,4,1,nearest_even,1048576,3.458376884,3.453949928
12,throughput4096.FP128.div,5,0,nearest_even,1048576,3.418247223,3.413631439
12,throughput4096.FP128.div,5,1,toward_zero,1048576,2.343812943,2.341044426
12,throughput4096.FP128.div,6,0,toward_zero,1048576,2.392646790,2.387163162
12,throughput4096.FP128.div,6,1,nearest_even,1048576,3.433906555,3.429166794
12,throughput4096.FP128.div,7,0,nearest_even,1048576,3.408280373,3.402759552
12,throughput4096.FP128.div,7,1,toward_zero,1048576,2.348226547,2.344130516
12,throughput4096.FP128.div,8,0,toward_zero,1048576,2.384238243,2.381576538
12,throughput4096.FP128.div,8,1,nearest_even,1048576,3.439611435,3.432826996
12,throughput256.FP128.div,0,0,nearest_even,1048576,3.385397911,3.380990982
12,throughput256.FP128.div,0,1,toward_zero,1048576,2.351036072,2.343928337
12,throughput256.FP128.div,1,0,toward_zero,1048576,2.383960724,2.381270409
12,throughput256.FP128.div,1,1,nearest_even,1048576,3.432741165,3.427284241
12,throughput256.FP128.div,2,0,nearest_even,1048576,3.386515617,3.383178711
12,throughput256.FP128.div,2,1,toward_zero,1048576,2.352861404,2.345575333
12,throughput256.FP128.div,3,0,toward_zero,1048576,2.385824203,2.382922173
12,throughput256.FP128.div,3,1,nearest_even,1048576,3.436247826,3.430142403
12,throughput256.FP128.div,4,0,nearest_even,1048576,3.388216019,3.382205963
12,throughput256.FP128.div,4,1,toward_zero,1048576,2.333656311,2.330591202
12,throughput256.FP128.div,5,0,toward_zero,1048576,2.385910034,2.383179665
12,throughput256.FP128.div,5,1,nearest_even,1048576,3.437317848,3.430057526
12,throughput256.FP128.div,6,0,nearest_even,1048576,3.394455910,3.386008263
12,throughput256.FP128.div,6,1,toward_zero,1048576,2.337506294,2.334902763
12,throughput256.FP128.div,7,0,toward_zero,1048576,2.383301735,2.379070282
12,throughput256.FP128.div,7,1,nearest_even,1048576,3.436543465,3.431708336
12,throughput256.FP128.div,8,0,nearest_even,1048576,3.384069443,3.378974915
12,throughput256.FP128.div,8,1,toward_zero,1048576,2.333598137,2.330265999
12,exact_results.FP128.div,0,0,nearest_even,1048576,2.471491814,2.468358994
12,exact_results.FP128.div,0,1,toward_zero,1048576,2.445847511,2.440364838
12,exact_results.FP128.div,1,0,toward_zero,1048576,2.473612785,2.468464851
12,exact_results.FP128.div,1,1,nearest_even,1048576,2.467508316,2.464241982
12,exact_results.FP128.div,2,0,nearest_even,1048576,2.456815720,2.447931290
12,exact_results.FP128.div,2,1,toward_zero,1048576,2.444155693,2.441807747
12,exact_results.FP128.div,3,0,toward_zero,1048576,2.599905968,2.597012520
12,exact_results.FP128.div,3,1,nearest_even,1048576,2.465854645,2.462395668
12,exact_results.FP128.div,4,0,nearest_even,1048576,2.447901726,2.445477486
12,exact_results.FP128.div,4,1,toward_zero,1048576,2.449602127,2.445419312
12,exact_results.FP128.div,5,0,toward_zero,1048576,2.471596718,2.468931198
12,exact_results.FP128.div,5,1,nearest_even,1048576,2.466456413,2.462074280
12,exact_results.FP128.div,6,0,nearest_even,1048576,2.444987297,2.442028046
12,exact_results.FP128.div,6,1,toward_zero,1048576,2.470775604,2.466753960
12,exact_results.FP128.div,7,0,toward_zero,1048576,2.473488808,2.469458580
12,exact_results.FP128.div,7,1,nearest_even,1048576,2.468548775,2.465424538
12,exact_results.FP128.div,8,0,nearest_even,1048576,2.450653076,2.445878029
12,exact_results.FP128.div,8,1,toward_zero,1048576,2.442063332,2.438884735
12,halfway_ties.FP128.div,0,0,toward_zero,1048576,2.474692345,2.470271111
12,halfway_ties.FP128.div,0,1,nearest_even,1048576,3.430810928,3.426434517
12,halfway_ties.FP128.div,1,0,nearest_even,1048576,3.400531769,3.389945030
12,halfway_ties.FP128.div,1,1,toward_zero,1048576,2.425772667,2.422449112
12,halfway_ties.FP128.div,2,0,toward_zero,1048576,2.473546028,2.468532562
12,halfway_ties.FP128.div,2,1,nearest_even,1048576,3.433295250,3.427904129
12,halfway_ties.FP128.div,3,0,nearest_even,1048576,3.395792961,3.389152527
12,halfway_ties.FP128.div,3,1,toward_zero,1048576,2.425715446,2.420187950
12,halfway_ties.FP128.div,4,0,toward_zero,1048576,2.468453407,2.466487885
12,halfway_ties.FP128.div,4,1,nearest_even,1048576,3.440538406,3.431585312
12,halfway_ties.FP128.div,5,0,nearest_even,1048576,3.388492584,3.383393288
12,halfway_ties.FP128.div,5,1,toward_zero,1048576,2.425209045,2.421617508
12,halfway_ties.FP128.div,6,0,toward_zero,1048576,2.469293594,2.465837479
12,halfway_ties.FP128.div,6,1,nearest_even,1048576,3.436410904,3.430875778
12,halfway_ties.FP128.div,7,0,nearest_even,1048576,3.390241623,3.383773804
12,halfway_ties.FP128.div,7,1,toward_zero,1048576,2.871852875,2.866512299
12,halfway_ties.FP128.div,8,0,toward_zero,1048576,2.469399452,2.463306427
12,halfway_ties.FP128.div,8,1,nearest_even,1048576,3.439992905,3.433629036
12,exact_chain.FP128.div,0,0,nearest_even,1048576,4.056471825,4.051071167
12,exact_chain.FP128.div,0,1,toward_zero,1048576,4.030931473,4.023636818
12,exact_chain.FP128.div,1,0,toward_zero,1048576,4.037476540,4.032191277
12,exact_chain.FP128.div,1,1,nearest_even,1048576,4.017698288,4.011931419
12,exact_chain.FP128.div,2,0,nearest_even,1048576,4.006901741,4.000813484
12,exact_chain.FP128.div,2,1,toward_zero,1048576,4.010159492,4.005808830
12,exact_chain.FP128.div,3,0,toward_zero,1048576,4.022427559,4.014936447
12,exact_chain.FP128.div,3,1,nearest_even,1048576,4.014067650,4.008551598
12,exact_chain.FP128.div,4,0,nearest_even,1048576,4.005946159,4.000346184
12,exact_chain.FP128.div,4,1,toward_zero,1048576,4.005477905,4.000811577
12,exact_chain.FP128.div,5,0,toward_zero,1048576,4.021214485,4.015773773
12,exact_chain.FP128.div,5,1,nearest_even,1048576,4.009796143,4.002025604
12,exact_chain.FP128.div,6,0,nearest_even,1048576,4.010045052,4.000315666
12,exact_chain.FP128.div,6,1,toward_zero,1048576,4.005620956,4.000027657
12,exact_chain.FP128.div,7,0,toward_zero,1048576,4.028389931,4.022034645
12,exact_chain.FP128.div,7,1,nearest_even,1048576,4.021730423,4.010894775
12,exact_chain.FP128.div,8,0,nearest_even,1048576,4.006662369,4.000040054
12,exact_chain.FP128.div,8,1,toward_zero,1048576,4.010618210,4.005426407
12,inexact_chain.FP128.div,0,0,nearest_even,1048576,5.244874001,5.237279892
12,inexact_chain.FP128.div,0,1,toward_zero,1048576,4.009251595,4.002243042
12,inexact_chain.FP128.div,1,0,toward_zero,1048576,4.025713921,4.019424438
12,inexact_chain.FP128.div,1,1,nearest_even,1048576,5.246688843,5.236946106
12,inexact_chain.FP128.div,2,0,nearest_even,1048576,5.219429016,5.211781502
12,inexact_chain.FP128.div,2,1,toward_zero,1048576,4.005476952,3.998404503
12,inexact_chain.FP128.div,3,0,toward_zero,1048576,4.018185616,4.010462761
12,inexact_chain.FP128.div,3,1,nearest_even,1048576,5.214270592,5.206714630
12,inexact_chain.FP128.div,4,0,nearest_even,1048576,5.195753098,5.185830116
12,inexact_chain.FP128.div,4,1,toward_zero,1048576,4.000576019,3.994915962
12,inexact_chain.FP128.div,5,0,toward_zero,1048576,4.028762817,4.013771057
12,inexact_chain.FP128.div,5,1,nearest_even,1048576,5.196737289,5.187739372
12,inexact_chain.FP128.div,6,0,nearest_even,1048576,5.216506004,5.204977989
12,inexact_chain.FP128.div,6,1,toward_zero,1048576,4.001522064,3.995511055
12,inexact_chain.FP128.div,7,0,toward_zero,1048576,4.012414932,4.007492065
12,inexact_chain.FP128.div,7,1,nearest_even,1048576,5.236962318,5.226072311
12,inexact_chain.FP128.div,8,0,nearest_even,1048576,5.206664085,5.198649406
12,inexact_chain.FP128.div,8,1,toward_zero,1048576,4.006233215,3.997906685
12,throughput4096.FP128.mul_div,0,0,nearest_even,1048576,4.280442238,4.273576736
12,throughput4096.FP128.mul_div,0,1,toward_zero,1048576,2.788660049,2.783129692
12,throughput4096.FP128.mul_div,1,0,toward_zero,1048576,2.833461761,2.825972557
12,throughput4096.FP128.mul_div,1,1,nearest_even,1048576,4.318413734,4.312964439
12,throughput4096.FP128.mul_div,2,0,nearest_even,1048576,4.288105011,4.280460358
12,throughput4096.FP128.mul_div,2,1,toward_zero,1048576,2.806019783,2.801807404
12,throughput4096.FP128.mul_div,3,0,toward_zero,1048576,2.829190254,2.824403763
12,throughput4096.FP128.mul_div,3,1,nearest_even,1048576,4.323658943,4.313948631
12,throughput4096.FP128.mul_div,4,0,nearest_even,1048576,4.294420242,4.287137032
12,throughput4096.FP128.mul_div,4,1,toward_zero,1048576,2.796551704,2.792062759
12,throughput4096.FP128.mul_div,5,0,toward_zero,1048576,2.830480576,2.825781822
12,throughput4096.FP128.mul_div,5,1,nearest_even,1048576,4.327394485,4.321007729
12,throughput4096.FP128.mul_div,6,0,nearest_even,1048576,4.296475410,4.289037704
12,throughput4096.FP128.mul_div,6,1,toward_zero,1048576,2.801777840,2.798046112
12,throughput4096.FP128.mul_div,7,0,toward_zero,1048576,2.829792976,2.824951172
12,throughput4096.FP128.mul_div,7,1,nearest_even,1048576,4.330566406,4.324820518
12,throughput4096.FP128.mul_div,8,0,nearest_even,1048576,4.298023224,4.291321754
12,throughput4096.FP128.mul_div,8,1,toward_zero,1048576,2.801854134,2.795473099
12,throughput256.FP128.mul_div,0,0,toward_zero,1048576,2.813702583,2.809262276
12,throughput256.FP128.mul_div,0,1,nearest_even,1048576,4.314170837,4.307826042
12,throughput256.FP128.mul_div,1,0,nearest_even,1048576,4.287150383,4.277216911
12,throughput256.FP128.mul_div,1,1,toward_zero,1048576,2.779305458,2.776259422
12,throughput256.FP128.mul_div,2,0,toward_zero,1048576,2.811533928,2.806804657
12,throughput256.FP128.mul_div,2,1,nearest_even,1048576,4.308122635,4.301373482
12,throughput256.FP128.mul_div,3,0,nearest_even,1048576,4.284006119,4.278144836
12,throughput256.FP128.mul_div,3,1,toward_zero,1048576,2.791621208,2.787723541
12,throughput256.FP128.mul_div,4,0,toward_zero,1048576,2.810998917,2.806174278
12,throughput256.FP128.mul_div,4,1,nearest_even,1048576,4.314332962,4.306344986
12,throughput256.FP128.mul_div,5,0,nearest_even,1048576,4.284455299,4.278519630
12,throughput256.FP128.mul_div,5,1,toward_zero,1048576,2.784837723,2.780080795
12,throughput256.FP128.mul_div,6,0,toward_zero,1048576,2.812670708,2.807798386
12,throughput256.FP128.mul_div,6,1,nearest_even,1048576,4.320562363,4.313174248
12,throughput256.FP128.mul_div,7,0,nearest_even,1048576,4.280480385,4.274343491
12,throughput256.FP128.mul_div,7,1,toward_zero,1048576,2.790523529,2.786309242
12,throughput256.FP128.mul_div,8,0,toward_zero,1048576,2.810416222,2.806250572
12,throughput256.FP128.mul_div,8,1,nearest_even,1048576,4.316329956,4.308469772
12,exact_results.FP128.mul_div,0,0,nearest_even,1048576,3.027182579,3.022368431
12,exact_results.FP128.mul_div,0,1,toward_zero,1048576,2.826095581,2.821747780
12,exact_results.FP128.mul_div,1,0,toward_zero,1048576,2.836738586,2.831809044
12,exact_results.FP128.mul_div,1,1,nearest_even,1048576,3.037683487,3.031913757
12,exact_results.FP128.mul_div,2,0,nearest_even,1048576,3.032170296,3.027822495
12,exact_results.FP128.mul_div,2,1,toward_zero,1048576,2.826419830,2.822407722
12,exact_results.FP128.mul_div,3,0,toward_zero,1048576,2.837521553,2.830928802
12,exact_results.FP128.mul_div,3,1,nearest_even,1048576,3.046157837,3.042193413
12,exact_results.FP128.mul_div,4,0,nearest_even,1048576,3.030908585,3.025339127
12,exact_results.FP128.mul_div,4,1,toward_zero,1048576,2.828703880,2.824691772
12,exact_results.FP128.mul_div,5,0,toward_zero,1048576,2.832219124,2.827795982
12,exact_results.FP128.mul_div,5,1,nearest_even,1048576,3.039202690,3.030977249
12,exact_results.FP128.mul_div,6,0,nearest_even,1048576,3.026618958,3.021584511
12,exact_results.FP128.mul_div,6,1,toward_zero,1048576,2.821088791,2.816263199
12,exact_results.FP128.mul_div,7,0,toward_zero,1048576,2.825167656,2.821290970
12,exact_results.FP128.mul_div,7,1,nearest_even,1048576,3.034597397,3.030575752
12,exact_results.FP128.mul_div,8,0,nearest_even,1048576,3.031234741,3.025798798
12,exact_results.FP128.mul_div,8,1,toward_zero,1048576,2.822827339,2.817534447
12,halfway_ties.FP128.mul_div,0,0,toward_zero,1048576,2.824079514,2.819598198
12,halfway_ties.FP128.mul_div,0,1,nearest_even,1048576,4.335057259,4.327027321
12,halfway_ties.FP128.mul_div,1,0,nearest_even,1048576,4.300278664,4.294257164
12,halfway_ties.FP128.mul_div,1,1,toward_zero,1048576,2.799121857,2.794116020
12,halfway_ties.FP128.mul_div,2,0,toward_zero,1048576,2.829439163,2.824213028
12,halfway_ties.FP128.mul_div,2,1,nearest_even,1048576,4.317543983,4.311022758
12,halfway_ties.FP128.mul_div,3,0,nearest_even,1048576,4.295672417,4.289476395
12,halfway_ties.FP128.mul_div,3,1,toward_zero,1048576,2.777862549,2.770316124
12,halfway_ties.FP128.mul_div,4,0,toward_zero,1048576,2.827346802,2.822247505
12,halfway_ties.FP128.mul_div,4,1,nearest_even,1048576,4.316101074,4.308752060
12,halfway_ties.FP128.mul_div,5,0,nearest_even,1048576,4.289939880,4.282981873
12,halfway_ties.FP128.mul_div,5,1,toward_zero,1048576,2.788163185,2.783681870
12,halfway_ties.FP128.mul_div,6,0,toward_zero,1048576,2.831569672,2.825188637
12,halfway_ties.FP128.mul_div,6,1,nearest_even,1048576,4.331273079,4.324725151
12,halfway_ties.FP128.mul_div,7,0,nearest_even,1048576,4.291622162,4.285849571
12,halfway_ties.FP128.mul_div,7,1,toward_zero,1048576,2.799532890,2.794460297
12,halfway_ties.FP128.mul_div,8,0,toward_zero,1048576,2.823486328,2.817993164
12,halfway_ties.FP128.mul_div,8,1,nearest_even,1048576,4.317524910,4.309455872
12,exact_chain.FP128.mul_div,0,0,toward_zero,1048576,3.846869469,3.838895798
12,exact_chain.FP128.mul_div,0,1,nearest_even,1048576,3.795054436,3.789187431
12,exact_chain.FP128.mul_div,1,0,nearest_even,1048576,3.790640831,3.785840988
12,exact_chain.FP128.mul_div,1,1,toward_zero,1048576,3.832997322,3.827757835
12,exact_chain.FP128.mul_div,2,0,toward_zero,1048576,3.823546410,3.817727089
12,exact_chain.FP128.mul_div,2,1,nearest_even,1048576,3.791529655,3.785526276
12,exact_chain.FP128.mul_div,3,0,nearest_even,1048576,3.793249130,3.787361145
12,exact_chain.FP128.mul_div,3,1,toward_zero,1048576,3.852966309,3.846593857
12,exact_chain.FP128.mul_div,4,0,toward_zero,1048576,3.846497536,3.839816093
12,exact_chain.FP128.mul_div,4,1,nearest_even,1048576,3.787898064,3.781657219
12,exact_chain.FP128.mul_div,5,0,nearest_even,1048576,3.795800209,3.790715218
12,exact_chain.FP128.mul_div,5,1,toward_zero,1048576,3.841271400,3.835258484
12,exact_chain.FP128.mul_div,6,0,toward_zero,1048576,3.833655357,3.823802948
12,exact_chain.FP128.mul_div,6,1,nearest_even,1048576,3.789561272,3.783711433
12,exact_chain.FP128.mul_div,7,0,nearest_even,1048576,3.793439865,3.788049698
12,exact_chain.FP128.mul_div,7,1,toward_zero,1048576,3.846983910,3.840877533
12,exact_chain.FP128.mul_div,8,0,toward_zero,1048576,3.847138405,3.840396881
12,exact_chain.FP128.mul_div,8,1,nearest_even,1048576,3.790487289,3.781448364
12,inexact_chain.FP128.mul_div,0,0,toward_zero,1048576,3.807456970,3.798282623
12,inexact_chain.FP128.mul_div,0,1,nearest_even,1048576,4.908911705,4.901635170
12,inexact_chain.FP128.mul_div,1,0,nearest_even,1048576,4.894435883,4.886527061
12,inexact_chain.FP128.mul_div,1,1,toward_zero,1048576,3.836044312,3.829267502
12,inexact_chain.FP128.mul_div,2,0,toward_zero,1048576,3.832853317,3.825864792
12,inexact_chain.FP128.mul_div,2,1,nearest_even,1048576,4.906962395,4.900555611
12,inexact_chain.FP128.mul_div,3,0,nearest_even,1048576,4.899959564,4.887209892
12,inexact_chain.FP128.mul_div,3,1,toward_zero,1048576,3.821780205,3.814792633
12,inexact_chain.FP128.mul_div,4,0,toward_zero,1048576,3.837344170,3.831514359
12,inexact_chain.FP128.mul_div,4,1,nearest_even,1048576,4.903293610,4.896015167
12,inexact_chain.FP128.mul_div,5,0,nearest_even,1048576,4.891473770,4.884036064
12,inexact_chain.FP128.mul_div,5,1,toward_zero,1048576,3.814021111,3.808535576
12,inexact_chain.FP128.mul_div,6,0,toward_zero,1048576,3.824435234,3.819072723
12,inexact_chain.FP128.mul_div,6,1,nearest_even,1048576,4.906084061,4.894927979
12,inexact_chain.FP128.mul_div,7,0,nearest_even,1048576,4.887976646,4.880940437
12,inexact_chain.FP128.mul_div,7,1,toward_zero,1048576,3.818597794,3.812603951
12,inexact_chain.FP128.mul_div,8,0,toward_zero,1048576,3.841700554,3.832650185
12,inexact_chain.FP128.mul_div,8,1,nearest_even,1048576,4.898658752,4.891160965
12,wide_product.FP128.mul,0,0,toward_zero,1048576,6.175491333,6.167619705
12,wide_product.FP128.mul,0,1,nearest_even,1048576,7.245511055,7.233660698
12,wide_product.FP128.mul,1,0,nearest_even,1048576,7.240465164,7.226980209
12,wide_product.FP128.mul,1,1,toward_zero,1048576,6.101890564,6.092840195
12,wide_product.FP128.mul,2,0,toward_zero,1048576,6.125672340,6.118105888
12,wide_product.FP128.mul,2,1,nearest_even,1048576,7.294956207,7.282446861
12,wide_product.FP128.mul,3,0,nearest_even,1048576,7.237035751,7.222978592
12,wide_product.FP128.mul,3,1,toward_zero,1048576,6.108283043,6.095040321
12,wide_product.FP128.mul,4,0,toward_zero,1048576,6.127507210,6.119240761
12,wide_product.FP128.mul,4,1,nearest_even,1048576,7.296236038,7.282257080
12,wide_product.FP128.mul,5,0,nearest_even,1048576,7.286700249,7.272058487
12,wide_product.FP128.mul,5,1,toward_zero,1048576,6.099588394,6.089717865
12,wide_product.FP128.mul,6,0,toward_zero,1048576,6.113213539,6.103001595
12,wide_product.FP128.mul,6,1,nearest_even,1048576,7.253784180,7.239371300
12,wide_product.FP128.mul,7,0,nearest_even,1048576,7.203440666,7.193195343
12,wide_product.FP128.mul,7,1,toward_zero,1048576,6.115792274,6.107434273
12,wide_product.FP128.mul,8,0,toward_zero,1048576,6.131720543,6.118506432
12,wide_product.FP128.mul,8,1,nearest_even,1048576,7.268212318,7.253583908
12,native_by64.FP128.div,0,0,toward_zero,1048576,4.013647079,4.007636070
12,native_by64.FP128.div,0,1,nearest_even,1048576,6.456254959,6.442893982
12,native_by64.FP128.div,1,0,nearest_even,1048576,6.449509621,6.438195229
12,native_by64.FP128.div,1,1,toward_zero,1048576,3.975284576,3.968728065
12,native_by64.FP128.div,2,0,toward_zero,1048576,3.992627144,3.986997604
12,native_by64.FP128.div,2,1,nearest_even,1048576,6.446250916,6.434652328
12,native_by64.FP128.div,3,0,nearest_even,1048576,6.447540283,6.436657906
12,native_by64.FP128.div,3,1,toward_zero,1048576,3.987304688,3.981062889
12,native_by64.FP128.div,4,0,toward_zero,1048576,3.994900703,3.988619804
12,native_by64.FP128.div,4,1,nearest_even,1048576,6.439333916,6.429589272
12,native_by64.FP128.div,5,0,nearest_even,1048576,6.441253662,6.432164192
12,native_by64.FP128.div,5,1,toward_zero,1048576,3.998645782,3.989288330
12,native_by64.FP128.div,6,0,toward_zero,1048576,3.998827934,3.993896484
12,native_by64.FP128.div,6,1,nearest_even,1048576,6.441999435,6.431592941
12,native_by64.FP128.div,7,0,nearest_even,1048576,6.439639091,6.431431770
12,native_by64.FP128.div,7,1,toward_zero,1048576,3.992177963,3.982036591
12,native_by64.FP128.div,8,0,toward_zero,1048576,3.998072624,3.992758751
12,native_by64.FP128.div,8,1,nearest_even,1048576,6.444340706,6.436007500
12,native_by128.FP128.div,0,0,nearest_even,1048576,10.138200760,10.120846748
12,native_by128.FP128.div,0,1,toward_zero,1048576,7.891751289,7.876117706
12,native_by128.FP128.div,1,0,toward_zero,1048576,7.887126923,7.871442795
12,native_by128.FP128.div,1,1,nearest_even,1048576,10.156374931,10.140928268
12,native_by128.FP128.div,2,0,nearest_even,1048576,10.134656906,10.115695953
12,native_by128.FP128.div,2,1,toward_zero,1048576,7.876540184,7.865145683
12,native_by128.FP128.div,3,0,toward_zero,1048576,7.922822952,7.908201218
12,native_by128.FP128.div,3,1,nearest_even,1048576,10.126621246,10.109782219
12,native_by128.FP128.div,4,0,nearest_even,1048576,10.104474068,10.086366653
12,native_by128.FP128.div,4,1,toward_zero,1048576,7.950483322,7.938851357
12,native_by128.FP128.div,5,0,toward_zero,1048576,7.880075455,7.868453026
12,native_by128.FP128.div,5,1,nearest_even,1048576,10.102629662,10.087575912
12,native_by128.FP128.div,6,0,nearest_even,1048576,10.104998589,10.090848923
12,native_by128.FP128.div,6,1,toward_zero,1048576,7.882061958,7.870189667
12,native_by128.FP128.div,7,0,toward_zero,1048576,7.907526970,7.890706062
12,native_by128.FP128.div,7,1,nearest_even,1048576,10.125359535,10.108580589
12,native_by128.FP128.div,8,0,nearest_even,1048576,10.125913620,10.111865044
12,native_by128.FP128.div,8,1,toward_zero,1048576,7.866899490,7.853444099
12,wide_by64.FP128.div,0,0,toward_zero,1048576,6.864231110,6.850144386
12,wide_by64.FP128.div,0,1,nearest_even,1048576,8.173834801,8.162924767
12,wide_by64.FP128.div,1,0,nearest_even,1048576,8.189541817,8.176714897
12,wide_by64.FP128.div,1,1,toward_zero,1048576,6.744137764,6.734877586
12,wide_by64.FP128.div,2,0,toward_zero,1048576,6.759128571,6.748848915
12,wide_by64.FP128.div,2,1,nearest_even,1048576,8.175868988,8.162815094
12,wide_by64.FP128.div,3,0,nearest_even,1048576,8.163744926,8.153039932
12,wide_by64.FP128.div,3,1,toward_zero,1048576,6.786742210,6.773717880
12,wide_by64.FP128.div,4,0,toward_zero,1048576,6.743564606,6.734639168
12,wide_by64.FP128.div,4,1,nearest_even,1048576,8.164413452,8.151368141
12,wide_by64.FP128.div,5,0,nearest_even,1048576,8.179815292,8.164216042
12,wide_by64.FP128.div,5,1,toward_zero,1048576,6.810190201,6.796111107
12,wide_by64.FP128.div,6,0,toward_zero,1048576,6.788404465,6.777884483
12,wide_by64.FP128.div,6,1,nearest_even,1048576,8.172448158,8.161301613
12,wide_by64.FP128.div,7,0,nearest_even,1048576,8.157515526,8.142537117
12,wide_by64.FP128.div,7,1,toward_zero,1048576,6.738930702,6.728782654
12,wide_by64.FP128.div,8,0,toward_zero,1048576,6.779519081,6.769819260
12,wide_by64.FP128.div,8,1,nearest_even,1048576,8.167613983,8.153984070
12,wide_by128.FP128.div,0,0,toward_zero,1048576,12.453292847,12.432120323
12,wide_by128.FP128.div,0,1,nearest_even,1048576,13.048387527,13.023811340
12,wide_by128.FP128.div,1,0,nearest_even,1048576,12.963178635,12.945022583
12,wide_by128.FP128.div,1,1,toward_zero,1048576,12.331078529,12.310365677
12,wide_by128.FP128.div,2,0,toward_zero,1048576,12.271389961,12.252196312
12,wide_by128.FP128.div,2,1,nearest_even,1048576,12.982258797,12.960389137
12,wide_by128.FP128.div,3,0,nearest_even,1048576,12.955754280,12.935421944
12,wide_by128.FP128.div,3,1,toward_zero,1048576,12.314271927,12.289496422
12,wide_by128.FP128.div,4,0,toward_zero,1048576,12.270578384,12.251661301
12,wide_by128.FP128.div,4,1,nearest_even,1048576,13.015137672,12.963784218
12,wide_by128.FP128.div,5,0,nearest_even,1048576,12.934361458,12.913618088
12,wide_by128.FP128.div,5,1,toward_zero,1048576,12.309704781,12.287422180
12,wide_by128.FP128.div,6,0,toward_zero,1048576,12.258013725,12.240271568
12,wide_by128.FP128.div,6,1,nearest_even,1048576,12.966236115,12.944486618
12,wide_by128.FP128.div,7,0,nearest_even,1048576,12.906166077,12.884163857
12,wide_by128.FP128.div,7,1,toward_zero,1048576,12.322250366,12.291553497
12,wide_by128.FP128.div,8,0,toward_zero,1048576,12.279244423,12.261031151
12,wide_by128.FP128.div,8,1,nearest_even,1048576,12.931638718,12.912008286
12,wide_product.FP128.mul_div,0,0,toward_zero,1048576,13.157244682,13.136378288
12,wide_product.FP128.mul_div,0,1,nearest_even,1048576,13.286613464,13.259507179
12,wide_product.FP128.mul_div,1,0,nearest_even,1048576,13.253956795,13.231438637
12,wide_product.FP128.mul_div,1,1,toward_zero,1048576,13.016722679,12.996564865
12,wide_product.FP128.mul_div,2,0,toward_zero,1048576,12.996343613,12.975605965
12,wide_product.FP128.mul_div,2,1,nearest_even,1048576,13.267247200,13.245802879
12,wide_product.FP128.mul_div,3,0,nearest_even,1048576,13.267007828,13.245728493
12,wide_product.FP128.mul_div,3,1,toward_zero,1048576,13.017563820,12.996457100
12,wide_product.FP128.mul_div,4,0,toward_zero,1048576,13.017133713,12.991577148
12,wide_product.FP128.mul_div,4,1,nearest_even,1048576,13.265545845,13.242220879
12,wide_product.FP128.mul_div,5,0,nearest_even,1048576,13.260559082,13.240404129
12,wide_product.FP128.mul_div,5,1,toward_zero,1048576,13.156270027,13.133459091
12,wide_product.FP128.mul_div,6,0,toward_zero,1048576,13.028485298,13.006195068
12,wide_product.FP128.mul_div,6,1,nearest_even,1048576,13.231378555,13.210309029
12,wide_product.FP128.mul_div,7,0,nearest_even,1048576,13.226171494,13.204785347
12,wide_product.FP128.mul_div,7,1,toward_zero,1048576,13.033825874,13.013651848
12,wide_product.FP128.mul_div,8,0,toward_zero,1048576,13.014353752,12.994431496
12,wide_product.FP128.mul_div,8,1,nearest_even,1048576,13.263415337,13.243174553
12,throughput4096.FP64.mul_wide,0,0,toward_zero,1048576,2.489377975,2.485148430
12,throughput4096.FP64.mul_wide,0,1,nearest_even,1048576,2.580204964,2.575869560
12,throughput4096.FP64.mul_wide,1,0,nearest_even,1048576,2.553481102,2.550710678
12,throughput4096.FP64.mul_wide,1,1,toward_zero,1048576,2.510254860,2.506026268
12,throughput4096.FP64.mul_wide,2,0,toward_zero,1048576,2.507493973,2.502806664
12,throughput4096.FP64.mul_wide,2,1,nearest_even,1048576,2.530883789,2.528468132
12,throughput4096.FP64.mul_wide,3,0,nearest_even,1048576,2.554225922,2.550290108
12,throughput4096.FP64.mul_wide,3,1,toward_zero,1048576,2.513570786,2.508630753
12,throughput4096.FP64.mul_wide,4,0,toward_zero,1048576,2.500643730,2.498132706
12,throughput4096.FP64.mul_wide,4,1,nearest_even,1048576,2.536625862,2.529090881
12,throughput4096.FP64.mul_wide,5,0,nearest_even,1048576,2.550929070,2.547711372
12,throughput4096.FP64.mul_wide,5,1,toward_zero,1048576,2.515844345,2.512895584
12,throughput4096.FP64.mul_wide,6,0,toward_zero,1048576,2.504809380,2.500750542
12,throughput4096.FP64.mul_wide,6,1,nearest_even,1048576,2.534714699,2.531782150
12,throughput4096.FP64.mul_wide,7,0,nearest_even,1048576,2.553308487,2.549632072
12,throughput4096.FP64.mul_wide,7,1,toward_zero,1048576,2.482088089,2.478086472
12,throughput4096.FP64.mul_wide,8,0,toward_zero,1048576,2.468711853,2.464663506
12,throughput4096.FP64.mul_wide,8,1,nearest_even,1048576,2.530921936,2.526329041
12,fullrange.FP64.mul_wide,0,0,toward_zero,1048576,2.698453903,2.695149422
12,fullrange.FP64.mul_wide,0,1,nearest_even,1048576,2.549123764,2.544137955
12,fullrange.FP64.mul_wide,1,0,nearest_even,1048576,2.515357018,2.511212349
12,fullrange.FP64.mul_wide,1,1,toward_zero,1048576,2.679124832,2.674751282
12,fullrange.FP64.mul_wide,2,0,toward_zero,1048576,2.658630371,2.656206131
12,fullrange.FP64.mul_wide,2,1,nearest_even,1048576,2.506481171,2.500951767
12,fullrange.FP64.mul_wide,3,0,nearest_even,1048576,2.512500763,2.507906914
12,fullrange.FP64.mul_wide,3,1,toward_zero,1048576,2.672179222,2.669160843
12,fullrange.FP64.mul_wide,4,0,toward_zero,1048576,2.656890869,2.652066231
12,fullrange.FP64.mul_wide,4,1,nearest_even,1048576,2.494738579,2.490126610
12,fullrange.FP64.mul_wide,5,0,nearest_even,1048576,2.514229774,2.511155128
12,fullrange.FP64.mul_wide,5,1,toward_zero,1048576,2.676086426,2.671224594
12,fullrange.FP64.mul_wide,6,0,toward_zero,1048576,2.661343575,2.653012276
12,fullrange.FP64.mul_wide,6,1,nearest_even,1048576,2.503911018,2.498972893
12,fullrange.FP64.mul_wide,7,0,nearest_even,1048576,2.503701210,2.500961304
12,fullrange.FP64.mul_wide,7,1,toward_zero,1048576,2.677299500,2.673459053
12,fullrange.FP64.mul_wide,8,0,toward_zero,1048576,2.672656059,2.668943405
12,fullrange.FP64.mul_wide,8,1,nearest_even,1048576,2.496993065,2.492733955
12,throughput4096.FP64.quantize4,0,0,nearest_even,1048576,2.701730728,2.697116852
12,throughput4096.FP64.quantize4,0,1,toward_zero,1048576,1.895229340,1.892730713
12,throughput4096.FP64.quantize4,1,0,toward_zero,1048576,1.898507118,1.895586967
12,throughput4096.FP64.quantize4,1,1,nearest_even,1048576,2.689864159,2.686112404
12,throughput4096.FP64.quantize4,2,0,nearest_even,1048576,2.687198639,2.683119774
12,throughput4096.FP64.quantize4,2,1,toward_zero,1048576,1.888933182,1.886384964
12,throughput4096.FP64.quantize4,3,0,toward_zero,1048576,1.895420074,1.892606735
12,throughput4096.FP64.quantize4,3,1,nearest_even,1048576,2.685564995,2.682538033
12,throughput4096.FP64.quantize4,4,0,nearest_even,1048576,2.680069923,2.676548004
12,throughput4096.FP64.quantize4,4,1,toward_zero,1048576,1.891846657,1.889624596
12,throughput4096.FP64.quantize4,5,0,toward_zero,1048576,1.893041611,1.890321732
12,throughput4096.FP64.quantize4,5,1,nearest_even,1048576,2.690265656,2.686578751
12,throughput4096.FP64.quantize4,6,0,nearest_even,1048576,2.686978340,2.682393074
12,throughput4096.FP64.quantize4,6,1,toward_zero,1048576,1.891541481,1.888709068
12,throughput4096.FP64.quantize4,7,0,toward_zero,1048576,1.894675255,1.892368317
12,throughput4096.FP64.quantize4,7,1,nearest_even,1048576,2.693083763,2.688851357
12,throughput4096.FP64.quantize4,8,0,nearest_even,1048576,2.685545921,2.682785988
12,throughput4096.FP64.quantize4,8,1,toward_zero,1048576,1.896413803,1.890522957
12,throughput4096.FP128.quantize4,0,0,toward_zero,1048576,3.566926956,3.561555862
12,throughput4096.FP128.quantize4,0,1,nearest_even,1048576,4.487598419,4.481707573
12,throughput4096.FP128.quantize4,1,0,nearest_even,1048576,4.479610443,4.469172478
12,throughput4096.FP128.quantize4,1,1,toward_zero,1048576,3.561786652,3.556224823
12,throughput4096.FP128.quantize4,2,0,toward_zero,1048576,3.575946808,3.570614815
12,throughput4096.FP128.quantize4,2,1,nearest_even,1048576,4.497467995,4.485836029
12,throughput4096.FP128.quantize4,3,0,nearest_even,1048576,4.482399940,4.475124359
12,throughput4096.FP128.quantize4,3,1,toward_zero,1048576,3.572238922,3.563975334
12,throughput4096.FP128.quantize4,4,0,toward_zero,1048576,3.578191757,3.574177742
12,throughput4096.FP128.quantize4,4,1,nearest_even,1048576,4.501681328,4.494903564
12,throughput4096.FP128.quantize4,5,0,nearest_even,1048576,4.489518166,4.480456352
12,throughput4096.FP128.quantize4,5,1,toward_zero,1048576,3.567098618,3.561270714
12,throughput4096.FP128.quantize4,6,0,toward_zero,1048576,3.585692406,3.581458092
12,throughput4096.FP128.quantize4,6,1,nearest_even,1048576,4.489489555,4.482788086
12,throughput4096.FP128.quantize4,7,0,nearest_even,1048576,4.481329918,4.473329544
12,throughput4096.FP128.quantize4,7,1,toward_zero,1048576,3.571914673,3.566227913
12,throughput4096.FP128.quantize4,8,0,toward_zero,1048576,3.603081703,3.598046303
12,throughput4096.FP128.quantize4,8,1,nearest_even,1048576,4.495011330,4.488835335
12,parse_extra_digit.FP64,0,0,toward_zero,1048576,24.148716927,24.109163284
12,parse_extra_digit.FP64,0,1,nearest_even,1048576,24.783225060,24.741655350
12,parse_extra_digit.FP64,1,0,nearest_even,1048576,24.402173996,24.361079216
12,parse_extra_digit.FP64,1,1,toward_zero,1048576,24.511718750,24.465439796
12,parse_extra_digit.FP64,2,0,toward_zero,1048576,24.448973656,24.411933899
12,parse_extra_digit.FP64,2,1,nearest_even,1048576,24.676910400,24.635323524
12,parse_extra_digit.FP64,3,0,nearest_even,1048576,24.606883049,24.558892250
12,parse_extra_digit.FP64,3,1,toward_zero,1048576,24.227285385,24.186958313
12,parse_extra_digit.FP64,4,0,toward_zero,1048576,24.415388107,24.374325752
12,parse_extra_digit.FP64,4,1,nearest_even,1048576,24.591614723,24.546351433
12,parse_extra_digit.FP64,5,0,nearest_even,1048576,24.462760925,24.423912048
12,parse_extra_digit.FP64,5,1,toward_zero,1048576,24.577770233,24.540894508
12,parse_extra_digit.FP64,6,0,toward_zero,1048576,24.305595398,24.264358521
12,parse_extra_digit.FP64,6,1,nearest_even,1048576,24.783414841,24.742369652
12,parse_extra_digit.FP64,7,0,nearest_even,1048576,24.645607948,24.602605820
12,parse_extra_digit.FP64,7,1,toward_zero,1048576,24.488825798,24.449223518
12,parse_extra_digit.FP64,8,0,toward_zero,1048576,24.354773521,24.313300133
12,parse_extra_digit.FP64,8,1,nearest_even,1048576,24.611392975,24.570381165
12,format_2digits.FP64,0,0,nearest_even,1048576,11.529498100,11.508185387
12,format_2digits.FP64,0,1,toward_zero,1048576,11.087430954,11.070517540
12,format_2digits.FP64,1,0,toward_zero,1048576,11.070319176,11.048722267
12,format_2digits.FP64,1,1,nearest_even,1048576,11.553355217,11.535883904
12,format_2digits.FP64,2,0,nearest_even,1048576,11.580146790,11.553846359
12,format_2digits.FP64,2,1,toward_zero,1048576,10.817501068,10.796563148
12,format_2digits.FP64,3,0,toward_zero,1048576,10.795104980,10.774520874
12,format_2digits.FP64,3,1,nearest_even,1048576,11.303853989,11.285826683
12,format_2digits.FP64,4,0,nearest_even,1048576,11.306079865,11.283105850
12,format_2digits.FP64,4,1,toward_zero,1048576,10.794398308,10.777193069
12,format_2digits.FP64,5,0,toward_zero,1048576,10.790624619,10.773362160
12,format_2digits.FP64,5,1,nearest_even,1048576,11.300127983,11.277832985
12,format_2digits.FP64,6,0,nearest_even,1048576,11.293563843,11.275243759
12,format_2digits.FP64,6,1,toward_zero,1048576,10.789238930,10.769023895
12,format_2digits.FP64,7,0,toward_zero,1048576,10.793690681,10.777557373
12,format_2digits.FP64,7,1,nearest_even,1048576,11.291547775,11.274686813
12,format_2digits.FP64,8,0,nearest_even,1048576,11.297758102,11.277919769
12,format_2digits.FP64,8,1,toward_zero,1048576,10.796987534,10.777725220
12,parse_extra_digit.FP128,0,0,toward_zero,1048576,24.985125542,24.943017960
12,parse_extra_digit.FP128,0,1,nearest_even,1048576,26.563864708,26.522624969
12,parse_extra_digit.FP128,1,0,nearest_even,1048576,26.580451965,26.533437729
12,parse_extra_digit.FP128,1,1,toward_zero,1048576,25.141133308,25.095531464
12,parse_extra_digit.FP128,2,0,toward_zero,1048576,25.246483803,25.200328827
12,parse_extra_digit.FP128,2,1,nearest_even,1048576,26.646847725,26.602653503
12,parse_extra_digit.FP128,3,0,nearest_even,1048576,26.571681023,26.529153824
12,parse_extra_digit.FP128,3,1,toward_zero,1048576,25.152189255,25.111899376
12,parse_extra_digit.FP128,4,0,toward_zero,1048576,25.237617493,25.194602013
12,parse_extra_digit.FP128,4,1,nearest_even,1048576,26.569827080,26.521311760
12,parse_extra_digit.FP128,5,0,nearest_even,1048576,26.592329025,26.548387527
12,parse_extra_digit.FP128,5,1,toward_zero,1048576,25.110682487,25.070314407
12,parse_extra_digit.FP128,6,0,toward_zero,1048576,25.123189926,25.083555222
12,parse_extra_digit.FP128,6,1,nearest_even,1048576,26.549561501,26.486596107
12,parse_extra_digit.FP128,7,0,nearest_even,1048576,26.583499908,26.535692215
12,parse_extra_digit.FP128,7,1,toward_zero,1048576,25.124508858,25.087182045
12,parse_extra_digit.FP128,8,0,toward_zero,1048576,25.210329056,25.171633720
12,parse_extra_digit.FP128,8,1,nearest_even,1048576,26.516340256,26.474811554
12,format_2digits.FP128,0,0,toward_zero,1048576,11.520219803,11.501699448
12,format_2digits.FP128,0,1,nearest_even,1048576,12.010222435,11.990705490
12,format_2digits.FP128,1,0,nearest_even,1048576,12.009066582,11.990664482
12,format_2digits.FP128,1,1,toward_zero,1048576,11.578408241,11.559733391
12,format_2digits.FP128,2,0,toward_zero,1048576,11.572799683,11.555861473
12,format_2digits.FP128,2,1,nearest_even,1048576,12.593307495,12.570451736
12,format_2digits.FP128,3,0,nearest_even,1048576,12.050572395,12.026757240
12,format_2digits.FP128,3,1,toward_zero,1048576,11.550211906,11.531286240
12,format_2digits.FP128,4,0,toward_zero,1048576,11.594746590,11.577362061
12,format_2digits.FP128,4,1,nearest_even,1048576,12.101795197,12.081885338
12,format_2digits.FP128,5,0,nearest_even,1048576,12.087281227,12.068201065
12,format_2digits.FP128,5,1,toward_zero,1048576,11.600469589,11.581655502
12,format_2digits.FP128,6,0,toward_zero,1048576,11.597727776,11.578900337
12,format_2digits.FP128,6,1,nearest_even,1048576,12.104145050,12.076326370
12,format_2digits.FP128,7,0,nearest_even,1048576,12.092450142,12.070192337
12,format_2digits.FP128,7,1,toward_zero,1048576,11.599342346,11.572628975
12,format_2digits.FP128,8,0,toward_zero,1048576,11.619598389,11.594722748
12,format_2digits.FP128,8,1,nearest_even,1048576,12.096453667,12.078971863
12,throughput4096.FP64.mul,0,0,toward_zero,1048576,2.583597183,2.578974724
12,throughput4096.FP64.mul,0,1,nearest_even,1048576,2.628962517,2.622639656
12,throughput4096.FP64.mul,1,0,nearest_even,1048576,2.620019913,2.616810799
12,throughput4096.FP64.mul,1,1,toward_zero,1048576,2.572351456,2.567105293
12,throughput4096.FP64.mul,2,0,toward_zero,1048576,2.576555252,2.565596581
12,throughput4096.FP64.mul,2,1,nearest_even,1048576,2.630167007,2.623413086
12,throughput4096.FP64.mul,3,0,nearest_even,1048576,2.614343643,2.609482765
12,throughput4096.FP64.mul,3,1,toward_zero,1048576,2.561220169,2.556749344
12,throughput4096.FP64.mul,4,0,toward_zero,1048576,2.559204102,2.554696083
12,throughput4096.FP64.mul,4,1,nearest_even,1048576,2.628313065,2.623029709
12,throughput4096.FP64.mul,5,0,nearest_even,1048576,2.620469093,2.615692139
12,throughput4096.FP64.mul,5,1,toward_zero,1048576,2.593590736,2.562122345
12,throughput4096.FP64.mul,6,0,toward_zero,1048576,2.558172226,2.555279732
12,throughput4096.FP64.mul,6,1,nearest_even,1048576,2.611286163,2.606826782
12,throughput4096.FP64.mul,7,0,nearest_even,1048576,2.610933304,2.607408524
12,throughput4096.FP64.mul,7,1,toward_zero,1048576,2.555687904,2.548265457
12,throughput4096.FP64.mul,8,0,toward_zero,1048576,2.557818413,2.555260658
12,throughput4096.FP64.mul,8,1,nearest_even,1048576,2.613971710,2.609108925
12,throughput256.FP64.mul,0,0,toward_zero,1048576,2.570373535,2.566273689
12,throughput256.FP64.mul,0,1,nearest_even,1048576,2.611467361,2.606176376
12,throughput256.FP64.mul,1,0,nearest_even,1048576,2.611085892,2.608345985
12,throughput256.FP64.mul,1,1,toward_zero,1048576,2.573641777,2.561488152
12,throughput256.FP64.mul,2,0,toward_zero,1048576,2.562232971,2.557190895
12,throughput256.FP64.mul,2,1,nearest_even,1048576,2.617038727,2.614297867
12,throughput256.FP64.mul,3,0,nearest_even,1048576,2.611028671,2.605955124
12,throughput256.FP64.mul,3,1,toward_zero,1048576,2.562996864,2.559127808
12,throughput256.FP64.mul,4,0,toward_zero,1048576,2.574711800,2.570613861
12,throughput256.FP64.mul,4,1,nearest_even,1048576,2.615480423,2.612187386
12,throughput256.FP64.mul,5,0,nearest_even,1048576,2.608037949,2.603901863
12,throughput256.FP64.mul,5,1,toward_zero,1048576,2.544078827,2.539018631
12,throughput256.FP64.mul,6,0,toward_zero,1048576,2.541078568,2.537296295
12,throughput256.FP64.mul,6,1,nearest_even,1048576,2.614955902,2.603751183
12,throughput256.FP64.mul,7,0,nearest_even,1048576,2.620325089,2.615395546
12,throughput256.FP64.mul,7,1,toward_zero,1048576,2.562404633,2.557840347
12,throughput256.FP64.mul,8,0,toward_zero,1048576,2.567133904,2.564527512
12,throughput256.FP64.mul,8,1,nearest_even,1048576,2.612643242,2.608793259
12,exact_results.FP64.mul,0,0,nearest_even,1048576,2.570535660,2.567060471
12,exact_results.FP64.mul,0,1,toward_zero,1048576,2.547050476,2.542150497
12,exact_results.FP64.mul,1,0,toward_zero,1048576,2.540591240,2.536656380
12,exact_results.FP64.mul,1,1,nearest_even,1048576,2.523765564,2.520950317
12,exact_results.FP64.mul,2,0,nearest_even,1048576,2.530454636,2.525563240
12,exact_results.FP64.mul,2,1,toward_zero,1048576,2.548006058,2.543106079
12,exact_results.FP64.mul,3,0,toward_zero,1048576,2.539176941,2.536646843
12,exact_results.FP64.mul,3,1,nearest_even,1048576,2.536005020,2.530713081
12,exact_results.FP64.mul,4,0,nearest_even,1048576,2.542521477,2.538737297
12,exact_results.FP64.mul,4,1,toward_zero,1048576,2.539483070,2.536046028
12,exact_results.FP64.mul,5,0,toward_zero,1048576,2.538575172,2.534105301
12,exact_results.FP64.mul,5,1,nearest_even,1048576,2.546171188,2.541378021
12,exact_results.FP64.mul,6,0,nearest_even,1048576,2.545245171,2.542112350
12,exact_results.FP64.mul,6,1,toward_zero,1048576,2.539969444,2.535578728
12,exact_results.FP64.mul,7,0,toward_zero,1048576,2.540113449,2.535118103
12,exact_results.FP64.mul,7,1,nearest_even,1048576,2.545282364,2.541254044
12,exact_results.FP64.mul,8,0,nearest_even,1048576,2.532096863,2.528381348
12,exact_results.FP64.mul,8,1,toward_zero,1048576,2.548750877,2.543572426
12,halfway_ties.FP64.mul,0,0,toward_zero,1048576,2.548005104,2.544146538
12,halfway_ties.FP64.mul,0,1,nearest_even,1048576,2.646648407,2.642658234
12,halfway_ties.FP64.mul,1,0,nearest_even,1048576,2.635306358,2.624166489
12,halfway_ties.FP64.mul,1,1,toward_zero,1048576,2.543801308,2.539973259
12,halfway_ties.FP64.mul,2,0,toward_zero,1048576,2.543868065,2.538405418
12,halfway_ties.FP64.mul,2,1,nearest_even,1048576,2.627644539,2.622878075
12,halfway_ties.FP64.mul,3,0,nearest_even,1048576,2.644832611,2.639627457
12,halfway_ties.FP64.mul,3,1,toward_zero,1048576,2.538040161,2.534679413
12,halfway_ties.FP64.mul,4,0,toward_zero,1048576,2.543658257,2.538574219
12,halfway_ties.FP64.mul,4,1,nearest_even,1048576,2.641383171,2.636293411
12,halfway_ties.FP64.mul,5,0,nearest_even,1048576,2.626564980,2.624272346
12,halfway_ties.FP64.mul,5,1,toward_zero,1048576,2.543104172,2.539530754
12,halfway_ties.FP64.mul,6,0,toward_zero,1048576,2.541011810,2.536599159
12,halfway_ties.FP64.mul,6,1,nearest_even,1048576,2.624787331,2.621616364
12,halfway_ties.FP64.mul,7,0,nearest_even,1048576,2.613989830,2.609491348
12,halfway_ties.FP64.mul,7,1,toward_zero,1048576,2.546467781,2.541318893
12,halfway_ties.FP64.mul,8,0,toward_zero,1048576,2.540037155,2.534860611
12,halfway_ties.FP64.mul,8,1,nearest_even,1048576,2.615548134,2.612445831
12,exact_chain.FP64.mul,0,0,nearest_even,1048576,3.680073738,3.675926208
12,exact_chain.FP64.mul,0,1,toward_zero,1048576,3.646746635,3.633026123
12,exact_chain.FP64.mul,1,0,toward_zero,1048576,3.634593010,3.627791405
12,exact_chain.FP64.mul,1,1,nearest_even,1048576,3.666152954,3.660398483
12,exact_chain.FP64.mul,2,0,nearest_even,1048576,3.696048737,3.689786911
12,exact_chain.FP64.mul,2,1,toward_zero,1048576,3.625114441,3.619391441
12,exact_chain.FP64.mul,3,0,toward_zero,1048576,3.627933502,3.623586655
12,exact_chain.FP64.mul,3,1,nearest_even,1048576,3.679242134,3.666494370
12,exact_chain.FP64.mul,4,0,nearest_even,1048576,3.672907829,3.667021751
12,exact_chain.FP64.mul,4,1,toward_zero,1048576,3.634593964,3.629212379
12,exact_chain.FP64.mul,5,0,toward_zero,1048576,3.629013062,3.623460770
12,exact_chain.FP64.mul,5,1,nearest_even,1048576,3.690966606,3.685757637
12,exact_chain.FP64.mul,6,0,nearest_even,1048576,3.683485031,3.678755760
12,exact_chain.FP64.mul,6,1,toward_zero,1048576,3.746936798,3.742328644
12,exact_chain.FP64.mul,7,0,toward_zero,1048576,3.744395256,3.738374710
12,exact_chain.FP64.mul,7,1,nearest_even,1048576,3.670805931,3.664526939
12,exact_chain.FP64.mul,8,0,nearest_even,1048576,3.681708336,3.670451164
12,exact_chain.FP64.mul,8,1,toward_zero,1048576,3.753042221,3.740303993
12,inexact_chain.FP64.mul,0,0,nearest_even,1048576,4.741322517,4.734034538
12,inexact_chain.FP64.mul,0,1,toward_zero,1048576,3.758164406,3.746132851
12,inexact_chain.FP64.mul,1,0,toward_zero,1048576,3.747472763,3.741118431
12,inexact_chain.FP64.mul,1,1,nearest_even,1048576,4.710603714,4.700596809
12,inexact_chain.FP64.mul,2,0,nearest_even,1048576,4.812743187,4.805007935
12,inexact_chain.FP64.mul,2,1,toward_zero,1048576,3.751800537,3.738632202
12,inexact_chain.FP64.mul,3,0,toward_zero,1048576,3.742083549,3.736997604
12,inexact_chain.FP64.mul,3,1,nearest_even,1048576,4.738866806,4.731838226
12,inexact_chain.FP64.mul,4,0,nearest_even,1048576,4.739927292,4.732056618
12,inexact_chain.FP64.mul,4,1,toward_zero,1048576,3.744587898,3.738881111
12,inexact_chain.FP64.mul,5,0,toward_zero,1048576,3.742790222,3.737170219
12,inexact_chain.FP64.mul,5,1,nearest_even,1048576,4.702778816,4.696038246
12,inexact_chain.FP64.mul,6,0,nearest_even,1048576,4.706620216,4.698180199
12,inexact_chain.FP64.mul,6,1,toward_zero,1048576,3.742302895,3.736885071
12,inexact_chain.FP64.mul,7,0,toward_zero,1048576,3.746603966,3.736474037
12,inexact_chain.FP64.mul,7,1,nearest_even,1048576,4.702864647,4.695646286
12,inexact_chain.FP64.mul,8,0,nearest_even,1048576,4.706209183,4.696917534
12,inexact_chain.FP64.mul,8,1,toward_zero,1048576,3.744023323,3.736188889
12,throughput4096.FP64.div,0,0,toward_zero,1048576,2.407694817,2.404992104
12,throughput4096.FP64.div,0,1,nearest_even,1048576,2.522208214,2.518637657
12,throughput4096.FP64.div,1,0,nearest_even,1048576,2.540505409,2.536274910
12,throughput4096.FP64.div,1,1,toward_zero,1048576,2.430120468,2.427446365
12,throughput4096.FP64.div,2,0,toward_zero,1048576,2.421052933,2.416458130
12,throughput4096.FP64.div,2,1,nearest_even,1048576,2.539138794,2.535453796
12,throughput4096.FP64.div,3,0,nearest_even,1048576,2.537590981,2.532825470
12,throughput4096.FP64.div,3,1,toward_zero,1048576,2.441289902,2.429636955
12,throughput4096.FP64.div,4,0,toward_zero,1048576,2.425104141,2.422401428
12,throughput4096.FP64.div,4,1,nearest_even,1048576,2.531294823,2.526921272
12,throughput4096.FP64.div,5,0,nearest_even,1048576,2.523708344,2.521379471
12,throughput4096.FP64.div,5,1,toward_zero,1048576,2.434973717,2.430425644
12,throughput4096.FP64.div,6,0,toward_zero,1048576,2.431954384,2.427676201
12,throughput4096.FP64.div,6,1,nearest_even,1048576,2.529670715,2.526499748
12,throughput4096.FP64.div,7,0,nearest_even,1048576,2.528456688,2.524567604
12,throughput4096.FP64.div,7,1,toward_zero,1048576,2.436932564,2.433840752
12,throughput4096.FP64.div,8,0,toward_zero,1048576,2.436110497,2.425009727
12,throughput4096.FP64.div,8,1,nearest_even,1048576,2.529909134,2.525437355
12,throughput256.FP64.div,0,0,nearest_even,1048576,2.539549828,2.536607742
12,throughput256.FP64.div,0,1,toward_zero,1048576,2.445847511,2.441177368
12,throughput256.FP64.div,1,0,toward_zero,1048576,2.437094688,2.434632301
12,throughput256.FP64.div,1,1,nearest_even,1048576,2.542024612,2.530646324
12,throughput256.FP64.div,2,0,nearest_even,1048576,2.543878555,2.539399147
12,throughput256.FP64.div,2,1,toward_zero,1048576,2.439970970,2.436619759
12,throughput256.FP64.div,3,0,toward_zero,1048576,2.434554100,2.430379868
12,throughput256.FP64.div,3,1,nearest_even,1048576,2.528859138,2.523929596
12,throughput256.FP64.div,4,0,nearest_even,1048576,2.535871506,2.532950401
12,throughput256.FP64.div,4,1,toward_zero,1048576,2.441996574,2.438032150
12,throughput256.FP64.div,5,0,toward_zero,1048576,2.433091164,2.430745125
12,throughput256.FP64.div,5,1,nearest_even,1048576,2.524395943,2.520268440
12,throughput256.FP64.div,6,0,nearest_even,1048576,2.534008026,2.530264854
12,throughput256.FP64.div,6,1,toward_zero,1048576,2.447633743,2.437719345
12,throughput256.FP64.div,7,0,toward_zero,1048576,2.442684174,2.438397408
12,throughput256.FP64.div,7,1,nearest_even,1048576,2.538756371,2.535681725
12,throughput256.FP64.div,8,0,nearest_even,1048576,2.541785240,2.537908554
12,throughput256.FP64.div,8,1,toward_zero,1048576,2.447080612,2.442800522
12,exact_results.FP64.div,0,0,toward_zero,1048576,2.551531792,2.546900749
12,exact_results.FP64.div,0,1,nearest_even,1048576,2.574691772,2.569935799
12,exact_results.FP64.div,1,0,nearest_even,1048576,2.566503525,2.560621262
12,exact_results.FP64.div,1,1,toward_zero,1048576,2.524100304,2.519666672
12,exact_results.FP64.div,2,0,toward_zero,1048576,2.520134926,2.516200066
12,exact_results.FP64.div,2,1,nearest_even,1048576,2.553938866,2.550989151
12,exact_results.FP64.div,3,0,nearest_even,1048576,2.556710243,2.551647186
12,exact_results.FP64.div,3,1,toward_zero,1048576,2.514917374,2.510841370
12,exact_results.FP64.div,4,0,toward_zero,1048576,2.516007423,2.512960434
12,exact_results.FP64.div,4,1,nearest_even,1048576,2.553662300,2.549545288
12,exact_results.FP64.div,5,0,nearest_even,1048576,2.555515289,2.550806999
12,exact_results.FP64.div,5,1,toward_zero,1048576,2.518309593,2.515234947
12,exact_results.FP64.div,6,0,toward_zero,1048576,2.514927864,2.510273933
12,exact_results.FP64.div,6,1,nearest_even,1048576,2.552047729,2.547674179
12,exact_results.FP64.div,7,0,nearest_even,1048576,2.555105209,2.552317619
12,exact_results.FP64.div,7,1,toward_zero,1048576,2.516790390,2.512149811
12,exact_results.FP64.div,8,0,toward_zero,1048576,2.516140938,2.512693405
12,exact_results.FP64.div,8,1,nearest_even,1048576,2.564325333,2.552010536
12,halfway_ties.FP64.div,0,0,toward_zero,1048576,2.546572685,2.543231010
12,halfway_ties.FP64.div,0,1,nearest_even,1048576,2.519312859,2.514144897
12,halfway_ties.FP64.div,1,0,nearest_even,1048576,2.526488304,2.520928383
12,halfway_ties.FP64.div,1,1,toward_zero,1048576,2.539759636,2.537020683
12,halfway_ties.FP64.div,2,0,toward_zero,1048576,2.534208298,2.529603958
12,halfway_ties.FP64.div,2,1,nearest_even,1048576,2.505764961,2.501114845
12,halfway_ties.FP64.div,3,0,nearest_even,1048576,2.524548531,2.520662308
12,halfway_ties.FP64.div,3,1,toward_zero,1048576,2.541996002,2.537841797
12,halfway_ties.FP64.div,4,0,toward_zero,1048576,2.532431602,2.527915955
12,halfway_ties.FP64.div,4,1,nearest_even,1048576,2.506834984,2.504791260
12,halfway_ties.FP64.div,5,0,nearest_even,1048576,2.522713661,2.518578529
12,halfway_ties.FP64.div,5,1,toward_zero,1048576,2.543810844,2.537057877
12,halfway_ties.FP64.div,6,0,toward_zero,1048576,2.533128738,2.528946877
12,halfway_ties.FP64.div,6,1,nearest_even,1048576,2.508419991,2.502881050
12,halfway_ties.FP64.div,7,0,nearest_even,1048576,2.523154259,2.518692970
12,halfway_ties.FP64.div,7,1,toward_zero,1048576,2.542072296,2.538958549
12,halfway_ties.FP64.div,8,0,toward_zero,1048576,2.531228065,2.526511192
12,halfway_ties.FP64.div,8,1,nearest_even,1048576,2.505936623,2.503186226
12,exact_chain.FP64.div,0,0,toward_zero,1048576,3.917384148,3.911227226
12,exact_chain.FP64.div,0,1,nearest_even,1048576,3.817145348,3.803586006
12,exact_chain.FP64.div,1,0,nearest_even,1048576,3.757972717,3.751951218
12,exact_chain.FP64.div,1,1,toward_zero,1048576,3.851485252,3.845635414
12,exact_chain.FP64.div,2,0,toward_zero,1048576,3.784487724,3.770995140
12,exact_chain.FP64.div,2,1,nearest_even,1048576,3.762119293,3.755927086
12,exact_chain.FP64.div,3,0,nearest_even,1048576,3.811460495,3.804874420
12,exact_chain.FP64.div,3,1,toward_zero,1048576,3.781487465,3.768271446
12,exact_chain.FP64.div,4,0,toward_zero,1048576,3.960532188,3.955736160
12,exact_chain.FP64.div,4,1,nearest_even,1048576,3.732557297,3.726084709
12,exact_chain.FP64.div,5,0,nearest_even,1048576,3.760190010,3.749193192
12,exact_chain.FP64.div,5,1,toward_zero,1048576,3.981256485,3.974422455
12,exact_chain.FP64.div,6,0,toward_zero,1048576,3.924223900,3.919158936
12,exact_chain.FP64.div,6,1,nearest_even,1048576,3.751485825,3.745942116
12,exact_chain.FP64.div,7,0,nearest_even,1048576,3.795236588,3.782163620
12,exact_chain.FP64.div,7,1,toward_zero,1048576,3.904026031,3.898453712
12,exact_chain.FP64.div,8,0,toward_zero,1048576,3.862242699,3.856259346
12,exact_chain.FP64.div,8,1,nearest_even,1048576,3.748064995,3.741690636
12,inexact_chain.FP64.div,0,0,toward_zero,1048576,3.822285652,3.817028999
12,inexact_chain.FP64.div,0,1,nearest_even,1048576,4.935922623,4.930365562
12,inexact_chain.FP64.div,1,0,nearest_even,1048576,4.947436333,4.930739403
12,inexact_chain.FP64.div,1,1,toward_zero,1048576,3.813036919,3.807637215
12,inexact_chain.FP64.div,2,0,toward_zero,1048576,3.794328690,3.789176941
12,inexact_chain.FP64.div,2,1,nearest_even,1048576,4.944446564,4.927481651
12,inexact_chain.FP64.div,3,0,nearest_even,1048576,4.929483414,4.922962189
12,inexact_chain.FP64.div,3,1,toward_zero,1048576,3.983243942,3.978035927
12,inexact_chain.FP64.div,4,0,toward_zero,1048576,3.941843033,3.936651230
12,inexact_chain.FP64.div,4,1,nearest_even,1048576,4.934288979,4.927328110
12,inexact_chain.FP64.div,5,0,nearest_even,1048576,4.938817978,4.921860695
12,inexact_chain.FP64.div,5,1,toward_zero,1048576,3.799268723,3.793838501
12,inexact_chain.FP64.div,6,0,toward_zero,1048576,3.781773567,3.776021004
12,inexact_chain.FP64.div,6,1,nearest_even,1048576,4.927782059,4.921154976
12,inexact_chain.FP64.div,7,0,nearest_even,1048576,4.931737900,4.922397614
12,inexact_chain.FP64.div,7,1,toward_zero,1048576,3.852640152,3.847308159
12,inexact_chain.FP64.div,8,0,toward_zero,1048576,3.856720924,3.850975990
12,inexact_chain.FP64.div,8,1,nearest_even,1048576,4.931442261,4.924431801
12,throughput4096.FP64.mul_div,0,0,nearest_even,1048576,2.704826355,2.701761246
12,throughput4096.FP64.mul_div,0,1,toward_zero,1048576,2.502898216,2.489876747
12,throughput4096.FP64.mul_div,1,0,toward_zero,1048576,2.481581688,2.476692200
12,throughput4096.FP64.mul_div,1,1,nearest_even,1048576,2.705238342,2.702172279
12,throughput4096.FP64.mul_div,2,0,nearest_even,1048576,2.674156189,2.669629097
12,throughput4096.FP64.mul_div,2,1,toward_zero,1048576,2.502907753,2.498306274
12,throughput4096.FP64.mul_div,3,0,toward_zero,1048576,2.498234749,2.492381096
12,throughput4096.FP64.mul_div,3,1,nearest_even,1048576,2.663761139,2.659776688
12,throughput4096.FP64.mul_div,4,0,nearest_even,1048576,2.718556404,2.706186295
12,throughput4096.FP64.mul_div,4,1,toward_zero,1048576,2.499420166,2.495121002
12,throughput4096.FP64.mul_div,5,0,toward_zero,1048576,2.486941338,2.484804153
12,throughput4096.FP64.mul_div,5,1,nearest_even,1048576,2.665929794,2.661928177
12,throughput4096.FP64.mul_div,6,0,nearest_even,1048576,2.730892181,2.726518631
12,throughput4096.FP64.mul_div,6,1,toward_zero,1048576,2.496687889,2.493047714
12,throughput4096.FP64.mul_div,7,0,toward_zero,1048576,2.494040489,2.491586685
12,throughput4096.FP64.mul_div,7,1,nearest_even,1048576,2.737446785,2.722275734
12,throughput4096.FP64.mul_div,8,0,nearest_even,1048576,2.669006348,2.664622307
12,throughput4096.FP64.mul_div,8,1,toward_zero,1048576,2.496515274,2.492187500
12,throughput256.FP64.mul_div,0,0,nearest_even,1048576,2.718949318,2.715939522
12,throughput256.FP64.mul_div,0,1,toward_zero,1048576,2.491976738,2.488184929
12,throughput256.FP64.mul_div,1,0,toward_zero,1048576,2.498110771,2.494215012
12,throughput256.FP64.mul_div,1,1,nearest_even,1048576,2.707053185,2.703099251
12,throughput256.FP64.mul_div,2,0,nearest_even,1048576,2.722235680,2.719647408
12,throughput256.FP64.mul_div,2,1,toward_zero,1048576,2.499936104,2.495808601
12,throughput256.FP64.mul_div,3,0,toward_zero,1048576,2.489062309,2.482272148
12,throughput256.FP64.mul_div,3,1,nearest_even,1048576,2.708381653,2.704874039
12,throughput256.FP64.mul_div,4,0,nearest_even,1048576,2.669475555,2.665463448
12,throughput256.FP64.mul_div,4,1,toward_zero,1048576,2.501139641,2.496899605
12,throughput256.FP64.mul_div,5,0,toward_zero,1048576,2.490897179,2.486485481
12,throughput256.FP64.mul_div,5,1,nearest_even,1048576,2.675130844,2.672256470
12,throughput256.FP64.mul_div,6,0,nearest_even,1048576,2.714754105,2.710274696
12,throughput256.FP64.mul_div,6,1,toward_zero,1048576,2.492187500,2.487948418
12,throughput256.FP64.mul_div,7,0,toward_zero,1048576,2.496591568,2.493546486
12,throughput256.FP64.mul_div,7,1,nearest_even,1048576,2.714409828,2.710511208
12,throughput256.FP64.mul_div,8,0,nearest_even,1048576,2.669799805,2.665674210
12,throughput256.FP64.mul_div,8,1,toward_zero,1048576,2.494948387,2.490699768
12,exact_results.FP64.mul_div,0,0,nearest_even,1048576,2.551111221,2.546794891
12,exact_results.FP64.mul_div,0,1,toward_zero,1048576,2.517812729,2.513477325
12,exact_results.FP64.mul_div,1,0,toward_zero,1048576,2.507637978,2.504716873
12,exact_results.FP64.mul_div,1,1,nearest_even,1048576,2.526756287,2.521578789
12,exact_results.FP64.mul_div,2,0,nearest_even,1048576,2.522962570,2.518253326
12,exact_results.FP64.mul_div,2,1,toward_zero,1048576,2.496123314,2.493279457
12,exact_results.FP64.mul_div,3,0,toward_zero,1048576,2.496667862,2.492198944
12,exact_results.FP64.mul_div,3,1,nearest_even,1048576,2.514000893,2.511472702
12,exact_results.FP64.mul_div,4,0,nearest_even,1048576,2.509548187,2.505451202
12,exact_results.FP64.mul_div,4,1,toward_zero,1048576,2.499831200,2.496134758
12,exact_results.FP64.mul_div,5,0,toward_zero,1048576,2.492005348,2.489599228
12,exact_results.FP64.mul_div,5,1,nearest_even,1048576,2.512825966,2.509417534
12,exact_results.FP64.mul_div,6,0,nearest_even,1048576,2.520689011,2.516580582
12,exact_results.FP64.mul_div,6,1,toward_zero,1048576,2.496105194,2.492856979
12,exact_results.FP64.mul_div,7,0,toward_zero,1048576,2.495273590,2.490891457
12,exact_results.FP64.mul_div,7,1,nearest_even,1048576,2.513321877,2.510716438
12,exact_results.FP64.mul_div,8,0,nearest_even,1048576,2.516361237,2.511393547
12,exact_results.FP64.mul_div,8,1,toward_zero,1048576,2.495731354,2.491873741
12,halfway_ties.FP64.mul_div,0,0,nearest_even,1048576,2.753364563,2.748695374
12,halfway_ties.FP64.mul_div,0,1,toward_zero,1048576,2.519456863,2.514947891
12,halfway_ties.FP64.mul_div,1,0,toward_zero,1048576,2.506385803,2.502213478
12,halfway_ties.FP64.mul_div,1,1,nearest_even,1048576,2.719445229,2.717008591
12,halfway_ties.FP64.mul_div,2,0,nearest_even,1048576,2.672666550,2.668033600
12,halfway_ties.FP64.mul_div,2,1,toward_zero,1048576,2.513379097,2.509062767
12,halfway_ties.FP64.mul_div,3,0,toward_zero,1048576,2.505946159,2.503063202
12,halfway_ties.FP64.mul_div,3,1,nearest_even,1048576,2.711323738,2.706579208
12,halfway_ties.FP64.mul_div,4,0,nearest_even,1048576,2.701176643,2.687334061
12,halfway_ties.FP64.mul_div,4,1,toward_zero,1048576,2.509586334,2.505432129
12,halfway_ties.FP64.mul_div,5,0,toward_zero,1048576,2.499563217,2.496402740
12,halfway_ties.FP64.mul_div,5,1,nearest_even,1048576,2.611620903,2.608152390
12,halfway_ties.FP64.mul_div,6,0,nearest_even,1048576,2.738258362,2.734162331
12,halfway_ties.FP64.mul_div,6,1,toward_zero,1048576,2.506156921,2.501657486
12,halfway_ties.FP64.mul_div,7,0,toward_zero,1048576,2.504025459,2.500980377
12,halfway_ties.FP64.mul_div,7,1,nearest_even,1048576,2.718021393,2.714324951
12,halfway_ties.FP64.mul_div,8,0,nearest_even,1048576,2.727758408,2.724242210
12,halfway_ties.FP64.mul_div,8,1,toward_zero,1048576,2.506079674,2.502213478
12,exact_chain.FP64.mul_div,0,0,nearest_even,1048576,3.765071869,3.759422302
12,exact_chain.FP64.mul_div,0,1,toward_zero,1048576,3.806739807,3.800851822
12,exact_chain.FP64.mul_div,1,0,toward_zero,1048576,3.803606987,3.797652245
12,exact_chain.FP64.mul_div,1,1,nearest_even,1048576,3.756921768,3.751331329
12,exact_chain.FP64.mul_div,2,0,nearest_even,1048576,3.759645462,3.754166603
12,exact_chain.FP64.mul_div,2,1,toward_zero,1048576,3.803261757,3.798070908
12,exact_chain.FP64.mul_div,3,0,toward_zero,1048576,3.808307648,3.802639008
12,exact_chain.FP64.mul_div,3,1,nearest_even,1048576,3.774024963,3.757712364
12,exact_chain.FP64.mul_div,4,0,nearest_even,1048576,3.762139320,3.756508827
12,exact_chain.FP64.mul_div,4,1,toward_zero,1048576,3.808746338,3.803451538
12,exact_chain.FP64.mul_div,5,0,toward_zero,1048576,3.805994987,3.800443649
12,exact_chain.FP64.mul_div,5,1,nearest_even,1048576,3.763504982,3.757445335
12,exact_chain.FP64.mul_div,6,0,nearest_even,1048576,3.763074875,3.757703781
12,exact_chain.FP64.mul_div,6,1,toward_zero,1048576,3.805412292,3.799583435
12,exact_chain.FP64.mul_div,7,0,toward_zero,1048576,3.806615829,3.800442696
12,exact_chain.FP64.mul_div,7,1,nearest_even,1048576,3.761068344,3.754960060
12,exact_chain.FP64.mul_div,8,0,nearest_even,1048576,3.759415627,3.753711700
12,exact_chain.FP64.mul_div,8,1,toward_zero,1048576,3.808154106,3.801824570
12,inexact_chain.FP64.mul_div,0,0,nearest_even,1048576,4.954038620,4.946791649
12,inexact_chain.FP64.mul_div,0,1,toward_zero,1048576,3.808020592,3.802496910
12,inexact_chain.FP64.mul_div,1,0,toward_zero,1048576,3.809730530,3.804205894
12,inexact_chain.FP64.mul_div,1,1,nearest_even,1048576,4.955548286,4.948089600
12,inexact_chain.FP64.mul_div,2,0,nearest_even,1048576,4.954994202,4.946492195
12,inexact_chain.FP64.mul_div,2,1,toward_zero,1048576,3.805269241,3.798712730
12,inexact_chain.FP64.mul_div,3,0,toward_zero,1048576,3.805784225,3.798854828
12,inexact_chain.FP64.mul_div,3,1,nearest_even,1048576,4.950160027,4.942223549
12,inexact_chain.FP64.mul_div,4,0,nearest_even,1048576,4.950627327,4.941802979
12,inexact_chain.FP64.mul_div,4,1,toward_zero,1048576,3.803005219,3.796512604
12,inexact_chain.FP64.mul_div,5,0,toward_zero,1048576,3.804485321,3.798157692
12,inexact_chain.FP64.mul_div,5,1,nearest_even,1048576,4.950656891,4.943636894
12,inexact_chain.FP64.mul_div,6,0,nearest_even,1048576,4.950254440,4.942968369
12,inexact_chain.FP64.mul_div,6,1,toward_zero,1048576,3.802440643,3.796943665
12,inexact_chain.FP64.mul_div,7,0,toward_zero,1048576,3.808546066,3.800727844
12,inexact_chain.FP64.mul_div,7,1,nearest_even,1048576,4.955022812,4.946846962
12,inexact_chain.FP64.mul_div,8,0,nearest_even,1048576,4.947493553,4.941573143
12,inexact_chain.FP64.mul_div,8,1,toward_zero,1048576,3.804542542,3.798501968
12,throughput4096.FP128.mul,0,0,toward_zero,1048576,2.583357811,2.578409195
12,throughput4096.FP128.mul,0,1,nearest_even,1048576,2.381610870,2.378547668
12,throughput4096.FP128.mul,1,0,nearest_even,1048576,2.398197174,2.393267632
12,throughput4096.FP128.mul,1,1,toward_zero,1048576,2.611744881,2.609050751
12,throughput4096.FP128.mul,2,0,toward_zero,1048576,2.599705696,2.595064163
12,throughput4096.FP128.mul,2,1,nearest_even,1048576,2.380684853,2.377036095
12,throughput4096.FP128.mul,3,0,nearest_even,1048576,2.425352097,2.396641731
12,throughput4096.FP128.mul,3,1,toward_zero,1048576,2.622064590,2.616974831
12,throughput4096.FP128.mul,4,0,toward_zero,1048576,2.610904694,2.605916977
12,throughput4096.FP128.mul,4,1,nearest_even,1048576,2.384534836,2.380953789
12,throughput4096.FP128.mul,5,0,nearest_even,1048576,2.403844833,2.394970894
12,throughput4096.FP128.mul,5,1,toward_zero,1048576,2.614811897,2.611231804
12,throughput4096.FP128.mul,6,0,toward_zero,1048576,2.603910446,2.598396301
12,throughput4096.FP128.mul,6,1,nearest_even,1048576,2.390334129,2.385500908
12,throughput4096.FP128.mul,7,0,nearest_even,1048576,2.397682190,2.394521713
12,throughput4096.FP128.mul,7,1,toward_zero,1048576,2.624405861,2.619121552
12,throughput4096.FP128.mul,8,0,toward_zero,1048576,2.606680870,2.602106094
12,throughput4096.FP128.mul,8,1,nearest_even,1048576,2.387878418,2.384805679
12,throughput256.FP128.mul,0,0,nearest_even,1048576,2.403108597,2.398324013
12,throughput256.FP128.mul,0,1,toward_zero,1048576,2.616140366,2.609567642
12,throughput256.FP128.mul,1,0,toward_zero,1048576,2.602477074,2.598561287
12,throughput256.FP128.mul,1,1,nearest_even,1048576,2.382546425,2.378471375
12,throughput256.FP128.mul,2,0,nearest_even,1048576,2.397434235,2.395018578
12,throughput256.FP128.mul,2,1,toward_zero,1048576,2.614496231,2.608736992
12,throughput256.FP128.mul,3,0,toward_zero,1048576,2.606241226,2.599133492
12,throughput256.FP128.mul,3,1,nearest_even,1048576,2.382328033,2.379098892
12,throughput256.FP128.mul,4,0,nearest_even,1048576,2.396410942,2.392074585
12,throughput256.FP128.mul,4,1,toward_zero,1048576,2.613397598,2.610896111
12,throughput256.FP128.mul,5,0,toward_zero,1048576,2.591546059,2.587295532
12,throughput256.FP128.mul,5,1,nearest_even,1048576,2.381258011,2.376940727
12,throughput256.FP128.mul,6,0,nearest_even,1048576,2.407867432,2.396592140
12,throughput256.FP128.mul,6,1,toward_zero,1048576,2.614324570,2.609489441
12,throughput256.FP128.mul,7,0,toward_zero,1048576,2.603814125,2.599343300
12,throughput256.FP128.mul,7,1,nearest_even,1048576,2.381792068,2.379222870
12,throughput256.FP128.mul,8,0,nearest_even,1048576,2.395837784,2.391376495
12,throughput256.FP128.mul,8,1,toward_zero,1048576,2.613006592,2.610113144
12,exact_results.FP128.mul,0,0,toward_zero,1048576,2.599371910,2.594358444
12,exact_results.FP128.mul,0,1,nearest_even,1048576,2.524673462,2.521683693
12,exact_results.FP128.mul,1,0,nearest_even,1048576,2.520879745,2.516666412
12,exact_results.FP128.mul,1,1,toward_zero,1048576,2.585134506,2.581153870
12,exact_results.FP128.mul,2,0,toward_zero,1048576,2.577816010,2.574340820
12,exact_results.FP128.mul,2,1,nearest_even,1048576,2.513818741,2.509099007
12,exact_results.FP128.mul,3,0,nearest_even,1048576,2.521462440,2.516238213
12,exact_results.FP128.mul,3,1,toward_zero,1048576,2.582383156,2.578561783
12,exact_results.FP128.mul,4,0,toward_zero,1048576,2.579774857,2.575622559
12,exact_results.FP128.mul,4,1,nearest_even,1048576,2.515367508,2.510399818
12,exact_results.FP128.mul,5,0,nearest_even,1048576,2.521022797,2.518321037
12,exact_results.FP128.mul,5,1,toward_zero,1048576,2.584944725,2.580772400
12,exact_results.FP128.mul,6,0,toward_zero,1048576,2.575446129,2.571606636
12,exact_results.FP128.mul,6,1,nearest_even,1048576,2.512911797,2.509465218
12,exact_results.FP128.mul,7,0,nearest_even,1048576,2.517650604,2.512809753
12,exact_results.FP128.mul,7,1,toward_zero,1048576,2.583434105,2.579088211
12,exact_results.FP128.mul,8,0,toward_zero,1048576,2.576564789,2.571941376
12,exact_results.FP128.mul,8,1,nearest_even,1048576,2.511611938,2.508767128
12,halfway_ties.FP128.mul,0,0,nearest_even,1048576,2.397022247,2.391368866
12,halfway_ties.FP128.mul,0,1,toward_zero,1048576,2.606251717,2.601341248
12,halfway_ties.FP128.mul,1,0,toward_zero,1048576,2.590161324,2.585622787
12,halfway_ties.FP128.mul,1,1,nearest_even,1048576,2.378725052,2.376167297
12,halfway_ties.FP128.mul,2,0,nearest_even,1048576,2.400644302,2.394501686
12,halfway_ties.FP128.mul,2,1,toward_zero,1048576,2.601607323,2.597243309
12,halfway_ties.FP128.mul,3,0,toward_zero,1048576,2.583597183,2.578829765
12,halfway_ties.FP128.mul,3,1,nearest_even,1048576,2.384037971,2.376119614
12,halfway_ties.FP128.mul,4,0,nearest_even,1048576,2.393573761,2.390662193
12,halfway_ties.FP128.mul,4,1,toward_zero,1048576,2.600986481,2.596285820
12,halfway_ties.FP128.mul,5,0,toward_zero,1048576,2.588536263,2.583684921
12,halfway_ties.FP128.mul,5,1,nearest_even,1048576,2.378381729,2.375536919
12,halfway_ties.FP128.mul,6,0,nearest_even,1048576,2.398350716,2.393652916
12,halfway_ties.FP128.mul,6,1,toward_zero,1048576,2.597967148,2.595101357
12,halfway_ties.FP128.mul,7,0,toward_zero,1048576,2.591412544,2.587065697
12,halfway_ties.FP128.mul,7,1,nearest_even,1048576,2.380598068,2.377114296
12,halfway_ties.FP128.mul,8,0,nearest_even,1048576,2.397891998,2.394902229
12,halfway_ties.FP128.mul,8,1,toward_zero,1048576,2.598683357,2.594042778
12,exact_chain.FP128.mul,0,0,toward_zero,1048576,3.691386223,3.685806274
12,exact_chain.FP128.mul,0,1,nearest_even,1048576,3.626003265,3.620670319
12,exact_chain.FP128.mul,1,0,nearest_even,1048576,3.629768372,3.624196053
12,exact_chain.FP128.mul,1,1,toward_zero,1048576,3.685777664,3.679355621
12,exact_chain.FP128.mul,2,0,toward_zero,1048576,3.687593460,3.682163239
12,exact_chain.FP128.mul,2,1,nearest_even,1048576,3.628860474,3.623013496
12,exact_chain.FP128.mul,3,0,nearest_even,1048576,3.628153801,3.622387886
12,exact_chain.FP128.mul,3,1,toward_zero,1048576,3.686456680,3.681532860
12,exact_chain.FP128.mul,4,0,toward_zero,1048576,3.686121941,3.680311203
12,exact_chain.FP128.mul,4,1,nearest_even,1048576,3.630963326,3.625618935
12,exact_chain.FP128.mul,5,0,nearest_even,1048576,3.635854721,3.628590584
12,exact_chain.FP128.mul,5,1,toward_zero,1048576,3.691787720,3.686299324
12,exact_chain.FP128.mul,6,0,toward_zero,1048576,3.693422318,3.688472748
12,exact_chain.FP128.mul,6,1,nearest_even,1048576,3.636857033,3.627808571
12,exact_chain.FP128.mul,7,0,nearest_even,1048576,3.635014534,3.629434586
12,exact_chain.FP128.mul,7,1,toward_zero,1048576,3.688653946,3.683473587
12,exact_chain.FP128.mul,8,0,toward_zero,1048576,3.688405991,3.684038162
12,exact_chain.FP128.mul,8,1,nearest_even,1048576,3.631822586,3.626347542
12,inexact_chain.FP128.mul,0,0,toward_zero,1048576,3.699918747,3.694565773
12,inexact_chain.FP128.mul,0,1,nearest_even,1048576,4.713747025,4.706604958
12,inexact_chain.FP128.mul,1,0,nearest_even,1048576,4.679236412,4.672581673
12,inexact_chain.FP128.mul,1,1,toward_zero,1048576,3.690373421,3.683817863
12,inexact_chain.FP128.mul,2,0,toward_zero,1048576,3.693784714,3.686032295
12,inexact_chain.FP128.mul,2,1,nearest_even,1048576,4.669299126,4.663293839
12,inexact_chain.FP128.mul,3,0,nearest_even,1048576,4.677152634,4.669609070
12,inexact_chain.FP128.mul,3,1,toward_zero,1048576,3.689665794,3.682844162
12,inexact_chain.FP128.mul,4,0,toward_zero,1048576,3.691586494,3.682938576
12,inexact_chain.FP128.mul,4,1,nearest_even,1048576,4.681289673,4.672886848
12,inexact_chain.FP128.mul,5,0,nearest_even,1048576,4.676188469,4.668845177
12,inexact_chain.FP128.mul,5,1,toward_zero,1048576,3.682070732,3.678104401
12,inexact_chain.FP128.mul,6,0,toward_zero,1048576,3.690011024,3.684543610
12,inexact_chain.FP128.mul,6,1,nearest_even,1048576,4.673952103,4.666610718
12,inexact_chain.FP128.mul,7,0,nearest_even,1048576,4.676818848,4.669742584
12,inexact_chain.FP128.mul,7,1,toward_zero,1048576,3.688806534,3.682191849
12,inexact_chain.FP128.mul,8,0,toward_zero,1048576,3.685663223,3.678819656
12,inexact_chain.FP128.mul,8,1,nearest_even,1048576,4.677325249,4.669055939
12,throughput4096.FP128.div,0,0,nearest_even,1048576,3.345668793,3.340061188
12,throughput4096.FP128.div,0,1,toward_zero,1048576,2.331190109,2.328708649
12,throughput4096.FP128.div,1,0,toward_zero,1048576,2.378764153,2.374245644
12,throughput4096.FP128.div,1,1,nearest_even,1048576,3.437068939,3.429327965
12,throughput4096.FP128.div,2,0,nearest_even,1048576,3.380218506,3.374360085
12,throughput4096.FP128.div,2,1,toward_zero,1048576,2.342436790,2.338953018
12,throughput4096.FP128.div,3,0,toward_zero,1048576,2.382509232,2.378232002
12,throughput4096.FP128.div,3,1,nearest_even,1048576,3.432703018,3.425936699
12,throughput4096.FP128.div,4,0,nearest_even,1048576,3.391149521,3.384584427
12,throughput4096.FP128.div,4,1,toward_zero,1048576,2.344987869,2.341358185
12,throughput4096.FP128.div,5,0,toward_zero,1048576,2.382575989,2.378172874
12,throughput4096.FP128.div,5,1,nearest_even,1048576,3.443442345,3.435292244
12,throughput4096.FP128.div,6,0,nearest_even,1048576,3.388006210,3.384172440
12,throughput4096.FP128.div,6,1,toward_zero,1048576,2.338223457,2.332703590
12,throughput4096.FP128.div,7,0,toward_zero,1048576,2.390410423,2.386275291
12,throughput4096.FP128.div,7,1,nearest_even,1048576,3.444932938,3.434747696
12,throughput4096.FP128.div,8,0,nearest_even,1048576,3.393853188,3.389227867
12,throughput4096.FP128.div,8,1,toward_zero,1048576,2.341824532,2.336945534
12,throughput256.FP128.div,0,0,toward_zero,1048576,2.385079384,2.382022858
12,throughput256.FP128.div,0,1,nearest_even,1048576,3.439525604,3.433477402
12,throughput256.FP128.div,1,0,nearest_even,1048576,3.385741234,3.381832123
12,throughput256.FP128.div,1,1,toward_zero,1048576,2.346259117,2.342113495
12,throughput256.FP128.div,2,0,toward_zero,1048576,2.381228447,2.378670692
12,throughput256.FP128.div,2,1,nearest_even,1048576,3.435454369,3.427695274
12,throughput256.FP128.div,3,0,nearest_even,1048576,3.385999680,3.379999161
12,throughput256.FP128.div,3,1,toward_zero,1048576,2.342273712,2.339619637
12,throughput256.FP128.div,4,0,toward_zero,1048576,2.384343147,2.378937721
12,throughput256.FP128.div,4,1,nearest_even,1048576,3.430974007,3.426318169
12,throughput256.FP128.div,5,0,nearest_even,1048576,3.391827583,3.385255814
12,throughput256.FP128.div,5,1,toward_zero,1048576,2.329384804,2.326636314
12,throughput256.FP128.div,6,0,toward_zero,1048576,2.392541885,2.385358810
12,throughput256.FP128.div,6,1,nearest_even,1048576,3.438330650,3.434738159
12,throughput256.FP128.div,7,0,nearest_even,1048576,3.390738487,3.384391785
12,throughput256.FP128.div,7,1,toward_zero,1048576,2.340592384,2.334115982
12,throughput256.FP128.div,8,0,toward_zero,1048576,2.390038490,2.385387421
12,throughput256.FP128.div,8,1,nearest_even,1048576,3.434890747,3.431383133
12,exact_results.FP128.div,0,0,toward_zero,1048576,2.447290421,2.444090843
12,exact_results.FP128.div,0,1,nearest_even,1048576,2.467918396,2.463650703
12,exact_results.FP128.div,1,0,nearest_even,1048576,2.447710037,2.442955971
12,exact_results.FP128.div,1,1,toward_zero,1048576,2.435633659,2.431937218
12,exact_results.FP128.div,2,0,toward_zero,1048576,2.470450401,2.466036797
12,exact_results.FP128.div,2,1,nearest_even,1048576,2.466446877,2.464126587
12,exact_results.FP128.div,3,0,nearest_even,1048576,2.448713303,2.445035934
12,exact_results.FP128.div,3,1,toward_zero,1048576,2.444643021,2.440612793
12,exact_results.FP128.div,4,0,toward_zero,1048576,2.468443871,2.466019630
12,exact_results.FP128.div,4,1,nearest_even,1048576,2.465118408,2.460890770
12,exact_results.FP128.div,5,0,nearest_even,1048576,2.446066856,2.443145752
12,exact_results.FP128.div,5,1,toward_zero,1048576,2.445618629,2.441099167
12,exact_results.FP128.div,6,0,toward_zero,1048576,2.466027260,2.462522507
12,exact_results.FP128.div,6,1,nearest_even,1048576,2.468653679,2.464347839
12,exact_results.FP128.div,7,0,nearest_even,1048576,2.450835228,2.445981979
12,exact_results.FP128.div,7,1,toward_zero,1048576,2.438804626,2.435263634
12,exact_results.FP128.div,8,0,toward_zero,1048576,2.473593712,2.468389511
12,exact_results.FP128.div,8,1,nearest_even,1048576,2.467535973,2.464806557
12,halfway_ties.FP128.div,0,0,nearest_even,1048576,3.415877342,3.408184052
12,halfway_ties.FP128.div,0,1,toward_zero,1048576,2.433483124,2.427361488
12,halfway_ties.FP128.div,1,0,toward_zero,1048576,2.471960068,2.467863083
12,halfway_ties.FP128.div,1,1,nearest_even,1048576,3.437088013,3.432809830
12,halfway_ties.FP128.div,2,0,nearest_even,1048576,3.394264221,3.388118744
12,halfway_ties.FP128.div,2,1,toward_zero,1048576,2.424540520,2.421274185
12,halfway_ties.FP128.div,3,0,toward_zero,1048576,2.470469475,2.466583252
12,halfway_ties.FP128.div,3,1,nearest_even,1048576,3.429740906,3.424283981
12,halfway_ties.FP128.div,4,0,nearest_even,1048576,3.394273758,3.388607025
12,halfway_ties.FP128.div,4,1,toward_zero,1048576,2.427578926,2.422077179
12,halfway_ties.FP128.div,5,0,toward_zero,1048576,2.464994431,2.461184502
12,halfway_ties.FP128.div,5,1,nearest_even,1048576,3.438138962,3.431212425
12,halfway_ties.FP128.div,6,0,nearest_even,1048576,3.391703606,3.387576103
12,halfway_ties.FP128.div,6,1,toward_zero,1048576,2.424015045,2.419266701
12,halfway_ties.FP128.div,7,0,toward_zero,1048576,2.468539238,2.464193344
12,halfway_ties.FP128.div,7,1,nearest_even,1048576,3.426969528,3.422239304
12,halfway_ties.FP128.div,8,0,nearest_even,1048576,3.389209747,3.383322716
12,halfway_ties.FP128.div,8,1,toward_zero,1048576,2.416217804,2.413105965
12,exact_chain.FP128.div,0,0,nearest_even,1048576,4.057388306,4.048041344
12,exact_chain.FP128.div,0,1,toward_zero,1048576,4.030262947,4.025262833
12,exact_chain.FP128.div,1,0,toward_zero,1048576,4.038030624,4.032906532
12,exact_chain.FP128.div,1,1,nearest_even,1048576,4.020545959,4.014560699
12,exact_chain.FP128.div,2,0,nearest_even,1048576,4.009662628,4.001300812
12,exact_chain.FP128.div,2,1,toward_zero,1048576,4.012271881,4.007309914
12,exact_chain.FP128.div,3,0,toward_zero,1048576,4.024271965,4.018936157
12,exact_chain.FP128.div,3,1,nearest_even,1048576,4.018166542,4.011819839
12,exact_chain.FP128.div,4,0,nearest_even,1048576,4.007790565,4.002254486
12,exact_chain.FP128.div,4,1,toward_zero,1048576,4.005038261,3.998414993
12,exact_chain.FP128.div,5,0,toward_zero,1048576,4.027769089,4.021697998
12,exact_chain.FP128.div,5,1,nearest_even,1048576,4.015434265,4.010099411
12,exact_chain.FP128.div,6,0,nearest_even,1048576,4.005716324,3.999857903
12,exact_chain.FP128.div,6,1,toward_zero,1048576,4.011133194,4.003469467
12,exact_chain.FP128.div,7,0,toward_zero,1048576,4.024787903,4.019232750
12,exact_chain.FP128.div,7,1,nearest_even,1048576,4.018682480,4.013484001
12,exact_chain.FP128.div,8,0,nearest_even,1048576,4.010647774,3.998167038
12,exact_chain.FP128.div,8,1,toward_zero,1048576,4.010254860,4.005247116
12,inexact_chain.FP128.div,0,0,toward_zero,1048576,4.028121948,4.022599220
12,inexact_chain.FP128.div,0,1,nearest_even,1048576,5.254075050,5.241772652
12,inexact_chain.FP128.div,1,0,nearest_even,1048576,5.203759193,5.196197510
12,inexact_chain.FP128.div,1,1,toward_zero,1048576,4.011984825,4.005511284
12,inexact_chain.FP128.div,2,0,toward_zero,1048576,4.024911880,4.019731522
12,inexact_chain.FP128.div,2,1,nearest_even,1048576,5.217614174,5.208426476
12,inexact_chain.FP128.div,3,0,nearest_even,1048576,5.229929924,5.221619606
12,inexact_chain.FP128.div,3,1,toward_zero,1048576,4.009021759,4.001996994
12,inexact_chain.FP128.div,4,0,toward_zero,1048576,4.026297569,4.017234802
12,inexact_chain.FP128.div,4,1,nearest_even,1048576,5.204944611,5.195891380
12,inexact_chain.FP128.div,5,0,nearest_even,1048576,5.230961800,5.223702431
12,inexact_chain.FP128.div,5,1,toward_zero,1048576,4.006423950,3.999885559
12,inexact_chain.FP128.div,6,0,toward_zero,1048576,4.031285286,4.024559975
12,inexact_chain.FP128.div,6,1,nearest_even,1048576,5.241023064,5.232053757
12,inexact_chain.FP128.div,7,0,nearest_even,1048576,5.207246780,5.200449944
12,inexact_chain.FP128.div,7,1,toward_zero,1048576,4.001312256,3.994754791
12,inexact_chain.FP128.div,8,0,toward_zero,1048576,4.022255898,4.016386986
12,inexact_chain.FP128.div,8,1,nearest_even,1048576,5.245217323,5.238664627
12,throughput4096.FP128.mul_div,0,0,toward_zero,1048576,2.799332619,2.794290543
12,throughput4096.FP128.mul_div,0,1,nearest_even,1048576,4.336184502,4.330103874
12,throughput4096.FP128.mul_div,1,0,nearest_even,1048576,4.298434258,4.290211678
12,throughput4096.FP128.mul_div,1,1,toward_zero,1048576,2.779372215,2.774749756
12,throughput4096.FP128.mul_div,2,0,toward_zero,1048576,2.841773987,2.837025642
12,throughput4096.FP128.mul_div,2,1,nearest_even,1048576,4.340894699,4.334289551
12,throughput4096.FP128.mul_div,3,0,nearest_even,1048576,4.310272217,4.300962448
12,throughput4096.FP128.mul_div,3,1,toward_zero,1048576,2.804798126,2.799304962
12,throughput4096.FP128.mul_div,4,0,toward_zero,1048576,2.842882156,2.839175224
12,throughput4096.FP128.mul_div,4,1,nearest_even,1048576,4.346828461,4.339178085
12,throughput4096.FP128.mul_div,5,0,nearest_even,1048576,4.312910080,4.303935051
12,throughput4096.FP128.mul_div,5,1,toward_zero,1048576,2.816120148,2.810340881
12,throughput4096.FP128.mul_div,6,0,toward_zero,1048576,2.839195251,2.835155487
12,throughput4096.FP128.mul_div,6,1,nearest_even,1048576,4.345309258,4.339477539
12,throughput4096.FP128.mul_div,7,0,nearest_even,1048576,4.315804482,4.306371689
12,throughput4096.FP128.mul_div,7,1,toward_zero,1048576,2.815794945,2.810025215
12,throughput4096.FP128.mul_div,8,0,toward_zero,1048576,2.839146614,2.834836960
12,throughput4096.FP128.mul_div,8,1,nearest_even,1048576,4.337551117,4.330554008
12,throughput256.FP128.mul_div,0,0,toward_zero,1048576,2.806087494,2.801608086
12,throughput256.FP128.mul_div,0,1,nearest_even,1048576,4.331321716,4.323151588
12,throughput256.FP128.mul_div,1,0,nearest_even,1048576,4.296236038,4.290471077
12,throughput256.FP128.mul_div,1,1,toward_zero,1048576,2.793360710,2.788745880
12,throughput256.FP128.mul_div,2,0,toward_zero,1048576,2.828856468,2.824138641
12,throughput256.FP128.mul_div,2,1,nearest_even,1048576,4.331952095,4.325183868
12,throughput256.FP128.mul_div,3,0,nearest_even,1048576,4.294268608,4.288131714
12,throughput256.FP128.mul_div,3,1,toward_zero,1048576,2.802322388,2.797242165
12,throughput256.FP128.mul_div,4,0,toward_zero,1048576,2.828761101,2.823612213
12,throughput256.FP128.mul_div,4,1,nearest_even,1048576,4.320963860,4.312111855
12,throughput256.FP128.mul_div,5,0,nearest_even,1048576,4.292385101,4.285829544
12,throughput256.FP128.mul_div,5,1,toward_zero,1048576,2.792911530,2.788317680
12,throughput256.FP128.mul_div,6,0,toward_zero,1048576,2.828083038,2.824088097
12,throughput256.FP128.mul_div,6,1,nearest_even,1048576,4.334512711,4.327237129
12,throughput256.FP128.mul_div,7,0,nearest_even,1048576,4.297918320,4.293250084
12,throughput256.FP128.mul_div,7,1,toward_zero,1048576,2.796092987,2.788488388
12,throughput256.FP128.mul_div,8,0,toward_zero,1048576,2.831398010,2.827558517
12,throughput256.FP128.mul_div,8,1,nearest_even,1048576,4.326639175,4.319402695
12,exact_results.FP128.mul_div,0,0,nearest_even,1048576,3.030220985,3.025337219
12,exact_results.FP128.mul_div,0,1,toward_zero,1048576,2.837043762,2.832154274
12,exact_results.FP128.mul_div,1,0,toward_zero,1048576,2.817028046,2.812576294
12,exact_results.FP128.mul_div,1,1,nearest_even,1048576,3.041371346,3.036729813
12,exact_results.FP128.mul_div,2,0,nearest_even,1048576,3.000688553,2.995921135
12,exact_results.FP128.mul_div,2,1,toward_zero,1048576,2.832333565,2.827701569
12,exact_results.FP128.mul_div,3,0,toward_zero,1048576,2.840426445,2.836052895
12,exact_results.FP128.mul_div,3,1,nearest_even,1048576,3.042011261,3.034501076
12,exact_results.FP128.mul_div,4,0,nearest_even,1048576,3.040980339,3.036530495
12,exact_results.FP128.mul_div,4,1,toward_zero,1048576,2.828196526,2.823975563
12,exact_results.FP128.mul_div,5,0,toward_zero,1048576,2.839653015,2.834789276
12,exact_results.FP128.mul_div,5,1,nearest_even,1048576,3.039345741,3.035153389
12,exact_results.FP128.mul_div,6,0,nearest_even,1048576,3.036030769,3.031188965
12,exact_results.FP128.mul_div,6,1,toward_zero,1048576,2.840532303,2.835546494
12,exact_results.FP128.mul_div,7,0,toward_zero,1048576,2.844583511,2.840445518
12,exact_results.FP128.mul_div,7,1,nearest_even,1048576,3.068534851,3.035562515
12,exact_results.FP128.mul_div,8,0,nearest_even,1048576,3.034090996,3.028644562
12,exact_results.FP128.mul_div,8,1,toward_zero,1048576,2.830490112,2.826162338
12,halfway_ties.FP128.mul_div,0,0,nearest_even,1048576,4.361839294,4.353827477
12,halfway_ties.FP128.mul_div,0,1,toward_zero,1048576,2.814762115,2.810158730
12,halfway_ties.FP128.mul_div,1,0,toward_zero,1048576,2.844469070,2.839587212
12,halfway_ties.FP128.mul_div,1,1,nearest_even,1048576,4.358599663,4.352013588
12,halfway_ties.FP128.mul_div,2,0,nearest_even,1048576,4.325808525,4.317932129
12,halfway_ties.FP128.mul_div,2,1,toward_zero,1048576,2.819501877,2.811726570
12,halfway_ties.FP128.mul_div,3,0,toward_zero,1048576,2.854978561,2.850563049
12,halfway_ties.FP128.mul_div,3,1,nearest_even,1048576,4.344870567,4.339188576
12,halfway_ties.FP128.mul_div,4,0,nearest_even,1048576,4.309937477,4.299213409
12,halfway_ties.FP128.mul_div,4,1,toward_zero,1048576,2.792138100,2.787878990
12,halfway_ties.FP128.mul_div,5,0,toward_zero,1048576,2.840416908,2.835229874
12,halfway_ties.FP128.mul_div,5,1,nearest_even,1048576,4.348290443,4.342144012
12,halfway_ties.FP128.mul_div,6,0,nearest_even,1048576,4.319225311,4.308375359
12,halfway_ties.FP128.mul_div,6,1,toward_zero,1048576,2.813921928,2.809279442
12,halfway_ties.FP128.mul_div,7,0,toward_zero,1048576,2.829726219,2.825119972
12,halfway_ties.FP128.mul_div,7,1,nearest_even,1048576,4.345672607,4.340156555
12,halfway_ties.FP128.mul_div,8,0,nearest_even,1048576,4.322301865,4.312294960
12,halfway_ties.FP128.mul_div,8,1,toward_zero,1048576,2.825884819,2.821708679
12,exact_chain.FP128.mul_div,0,0,toward_zero,1048576,3.852679253,3.847402573
12,exact_chain.FP128.mul_div,0,1,nearest_even,1048576,3.804886818,3.796103477
12,exact_chain.FP128.mul_div,1,0,nearest_even,1048576,3.793918610,3.788305283
12,exact_chain.FP128.mul_div,1,1,toward_zero,1048576,3.814785004,3.809748650
12,exact_chain.FP128.mul_div,2,0,toward_zero,1048576,3.853376389,3.842059135
12,exact_chain.FP128.mul_div,2,1,nearest_even,1048576,3.797854424,3.788373947
12,exact_chain.FP128.mul_div,3,0,nearest_even,1048576,3.789388657,3.784428596
12,exact_chain.FP128.mul_div,3,1,toward_zero,1048576,3.828946114,3.823325157
12,exact_chain.FP128.mul_div,4,0,toward_zero,1048576,3.838500023,3.833557129
12,exact_chain.FP128.mul_div,4,1,nearest_even,1048576,3.789771080,3.784464836
12,exact_chain.FP128.mul_div,5,0,nearest_even,1048576,3.797300339,3.788167000
12,exact_chain.FP128.mul_div,5,1,toward_zero,1048576,3.849420547,3.842951775
12,exact_chain.FP128.mul_div,6,0,toward_zero,1048576,3.840649605,3.834342003
12,exact_chain.FP128.mul_div,6,1,nearest_even,1048576,3.789541245,3.780960083
12,exact_chain.FP128.mul_div,7,0,nearest_even,1048576,3.789666176,3.783432961
12,exact_chain.FP128.mul_div,7,1,toward_zero,1048576,3.846716881,3.839673996
12,exact_chain.FP128.mul_div,8,0,toward_zero,1048576,3.842522621,3.837207794
12,exact_chain.FP128.mul_div,8,1,nearest_even,1048576,3.790842056,3.784894943
12,inexact_chain.FP128.mul_div,0,0,nearest_even,1048576,4.916230202,4.895109177
12,inexact_chain.FP128.mul_div,0,1,toward_zero,1048576,3.803711891,3.797078133
12,inexact_chain.FP128.mul_div,1,0,toward_zero,1048576,3.853596687,3.846467972
12,inexact_chain.FP128.mul_div,1,1,nearest_even,1048576,4.907468796,4.900248528
12,inexact_chain.FP128.mul_div,2,0,nearest_even,1048576,4.893003464,4.885564804
12,inexact_chain.FP128.mul_div,2,1,toward_zero,1048576,3.827178001,3.815823555
12,inexact_chain.FP128.mul_div,3,0,toward_zero,1048576,3.829260826,3.823925972
12,inexact_chain.FP128.mul_div,3,1,nearest_even,1048576,4.914750099,4.906353951
12,inexact_chain.FP128.mul_div,4,0,nearest_even,1048576,4.896815300,4.887044907
12,inexact_chain.FP128.mul_div,4,1,toward_zero,1048576,3.837267876,3.830874443
12,inexact_chain.FP128.mul_div,5,0,toward_zero,1048576,3.852917671,3.847163200
12,inexact_chain.FP128.mul_div,5,1,nearest_even,1048576,4.906265259,4.899895668
12,inexact_chain.FP128.mul_div,6,0,nearest_even,1048576,4.893203735,4.883890152
12,inexact_chain.FP128.mul_div,6,1,toward_zero,1048576,3.837468147,3.831579208
12,inexact_chain.FP128.mul_div,7,0,toward_zero,1048576,3.849105835,3.843132019
12,inexact_chain.FP128.mul_div,7,1,nearest_even,1048576,4.906876564,4.900088310
12,inexact_chain.FP128.mul_div,8,0,nearest_even,1048576,4.891961098,4.884239197
12,inexact_chain.FP128.mul_div,8,1,toward_zero,1048576,3.824034691,3.814305305
12,wide_product.FP128.mul,0,0,nearest_even,1048576,7.292213440,7.280829430
12,wide_product.FP128.mul,0,1,toward_zero,1048576,6.127029419,6.114407539
12,wide_product.FP128.mul,1,0,toward_zero,1048576,6.118057251,6.107862473
12,wide_product.FP128.mul,1,1,nearest_even,1048576,7.245243073,7.232970238
12,wide_product.FP128.mul,2,0,nearest_even,1048576,7.237293243,7.223739624
12,wide_product.FP128.mul,2,1,toward_zero,1048576,6.116672516,6.106063843
12,wide_product.FP128.mul,3,0,toward_zero,1048576,6.123923302,6.109633446
12,wide_product.FP128.mul,3,1,nearest_even,1048576,7.247956276,7.234062195
12,wide_product.FP128.mul,4,0,nearest_even,1048576,7.238058090,7.222508430
12,wide_product.FP128.mul,4,1,toward_zero,1048576,6.112772942,6.102149010
12,wide_product.FP128.mul,5,0,toward_zero,1048576,6.121143341,6.113183975
12,wide_product.FP128.mul,5,1,nearest_even,1048576,7.295786858,7.281479836
12,wide_product.FP128.mul,6,0,nearest_even,1048576,7.236042023,7.225769043
12,wide_product.FP128.mul,6,1,toward_zero,1048576,6.118688583,6.105866432
12,wide_product.FP128.mul,7,0,toward_zero,1048576,6.122529030,6.113986969
12,wide_product.FP128.mul,7,1,nearest_even,1048576,7.245606422,7.230230331
12,wide_product.FP128.mul,8,0,nearest_even,1048576,7.237408638,7.227488518
12,wide_product.FP128.mul,8,1,toward_zero,1048576,6.136651039,6.125100136
12,native_by64.FP128.div,0,0,toward_zero,1048576,4.020841599,4.010463715
12,native_by64.FP128.div,0,1,nearest_even,1048576,6.445621490,6.436429024
12,native_by64.FP128.div,1,0,nearest_even,1048576,6.446738243,6.432768822
12,native_by64.FP128.div,1,1,toward_zero,1048576,4.000729561,3.991046906
12,native_by64.FP128.div,2,0,toward_zero,1048576,4.000709534,3.992384911
12,native_by64.FP128.div,2,1,nearest_even,1048576,6.429903984,6.419632912
12,native_by64.FP128.div,3,0,nearest_even,1048576,6.433590889,6.422790527
12,native_by64.FP128.div,3,1,toward_zero,1048576,3.992989540,3.987561226
12,native_by64.FP128.div,4,0,toward_zero,1048576,3.978667259,3.969740868
12,native_by64.FP128.div,4,1,nearest_even,1048576,6.432931900,6.421933174
12,native_by64.FP128.div,5,0,nearest_even,1048576,6.439362526,6.425421715
12,native_by64.FP128.div,5,1,toward_zero,1048576,3.965767860,3.959804535
12,native_by64.FP128.div,6,0,toward_zero,1048576,4.032985687,4.027144432
12,native_by64.FP128.div,6,1,nearest_even,1048576,6.438817024,6.424943924
12,native_by64.FP128.div,7,0,nearest_even,1048576,6.437996864,6.427523613
12,native_by64.FP128.div,7,1,toward_zero,1048576,3.987391472,3.979332924
12,native_by64.FP128.div,8,0,toward_zero,1048576,3.991843224,3.986282349
12,native_by64.FP128.div,8,1,nearest_even,1048576,6.438502312,6.429109573
12,native_by128.FP128.div,0,0,toward_zero,1048576,7.910181999,7.897773743
12,native_by128.FP128.div,0,1,nearest_even,1048576,10.197860718,10.173817635
12,native_by128.FP128.div,1,0,nearest_even,1048576,10.137141228,10.114713669
12,native_by128.FP128.div,1,1,toward_zero,1048576,7.873339653,7.862454414
12,native_by128.FP128.div,2,0,toward_zero,1048576,7.876358986,7.863715172
12,native_by128.FP128.div,2,1,nearest_even,1048576,10.134675980,10.115153313
12,native_by128.FP128.div,3,0,nearest_even,1048576,10.108581543,10.093761444
12,native_by128.FP128.div,3,1,toward_zero,1048576,7.891072273,7.876208305
12,native_by128.FP128.div,4,0,toward_zero,1048576,7.909561157,7.898235321
12,native_by128.FP128.div,4,1,nearest_even,1048576,10.140695572,10.120558739
12,native_by128.FP128.div,5,0,nearest_even,1048576,10.112422943,10.099323273
12,native_by128.FP128.div,5,1,toward_zero,1048576,7.915226936,7.900946617
12,native_by128.FP128.div,6,0,toward_zero,1048576,7.899242401,7.882523537
12,native_by128.FP128.div,6,1,nearest_even,1048576,10.118843079,10.104547501
12,native_by128.FP128.div,7,0,nearest_even,1048576,10.109929085,10.094028473
12,native_by128.FP128.div,7,1,toward_zero,1048576,7.872393608,7.860520363
12,native_by128.FP128.div,8,0,toward_zero,1048576,7.899194717,7.884918213
12,native_by128.FP128.div,8,1,nearest_even,1048576,10.130959511,10.113145828
12,wide_by64.FP128.div,0,0,toward_zero,1048576,6.844442368,6.830178261
12,wide_by64.FP128.div,0,1,nearest_even,1048576,8.215894699,8.202433586
12,wide_by64.FP128.div,1,0,nearest_even,1048576,8.137688637,8.123045921
12,wide_by64.FP128.div,1,1,toward_zero,1048576,6.785510063,6.772924423
12,wide_by64.FP128.div,2,0,toward_zero,1048576,6.773298264,6.741386414
12,wide_by64.FP128.div,2,1,nearest_even,1048576,8.140134811,8.128292084
12,wide_by64.FP128.div,3,0,nearest_even,1048576,8.158939362,8.146042824
12,wide_by64.FP128.div,3,1,toward_zero,1048576,6.729165077,6.718471527
12,wide_by64.FP128.div,4,0,toward_zero,1048576,6.749794006,6.739868164
12,wide_by64.FP128.div,4,1,nearest_even,1048576,8.147138596,8.135465622
12,wide_by64.FP128.div,5,0,nearest_even,1048576,8.160276413,8.144219398
12,wide_by64.FP128.div,5,1,toward_zero,1048576,6.748552322,6.736808777
12,wide_by64.FP128.div,6,0,toward_zero,1048576,6.753444672,6.740476608
12,wide_by64.FP128.div,6,1,nearest_even,1048576,8.137640953,8.122982025
12,wide_by64.FP128.div,7,0,nearest_even,1048576,8.154256821,8.139305115
12,wide_by64.FP128.div,7,1,toward_zero,1048576,6.732500076,6.723068237
12,wide_by64.FP128.div,8,0,toward_zero,1048576,6.742485046,6.732573509
12,wide_by64.FP128.div,8,1,nearest_even,1048576,8.150826454,8.134720802
12,wide_by128.FP128.div,0,0,toward_zero,1048576,12.439686775,12.420054436
12,wide_by128.FP128.div,0,1,nearest_even,1048576,13.057168007,13.034864426
12,wide_by128.FP128.div,1,0,nearest_even,1048576,12.999668121,12.980827332
12,wide_by128.FP128.div,1,1,toward_zero,1048576,12.347436905,12.330430984
12,wide_by128.FP128.div,2,0,toward_zero,1048576,12.299328804,12.279925346
12,wide_by128.FP128.div,2,1,nearest_even,1048576,13.028217316,13.003680229
12,wide_by128.FP128.div,3,0,nearest_even,1048576,12.980893135,12.962815285
12,wide_by128.FP128.div,3,1,toward_zero,1048576,12.342306137,12.322650909
12,wide_by128.FP128.div,4,0,toward_zero,1048576,12.294111252,12.271991730
12,wide_by128.FP128.div,4,1,nearest_even,1048576,12.997880936,12.975351334
12,wide_by128.FP128.div,5,0,nearest_even,1048576,12.964105606,12.935879707
12,wide_by128.FP128.div,5,1,toward_zero,1048576,12.339439392,12.321887970
12,wide_by128.FP128.div,6,0,toward_zero,1048576,12.301449776,12.278456688
12,wide_by128.FP128.div,6,1,nearest_even,1048576,12.988651276,12.965841293
12,wide_by128.FP128.div,7,0,nearest_even,1048576,12.945989609,12.923236847
12,wide_by128.FP128.div,7,1,toward_zero,1048576,12.345773697,12.310940742
12,wide_by128.FP128.div,8,0,toward_zero,1048576,12.299300194,12.278481483
12,wide_by128.FP128.div,8,1,nearest_even,1048576,12.983205795,12.959340096
12,wide_product.FP128.mul_div,0,0,toward_zero,1048576,13.146590233,13.122203827
12,wide_product.FP128.mul_div,0,1,nearest_even,1048576,13.265650749,13.242995262
12,wide_product.FP128.mul_div,1,0,nearest_even,1048576,13.246953011,13.226614952
12,wide_product.FP128.mul_div,1,1,toward_zero,1048576,13.039778709,13.016416550
12,wide_product.FP128.mul_div,2,0,toward_zero,1048576,13.026172638,13.003134727
12,wide_product.FP128.mul_div,2,1,nearest_even,1048576,13.225703239,13.200160980
12,wide_product.FP128.mul_div,3,0,nearest_even,1048576,13.232716560,13.212293625
12,wide_product.FP128.mul_div,3,1,toward_zero,1048576,13.042204857,13.020701408
12,wide_product.FP128.mul_div,4,0,toward_zero,1048576,13.024529457,13.002063751
12,wide_product.FP128.mul_div,4,1,nearest_even,1048576,13.225425720,13.204362869
12,wide_product.FP128.mul_div,5,0,nearest_even,1048576,13.237665176,13.212342262
12,wide_product.FP128.mul_div,5,1,toward_zero,1048576,12.958487511,12.931123734
12,wide_product.FP128.mul_div,6,0,toward_zero,1048576,13.021605492,13.001178741
12,wide_product.FP128.mul_div,6,1,nearest_even,1048576,13.278225899,13.256725311
12,wide_product.FP128.mul_div,7,0,nearest_even,1048576,13.272224426,13.253887177
12,wide_product.FP128.mul_div,7,1,toward_zero,1048576,13.165671349,13.142975807
12,wide_product.FP128.mul_div,8,0,toward_zero,1048576,13.150115967,13.129639626
12,wide_product.FP128.mul_div,8,1,nearest_even,1048576,13.271068573,13.250457764
12,throughput4096.FP64.mul_wide,0,0,nearest_even,1048576,2.577319145,2.574014664
12,throughput4096.FP64.mul_wide,0,1,toward_zero,1048576,2.497308731,2.494492531
12,throughput4096.FP64.mul_wide,1,0,toward_zero,1048576,2.486674309,2.482224464
12,throughput4096.FP64.mul_wide,1,1,nearest_even,1048576,2.549638748,2.545810699
12,throughput4096.FP64.mul_wide,2,0,nearest_even,1048576,2.556987762,2.554017067
12,throughput4096.FP64.mul_wide,2,1,toward_zero,1048576,2.488164902,2.483982086
12,throughput4096.FP64.mul_wide,3,0,toward_zero,1048576,2.487447739,2.483256340
12,throughput4096.FP64.mul_wide,3,1,nearest_even,1048576,2.533138275,2.530655861
12,throughput4096.FP64.mul_wide,4,0,nearest_even,1048576,2.559748650,2.554973602
12,throughput4096.FP64.mul_wide,4,1,toward_zero,1048576,2.500137329,2.496442795
12,throughput4096.FP64.mul_wide,5,0,toward_zero,1048576,2.466408730,2.460122108
12,throughput4096.FP64.mul_wide,5,1,nearest_even,1048576,2.539311409,2.535012245
12,throughput4096.FP64.mul_wide,6,0,nearest_even,1048576,2.552687645,2.550090790
12,throughput4096.FP64.mul_wide,6,1,toward_zero,1048576,2.480854988,2.477646828
12,throughput4096.FP64.mul_wide,7,0,toward_zero,1048576,2.469227791,2.465265274
12,throughput4096.FP64.mul_wide,7,1,nearest_even,1048576,2.537524223,2.534468651
12,throughput4096.FP64.mul_wide,8,0,nearest_even,1048576,2.558410645,2.553835869
12,throughput4096.FP64.mul_wide,8,1,toward_zero,1048576,2.484008789,2.480033875
12,fullrange.FP64.mul_wide,0,0,toward_zero,1048576,2.684723854,2.680816650
12,fullrange.FP64.mul_wide,0,1,nearest_even,1048576,2.557091713,2.553101540
12,fullrange.FP64.mul_wide,1,0,nearest_even,1048576,2.512778282,2.510266304
12,fullrange.FP64.mul_wide,1,1,toward_zero,1048576,2.690867424,2.686397552
12,fullrange.FP64.mul_wide,2,0,toward_zero,1048576,2.664964676,2.660895348
12,fullrange.FP64.mul_wide,2,1,nearest_even,1048576,2.500204086,2.496499062
12,fullrange.FP64.mul_wide,3,0,nearest_even,1048576,2.519236565,2.516688347
12,fullrange.FP64.mul_wide,3,1,toward_zero,1048576,2.672513008,2.667679787
12,fullrange.FP64.mul_wide,4,0,toward_zero,1048576,2.668844223,2.664573669
12,fullrange.FP64.mul_wide,4,1,nearest_even,1048576,2.492359161,2.488328934
12,fullrange.FP64.mul_wide,5,0,nearest_even,1048576,2.515529633,2.512484550
12,fullrange.FP64.mul_wide,5,1,toward_zero,1048576,2.677653313,2.671071053
12,fullrange.FP64.mul_wide,6,0,toward_zero,1048576,2.657006264,2.653269768
12,fullrange.FP64.mul_wide,6,1,nearest_even,1048576,2.501388550,2.497759819
12,fullrange.FP64.mul_wide,7,0,nearest_even,1048576,2.521987915,2.517596245
12,fullrange.FP64.mul_wide,7,1,toward_zero,1048576,2.691153526,2.686807632
12,fullrange.FP64.mul_wide,8,0,toward_zero,1048576,2.673622131,2.669246674
12,fullrange.FP64.mul_wide,8,1,nearest_even,1048576,2.496696472,2.493862152
12,throughput4096.FP64.quantize4,0,0,nearest_even,1048576,2.705352783,2.700634003
12,throughput4096.FP64.quantize4,0,1,toward_zero,1048576,1.894025803,1.890943527
12,throughput4096.FP64.quantize4,1,0,toward_zero,1048576,1.900942802,1.897974968
12,throughput4096.FP64.quantize4,1,1,nearest_even,1048576,2.687294006,2.684438705
12,throughput4096.FP64.quantize4,2,0,nearest_even,1048576,2.686462402,2.681521416
12,throughput4096.FP64.quantize4,2,1,toward_zero,1048576,1.893136978,1.890447617
12,throughput4096.FP64.quantize4,3,0,toward_zero,1048576,1.894809723,1.892098427
12,throughput4096.FP64.quantize4,3,1,nearest_even,1048576,2.693351746,2.689357758
12,throughput4096.FP64.quantize4,4,0,nearest_even,1048576,2.687705040,2.683177948
12,throughput4096.FP64.quantize4,4,1,toward_zero,1048576,1.892888069,1.889930725
12,throughput4096.FP64.quantize4,5,0,toward_zero,1048576,1.894723892,1.892472267
12,throughput4096.FP64.quantize4,5,1,nearest_even,1048576,2.690972328,2.686854362
12,throughput4096.FP64.quantize4,6,0,nearest_even,1048576,2.684666634,2.682490349
12,throughput4096.FP64.quantize4,6,1,toward_zero,1048576,1.894838333,1.891775131
12,throughput4096.FP64.quantize4,7,0,toward_zero,1048576,1.896233559,1.893524170
12,throughput4096.FP64.quantize4,7,1,nearest_even,1048576,2.692739487,2.688260078
12,throughput4096.FP64.quantize4,8,0,nearest_even,1048576,2.682507515,2.678093910
12,throughput4096.FP64.quantize4,8,1,toward_zero,1048576,1.893289566,1.890110970
12,throughput4096.FP128.quantize4,0,0,toward_zero,1048576,3.565054893,3.560857773
12,throughput4096.FP128.quantize4,0,1,nearest_even,1048576,4.484884262,4.477046013
12,throughput4096.FP128.quantize4,1,0,nearest_even,1048576,4.472740173,4.465017319
12,throughput4096.FP128.quantize4,1,1,toward_zero,1048576,3.563210487,3.558985710
12,throughput4096.FP128.quantize4,2,0,toward_zero,1048576,3.580599785,3.570833206
12,throughput4096.FP128.quantize4,2,1,nearest_even,1048576,4.485390663,4.478859901
12,throughput4096.FP128.quantize4,3,0,nearest_even,1048576,4.479266167,4.471303940
12,throughput4096.FP128.quantize4,3,1,toward_zero,1048576,3.563439369,3.556729317
12,throughput4096.FP128.quantize4,4,0,toward_zero,1048576,3.580465317,3.574666023
12,throughput4096.FP128.quantize4,4,1,nearest_even,1048576,4.490216255,4.483779907
12,throughput4096.FP128.quantize4,5,0,nearest_even,1048576,4.474421501,4.468907356
12,throughput4096.FP128.quantize4,5,1,toward_zero,1048576,3.568341255,3.563401222
12,throughput4096.FP128.quantize4,6,0,toward_zero,1048576,3.574036598,3.568302155
12,throughput4096.FP128.quantize4,6,1,nearest_even,1048576,4.502303123,4.492887497
12,throughput4096.FP128.quantize4,7,0,nearest_even,1048576,4.482342720,4.476358414
12,throughput4096.FP128.quantize4,7,1,toward_zero,1048576,3.569525719,3.563628197
12,throughput4096.FP128.quantize4,8,0,toward_zero,1048576,3.577064514,3.570957184
12,throughput4096.FP128.quantize4,8,1,nearest_even,1048576,4.487071991,4.480446815
12,parse_extra_digit.FP64,0,0,toward_zero,1048576,24.344788551,24.305783272
12,parse_extra_digit.FP64,0,1,nearest_even,1048576,24.567996025,24.529436111
12,parse_extra_digit.FP64,1,0,nearest_even,1048576,25.037541389,24.996085167
12,parse_extra_digit.FP64,1,1,toward_zero,1048576,24.374723434,24.334896088
12,parse_extra_digit.FP64,2,0,toward_zero,1048576,24.302786827,24.258187294
12,parse_extra_digit.FP64,2,1,nearest_even,1048576,24.613916397,24.570068359
12,parse_extra_digit.FP64,3,0,nearest_even,1048576,24.470127106,24.427459717
12,parse_extra_digit.FP64,3,1,toward_zero,1048576,24.498274803,24.455887794
12,parse_extra_digit.FP64,4,0,toward_zero,1048576,24.234967232,24.186371803
12,parse_extra_digit.FP64,4,1,nearest_even,1048576,24.735002518,24.698839188
12,parse_extra_digit.FP64,5,0,nearest_even,1048576,24.825036049,24.783292770
12,parse_extra_digit.FP64,5,1,toward_zero,1048576,24.400979996,24.360166550
12,parse_extra_digit.FP64,6,0,toward_zero,1048576,24.380456924,24.331002235
12,parse_extra_digit.FP64,6,1,nearest_even,1048576,24.349891663,24.309550285
12,parse_extra_digit.FP64,7,0,nearest_even,1048576,24.724836349,24.684549332
12,parse_extra_digit.FP64,7,1,toward_zero,1048576,24.175594330,24.134886742
12,parse_extra_digit.FP64,8,0,toward_zero,1048576,24.279692650,24.243374825
12,parse_extra_digit.FP64,8,1,nearest_even,1048576,24.608899117,24.565724373
12,format_2digits.FP64,0,0,toward_zero,1048576,11.017662048,10.998549461
12,format_2digits.FP64,0,1,nearest_even,1048576,11.540561676,11.522938728
12,format_2digits.FP64,1,0,nearest_even,1048576,11.544928551,11.522823334
12,format_2digits.FP64,1,1,toward_zero,1048576,11.024227142,10.994275093
12,format_2digits.FP64,2,0,toward_zero,1048576,11.073643684,11.054509163
12,format_2digits.FP64,2,1,nearest_even,1048576,11.550250053,11.529542923
12,format_2digits.FP64,3,0,nearest_even,1048576,11.548721313,11.529729843
12,format_2digits.FP64,3,1,toward_zero,1048576,11.039237022,11.020915985
12,format_2digits.FP64,4,0,toward_zero,1048576,11.063276291,11.041887283
12,format_2digits.FP64,4,1,nearest_even,1048576,11.545625687,11.524627686
12,format_2digits.FP64,5,0,nearest_even,1048576,11.548319817,11.519833565
12,format_2digits.FP64,5,1,toward_zero,1048576,11.017643929,10.999637604
12,format_2digits.FP64,6,0,toward_zero,1048576,11.002288818,10.985039711
12,format_2digits.FP64,6,1,nearest_even,1048576,11.546829224,11.526930809
12,format_2digits.FP64,7,0,nearest_even,1048576,11.539329529,11.517938614
12,format_2digits.FP64,7,1,toward_zero,1048576,11.005251884,10.989586830
12,format_2digits.FP64,8,0,toward_zero,1048576,11.010745049,10.989651680
12,format_2digits.FP64,8,1,nearest_even,1048576,11.543781281,11.522982597
12,parse_extra_digit.FP128,0,0,nearest_even,1048576,26.764981270,26.719792366
12,parse_extra_digit.FP128,0,1,toward_zero,1048576,25.046112061,25.000119209
12,parse_extra_digit.FP128,1,0,toward_zero,1048576,25.051004410,25.004770279
12,parse_extra_digit.FP128,1,1,nearest_even,1048576,26.531732559,26.485551834
12,parse_extra_digit.FP128,2,0,nearest_even,1048576,26.529238701,26.482703209
12,parse_extra_digit.FP128,2,1,toward_zero,1048576,25.069474220,25.024559021
12,parse_extra_digit.FP128,3,0,toward_zero,1048576,25.154128075,25.110225677
12,parse_extra_digit.FP128,3,1,nearest_even,1048576,26.522350311,26.478953362
12,parse_extra_digit.FP128,4,0,nearest_even,1048576,26.536834717,26.498620987
12,parse_extra_digit.FP128,4,1,toward_zero,1048576,25.060281754,25.015769005
12,parse_extra_digit.FP128,5,0,toward_zero,1048576,25.039299965,24.999664307
12,parse_extra_digit.FP128,5,1,nearest_even,1048576,26.710711479,26.666312218
12,parse_extra_digit.FP128,6,0,nearest_even,1048576,26.514983177,26.469940186
12,parse_extra_digit.FP128,6,1,toward_zero,1048576,25.188248634,25.143971443
12,parse_extra_digit.FP128,7,0,toward_zero,1048576,25.117295265,25.076100349
12,parse_extra_digit.FP128,7,1,nearest_even,1048576,26.527739525,26.483582497
12,parse_extra_digit.FP128,8,0,nearest_even,1048576,26.550431252,26.509349823
12,parse_extra_digit.FP128,8,1,toward_zero,1048576,25.071919441,25.026362419
12,format_2digits.FP128,0,0,nearest_even,1048576,12.016003609,11.995453835
12,format_2digits.FP128,0,1,toward_zero,1048576,11.540361404,11.520998001
12,format_2digits.FP128,1,0,toward_zero,1048576,11.580968857,11.560305595
12,format_2digits.FP128,1,1,nearest_even,1048576,12.092784882,12.073793411
12,format_2digits.FP128,2,0,nearest_even,1048576,12.096310616,12.073455811
12,format_2digits.FP128,2,1,toward_zero,1048576,11.565949440,11.544417381
12,format_2digits.FP128,3,0,toward_zero,1048576,11.609336853,11.587154388
12,format_2digits.FP128,3,1,nearest_even,1048576,12.089344978,12.068745613
12,format_2digits.FP128,4,0,nearest_even,1048576,12.091915131,12.071640015
12,format_2digits.FP128,4,1,toward_zero,1048576,11.582974434,11.564394951
12,format_2digits.FP128,5,0,toward_zero,1048576,11.579660416,11.559007645
12,format_2digits.FP128,5,1,nearest_even,1048576,12.107785225,12.085757256
12,format_2digits.FP128,6,0,nearest_even,1048576,12.102205276,12.079916954
12,format_2digits.FP128,6,1,toward_zero,1048576,11.585020065,11.567709923
12,format_2digits.FP128,7,0,toward_zero,1048576,11.582697868,11.563275337
12,format_2digits.FP128,7,1,nearest_even,1048576,12.104622841,12.082497597
12,format_2digits.FP128,8,0,nearest_even,1048576,12.101145744,12.081724167
12,format_2digits.FP128,8,1,toward_zero,1048576,11.584599495,11.566181183
12,throughput4096.FP64.mul,0,0,nearest_even,1048576,2.670152664,2.666236877
12,throughput4096.FP64.mul,0,1,toward_zero,1048576,2.622437477,2.611554146
12,throughput4096.FP64.mul,1,0,toward_zero,1048576,2.595196724,2.589838028
12,throughput4096.FP64.mul,1,1,nearest_even,1048576,2.638793945,2.634639740
12,throughput4096.FP64.mul,2,0,nearest_even,1048576,2.640112877,2.635394096
12,throughput4096.FP64.mul,2,1,toward_zero,1048576,2.593801498,2.590306282
12,throughput4096.FP64.mul,3,0,toward_zero,1048576,2.572675705,2.569858551
12,throughput4096.FP64.mul,3,1,nearest_even,1048576,2.638526917,2.634085655
12,throughput4096.FP64.mul,4,0,nearest_even,1048576,2.640371323,2.636751175
12,throughput4096.FP64.mul,4,1,toward_zero,1048576,2.594202995,2.585261345
12,throughput4096.FP64.mul,5,0,toward_zero,1048576,2.573640823,2.570128441
12,throughput4096.FP64.mul,5,1,nearest_even,1048576,2.632221222,2.627455711
12,throughput4096.FP64.mul,6,0,nearest_even,1048576,2.636396408,2.632011414
12,throughput4096.FP64.mul,6,1,toward_zero,1048576,2.577482224,2.573947906
12,throughput4096.FP64.mul,7,0,toward_zero,1048576,2.569360733,2.566257477
12,throughput4096.FP64.mul,7,1,nearest_even,1048576,2.633853912,2.628485680
12,throughput4096.FP64.mul,8,0,nearest_even,1048576,2.637743950,2.630866051
12,throughput4096.FP64.mul,8,1,toward_zero,1048576,2.562022209,2.558794975
12,throughput256.FP64.mul,0,0,toward_zero,1048576,2.564582825,2.562330246
12,throughput256.FP64.mul,0,1,nearest_even,1048576,2.645157814,2.641109467
12,throughput256.FP64.mul,1,0,nearest_even,1048576,2.623974800,2.619725227
12,throughput256.FP64.mul,1,1,toward_zero,1048576,2.573632240,2.570538521
12,throughput256.FP64.mul,2,0,toward_zero,1048576,2.590275764,2.584736824
12,throughput256.FP64.mul,2,1,nearest_even,1048576,2.619675636,2.614765167
12,throughput256.FP64.mul,3,0,nearest_even,1048576,2.625809669,2.621579170
12,throughput256.FP64.mul,3,1,toward_zero,1048576,2.564812660,2.562119484
12,throughput256.FP64.mul,4,0,toward_zero,1048576,2.558286667,2.554781914
12,throughput256.FP64.mul,4,1,nearest_even,1048576,2.628141403,2.624043465
12,throughput256.FP64.mul,5,0,nearest_even,1048576,2.629526138,2.624808311
12,throughput256.FP64.mul,5,1,toward_zero,1048576,2.597651482,2.595188141
12,throughput256.FP64.mul,6,0,toward_zero,1048576,2.591699600,2.581928253
12,throughput256.FP64.mul,6,1,nearest_even,1048576,2.632803917,2.628257751
12,throughput256.FP64.mul,7,0,nearest_even,1048576,2.614811897,2.610952377
12,throughput256.FP64.mul,7,1,toward_zero,1048576,2.569159508,2.566476822
12,throughput256.FP64.mul,8,0,toward_zero,1048576,2.575637817,2.571599007
12,throughput256.FP64.mul,8,1,nearest_even,1048576,2.633472443,2.629661560
12,exact_results.FP64.mul,0,0,nearest_even,1048576,2.602935791,2.598265648
12,exact_results.FP64.mul,0,1,toward_zero,1048576,2.580109596,2.575820923
12,exact_results.FP64.mul,1,0,toward_zero,1048576,2.565146446,2.561059952
12,exact_results.FP64.mul,1,1,nearest_even,1048576,2.578933716,2.576720238
12,exact_results.FP64.mul,2,0,nearest_even,1048576,2.577548981,2.573918343
12,exact_results.FP64.mul,2,1,toward_zero,1048576,2.566408157,2.562557220
12,exact_results.FP64.mul,3,0,toward_zero,1048576,2.559824944,2.557036400
12,exact_results.FP64.mul,3,1,nearest_even,1048576,2.569389343,2.565292358
12,exact_results.FP64.mul,4,0,nearest_even,1048576,2.577960014,2.574196815
12,exact_results.FP64.mul,4,1,toward_zero,1048576,2.562242508,2.559233665
12,exact_results.FP64.mul,5,0,toward_zero,1048576,2.563847542,2.559311867
12,exact_results.FP64.mul,5,1,nearest_even,1048576,2.586739540,2.582328796
12,exact_results.FP64.mul,6,0,nearest_even,1048576,2.590476036,2.584877014
12,exact_results.FP64.mul,6,1,toward_zero,1048576,2.588842392,2.585185051
12,exact_results.FP64.mul,7,0,toward_zero,1048576,2.598282814,2.593649864
12,exact_results.FP64.mul,7,1,nearest_even,1048576,2.587963104,2.583779335
12,exact_results.FP64.mul,8,0,nearest_even,1048576,2.571099281,2.568045616
12,exact_results.FP64.mul,8,1,toward_zero,1048576,2.581103325,2.576498985
12,halfway_ties.FP64.mul,0,0,toward_zero,1048576,2.585125923,2.581420898
12,halfway_ties.FP64.mul,0,1,nearest_even,1048576,2.636835098,2.634324074
12,halfway_ties.FP64.mul,1,0,nearest_even,1048576,2.647689819,2.643774033
12,halfway_ties.FP64.mul,1,1,toward_zero,1048576,2.582919121,2.578695297
12,halfway_ties.FP64.mul,2,0,toward_zero,1048576,2.578571320,2.574950218
12,halfway_ties.FP64.mul,2,1,nearest_even,1048576,2.650928497,2.648533821
12,halfway_ties.FP64.mul,3,0,nearest_even,1048576,2.667544365,2.663266182
12,halfway_ties.FP64.mul,3,1,toward_zero,1048576,2.581963539,2.576070786
12,halfway_ties.FP64.mul,4,0,toward_zero,1048576,2.589214325,2.585269928
12,halfway_ties.FP64.mul,4,1,nearest_even,1048576,2.651292801,2.649429321
12,halfway_ties.FP64.mul,5,0,nearest_even,1048576,2.639224052,2.634677887
12,halfway_ties.FP64.mul,5,1,toward_zero,1048576,2.572809219,2.568520546
12,halfway_ties.FP64.mul,6,0,toward_zero,1048576,2.576086998,2.573596954
12,halfway_ties.FP64.mul,6,1,nearest_even,1048576,2.645311356,2.640686989
12,halfway_ties.FP64.mul,7,0,nearest_even,1048576,2.646332741,2.641776085
12,halfway_ties.FP64.mul,7,1,toward_zero,1048576,2.587963104,2.583332062
12,halfway_ties.FP64.mul,8,0,toward_zero,1048576,2.592358589,2.589542389
12,halfway_ties.FP64.mul,8,1,nearest_even,1048576,2.639701843,2.636109352
12,exact_chain.FP64.mul,0,0,nearest_even,1048576,3.694826126,3.686637878
12,exact_chain.FP64.mul,0,1,toward_zero,1048576,3.654601097,3.646574020
12,exact_chain.FP64.mul,1,0,toward_zero,1048576,3.659722328,3.654541969
12,exact_chain.FP64.mul,1,1,nearest_even,1048576,3.704122543,3.697901726
12,exact_chain.FP64.mul,2,0,nearest_even,1048576,3.739389420,3.733196259
12,exact_chain.FP64.mul,2,1,toward_zero,1048576,3.656100273,3.651522636
12,exact_chain.FP64.mul,3,0,toward_zero,1048576,3.661671638,3.657217026
12,exact_chain.FP64.mul,3,1,nearest_even,1048576,3.728993416,3.724205017
12,exact_chain.FP64.mul,4,0,nearest_even,1048576,3.700358391,3.696209908
12,exact_chain.FP64.mul,4,1,toward_zero,1048576,3.668378830,3.661930084
12,exact_chain.FP64.mul,5,0,toward_zero,1048576,3.647014618,3.641588211
12,exact_chain.FP64.mul,5,1,nearest_even,1048576,3.719868660,3.713187218
12,exact_chain.FP64.mul,6,0,nearest_even,1048576,3.723968506,3.718004227
12,exact_chain.FP64.mul,6,1,toward_zero,1048576,3.651390076,3.645799637
12,exact_chain.FP64.mul,7,0,toward_zero,1048576,3.662540436,3.652258873
12,exact_chain.FP64.mul,7,1,nearest_even,1048576,3.699575424,3.694702148
12,exact_chain.FP64.mul,8,0,nearest_even,1048576,3.687134743,3.682967186
12,exact_chain.FP64.mul,8,1,toward_zero,1048576,3.645677567,3.639061928
12,inexact_chain.FP64.mul,0,0,toward_zero,1048576,3.671417236,3.665910721
12,inexact_chain.FP64.mul,0,1,nearest_even,1048576,4.751775742,4.743543625
12,inexact_chain.FP64.mul,1,0,nearest_even,1048576,4.747408867,4.740151405
12,inexact_chain.FP64.mul,1,1,toward_zero,1048576,3.635988235,3.631994247
12,inexact_chain.FP64.mul,2,0,toward_zero,1048576,3.648257256,3.639044762
12,inexact_chain.FP64.mul,2,1,nearest_even,1048576,4.740204811,4.732824326
12,inexact_chain.FP64.mul,3,0,nearest_even,1048576,4.757297516,4.750942230
12,inexact_chain.FP64.mul,3,1,toward_zero,1048576,3.631603241,3.627186775
12,inexact_chain.FP64.mul,4,0,toward_zero,1048576,3.637985229,3.632823944
12,inexact_chain.FP64.mul,4,1,nearest_even,1048576,4.727219582,4.716140747
12,inexact_chain.FP64.mul,5,0,nearest_even,1048576,4.792563438,4.785145760
12,inexact_chain.FP64.mul,5,1,toward_zero,1048576,3.635224342,3.629699707
12,inexact_chain.FP64.mul,6,0,toward_zero,1048576,3.635577202,3.629727364
12,inexact_chain.FP64.mul,6,1,nearest_even,1048576,4.799118996,4.790507317
12,inexact_chain.FP64.mul,7,0,nearest_even,1048576,4.753112793,4.746811867
12,inexact_chain.FP64.mul,7,1,toward_zero,1048576,3.666419983,3.660716057
12,inexact_chain.FP64.mul,8,0,toward_zero,1048576,3.654037476,3.647956848
12,inexact_chain.FP64.mul,8,1,nearest_even,1048576,4.732178688,4.721301079
12,throughput4096.FP64.div,0,0,toward_zero,1048576,2.422782898,2.418640137
12,throughput4096.FP64.div,0,1,nearest_even,1048576,2.505573273,2.503291130
12,throughput4096.FP64.div,1,0,nearest_even,1048576,2.520612717,2.515522957
12,throughput4096.FP64.div,1,1,toward_zero,1048576,2.443926811,2.439697266
12,throughput4096.FP64.div,2,0,toward_zero,1048576,2.432537079,2.429500580
12,throughput4096.FP64.div,2,1,nearest_even,1048576,2.514832497,2.510560036
12,throughput4096.FP64.div,3,0,nearest_even,1048576,2.523172379,2.520318985
12,throughput4096.FP64.div,3,1,toward_zero,1048576,2.444375038,2.440068245
12,throughput4096.FP64.div,4,0,toward_zero,1048576,2.439331055,2.436228752
12,throughput4096.FP64.div,4,1,nearest_even,1048576,2.516914368,2.514099121
12,throughput4096.FP64.div,5,0,nearest_even,1048576,2.524892807,2.520986557
12,throughput4096.FP64.div,5,1,toward_zero,1048576,2.442903519,2.440124512
12,throughput4096.FP64.div,6,0,toward_zero,1048576,2.441060066,2.437155724
12,throughput4096.FP64.div,6,1,nearest_even,1048576,2.516799927,2.512129784
12,throughput4096.FP64.div,7,0,nearest_even,1048576,2.527634621,2.524523735
12,throughput4096.FP64.div,7,1,toward_zero,1048576,2.449211121,2.445591927
12,throughput4096.FP64.div,8,0,toward_zero,1048576,2.438470840,2.435932159
12,throughput4096.FP64.div,8,1,nearest_even,1048576,2.520030022,2.515762329
12,throughput256.FP64.div,0,0,nearest_even,1048576,2.526708603,2.522438049
12,throughput256.FP64.div,0,1,toward_zero,1048576,2.441747665,2.439103127
12,throughput256.FP64.div,1,0,toward_zero,1048576,2.442655563,2.438253403
12,throughput256.FP64.div,1,1,nearest_even,1048576,2.524358749,2.515310287
12,throughput256.FP64.div,2,0,nearest_even,1048576,2.522265434,2.519172668
12,throughput256.FP64.div,2,1,toward_zero,1048576,2.446190834,2.443071365
12,throughput256.FP64.div,3,0,toward_zero,1048576,2.442999840,2.440414429
12,throughput256.FP64.div,3,1,nearest_even,1048576,2.515471458,2.511118889
12,throughput256.FP64.div,4,0,nearest_even,1048576,2.523497581,2.519018173
12,throughput256.FP64.div,4,1,toward_zero,1048576,2.445197105,2.442496300
12,throughput256.FP64.div,5,0,toward_zero,1048576,2.443428993,2.439391136
12,throughput256.FP64.div,5,1,nearest_even,1048576,2.513914108,2.511518478
12,throughput256.FP64.div,6,0,nearest_even,1048576,2.528198242,2.524396896
12,throughput256.FP64.div,6,1,toward_zero,1048576,2.444787025,2.440163612
12,throughput256.FP64.div,7,0,toward_zero,1048576,2.440582275,2.437898636
12,throughput256.FP64.div,7,1,nearest_even,1048576,2.516647339,2.512319565
12,throughput256.FP64.div,8,0,nearest_even,1048576,2.524224281,2.520957947
12,throughput256.FP64.div,8,1,toward_zero,1048576,2.447175026,2.443787575
12,exact_results.FP64.div,0,0,nearest_even,1048576,2.583711624,2.581028938
12,exact_results.FP64.div,0,1,toward_zero,1048576,2.546247482,2.542360306
12,exact_results.FP64.div,1,0,toward_zero,1048576,2.540972710,2.536496162
12,exact_results.FP64.div,1,1,nearest_even,1048576,2.564057350,2.555507660
12,exact_results.FP64.div,2,0,nearest_even,1048576,2.559442520,2.555680275
12,exact_results.FP64.div,2,1,toward_zero,1048576,2.535164833,2.531115532
12,exact_results.FP64.div,3,0,toward_zero,1048576,2.528380394,2.525773048
12,exact_results.FP64.div,3,1,nearest_even,1048576,2.554159164,2.550071716
12,exact_results.FP64.div,4,0,nearest_even,1048576,2.551798820,2.547540665
12,exact_results.FP64.div,4,1,toward_zero,1048576,2.528169632,2.526355743
12,exact_results.FP64.div,5,0,toward_zero,1048576,2.528132439,2.524178505
12,exact_results.FP64.div,5,1,nearest_even,1048576,2.553958893,2.550491333
12,exact_results.FP64.div,6,0,nearest_even,1048576,2.552946091,2.550404549
12,exact_results.FP64.div,6,1,toward_zero,1048576,2.524127960,2.520643234
12,exact_results.FP64.div,7,0,toward_zero,1048576,2.526288033,2.522850990
12,exact_results.FP64.div,7,1,nearest_even,1048576,2.545903206,2.543757439
12,exact_results.FP64.div,8,0,nearest_even,1048576,2.557837486,2.552670479
12,exact_results.FP64.div,8,1,toward_zero,1048576,2.532259941,2.528056145
12,halfway_ties.FP64.div,0,0,nearest_even,1048576,2.638259888,2.627646446
12,halfway_ties.FP64.div,0,1,toward_zero,1048576,2.546304703,2.542952538
12,halfway_ties.FP64.div,1,0,toward_zero,1048576,2.544040680,2.540400505
12,halfway_ties.FP64.div,1,1,nearest_even,1048576,2.611430168,2.606970787
12,halfway_ties.FP64.div,2,0,nearest_even,1048576,2.622637749,2.618485451
12,halfway_ties.FP64.div,2,1,toward_zero,1048576,2.549715996,2.547052383
12,halfway_ties.FP64.div,3,0,toward_zero,1048576,2.542989731,2.539361000
12,halfway_ties.FP64.div,3,1,nearest_even,1048576,2.611841202,2.607656479
12,halfway_ties.FP64.div,4,0,nearest_even,1048576,2.620487213,2.615589142
12,halfway_ties.FP64.div,4,1,toward_zero,1048576,2.547299385,2.544366837
12,halfway_ties.FP64.div,5,0,toward_zero,1048576,2.545139313,2.541368484
12,halfway_ties.FP64.div,5,1,nearest_even,1048576,2.611907959,2.607877731
12,halfway_ties.FP64.div,6,0,nearest_even,1048576,2.621566772,2.619074821
12,halfway_ties.FP64.div,6,1,toward_zero,1048576,2.549926758,2.546049118
12,halfway_ties.FP64.div,7,0,toward_zero,1048576,2.543218613,2.539018631
12,halfway_ties.FP64.div,7,1,nearest_even,1048576,2.605850220,2.603146553
12,halfway_ties.FP64.div,8,0,nearest_even,1048576,2.632975578,2.621788979
12,halfway_ties.FP64.div,8,1,toward_zero,1048576,2.545998573,2.543565750
12,exact_chain.FP64.div,0,0,toward_zero,1048576,3.904599190,3.898090363
12,exact_chain.FP64.div,0,1,nearest_even,1048576,3.682815552,3.678552628
12,exact_chain.FP64.div,1,0,nearest_even,1048576,3.753435135,3.747900009
12,exact_chain.FP64.div,1,1,toward_zero,1048576,3.862128258,3.856718063
12,exact_chain.FP64.div,2,0,toward_zero,1048576,3.940486908,3.933615685
12,exact_chain.FP64.div,2,1,nearest_even,1048576,3.808794975,3.802916527
12,exact_chain.FP64.div,3,0,nearest_even,1048576,3.779327393,3.774778366
12,exact_chain.FP64.div,3,1,toward_zero,1048576,3.873154640,3.855505943
12,exact_chain.FP64.div,4,0,toward_zero,1048576,3.862913132,3.857779503
12,exact_chain.FP64.div,4,1,nearest_even,1048576,3.736847878,3.731885910
12,exact_chain.FP64.div,5,0,nearest_even,1048576,3.758795738,3.754561424
12,exact_chain.FP64.div,5,1,toward_zero,1048576,3.833196640,3.826497078
12,exact_chain.FP64.div,6,0,toward_zero,1048576,3.991088867,3.977784157
12,exact_chain.FP64.div,6,1,nearest_even,1048576,3.693660736,3.687315941
12,exact_chain.FP64.div,7,0,nearest_even,1048576,3.732825279,3.729937553
12,exact_chain.FP64.div,7,1,toward_zero,1048576,3.903462410,3.895874023
12,exact_chain.FP64.div,8,0,toward_zero,1048576,3.809177399,3.799057007
12,exact_chain.FP64.div,8,1,nearest_even,1048576,3.755135536,3.751294136
12,inexact_chain.FP64.div,0,0,toward_zero,1048576,3.852822304,3.842625618
12,inexact_chain.FP64.div,0,1,nearest_even,1048576,4.967806816,4.961725235
12,inexact_chain.FP64.div,1,0,nearest_even,1048576,4.961710930,4.954521179
12,inexact_chain.FP64.div,1,1,toward_zero,1048576,3.786541939,3.779891014
12,inexact_chain.FP64.div,2,0,toward_zero,1048576,3.893678665,3.888879776
12,inexact_chain.FP64.div,2,1,nearest_even,1048576,4.963573456,4.955506325
12,inexact_chain.FP64.div,3,0,nearest_even,1048576,4.943948746,4.938782692
12,inexact_chain.FP64.div,3,1,toward_zero,1048576,3.814021111,3.808526039
12,inexact_chain.FP64.div,4,0,toward_zero,1048576,3.911393166,3.899676323
12,inexact_chain.FP64.div,4,1,nearest_even,1048576,4.943423271,4.936089516
12,inexact_chain.FP64.div,5,0,nearest_even,1048576,4.946738243,4.939128876
12,inexact_chain.FP64.div,5,1,toward_zero,1048576,3.727216721,3.722999573
12,inexact_chain.FP64.div,6,0,toward_zero,1048576,3.923221588,3.917859077
12,inexact_chain.FP64.div,6,1,nearest_even,1048576,4.969526291,4.957309723
12,inexact_chain.FP64.div,7,0,nearest_even,1048576,4.949156761,4.943494797
12,inexact_chain.FP64.div,7,1,toward_zero,1048576,3.797949791,3.791582108
12,inexact_chain.FP64.div,8,0,toward_zero,1048576,3.853864670,3.841411591
12,inexact_chain.FP64.div,8,1,nearest_even,1048576,4.947674751,4.940361023
12,throughput4096.FP64.mul_div,0,0,toward_zero,1048576,2.494576454,2.490775108
12,throughput4096.FP64.mul_div,0,1,nearest_even,1048576,2.719923973,2.715464592
12,throughput4096.FP64.mul_div,1,0,nearest_even,1048576,2.728263855,2.724034309
12,throughput4096.FP64.mul_div,1,1,toward_zero,1048576,2.504150391,2.499917984
12,throughput4096.FP64.mul_div,2,0,toward_zero,1048576,2.502468109,2.499077797
12,throughput4096.FP64.mul_div,2,1,nearest_even,1048576,2.733596802,2.722799301
12,throughput4096.FP64.mul_div,3,0,nearest_even,1048576,2.735964775,2.731666565
12,throughput4096.FP64.mul_div,3,1,toward_zero,1048576,2.510752678,2.505738258
12,throughput4096.FP64.mul_div,4,0,toward_zero,1048576,2.504044533,2.500577927
12,throughput4096.FP64.mul_div,4,1,nearest_even,1048576,2.727595329,2.724835396
12,throughput4096.FP64.mul_div,5,0,nearest_even,1048576,2.745080948,2.740160942
12,throughput4096.FP64.mul_div,5,1,toward_zero,1048576,2.509882927,2.505290031
12,throughput4096.FP64.mul_div,6,0,toward_zero,1048576,2.503280640,2.499421120
12,throughput4096.FP64.mul_div,6,1,nearest_even,1048576,2.728446007,2.724155426
12,throughput4096.FP64.mul_div,7,0,nearest_even,1048576,2.742482185,2.737275124
12,throughput4096.FP64.mul_div,7,1,toward_zero,1048576,2.508668900,2.504907608
12,throughput4096.FP64.mul_div,8,0,toward_zero,1048576,2.499859810,2.497683525
12,throughput4096.FP64.mul_div,8,1,nearest_even,1048576,2.728302956,2.724987984
12,throughput256.FP64.mul_div,0,0,toward_zero,1048576,2.503490448,2.497808456
12,throughput256.FP64.mul_div,0,1,nearest_even,1048576,2.723381996,2.718968391
12,throughput256.FP64.mul_div,1,0,nearest_even,1048576,2.726266861,2.722839355
12,throughput256.FP64.mul_div,1,1,toward_zero,1048576,2.496630669,2.494645119
12,throughput256.FP64.mul_div,2,0,toward_zero,1048576,2.490811348,2.485912323
12,throughput256.FP64.mul_div,2,1,nearest_even,1048576,2.720190048,2.716674805
12,throughput256.FP64.mul_div,3,0,nearest_even,1048576,2.727193832,2.723308563
12,throughput256.FP64.mul_div,3,1,toward_zero,1048576,2.499009132,2.496047020
12,throughput256.FP64.mul_div,4,0,toward_zero,1048576,2.505296707,2.501915932
12,throughput256.FP64.mul_div,4,1,nearest_even,1048576,2.729458809,2.719753265
12,throughput256.FP64.mul_div,5,0,nearest_even,1048576,2.727738380,2.723363876
12,throughput256.FP64.mul_div,5,1,toward_zero,1048576,2.495884895,2.492523193
12,throughput256.FP64.mul_div,6,0,toward_zero,1048576,2.490849495,2.487068176
12,throughput256.FP64.mul_div,6,1,nearest_even,1048576,2.726381302,2.716514587
12,throughput256.FP64.mul_div,7,0,nearest_even,1048576,2.725464821,2.720506668
12,throughput256.FP64.mul_div,7,1,toward_zero,1048576,2.506394386,2.504389763
12,throughput256.FP64.mul_div,8,0,toward_zero,1048576,2.489377975,2.484699249
12,throughput256.FP64.mul_div,8,1,nearest_even,1048576,2.728589058,2.724557877
12,exact_results.FP64.mul_div,0,0,toward_zero,1048576,2.530118942,2.524941444
12,exact_results.FP64.mul_div,0,1,nearest_even,1048576,2.546668053,2.542448044
12,exact_results.FP64.mul_div,1,0,nearest_even,1048576,2.541575432,2.531812668
12,exact_results.FP64.mul_div,1,1,toward_zero,1048576,2.511650085,2.506978989
12,exact_results.FP64.mul_div,2,0,toward_zero,1048576,2.509816170,2.505479813
12,exact_results.FP64.mul_div,2,1,nearest_even,1048576,2.525619507,2.523136139
12,exact_results.FP64.mul_div,3,0,nearest_even,1048576,2.533300400,2.528496742
12,exact_results.FP64.mul_div,3,1,toward_zero,1048576,2.506892204,2.503252029
12,exact_results.FP64.mul_div,4,0,toward_zero,1048576,2.499162674,2.496795654
12,exact_results.FP64.mul_div,4,1,nearest_even,1048576,2.529937744,2.525964737
12,exact_results.FP64.mul_div,5,0,nearest_even,1048576,2.526450157,2.523928642
12,exact_results.FP64.mul_div,5,1,toward_zero,1048576,2.501254082,2.497577667
12,exact_results.FP64.mul_div,6,0,toward_zero,1048576,2.502697945,2.499117851
12,exact_results.FP64.mul_div,6,1,nearest_even,1048576,2.527234077,2.524665833
12,exact_results.FP64.mul_div,7,0,nearest_even,1048576,2.532623291,2.522936821
12,exact_results.FP64.mul_div,7,1,toward_zero,1048576,2.502095222,2.497912407
12,exact_results.FP64.mul_div,8,0,toward_zero,1048576,2.502439499,2.499670029
12,exact_results.FP64.mul_div,8,1,nearest_even,1048576,2.533243179,2.528133392
12,halfway_ties.FP64.mul_div,0,0,toward_zero,1048576,2.528389931,2.525936127
12,halfway_ties.FP64.mul_div,0,1,nearest_even,1048576,2.834378242,2.826612473
12,halfway_ties.FP64.mul_div,1,0,nearest_even,1048576,2.824508667,2.819742203
12,halfway_ties.FP64.mul_div,1,1,toward_zero,1048576,2.519227028,2.515501976
12,halfway_ties.FP64.mul_div,2,0,toward_zero,1048576,2.511822701,2.508901596
12,halfway_ties.FP64.mul_div,2,1,nearest_even,1048576,2.810702324,2.806539536
12,halfway_ties.FP64.mul_div,3,0,nearest_even,1048576,2.821775436,2.818192482
12,halfway_ties.FP64.mul_div,3,1,toward_zero,1048576,2.512118340,2.508450508
12,halfway_ties.FP64.mul_div,4,0,toward_zero,1048576,2.513256073,2.508211136
12,halfway_ties.FP64.mul_div,4,1,nearest_even,1048576,2.809803963,2.803892136
12,halfway_ties.FP64.mul_div,5,0,nearest_even,1048576,2.822320938,2.817067146
12,halfway_ties.FP64.mul_div,5,1,toward_zero,1048576,2.511965752,2.509272575
12,halfway_ties.FP64.mul_div,6,0,toward_zero,1048576,2.513083458,2.508775711
12,halfway_ties.FP64.mul_div,6,1,nearest_even,1048576,2.819071770,2.814849854
12,halfway_ties.FP64.mul_div,7,0,nearest_even,1048576,2.841640472,2.836241722
12,halfway_ties.FP64.mul_div,7,1,toward_zero,1048576,2.514086723,2.511259079
12,halfway_ties.FP64.mul_div,8,0,toward_zero,1048576,2.514745712,2.510612488
12,halfway_ties.FP64.mul_div,8,1,nearest_even,1048576,2.818355560,2.813732147
12,exact_chain.FP64.mul_div,0,0,nearest_even,1048576,3.775515556,3.769043922
12,exact_chain.FP64.mul_div,0,1,toward_zero,1048576,3.825132370,3.819705963
12,exact_chain.FP64.mul_div,1,0,toward_zero,1048576,3.824741364,3.819475174
12,exact_chain.FP64.mul_div,1,1,nearest_even,1048576,3.772334099,3.761878014
12,exact_chain.FP64.mul_div,2,0,nearest_even,1048576,3.772218704,3.766209602
12,exact_chain.FP64.mul_div,2,1,toward_zero,1048576,3.816275597,3.810742378
12,exact_chain.FP64.mul_div,3,0,toward_zero,1048576,3.830551147,3.824709892
12,exact_chain.FP64.mul_div,3,1,nearest_even,1048576,3.782442093,3.774874687
12,exact_chain.FP64.mul_div,4,0,nearest_even,1048576,3.770251274,3.766694069
12,exact_chain.FP64.mul_div,4,1,toward_zero,1048576,3.810151100,3.805497169
12,exact_chain.FP64.mul_div,5,0,toward_zero,1048576,3.812846184,3.806757927
12,exact_chain.FP64.mul_div,5,1,nearest_even,1048576,3.767231941,3.762346268
12,exact_chain.FP64.mul_div,6,0,nearest_even,1048576,3.762244225,3.755948067
12,exact_chain.FP64.mul_div,6,1,toward_zero,1048576,3.812109947,3.806516647
12,exact_chain.FP64.mul_div,7,0,toward_zero,1048576,3.818702698,3.813857079
12,exact_chain.FP64.mul_div,7,1,nearest_even,1048576,3.767795563,3.762738228
12,exact_chain.FP64.mul_div,8,0,nearest_even,1048576,3.771702766,3.766054153
12,exact_chain.FP64.mul_div,8,1,toward_zero,1048576,3.825514793,3.819808960
12,inexact_chain.FP64.mul_div,0,0,toward_zero,1048576,3.820547104,3.813716888
12,inexact_chain.FP64.mul_div,0,1,nearest_even,1048576,4.965494156,4.956660271
12,inexact_chain.FP64.mul_div,1,0,nearest_even,1048576,4.987604141,4.979037285
12,inexact_chain.FP64.mul_div,1,1,toward_zero,1048576,3.821769714,3.817256927
12,inexact_chain.FP64.mul_div,2,0,toward_zero,1048576,3.851093292,3.845236778
12,inexact_chain.FP64.mul_div,2,1,nearest_even,1048576,4.989791870,4.977852821
12,inexact_chain.FP64.mul_div,3,0,nearest_even,1048576,4.959361076,4.953511238
12,inexact_chain.FP64.mul_div,3,1,toward_zero,1048576,3.818024635,3.812500954
12,inexact_chain.FP64.mul_div,4,0,toward_zero,1048576,3.816734314,3.810770035
12,inexact_chain.FP64.mul_div,4,1,nearest_even,1048576,4.970902443,4.962574005
12,inexact_chain.FP64.mul_div,5,0,nearest_even,1048576,4.974466324,4.967936516
12,inexact_chain.FP64.mul_div,5,1,toward_zero,1048576,3.812291145,3.806996346
12,inexact_chain.FP64.mul_div,6,0,toward_zero,1048576,3.815692902,3.810561180
12,inexact_chain.FP64.mul_div,6,1,nearest_even,1048576,4.970004082,4.956813812
12,inexact_chain.FP64.mul_div,7,0,nearest_even,1048576,4.975173950,4.968070030
12,inexact_chain.FP64.mul_div,7,1,toward_zero,1048576,3.821023941,3.814456940
12,inexact_chain.FP64.mul_div,8,0,toward_zero,1048576,3.815692902,3.811133385
12,inexact_chain.FP64.mul_div,8,1,nearest_even,1048576,4.959150314,4.952387810
12,throughput4096.FP128.mul,0,0,toward_zero,1048576,2.576994896,2.572525024
12,throughput4096.FP128.mul,0,1,nearest_even,1048576,2.423336983,2.420251846
12,throughput4096.FP128.mul,1,0,nearest_even,1048576,2.445741653,2.441281319
12,throughput4096.FP128.mul,1,1,toward_zero,1048576,2.620019913,2.615567207
12,throughput4096.FP128.mul,2,0,toward_zero,1048576,2.608400345,2.597940445
12,throughput4096.FP128.mul,2,1,nearest_even,1048576,2.424827576,2.420692444
12,throughput4096.FP128.mul,3,0,nearest_even,1048576,2.443037987,2.439925194
12,throughput4096.FP128.mul,3,1,toward_zero,1048576,2.616121292,2.612319946
12,throughput4096.FP128.mul,4,0,toward_zero,1048576,2.602218628,2.598180771
12,throughput4096.FP128.mul,4,1,nearest_even,1048576,2.425906181,2.422994614
12,throughput4096.FP128.mul,5,0,nearest_even,1048576,2.443955421,2.439524651
12,throughput4096.FP128.mul,5,1,toward_zero,1048576,2.617162704,2.613801003
12,throughput4096.FP128.mul,6,0,toward_zero,1048576,2.603842735,2.600815773
12,throughput4096.FP128.mul,6,1,nearest_even,1048576,2.425744057,2.421801567
12,throughput4096.FP128.mul,7,0,nearest_even,1048576,2.447184563,2.441692352
12,throughput4096.FP128.mul,7,1,toward_zero,1048576,2.617286682,2.614420891
12,throughput4096.FP128.mul,8,0,toward_zero,1048576,2.610206604,2.606788635
12,throughput4096.FP128.mul,8,1,nearest_even,1048576,2.434677124,2.430371284
12,throughput256.FP128.mul,0,0,nearest_even,1048576,2.410494804,2.407583237
12,throughput256.FP128.mul,0,1,toward_zero,1048576,2.631618500,2.627521515
12,throughput256.FP128.mul,1,0,toward_zero,1048576,2.623669624,2.614508629
12,throughput256.FP128.mul,1,1,nearest_even,1048576,2.391767502,2.389180183
12,throughput256.FP128.mul,2,0,nearest_even,1048576,2.411679268,2.408232689
12,throughput256.FP128.mul,2,1,toward_zero,1048576,2.636597633,2.632603645
12,throughput256.FP128.mul,3,0,toward_zero,1048576,2.619732857,2.617440224
12,throughput256.FP128.mul,3,1,nearest_even,1048576,2.393067360,2.387631416
12,throughput256.FP128.mul,4,0,nearest_even,1048576,2.409013748,2.405440331
12,throughput256.FP128.mul,4,1,toward_zero,1048576,2.626736641,2.621347427
12,throughput256.FP128.mul,5,0,toward_zero,1048576,2.618432999,2.613743782
12,throughput256.FP128.mul,5,1,nearest_even,1048576,2.394796371,2.390956879
12,throughput256.FP128.mul,6,0,nearest_even,1048576,2.411507607,2.407363892
12,throughput256.FP128.mul,6,1,toward_zero,1048576,2.637045860,2.632490158
12,throughput256.FP128.mul,7,0,toward_zero,1048576,2.618424416,2.616400719
12,throughput256.FP128.mul,7,1,nearest_even,1048576,2.395493507,2.391349792
12,throughput256.FP128.mul,8,0,nearest_even,1048576,2.413790703,2.405882835
12,throughput256.FP128.mul,8,1,toward_zero,1048576,2.636931419,2.631478310
12,exact_results.FP128.mul,0,0,nearest_even,1048576,2.546257019,2.542905807
12,exact_results.FP128.mul,0,1,toward_zero,1048576,2.610693932,2.606091499
12,exact_results.FP128.mul,1,0,toward_zero,1048576,2.593639374,2.589188576
12,exact_results.FP128.mul,1,1,nearest_even,1048576,2.529307365,2.524481773
12,exact_results.FP128.mul,2,0,nearest_even,1048576,2.534323692,2.531363487
12,exact_results.FP128.mul,2,1,toward_zero,1048576,2.601894379,2.592647552
12,exact_results.FP128.mul,3,0,toward_zero,1048576,2.597681046,2.592914581
12,exact_results.FP128.mul,3,1,nearest_even,1048576,2.523249626,2.520298958
12,exact_results.FP128.mul,4,0,nearest_even,1048576,2.531580925,2.526595116
12,exact_results.FP128.mul,4,1,toward_zero,1048576,2.598970413,2.593506813
12,exact_results.FP128.mul,5,0,toward_zero,1048576,2.596457481,2.592205048
12,exact_results.FP128.mul,5,1,nearest_even,1048576,2.525571823,2.520431519
12,exact_results.FP128.mul,6,0,nearest_even,1048576,2.529794693,2.526289940
12,exact_results.FP128.mul,6,1,toward_zero,1048576,2.602094650,2.593591690
12,exact_results.FP128.mul,7,0,toward_zero,1048576,2.599390984,2.594137192
12,exact_results.FP128.mul,7,1,nearest_even,1048576,2.528619766,2.523426056
12,exact_results.FP128.mul,8,0,nearest_even,1048576,2.530520439,2.527636528
12,exact_results.FP128.mul,8,1,toward_zero,1048576,2.606107712,2.601559639
12,halfway_ties.FP128.mul,0,0,toward_zero,1048576,2.615079880,2.609998703
12,halfway_ties.FP128.mul,0,1,nearest_even,1048576,2.391767502,2.388663292
12,halfway_ties.FP128.mul,1,0,nearest_even,1048576,2.408440590,2.403960228
12,halfway_ties.FP128.mul,1,1,toward_zero,1048576,2.623707771,2.620908737
12,halfway_ties.FP128.mul,2,0,toward_zero,1048576,2.609977722,2.606339455
12,halfway_ties.FP128.mul,2,1,nearest_even,1048576,2.393497467,2.388606071
12,halfway_ties.FP128.mul,3,0,nearest_even,1048576,2.412577629,2.409741402
12,halfway_ties.FP128.mul,3,1,toward_zero,1048576,2.625800133,2.621636391
12,halfway_ties.FP128.mul,4,0,toward_zero,1048576,2.617840767,2.605726242
12,halfway_ties.FP128.mul,4,1,nearest_even,1048576,2.390908241,2.388769150
12,halfway_ties.FP128.mul,5,0,nearest_even,1048576,2.407035828,2.401877403
12,halfway_ties.FP128.mul,5,1,toward_zero,1048576,2.618289948,2.615990639
12,halfway_ties.FP128.mul,6,0,toward_zero,1048576,2.605486870,2.600598335
12,halfway_ties.FP128.mul,6,1,nearest_even,1048576,2.398808479,2.394080162
12,halfway_ties.FP128.mul,7,0,nearest_even,1048576,2.410866737,2.408070564
12,halfway_ties.FP128.mul,7,1,toward_zero,1048576,2.622427940,2.617736816
12,halfway_ties.FP128.mul,8,0,toward_zero,1048576,2.610626221,2.606012344
12,halfway_ties.FP128.mul,8,1,nearest_even,1048576,2.388806343,2.386351585
12,exact_chain.FP128.mul,0,0,nearest_even,1048576,3.638702393,3.633772850
12,exact_chain.FP128.mul,0,1,toward_zero,1048576,3.694664001,3.689291954
12,exact_chain.FP128.mul,1,0,toward_zero,1048576,3.694988251,3.688768387
12,exact_chain.FP128.mul,1,1,nearest_even,1048576,3.635787964,3.629288673
12,exact_chain.FP128.mul,2,0,nearest_even,1048576,3.640718460,3.628085136
12,exact_chain.FP128.mul,2,1,toward_zero,1048576,3.692007065,3.687085152
12,exact_chain.FP128.mul,3,0,toward_zero,1048576,3.697989464,3.685184479
12,exact_chain.FP128.mul,3,1,nearest_even,1048576,3.629233360,3.625335693
12,exact_chain.FP128.mul,4,0,nearest_even,1048576,3.636351585,3.630463600
12,exact_chain.FP128.mul,4,1,toward_zero,1048576,3.691978455,3.686166763
12,exact_chain.FP128.mul,5,0,toward_zero,1048576,3.692303658,3.686646461
12,exact_chain.FP128.mul,5,1,nearest_even,1048576,3.631182671,3.625849724
12,exact_chain.FP128.mul,6,0,nearest_even,1048576,3.632481575,3.627606392
12,exact_chain.FP128.mul,6,1,toward_zero,1048576,3.689083099,3.685786247
12,exact_chain.FP128.mul,7,0,toward_zero,1048576,3.692122459,3.685261726
12,exact_chain.FP128.mul,7,1,nearest_even,1048576,3.633895874,3.628285408
12,exact_chain.FP128.mul,8,0,nearest_even,1048576,3.633810043,3.627492905
12,exact_chain.FP128.mul,8,1,toward_zero,1048576,3.691759109,3.686168671
12,inexact_chain.FP128.mul,0,0,nearest_even,1048576,4.681777954,4.674950600
12,inexact_chain.FP128.mul,0,1,toward_zero,1048576,3.690564156,3.685184479
12,inexact_chain.FP128.mul,1,0,toward_zero,1048576,3.691473007,3.686149597
12,inexact_chain.FP128.mul,1,1,nearest_even,1048576,4.683411598,4.676345825
12,inexact_chain.FP128.mul,2,0,nearest_even,1048576,4.683802605,4.676762581
12,inexact_chain.FP128.mul,2,1,toward_zero,1048576,3.694252968,3.686818123
12,inexact_chain.FP128.mul,3,0,toward_zero,1048576,3.698208809,3.695111275
12,inexact_chain.FP128.mul,3,1,nearest_even,1048576,4.746481895,4.739513397
12,inexact_chain.FP128.mul,4,0,nearest_even,1048576,4.759065628,4.744529724
12,inexact_chain.FP128.mul,4,1,toward_zero,1048576,3.743526459,3.738353729
12,inexact_chain.FP128.mul,5,0,toward_zero,1048576,3.747577667,3.741068840
12,inexact_chain.FP128.mul,5,1,nearest_even,1048576,4.753294945,4.745454788
12,inexact_chain.FP128.mul,6,0,nearest_even,1048576,4.751134872,4.743819237
12,inexact_chain.FP128.mul,6,1,toward_zero,1048576,3.741338730,3.735594749
12,inexact_chain.FP128.mul,7,0,toward_zero,1048576,3.745991707,3.740551949
12,inexact_chain.FP128.mul,7,1,nearest_even,1048576,4.749893188,4.742980003
12,inexact_chain.FP128.mul,8,0,nearest_even,1048576,4.757804871,4.742366791
12,inexact_chain.FP128.mul,8,1,toward_zero,1048576,3.745007515,3.739809990
12,throughput4096.FP128.div,0,0,nearest_even,1048576,3.485769272,3.482196808
12,throughput4096.FP128.div,0,1,toward_zero,1048576,2.406329155,2.402777672
12,throughput4096.FP128.div,1,0,toward_zero,1048576,2.448551178,2.444567680
12,throughput4096.FP128.div,1,1,nearest_even,1048576,3.544359207,3.539226532
12,throughput4096.FP128.div,2,0,nearest_even,1048576,3.495582581,3.489991188
12,throughput4096.FP128.div,2,1,toward_zero,1048576,2.415023804,2.412504196
12,throughput4096.FP128.div,3,0,toward_zero,1048576,2.456690788,2.452948570
12,throughput4096.FP128.div,3,1,nearest_even,1048576,3.544692993,3.539054871
12,throughput4096.FP128.div,4,0,nearest_even,1048576,3.497522354,3.492877007
12,throughput4096.FP128.div,4,1,toward_zero,1048576,2.424807549,2.420854568
12,throughput4096.FP128.div,5,0,toward_zero,1048576,2.461459160,2.457867622
12,throughput4096.FP128.div,5,1,nearest_even,1048576,3.541234970,3.536323547
12,throughput4096.FP128.div,6,0,nearest_even,1048576,3.501019478,3.495666504
12,throughput4096.FP128.div,6,1,toward_zero,1048576,2.418052673,2.415408134
12,throughput4096.FP128.div,7,0,toward_zero,1048576,2.463130951,2.458622932
12,throughput4096.FP128.div,7,1,nearest_even,1048576,3.549862862,3.543774605
12,throughput4096.FP128.div,8,0,nearest_even,1048576,3.507831573,3.496394157
12,throughput4096.FP128.div,8,1,toward_zero,1048576,2.423202515,2.419192314
12,throughput256.FP128.div,0,0,nearest_even,1048576,3.429512024,3.425728798
12,throughput256.FP128.div,0,1,toward_zero,1048576,2.362462997,2.358585358
12,throughput256.FP128.div,1,0,toward_zero,1048576,2.386531830,2.383876801
12,throughput256.FP128.div,1,1,nearest_even,1048576,3.444913864,3.439687729
12,throughput256.FP128.div,2,0,nearest_even,1048576,3.395153046,3.389859200
12,throughput256.FP128.div,2,1,toward_zero,1048576,2.356338501,2.353942871
12,throughput256.FP128.div,3,0,toward_zero,1048576,2.387084961,2.382102013
12,throughput256.FP128.div,3,1,nearest_even,1048576,3.438111305,3.434508324
12,throughput256.FP128.div,4,0,nearest_even,1048576,3.399834633,3.393279076
12,throughput256.FP128.div,4,1,toward_zero,1048576,2.344519615,2.342066765
12,throughput256.FP128.div,5,0,toward_zero,1048576,2.390353203,2.386255264
12,throughput256.FP128.div,5,1,nearest_even,1048576,3.443423271,3.438664436
12,throughput256.FP128.div,6,0,nearest_even,1048576,3.395354271,3.389907837
12,throughput256.FP128.div,6,1,toward_zero,1048576,2.349592209,2.346758842
12,throughput256.FP128.div,7,0,toward_zero,1048576,2.387754440,2.383390427
12,throughput256.FP128.div,7,1,nearest_even,1048576,3.443853378,3.440155029
12,throughput256.FP128.div,8,0,nearest_even,1048576,3.394665718,3.388853073
12,throughput256.FP128.div,8,1,toward_zero,1048576,2.350586891,2.347875595
12,exact_results.FP128.div,0,0,toward_zero,1048576,2.472790718,2.469325066
12,exact_results.FP128.div,0,1,nearest_even,1048576,2.478352547,2.475850105
12,exact_results.FP128.div,1,0,nearest_even,1048576,2.448159218,2.444597244
12,exact_results.FP128.div,1,1,toward_zero,1048576,2.438862801,2.436504364
12,exact_results.FP128.div,2,0,toward_zero,1048576,2.482507706,2.470653534
12,exact_results.FP128.div,2,1,nearest_even,1048576,2.476698875,2.472410202
12,exact_results.FP128.div,3,0,nearest_even,1048576,2.453002930,2.449661255
12,exact_results.FP128.div,3,1,toward_zero,1048576,2.447241783,2.442466736
12,exact_results.FP128.div,4,0,toward_zero,1048576,2.469380379,2.466526031
12,exact_results.FP128.div,4,1,nearest_even,1048576,2.473603249,2.469104767
12,exact_results.FP128.div,5,0,nearest_even,1048576,2.451121330,2.448076248
12,exact_results.FP128.div,5,1,toward_zero,1048576,2.451933861,2.448209763
12,exact_results.FP128.div,6,0,toward_zero,1048576,2.471806526,2.467511177
12,exact_results.FP128.div,6,1,nearest_even,1048576,2.470479012,2.467661858
12,exact_results.FP128.div,7,0,nearest_even,1048576,2.453194618,2.448725700
12,exact_results.FP128.div,7,1,toward_zero,1048576,2.447375298,2.444128990
12,exact_results.FP128.div,8,0,toward_zero,1048576,2.534341812,2.530980110
12,exact_results.FP128.div,8,1,nearest_even,1048576,2.488336563,2.470385551
12,halfway_ties.FP128.div,0,0,toward_zero,1048576,2.464984894,2.460419655
12,halfway_ties.FP128.div,0,1,nearest_even,1048576,3.445487022,3.441196442
12,halfway_ties.FP128.div,1,0,nearest_even,1048576,3.402633667,3.396422386
12,halfway_ties.FP128.div,1,1,toward_zero,1048576,2.432460785,2.428193092
12,halfway_ties.FP128.div,2,0,toward_zero,1048576,2.961543083,2.956661224
12,halfway_ties.FP128.div,2,1,nearest_even,1048576,3.444063187,3.438312531
12,halfway_ties.FP128.div,3,0,nearest_even,1048576,3.403102875,3.396059990
12,halfway_ties.FP128.div,3,1,toward_zero,1048576,2.425934792,2.422372818
12,halfway_ties.FP128.div,4,0,toward_zero,1048576,2.511736870,2.508186340
12,halfway_ties.FP128.div,4,1,nearest_even,1048576,3.445754051,3.440450668
12,halfway_ties.FP128.div,5,0,nearest_even,1048576,3.398908615,3.395610809
12,halfway_ties.FP128.div,5,1,toward_zero,1048576,2.429020882,2.425066948
12,halfway_ties.FP128.div,6,0,toward_zero,1048576,2.479393005,2.476664543
12,halfway_ties.FP128.div,6,1,nearest_even,1048576,3.446251869,3.439639091
12,halfway_ties.FP128.div,7,0,nearest_even,1048576,3.402682304,3.396757126
12,halfway_ties.FP128.div,7,1,toward_zero,1048576,2.430817604,2.427339554
12,halfway_ties.FP128.div,8,0,toward_zero,1048576,2.478351593,2.474550247
12,halfway_ties.FP128.div,8,1,nearest_even,1048576,3.445191383,3.439980507
12,exact_chain.FP128.div,0,0,toward_zero,1048576,4.076927185,4.071726799
12,exact_chain.FP128.div,0,1,nearest_even,1048576,4.059328079,4.053221703
12,exact_chain.FP128.div,1,0,nearest_even,1048576,4.057484627,4.052015305
12,exact_chain.FP128.div,1,1,toward_zero,1048576,4.043418884,4.037053108
12,exact_chain.FP128.div,2,0,toward_zero,1048576,4.044632912,4.039031982
12,exact_chain.FP128.div,2,1,nearest_even,1048576,4.055658340,4.050926208
12,exact_chain.FP128.div,3,0,nearest_even,1048576,4.047623634,4.040933609
12,exact_chain.FP128.div,3,1,toward_zero,1048576,4.049276352,4.043051720
12,exact_chain.FP128.div,4,0,toward_zero,1048576,4.051617622,4.045011520
12,exact_chain.FP128.div,4,1,nearest_even,1048576,4.067449570,4.053039551
12,exact_chain.FP128.div,5,0,nearest_even,1048576,4.053805351,4.048605919
12,exact_chain.FP128.div,5,1,toward_zero,1048576,4.049180984,4.041754723
12,exact_chain.FP128.div,6,0,toward_zero,1048576,4.048244476,4.042242050
12,exact_chain.FP128.div,6,1,nearest_even,1048576,4.060551643,4.053630829
12,exact_chain.FP128.div,7,0,nearest_even,1048576,4.048808098,4.043820381
12,exact_chain.FP128.div,7,1,toward_zero,1048576,4.041384697,4.034090996
12,exact_chain.FP128.div,8,0,toward_zero,1048576,4.040925980,4.035344124
12,exact_chain.FP128.div,8,1,nearest_even,1048576,4.053537369,4.046809196
12,inexact_chain.FP128.div,0,0,toward_zero,1048576,4.054913521,4.038715363
12,inexact_chain.FP128.div,0,1,nearest_even,1048576,5.252900124,5.246396065
12,inexact_chain.FP128.div,1,0,nearest_even,1048576,5.252927780,5.244005203
12,inexact_chain.FP128.div,1,1,toward_zero,1048576,4.041441917,4.036615372
12,inexact_chain.FP128.div,2,0,toward_zero,1048576,4.048301697,4.042376518
12,inexact_chain.FP128.div,2,1,nearest_even,1048576,5.279309273,5.270712852
12,inexact_chain.FP128.div,3,0,nearest_even,1048576,5.233695030,5.227993011
12,inexact_chain.FP128.div,3,1,toward_zero,1048576,4.011019707,4.003161430
12,inexact_chain.FP128.div,4,0,toward_zero,1048576,4.032604218,4.027260780
12,inexact_chain.FP128.div,4,1,nearest_even,1048576,5.263256073,5.256226540
12,inexact_chain.FP128.div,5,0,nearest_even,1048576,5.286178589,5.276806831
12,inexact_chain.FP128.div,5,1,toward_zero,1048576,4.048388481,4.042307854
12,inexact_chain.FP128.div,6,0,toward_zero,1048576,4.056595802,4.050486565
12,inexact_chain.FP128.div,6,1,nearest_even,1048576,5.297710419,5.288749695
12,inexact_chain.FP128.div,7,0,nearest_even,1048576,5.305412292,5.284920692
12,inexact_chain.FP128.div,7,1,toward_zero,1048576,4.036836624,4.032295227
12,inexact_chain.FP128.div,8,0,toward_zero,1048576,4.044422150,4.037655830
12,inexact_chain.FP128.div,8,1,nearest_even,1048576,5.267862320,5.248899460
12,throughput4096.FP128.mul_div,0,0,toward_zero,1048576,2.782373428,2.778772354
12,throughput4096.FP128.mul_div,0,1,nearest_even,1048576,4.330528259,4.322166443
12,throughput4096.FP128.mul_div,1,0,nearest_even,1048576,4.290187836,4.284156799
12,throughput4096.FP128.mul_div,1,1,toward_zero,1048576,2.802896500,2.797833443
12,throughput4096.FP128.mul_div,2,0,toward_zero,1048576,2.830853462,2.826518059
12,throughput4096.FP128.mul_div,2,1,nearest_even,1048576,4.333652496,4.326761246
12,throughput4096.FP128.mul_div,3,0,nearest_even,1048576,4.304319382,4.297285080
12,throughput4096.FP128.mul_div,3,1,toward_zero,1048576,2.801931381,2.797765732
12,throughput4096.FP128.mul_div,4,0,toward_zero,1048576,2.831034660,2.826217651
12,throughput4096.FP128.mul_div,4,1,nearest_even,1048576,4.339156151,4.332044601
12,throughput4096.FP128.mul_div,5,0,nearest_even,1048576,4.300842285,4.295485497
12,throughput4096.FP128.mul_div,5,1,toward_zero,1048576,2.802285194,2.798226357
12,throughput4096.FP128.mul_div,6,0,toward_zero,1048576,2.827213287,2.822895050
12,throughput4096.FP128.mul_div,6,1,nearest_even,1048576,4.335381508,4.328241348
12,throughput4096.FP128.mul_div,7,0,nearest_even,1048576,4.299256325,4.293844223
12,throughput4096.FP128.mul_div,7,1,toward_zero,1048576,2.800315857,2.797863007
12,throughput4096.FP128.mul_div,8,0,toward_zero,1048576,2.832477570,2.829039574
12,throughput4096.FP128.mul_div,8,1,nearest_even,1048576,4.336022377,4.329244614
12,throughput256.FP128.mul_div,0,0,nearest_even,1048576,4.302914619,4.295536041
12,throughput256.FP128.mul_div,0,1,toward_zero,1048576,2.798471451,2.792703629
12,throughput256.FP128.mul_div,1,0,toward_zero,1048576,2.826028824,2.821186066
12,throughput256.FP128.mul_div,1,1,nearest_even,1048576,4.326257706,4.319088936
12,throughput256.FP128.mul_div,2,0,nearest_even,1048576,4.296532631,4.290996552
12,throughput256.FP128.mul_div,2,1,toward_zero,1048576,2.789528847,2.784627914
12,throughput256.FP128.mul_div,3,0,toward_zero,1048576,2.821384430,2.816970825
12,throughput256.FP128.mul_div,3,1,nearest_even,1048576,4.324041367,4.317627907
12,throughput256.FP128.mul_div,4,0,nearest_even,1048576,4.295318604,4.288682938
12,throughput256.FP128.mul_div,4,1,toward_zero,1048576,2.789404869,2.784801483
12,throughput256.FP128.mul_div,5,0,toward_zero,1048576,2.823697090,2.819360733
12,throughput256.FP128.mul_div,5,1,nearest_even,1048576,4.322186470,4.316012383
12,throughput256.FP128.mul_div,6,0,nearest_even,1048576,4.297019958,4.289525986
12,throughput256.FP128.mul_div,6,1,toward_zero,1048576,2.797230721,2.792357445
12,throughput256.FP128.mul_div,7,0,toward_zero,1048576,2.818355560,2.813980103
12,throughput256.FP128.mul_div,7,1,nearest_even,1048576,4.326897621,4.321189880
12,throughput256.FP128.mul_div,8,0,nearest_even,1048576,4.297516823,4.291034698
12,throughput256.FP128.mul_div,8,1,toward_zero,1048576,2.790455818,2.786386490
12,exact_results.FP128.mul_div,0,0,toward_zero,1048576,2.847449303,2.842750549
12,exact_results.FP128.mul_div,0,1,nearest_even,1048576,3.046779633,3.041171074
12,exact_results.FP128.mul_div,1,0,nearest_even,1048576,3.036871910,3.032026291
12,exact_results.FP128.mul_div,1,1,toward_zero,1048576,2.840637207,2.832584381
12,exact_results.FP128.mul_div,2,0,toward_zero,1048576,2.827518463,2.823678017
12,exact_results.FP128.mul_div,2,1,nearest_even,1048576,3.039250374,3.034495354
12,exact_results.FP128.mul_div,3,0,nearest_even,1048576,3.030155182,3.025149345
12,exact_results.FP128.mul_div,3,1,toward_zero,1048576,2.826057434,2.820804596
12,exact_results.FP128.mul_div,4,0,toward_zero,1048576,2.808332443,2.804637909
12,exact_results.FP128.mul_div,4,1,nearest_even,1048576,3.041429520,3.035218239
12,exact_results.FP128.mul_div,5,0,nearest_even,1048576,3.036202431,3.031751633
12,exact_results.FP128.mul_div,5,1,toward_zero,1048576,2.823811531,2.819990158
12,exact_results.FP128.mul_div,6,0,toward_zero,1048576,2.837493896,2.832717896
12,exact_results.FP128.mul_div,6,1,nearest_even,1048576,3.006029129,3.002425194
12,exact_results.FP128.mul_div,7,0,nearest_even,1048576,3.034167290,3.029372215
12,exact_results.FP128.mul_div,7,1,toward_zero,1048576,2.828694344,2.823333740
12,exact_results.FP128.mul_div,8,0,toward_zero,1048576,2.835620880,2.831142426
12,exact_results.FP128.mul_div,8,1,nearest_even,1048576,3.040845871,3.035677910
12,halfway_ties.FP128.mul_div,0,0,nearest_even,1048576,4.344487190,4.335617065
12,halfway_ties.FP128.mul_div,0,1,toward_zero,1048576,2.804033279,2.800795555
12,halfway_ties.FP128.mul_div,1,0,toward_zero,1048576,2.836863518,2.833004951
12,halfway_ties.FP128.mul_div,1,1,nearest_even,1048576,4.323247910,4.314004898
12,halfway_ties.FP128.mul_div,2,0,nearest_even,1048576,4.315259933,4.307688713
12,halfway_ties.FP128.mul_div,2,1,toward_zero,1048576,2.804348946,2.799467087
12,halfway_ties.FP128.mul_div,3,0,toward_zero,1048576,2.832544327,2.828140259
12,halfway_ties.FP128.mul_div,3,1,nearest_even,1048576,4.342080116,4.336401939
12,halfway_ties.FP128.mul_div,4,0,nearest_even,1048576,4.286557198,4.279035568
12,halfway_ties.FP128.mul_div,4,1,toward_zero,1048576,2.804386139,2.800518990
12,halfway_ties.FP128.mul_div,5,0,toward_zero,1048576,2.848528862,2.844985962
12,halfway_ties.FP128.mul_div,5,1,nearest_even,1048576,4.338908195,4.333401680
12,halfway_ties.FP128.mul_div,6,0,nearest_even,1048576,4.316339493,4.309284210
12,halfway_ties.FP128.mul_div,6,1,toward_zero,1048576,2.804912567,2.800872803
12,halfway_ties.FP128.mul_div,7,0,toward_zero,1048576,2.834712982,2.831026077
12,halfway_ties.FP128.mul_div,7,1,nearest_even,1048576,4.334818840,4.329061508
12,halfway_ties.FP128.mul_div,8,0,nearest_even,1048576,4.291296959,4.284893036
12,halfway_ties.FP128.mul_div,8,1,toward_zero,1048576,2.801262856,2.796771049
12,exact_chain.FP128.mul_div,0,0,toward_zero,1048576,3.843192101,3.834073067
12,exact_chain.FP128.mul_div,0,1,nearest_even,1048576,3.805182457,3.799209595
12,exact_chain.FP128.mul_div,1,0,nearest_even,1048576,3.798532486,3.792758942
12,exact_chain.FP128.mul_div,1,1,toward_zero,1048576,3.839263916,3.833627701
12,exact_chain.FP128.mul_div,2,0,toward_zero,1048576,3.843009949,3.838133812
12,exact_chain.FP128.mul_div,2,1,nearest_even,1048576,3.794233322,3.788190842
12,exact_chain.FP128.mul_div,3,0,nearest_even,1048576,3.800462723,3.794783592
12,exact_chain.FP128.mul_div,3,1,toward_zero,1048576,3.822486877,3.816855431
12,exact_chain.FP128.mul_div,4,0,toward_zero,1048576,3.839139938,3.830843925
12,exact_chain.FP128.mul_div,4,1,nearest_even,1048576,3.806348801,3.800890923
12,exact_chain.FP128.mul_div,5,0,nearest_even,1048576,3.793966293,3.786758423
12,exact_chain.FP128.mul_div,5,1,toward_zero,1048576,3.828706741,3.822439194
12,exact_chain.FP128.mul_div,6,0,toward_zero,1048576,3.824903488,3.819427490
12,exact_chain.FP128.mul_div,6,1,nearest_even,1048576,3.795255661,3.789311409
12,exact_chain.FP128.mul_div,7,0,nearest_even,1048576,3.793382645,3.787322998
12,exact_chain.FP128.mul_div,7,1,toward_zero,1048576,3.832175255,3.826375008
12,exact_chain.FP128.mul_div,8,0,toward_zero,1048576,3.851494789,3.838527679
12,exact_chain.FP128.mul_div,8,1,nearest_even,1048576,3.803453445,3.796973228
12,inexact_chain.FP128.mul_div,0,0,nearest_even,1048576,4.901392937,4.892126083
12,inexact_chain.FP128.mul_div,0,1,toward_zero,1048576,3.823679924,3.818175316
12,inexact_chain.FP128.mul_div,1,0,toward_zero,1048576,3.842312813,3.836682320
12,inexact_chain.FP128.mul_div,1,1,nearest_even,1048576,4.912226677,4.903154373
12,inexact_chain.FP128.mul_div,2,0,nearest_even,1048576,4.893939018,4.885296822
12,inexact_chain.FP128.mul_div,2,1,toward_zero,1048576,3.840276718,3.834149361
12,inexact_chain.FP128.mul_div,3,0,toward_zero,1048576,3.846316338,3.839912415
12,inexact_chain.FP128.mul_div,3,1,nearest_even,1048576,4.908720016,4.901560783
12,inexact_chain.FP128.mul_div,4,0,nearest_even,1048576,4.904057503,4.897239685
12,inexact_chain.FP128.mul_div,4,1,toward_zero,1048576,3.839455605,3.834464073
12,inexact_chain.FP128.mul_div,5,0,toward_zero,1048576,3.836264610,3.830663681
12,inexact_chain.FP128.mul_div,5,1,nearest_even,1048576,4.902777672,4.894842148
12,inexact_chain.FP128.mul_div,6,0,nearest_even,1048576,4.897455215,4.888525963
12,inexact_chain.FP128.mul_div,6,1,toward_zero,1048576,3.834420204,3.828569412
12,inexact_chain.FP128.mul_div,7,0,toward_zero,1048576,3.852984428,3.846961975
12,inexact_chain.FP128.mul_div,7,1,nearest_even,1048576,4.910794258,4.904055595
12,inexact_chain.FP128.mul_div,8,0,nearest_even,1048576,4.898668289,4.891533852
12,inexact_chain.FP128.mul_div,8,1,toward_zero,1048576,3.840400696,3.833979607
12,wide_product.FP128.mul,0,0,toward_zero,1048576,6.358682632,6.349392891
12,wide_product.FP128.mul,0,1,nearest_even,1048576,7.522357941,7.510809898
12,wide_product.FP128.mul,1,0,nearest_even,1048576,7.416424751,7.404841423
12,wide_product.FP128.mul,1,1,toward_zero,1048576,6.307699203,6.299777985
12,wide_product.FP128.mul,2,0,toward_zero,1048576,6.314301491,6.303543091
12,wide_product.FP128.mul,2,1,nearest_even,1048576,7.425348282,7.413267136
12,wide_product.FP128.mul,3,0,nearest_even,1048576,7.422798157,7.408721924
12,wide_product.FP128.mul,3,1,toward_zero,1048576,6.300608635,6.291932106
12,wide_product.FP128.mul,4,0,toward_zero,1048576,6.340987206,6.330695152
12,wide_product.FP128.mul,4,1,nearest_even,1048576,7.512601852,7.500758171
12,wide_product.FP128.mul,5,0,nearest_even,1048576,7.510347366,7.498822212
12,wide_product.FP128.mul,5,1,toward_zero,1048576,6.333324432,6.325960159
12,wide_product.FP128.mul,6,0,toward_zero,1048576,6.335923195,6.324086189
12,wide_product.FP128.mul,6,1,nearest_even,1048576,7.424221992,7.413353920
12,wide_product.FP128.mul,7,0,nearest_even,1048576,7.510566711,7.499585152
12,wide_product.FP128.mul,7,1,toward_zero,1048576,6.308434486,6.298802376
12,wide_product.FP128.mul,8,0,toward_zero,1048576,6.313450813,6.304499626
12,wide_product.FP128.mul,8,1,nearest_even,1048576,7.425138474,7.413290024
12,native_by64.FP128.div,0,0,toward_zero,1048576,4.016006470,4.008522987
12,native_by64.FP128.div,0,1,nearest_even,1048576,6.457382202,6.449394226
12,native_by64.FP128.div,1,0,nearest_even,1048576,6.461501122,6.451716423
12,native_by64.FP128.div,1,1,toward_zero,1048576,3.978179932,3.973034859
12,native_by64.FP128.div,2,0,toward_zero,1048576,4.001626968,3.994954109
12,native_by64.FP128.div,2,1,nearest_even,1048576,6.458844185,6.450741768
12,native_by64.FP128.div,3,0,nearest_even,1048576,6.463630676,6.452110291
12,native_by64.FP128.div,3,1,toward_zero,1048576,4.010875702,4.004327774
12,native_by64.FP128.div,4,0,toward_zero,1048576,4.028389931,4.020313263
12,native_by64.FP128.div,4,1,nearest_even,1048576,6.456159592,6.446632385
12,native_by64.FP128.div,5,0,nearest_even,1048576,6.462044716,6.453167915
12,native_by64.FP128.div,5,1,toward_zero,1048576,4.023632050,4.018461227
12,native_by64.FP128.div,6,0,toward_zero,1048576,4.025781631,4.019321442
12,native_by64.FP128.div,6,1,nearest_even,1048576,6.457305908,6.448889732
12,native_by64.FP128.div,7,0,nearest_even,1048576,6.466765404,6.456617355
12,native_by64.FP128.div,7,1,toward_zero,1048576,3.993132591,3.986642838
12,native_by64.FP128.div,8,0,toward_zero,1048576,4.001331329,3.996294022
12,native_by64.FP128.div,8,1,nearest_even,1048576,6.463125229,6.453271866
12,native_by128.FP128.div,0,0,toward_zero,1048576,7.925144196,7.910178185
12,native_by128.FP128.div,0,1,nearest_even,1048576,10.154721260,10.141942978
12,native_by128.FP128.div,1,0,nearest_even,1048576,10.150212288,10.134537697
12,native_by128.FP128.div,1,1,toward_zero,1048576,7.921628952,7.910683632
12,native_by128.FP128.div,2,0,toward_zero,1048576,7.915704727,7.902780533
12,native_by128.FP128.div,2,1,nearest_even,1048576,10.187111855,10.170792580
12,native_by128.FP128.div,3,0,nearest_even,1048576,10.154730797,10.136786461
12,native_by128.FP128.div,3,1,toward_zero,1048576,7.912322998,7.896142960
12,native_by128.FP128.div,4,0,toward_zero,1048576,7.910975456,7.897191048
12,native_by128.FP128.div,4,1,nearest_even,1048576,10.178263664,10.159316063
12,native_by128.FP128.div,5,0,nearest_even,1048576,10.156154633,10.137674332
12,native_by128.FP128.div,5,1,toward_zero,1048576,7.886075974,7.874166489
12,native_by128.FP128.div,6,0,toward_zero,1048576,7.937614441,7.900164604
12,native_by128.FP128.div,6,1,nearest_even,1048576,10.174710274,10.158168793
12,native_by128.FP128.div,7,0,nearest_even,1048576,10.147469521,10.128370285
12,native_by128.FP128.div,7,1,toward_zero,1048576,7.887929916,7.871330261
12,native_by128.FP128.div,8,0,toward_zero,1048576,7.905672073,7.893657684
12,native_by128.FP128.div,8,1,nearest_even,1048576,10.167199135,10.152252197
12,wide_by64.FP128.div,0,0,toward_zero,1048576,6.856386185,6.846618652
12,wide_by64.FP128.div,0,1,nearest_even,1048576,8.210524559,8.197582245
12,wide_by64.FP128.div,1,0,nearest_even,1048576,8.193392754,8.179906845
12,wide_by64.FP128.div,1,1,toward_zero,1048576,6.766160965,6.756750107
12,wide_by64.FP128.div,2,0,toward_zero,1048576,6.781736374,6.770879745
12,wide_by64.FP128.div,2,1,nearest_even,1048576,8.195217133,8.179582596
12,wide_by64.FP128.div,3,0,nearest_even,1048576,8.173317909,8.157612801
12,wide_by64.FP128.div,3,1,toward_zero,1048576,6.758039474,6.748378754
12,wide_by64.FP128.div,4,0,toward_zero,1048576,6.774818420,6.765042305
12,wide_by64.FP128.div,4,1,nearest_even,1048576,8.193573952,8.182502747
12,wide_by64.FP128.div,5,0,nearest_even,1048576,8.191109657,8.173465729
12,wide_by64.FP128.div,5,1,toward_zero,1048576,6.766600609,6.755007744
12,wide_by64.FP128.div,6,0,toward_zero,1048576,6.765311241,6.755217552
12,wide_by64.FP128.div,6,1,nearest_even,1048576,8.210486412,8.197217941
12,wide_by64.FP128.div,7,0,nearest_even,1048576,8.192618370,8.176932335
12,wide_by64.FP128.div,7,1,toward_zero,1048576,6.770288467,6.757590294
12,wide_by64.FP128.div,8,0,toward_zero,1048576,6.790535927,6.780367851
12,wide_by64.FP128.div,8,1,nearest_even,1048576,8.210533142,8.199989319
12,wide_by128.FP128.div,0,0,nearest_even,1048576,13.162058830,13.141477585
12,wide_by128.FP128.div,0,1,toward_zero,1048576,12.406875610,12.388045311
12,wide_by128.FP128.div,1,0,toward_zero,1048576,12.347656250,12.327775002
12,wide_by128.FP128.div,1,1,nearest_even,1048576,13.025034904,13.003088951
12,wide_by128.FP128.div,2,0,nearest_even,1048576,12.982603073,12.963596344
12,wide_by128.FP128.div,2,1,toward_zero,1048576,12.395219803,12.377954483
12,wide_by128.FP128.div,3,0,toward_zero,1048576,12.333247185,12.315028191
12,wide_by128.FP128.div,3,1,nearest_even,1048576,12.993992805,12.970767021
12,wide_by128.FP128.div,4,0,nearest_even,1048576,12.942541122,12.925265312
12,wide_by128.FP128.div,4,1,toward_zero,1048576,12.400464058,12.376387596
12,wide_by128.FP128.div,5,0,toward_zero,1048576,12.335769653,12.316344261
12,wide_by128.FP128.div,5,1,nearest_even,1048576,12.995435715,12.974406242
12,wide_by128.FP128.div,6,0,nearest_even,1048576,12.940094948,12.920852661
12,wide_by128.FP128.div,6,1,toward_zero,1048576,12.413899422,12.390836716
12,wide_by128.FP128.div,7,0,toward_zero,1048576,12.349061012,12.327357292
12,wide_by128.FP128.div,7,1,nearest_even,1048576,12.986903191,12.966356277
12,wide_by128.FP128.div,8,0,nearest_even,1048576,12.947021484,12.927805901
12,wide_by128.FP128.div,8,1,toward_zero,1048576,12.359808922,12.338926315
12,wide_product.FP128.mul_div,0,0,nearest_even,1048576,13.391343117,13.373103142
12,wide_product.FP128.mul_div,0,1,toward_zero,1048576,13.045941353,13.023819923
12,wide_product.FP128.mul_div,1,0,toward_zero,1048576,13.031542778,13.010634422
12,wide_product.FP128.mul_div,1,1,nearest_even,1048576,13.295634270,13.274957657
12,wide_product.FP128.mul_div,2,0,nearest_even,1048576,13.289595604,13.269194603
12,wide_product.FP128.mul_div,2,1,toward_zero,1048576,12.989511490,12.957312584
12,wide_product.FP128.mul_div,3,0,toward_zero,1048576,13.172101021,13.146267891
12,wide_product.FP128.mul_div,3,1,nearest_even,1048576,13.295872688,13.277068138
12,wide_product.FP128.mul_div,4,0,nearest_even,1048576,13.309861183,13.287655830
12,wide_product.FP128.mul_div,4,1,toward_zero,1048576,13.048855782,13.028876305
12,wide_product.FP128.mul_div,5,0,toward_zero,1048576,13.039796829,13.019053459
12,wide_product.FP128.mul_div,5,1,nearest_even,1048576,13.238420486,13.219003677
12,wide_product.FP128.mul_div,6,0,nearest_even,1048576,13.249054909,13.226810455
12,wide_product.FP128.mul_div,6,1,toward_zero,1048576,13.052352905,13.034300804
12,wide_product.FP128.mul_div,7,0,toward_zero,1048576,13.029631615,13.011023521
12,wide_product.FP128.mul_div,7,1,nearest_even,1048576,13.229678154,13.209502220
12,wide_product.FP128.mul_div,8,0,nearest_even,1048576,13.249236107,13.226914406
12,wide_product.FP128.mul_div,8,1,toward_zero,1048576,13.055334091,13.036603928
12,throughput4096.FP64.mul_wide,0,0,nearest_even,1048576,2.582900047,2.578783989
12,throughput4096.FP64.mul_wide,0,1,toward_zero,1048576,2.496811867,2.494139671
12,throughput4096.FP64.mul_wide,1,0,toward_zero,1048576,2.487361908,2.484027863
12,throughput4096.FP64.mul_wide,1,1,nearest_even,1048576,2.549506187,2.546584129
12,throughput4096.FP64.mul_wide,2,0,nearest_even,1048576,2.564517021,2.561441422
12,throughput4096.FP64.mul_wide,2,1,toward_zero,1048576,2.491250038,2.487343788
12,throughput4096.FP64.mul_wide,3,0,toward_zero,1048576,2.481581688,2.476730347
12,throughput4096.FP64.mul_wide,3,1,nearest_even,1048576,2.543859482,2.541224480
12,throughput4096.FP64.mul_wide,4,0,nearest_even,1048576,2.557331085,2.553302765
12,throughput4096.FP64.mul_wide,4,1,toward_zero,1048576,2.484934807,2.482195854
12,throughput4096.FP64.mul_wide,5,0,toward_zero,1048576,2.471472740,2.467319489
12,throughput4096.FP64.mul_wide,5,1,nearest_even,1048576,2.539263725,2.534802437
12,throughput4096.FP64.mul_wide,6,0,nearest_even,1048576,2.556729317,2.554189682
12,throughput4096.FP64.mul_wide,6,1,toward_zero,1048576,2.488728523,2.484775543
12,throughput4096.FP64.mul_wide,7,0,toward_zero,1048576,2.468807220,2.464594841
12,throughput4096.FP64.mul_wide,7,1,nearest_even,1048576,2.534877777,2.532797813
12,throughput4096.FP64.mul_wide,8,0,nearest_even,1048576,2.558773994,2.554371834
12,throughput4096.FP64.mul_wide,8,1,toward_zero,1048576,2.485383987,2.481620789
12,fullrange.FP64.mul_wide,0,0,toward_zero,1048576,2.691096306,2.686378479
12,fullrange.FP64.mul_wide,0,1,nearest_even,1048576,2.553233147,2.548542023
12,fullrange.FP64.mul_wide,1,0,nearest_even,1048576,2.512547493,2.509627342
12,fullrange.FP64.mul_wide,1,1,toward_zero,1048576,2.686520576,2.682401657
12,fullrange.FP64.mul_wide,2,0,toward_zero,1048576,2.668127060,2.663953781
12,fullrange.FP64.mul_wide,2,1,nearest_even,1048576,2.503280640,2.499413490
12,fullrange.FP64.mul_wide,3,0,nearest_even,1048576,2.514383316,2.511260033
12,fullrange.FP64.mul_wide,3,1,toward_zero,1048576,2.676297188,2.671549797
12,fullrange.FP64.mul_wide,4,0,toward_zero,1048576,2.670181274,2.666465759
12,fullrange.FP64.mul_wide,4,1,nearest_even,1048576,2.496554375,2.494321823
12,fullrange.FP64.mul_wide,5,0,nearest_even,1048576,2.515825272,2.511575699
12,fullrange.FP64.mul_wide,5,1,toward_zero,1048576,2.690667152,2.685755730
12,fullrange.FP64.mul_wide,6,0,toward_zero,1048576,2.672283173,2.667959213
12,fullrange.FP64.mul_wide,6,1,nearest_even,1048576,2.499056816,2.495581627
12,fullrange.FP64.mul_wide,7,0,nearest_even,1048576,2.517201424,2.512817383
12,fullrange.FP64.mul_wide,7,1,toward_zero,1048576,2.696877480,2.689809799
12,fullrange.FP64.mul_wide,8,0,toward_zero,1048576,2.678857803,2.675209045
12,fullrange.FP64.mul_wide,8,1,nearest_even,1048576,2.494892120,2.492083549
12,throughput4096.FP64.quantize4,0,0,nearest_even,1048576,2.697001457,2.692837715
12,throughput4096.FP64.quantize4,0,1,toward_zero,1048576,1.896002769,1.892740250
12,throughput4096.FP64.quantize4,1,0,toward_zero,1048576,1.893261909,1.891390800
12,throughput4096.FP64.quantize4,1,1,nearest_even,1048576,2.692280769,2.688241005
12,throughput4096.FP64.quantize4,2,0,nearest_even,1048576,2.688688278,2.684553146
12,throughput4096.FP64.quantize4,2,1,toward_zero,1048576,1.890519142,1.887828827
12,throughput4096.FP64.quantize4,3,0,toward_zero,1048576,1.896099091,1.892930031
12,throughput4096.FP64.quantize4,3,1,nearest_even,1048576,2.690752983,2.686357498
12,throughput4096.FP64.quantize4,4,0,nearest_even,1048576,2.684857368,2.680480957
12,throughput4096.FP64.quantize4,4,1,toward_zero,1048576,1.891541481,1.888611794
12,throughput4096.FP64.quantize4,5,0,toward_zero,1048576,1.891426086,1.888785362
12,throughput4096.FP64.quantize4,5,1,nearest_even,1048576,2.693122864,2.687973976
12,throughput4096.FP64.quantize4,6,0,nearest_even,1048576,2.683749199,2.680912971
12,throughput4096.FP64.quantize4,6,1,toward_zero,1048576,1.892411232,1.889480591
12,throughput4096.FP64.quantize4,7,0,toward_zero,1048576,1.891837120,1.888365746
12,throughput4096.FP64.quantize4,7,1,nearest_even,1048576,2.694364548,2.689951897
12,throughput4096.FP64.quantize4,8,0,nearest_even,1048576,2.686960220,2.683111191
12,throughput4096.FP64.quantize4,8,1,toward_zero,1048576,1.891283035,1.888583183
12,throughput4096.FP128.quantize4,0,0,toward_zero,1048576,3.575613022,3.570185661
12,throughput4096.FP128.quantize4,0,1,nearest_even,1048576,4.498375893,4.490727425
12,throughput4096.FP128.quantize4,1,0,nearest_even,1048576,4.479743958,4.472986221
12,throughput4096.FP128.quantize4,1,1,toward_zero,1048576,3.564194679,3.559572220
12,throughput4096.FP128.quantize4,2,0,toward_zero,1048576,3.583972931,3.576843262
12,throughput4096.FP128.quantize4,2,1,nearest_even,1048576,4.501796722,4.494052887
12,throughput4096.FP128.quantize4,3,0,nearest_even,1048576,4.479170799,4.473166466
12,throughput4096.FP128.quantize4,3,1,toward_zero,1048576,3.568073273,3.563828468
12,throughput4096.FP128.quantize4,4,0,toward_zero,1048576,3.578297615,3.572610855
12,throughput4096.FP128.quantize4,4,1,nearest_even,1048576,4.486106873,4.478479385
12,throughput4096.FP128.quantize4,5,0,nearest_even,1048576,4.484807968,4.478544235
12,throughput4096.FP128.quantize4,5,1,toward_zero,1048576,3.575067520,3.566571236
12,throughput4096.FP128.quantize4,6,0,toward_zero,1048576,3.578556061,3.573202133
12,throughput4096.FP128.quantize4,6,1,nearest_even,1048576,4.498441696,4.492812157
12,throughput4096.FP128.quantize4,7,0,nearest_even,1048576,4.476284981,4.470720291
12,throughput4096.FP128.quantize4,7,1,toward_zero,1048576,3.570901871,3.564929962
12,throughput4096.FP128.quantize4,8,0,toward_zero,1048576,3.579768181,3.573718071
12,throughput4096.FP128.quantize4,8,1,nearest_even,1048576,4.490789413,4.483072281
12,parse_extra_digit.FP64,0,0,nearest_even,1048576,24.646048546,24.608856201
12,parse_extra_digit.FP64,0,1,toward_zero,1048576,24.279282570,24.244704247
12,parse_extra_digit.FP64,1,0,toward_zero,1048576,24.341511726,24.296873093
12,parse_extra_digit.FP64,1,1,nearest_even,1048576,24.842378616,24.801130295
12,parse_extra_digit.FP64,2,0,nearest_even,1048576,24.705851555,24.668383598
12,parse_extra_digit.FP64,2,1,toward_zero,1048576,24.697051048,24.655276299
12,parse_extra_digit.FP64,3,0,toward_zero,1048576,24.398238182,24.361763954
12,parse_extra_digit.FP64,3,1,nearest_even,1048576,24.445257187,24.402540207
12,parse_extra_digit.FP64,4,0,nearest_even,1048576,24.569916725,24.529811859
12,parse_extra_digit.FP64,4,1,toward_zero,1048576,24.541204453,24.497663498
12,parse_extra_digit.FP64,5,0,toward_zero,1048576,24.416668892,24.370794296
12,parse_extra_digit.FP64,5,1,nearest_even,1048576,24.468398094,24.431026459
12,parse_extra_digit.FP64,6,0,nearest_even,1048576,24.594060898,24.545630455
12,parse_extra_digit.FP64,6,1,toward_zero,1048576,24.485509872,24.445410728
12,parse_extra_digit.FP64,7,0,toward_zero,1048576,24.413506508,24.373606682
12,parse_extra_digit.FP64,7,1,nearest_even,1048576,24.473538399,24.437497139
12,parse_extra_digit.FP64,8,0,nearest_even,1048576,24.603243828,24.565998077
12,parse_extra_digit.FP64,8,1,toward_zero,1048576,24.593574524,24.550969124
12,format_2digits.FP64,0,0,nearest_even,1048576,11.399601936,11.380986214
12,format_2digits.FP64,0,1,toward_zero,1048576,10.916555405,10.895081520
12,format_2digits.FP64,1,0,toward_zero,1048576,10.928709030,10.913025856
12,format_2digits.FP64,1,1,nearest_even,1048576,11.430664062,11.407765388
12,format_2digits.FP64,2,0,nearest_even,1048576,11.426851273,11.409725189
12,format_2digits.FP64,2,1,toward_zero,1048576,10.936208725,10.917908669
12,format_2digits.FP64,3,0,toward_zero,1048576,10.930819511,10.911630630
12,format_2digits.FP64,3,1,nearest_even,1048576,11.422666550,11.404326439
12,format_2digits.FP64,4,0,nearest_even,1048576,11.426641464,11.405451775
12,format_2digits.FP64,4,1,toward_zero,1048576,10.927132607,10.906439781
12,format_2digits.FP64,5,0,toward_zero,1048576,10.919660568,10.905859947
12,format_2digits.FP64,5,1,nearest_even,1048576,11.425609589,11.404698372
12,format_2digits.FP64,6,0,nearest_even,1048576,11.415319443,11.396035194
12,format_2digits.FP64,6,1,toward_zero,1048576,10.919984818,10.903877258
12,format_2digits.FP64,7,0,toward_zero,1048576,10.941139221,10.910694122
12,format_2digits.FP64,7,1,nearest_even,1048576,11.424949646,11.405197144
12,format_2digits.FP64,8,0,nearest_even,1048576,11.422761917,11.406310081
12,format_2digits.FP64,8,1,toward_zero,1048576,10.914969444,10.898976326
12,parse_extra_digit.FP128,0,0,nearest_even,1048576,26.668680191,26.622052193
12,parse_extra_digit.FP128,0,1,toward_zero,1048576,25.026439667,24.984952927
12,parse_extra_digit.FP128,1,0,toward_zero,1048576,25.008132935,24.970003128
12,parse_extra_digit.FP128,1,1,nearest_even,1048576,26.581636429,26.533799171
12,parse_extra_digit.FP128,2,0,nearest_even,1048576,26.669510841,26.625537872
12,parse_extra_digit.FP128,2,1,toward_zero,1048576,25.189528465,25.151545525
12,parse_extra_digit.FP128,3,0,toward_zero,1048576,25.183594704,25.137822151
12,parse_extra_digit.FP128,3,1,nearest_even,1048576,26.744114876,26.695754051
12,parse_extra_digit.FP128,4,0,nearest_even,1048576,26.685993195,26.642143250
12,parse_extra_digit.FP128,4,1,toward_zero,1048576,25.239556313,25.197983742
12,parse_extra_digit.FP128,5,0,toward_zero,1048576,25.237473488,25.198291779
12,parse_extra_digit.FP128,5,1,nearest_even,1048576,26.751337051,26.706519127
12,parse_extra_digit.FP128,6,0,nearest_even,1048576,26.722157478,26.678975105
12,parse_extra_digit.FP128,6,1,toward_zero,1048576,25.207606316,25.163846970
12,parse_extra_digit.FP128,7,0,toward_zero,1048576,25.227355957,25.189960480
12,parse_extra_digit.FP128,7,1,nearest_even,1048576,26.686280251,26.643979073
12,parse_extra_digit.FP128,8,0,nearest_even,1048576,26.695365906,26.649843216
12,parse_extra_digit.FP128,8,1,toward_zero,1048576,25.263319016,25.210478783
12,format_2digits.FP128,0,0,toward_zero,1048576,11.568145752,11.546850204
12,format_2digits.FP128,0,1,nearest_even,1048576,12.031778336,12.014703751
12,format_2digits.FP128,1,0,nearest_even,1048576,12.030393600,12.011931419
12,format_2digits.FP128,1,1,toward_zero,1048576,11.579143524,11.562998772
12,format_2digits.FP128,2,0,toward_zero,1048576,11.582401276,11.561923027
12,format_2digits.FP128,2,1,nearest_even,1048576,12.034223557,12.015124321
12,format_2digits.FP128,3,0,nearest_even,1048576,12.025624275,12.006124496
12,format_2digits.FP128,3,1,toward_zero,1048576,11.565384865,11.548295975
12,format_2digits.FP128,4,0,toward_zero,1048576,11.530281067,11.514146805
12,format_2digits.FP128,4,1,nearest_even,1048576,12.025653839,12.006003380
12,format_2digits.FP128,5,0,nearest_even,1048576,12.024994850,12.005294800
12,format_2digits.FP128,5,1,toward_zero,1048576,11.571758270,11.555472374
12,format_2digits.FP128,6,0,toward_zero,1048576,11.559347153,11.543600082
12,format_2digits.FP128,6,1,nearest_even,1048576,12.028786659,12.006746292
12,format_2digits.FP128,7,0,nearest_even,1048576,12.018602371,12.001787186
12,format_2digits.FP128,7,1,toward_zero,1048576,11.565395355,11.546633720
12,format_2digits.FP128,8,0,toward_zero,1048576,11.577720642,11.557695389
12,format_2digits.FP128,8,1,nearest_even,1048576,12.024077415,12.004302025
