digits,workload,pair_index,order_slot,mode,iterations,ns_per_op,cpu_ns_per_op
12,throughput4096.FP64.mul,0,0,nearest_even,1048576,2.649311066,2.647749901
12,throughput4096.FP64.mul,0,1,toward_zero,1048576,2.559812546,2.548361778
12,throughput4096.FP64.mul,1,0,toward_zero,1048576,2.558752060,2.551161766
12,throughput4096.FP64.mul,1,1,nearest_even,1048576,2.658407211,2.654894829
12,throughput4096.FP64.mul,2,0,nearest_even,1048576,2.657116890,2.655671120
12,throughput4096.FP64.mul,2,1,toward_zero,1048576,2.553410530,2.550395966
12,throughput4096.FP64.mul,3,0,toward_zero,1048576,2.550363541,2.548073769
12,throughput4096.FP64.mul,3,1,nearest_even,1048576,2.658531189,2.655870438
12,throughput4096.FP64.mul,4,0,nearest_even,1048576,2.657403946,2.653556824
12,throughput4096.FP64.mul,4,1,toward_zero,1048576,2.556716919,2.552355766
12,throughput4096.FP64.mul,5,0,toward_zero,1048576,2.560757637,2.557426453
12,throughput4096.FP64.mul,5,1,nearest_even,1048576,2.658722878,2.656205177
12,throughput4096.FP64.mul,6,0,nearest_even,1048576,2.653868675,2.650547981
12,throughput4096.FP64.mul,6,1,toward_zero,1048576,2.552245140,2.548742294
12,throughput4096.FP64.mul,7,0,toward_zero,1048576,2.553094864,2.550221443
12,throughput4096.FP64.mul,7,1,nearest_even,1048576,2.647362709,2.644787788
12,throughput4096.FP64.mul,8,0,nearest_even,1048576,2.636765480,2.633818626
12,throughput4096.FP64.mul,8,1,toward_zero,1048576,2.550229073,2.546871185
12,throughput256.FP64.mul,0,0,nearest_even,1048576,2.608798981,2.606128693
12,throughput256.FP64.mul,0,1,toward_zero,1048576,2.552770615,2.549834251
12,throughput256.FP64.mul,1,0,toward_zero,1048576,2.538945198,2.536008835
12,throughput256.FP64.mul,1,1,nearest_even,1048576,2.625032425,2.622180939
12,throughput256.FP64.mul,2,0,nearest_even,1048576,2.625070572,2.621080399
12,throughput256.FP64.mul,2,1,toward_zero,1048576,2.570265770,2.567203522
12,throughput256.FP64.mul,3,0,toward_zero,1048576,2.539996147,2.537602425
12,throughput256.FP64.mul,3,1,nearest_even,1048576,2.643558502,2.640478134
12,throughput256.FP64.mul,4,0,nearest_even,1048576,2.629446983,2.627855301
12,throughput256.FP64.mul,4,1,toward_zero,1048576,2.583374023,2.580608368
12,throughput256.FP64.mul,5,0,toward_zero,1048576,2.535333633,2.532682419
12,throughput256.FP64.mul,5,1,nearest_even,1048576,2.627803802,2.625648499
12,throughput256.FP64.mul,6,0,nearest_even,1048576,2.634739876,2.631546021
12,throughput256.FP64.mul,6,1,toward_zero,1048576,2.562114716,2.559721947
12,throughput256.FP64.mul,7,0,toward_zero,1048576,2.564838409,2.561957359
12,throughput256.FP64.mul,7,1,nearest_even,1048576,2.676312447,2.674464226
12,throughput256.FP64.mul,8,0,nearest_even,1048576,2.679417610,2.676270485
12,throughput256.FP64.mul,8,1,toward_zero,1048576,2.549818993,2.540373802
12,exact_results.FP64.mul,0,0,nearest_even,1048576,2.585695267,2.582757950
12,exact_results.FP64.mul,0,1,toward_zero,1048576,2.544190407,2.541632652
12,exact_results.FP64.mul,1,0,toward_zero,1048576,2.536231041,2.533932686
12,exact_results.FP64.mul,1,1,nearest_even,1048576,2.554939270,2.551122665
12,exact_results.FP64.mul,2,0,nearest_even,1048576,2.555034637,2.551916122
12,exact_results.FP64.mul,2,1,toward_zero,1048576,2.532466888,2.530380249
12,exact_results.FP64.mul,3,0,toward_zero,1048576,2.534636497,2.531887054
12,exact_results.FP64.mul,3,1,nearest_even,1048576,2.557929993,2.555040359
12,exact_results.FP64.mul,4,0,nearest_even,1048576,2.553888321,2.551761627
12,exact_results.FP64.mul,4,1,toward_zero,1048576,2.540110588,2.536209106
12,exact_results.FP64.mul,5,0,toward_zero,1048576,2.538639069,2.536225319
12,exact_results.FP64.mul,5,1,nearest_even,1048576,2.559907913,2.558012962
12,exact_results.FP64.mul,6,0,nearest_even,1048576,2.564656258,2.562061310
12,exact_results.FP64.mul,6,1,toward_zero,1048576,2.535448074,2.532309532
12,exact_results.FP64.mul,7,0,toward_zero,1048576,2.537646294,2.534468651
12,exact_results.FP64.mul,7,1,nearest_even,1048576,2.531147957,2.528994560
12,exact_results.FP64.mul,8,0,nearest_even,1048576,2.559974670,2.557420731
12,exact_results.FP64.mul,8,1,toward_zero,1048576,2.537062645,2.534152031
12,halfway_ties.FP64.mul,0,0,nearest_even,1048576,2.637673378,2.634926796
12,halfway_ties.FP64.mul,0,1,toward_zero,1048576,2.556429863,2.554075241
12,halfway_ties.FP64.mul,1,0,toward_zero,1048576,2.545844078,2.544414520
12,halfway_ties.FP64.mul,1,1,nearest_even,1048576,2.614340782,2.611688614
12,halfway_ties.FP64.mul,2,0,nearest_even,1048576,2.617465019,2.614756584
12,halfway_ties.FP64.mul,2,1,toward_zero,1048576,2.548986435,2.547052383
12,halfway_ties.FP64.mul,3,0,toward_zero,1048576,2.547390938,2.544977188
12,halfway_ties.FP64.mul,3,1,nearest_even,1048576,2.611770630,2.608737946
12,halfway_ties.FP64.mul,4,0,nearest_even,1048576,2.614226341,2.611622810
12,halfway_ties.FP64.mul,4,1,toward_zero,1048576,2.545403481,2.543440819
12,halfway_ties.FP64.mul,5,0,toward_zero,1048576,2.542623520,2.539867401
12,halfway_ties.FP64.mul,5,1,nearest_even,1048576,2.617331505,2.614432335
12,halfway_ties.FP64.mul,6,0,nearest_even,1048576,2.614446640,2.612396240
12,halfway_ties.FP64.mul,6,1,toward_zero,1048576,2.547974586,2.544483185
12,halfway_ties.FP64.mul,7,0,toward_zero,1048576,2.544687271,2.540814400
12,halfway_ties.FP64.mul,7,1,nearest_even,1048576,2.605379105,2.603033066
12,halfway_ties.FP64.mul,8,0,nearest_even,1048576,2.614159584,2.611051559
12,halfway_ties.FP64.mul,8,1,toward_zero,1048576,2.546492577,2.543029785
12,exact_chain.FP64.mul,0,0,nearest_even,1048576,3.653564453,3.649450302
12,exact_chain.FP64.mul,0,1,toward_zero,1048576,3.713148117,3.708056450
12,exact_chain.FP64.mul,1,0,toward_zero,1048576,3.714839935,3.709527969
12,exact_chain.FP64.mul,1,1,nearest_even,1048576,3.656861305,3.651386261
12,exact_chain.FP64.mul,2,0,nearest_even,1048576,3.642777443,3.639447212
12,exact_chain.FP64.mul,2,1,toward_zero,1048576,3.707758904,3.702629089
12,exact_chain.FP64.mul,3,0,toward_zero,1048576,3.715221405,3.708954811
12,exact_chain.FP64.mul,3,1,nearest_even,1048576,3.656851768,3.650872231
12,exact_chain.FP64.mul,4,0,nearest_even,1048576,3.652074814,3.646221161
12,exact_chain.FP64.mul,4,1,toward_zero,1048576,3.717562675,3.712070465
12,exact_chain.FP64.mul,5,0,toward_zero,1048576,3.711399078,3.704877853
12,exact_chain.FP64.mul,5,1,nearest_even,1048576,3.659564972,3.652957916
12,exact_chain.FP64.mul,6,0,nearest_even,1048576,3.654406548,3.650082588
12,exact_chain.FP64.mul,6,1,toward_zero,1048576,3.716826439,3.710750580
12,exact_chain.FP64.mul,7,0,toward_zero,1048576,3.717494965,3.710952759
12,exact_chain.FP64.mul,7,1,nearest_even,1048576,3.646953583,3.641202927
12,exact_chain.FP64.mul,8,0,nearest_even,1048576,3.648271561,3.642235756
12,exact_chain.FP64.mul,8,1,toward_zero,1048576,3.715393066,3.710005760
12,inexact_chain.FP64.mul,0,0,nearest_even,1048576,4.704177856,4.698437691
12,inexact_chain.FP64.mul,0,1,toward_zero,1048576,3.714829445,3.703470230
12,inexact_chain.FP64.mul,1,0,toward_zero,1048576,3.717467308,3.711757660
12,inexact_chain.FP64.mul,1,1,nearest_even,1048576,4.695703506,4.688719749
12,inexact_chain.FP64.mul,2,0,nearest_even,1048576,4.693887711,4.687198639
12,inexact_chain.FP64.mul,2,1,toward_zero,1048576,3.708724022,3.702584267
12,inexact_chain.FP64.mul,3,0,toward_zero,1048576,3.709527016,3.703625679
12,inexact_chain.FP64.mul,3,1,nearest_even,1048576,4.693342209,4.686625481
12,inexact_chain.FP64.mul,4,0,nearest_even,1048576,4.689550400,4.682758331
12,inexact_chain.FP64.mul,4,1,toward_zero,1048576,3.714734077,3.709260941
12,inexact_chain.FP64.mul,5,0,toward_zero,1048576,3.709592819,3.703193665
12,inexact_chain.FP64.mul,5,1,nearest_even,1048576,4.703088760,4.696048737
12,inexact_chain.FP64.mul,6,0,nearest_even,1048576,4.694050789,4.687247276
12,inexact_chain.FP64.mul,6,1,toward_zero,1048576,3.707490921,3.702017784
12,inexact_chain.FP64.mul,7,0,toward_zero,1048576,3.709755898,3.704104424
12,inexact_chain.FP64.mul,7,1,nearest_even,1048576,4.700279236,4.693830490
12,inexact_chain.FP64.mul,8,0,nearest_even,1048576,4.726889610,4.719819069
12,inexact_chain.FP64.mul,8,1,toward_zero,1048576,3.707883835,3.702373505
12,throughput4096.FP64.div,0,0,toward_zero,1048576,2.428359032,2.423645020
12,throughput4096.FP64.div,0,1,nearest_even,1048576,2.274653435,2.272317886
12,throughput4096.FP64.div,1,0,nearest_even,1048576,2.302084923,2.299500465
12,throughput4096.FP64.div,1,1,toward_zero,1048576,2.463539124,2.458701134
12,throughput4096.FP64.div,2,0,toward_zero,1048576,2.436529160,2.432385445
12,throughput4096.FP64.div,2,1,nearest_even,1048576,2.283758163,2.281174660
12,throughput4096.FP64.div,3,0,nearest_even,1048576,2.298291206,2.295650482
12,throughput4096.FP64.div,3,1,toward_zero,1048576,2.462603569,2.458355904
12,throughput4096.FP64.div,4,0,toward_zero,1048576,2.454893112,2.450224876
12,throughput4096.FP64.div,4,1,nearest_even,1048576,2.292960167,2.290728569
12,throughput4096.FP64.div,5,0,nearest_even,1048576,2.302207947,2.299558640
12,throughput4096.FP64.div,5,1,toward_zero,1048576,2.471709251,2.467548370
12,throughput4096.FP64.div,6,0,toward_zero,1048576,2.453372955,2.448391914
12,throughput4096.FP64.div,6,1,nearest_even,1048576,2.292444229,2.289419174
12,throughput4096.FP64.div,7,0,nearest_even,1048576,2.309471130,2.306589127
12,throughput4096.FP64.div,7,1,toward_zero,1048576,2.466300964,2.462110519
12,throughput4096.FP64.div,8,0,toward_zero,1048576,2.459344864,2.454973221
12,throughput4096.FP64.div,8,1,nearest_even,1048576,2.297554970,2.294942856
12,throughput256.FP64.div,0,0,toward_zero,1048576,2.472234726,2.468762398
12,throughput256.FP64.div,0,1,nearest_even,1048576,2.294612885,2.291942596
12,throughput256.FP64.div,1,0,nearest_even,1048576,2.309125900,2.305931091
12,throughput256.FP64.div,1,1,toward_zero,1048576,2.472884178,2.468207359
12,throughput256.FP64.div,2,0,toward_zero,1048576,2.458274841,2.454773903
12,throughput256.FP64.div,2,1,nearest_even,1048576,2.292425156,2.289296150
12,throughput256.FP64.div,3,0,nearest_even,1048576,2.306250572,2.303322792
12,throughput256.FP64.div,3,1,toward_zero,1048576,2.466826439,2.463038445
12,throughput256.FP64.div,4,0,toward_zero,1048576,2.463892937,2.460352898
12,throughput256.FP64.div,4,1,nearest_even,1048576,2.291937828,2.289572716
12,throughput256.FP64.div,5,0,nearest_even,1048576,2.301845551,2.299548149
12,throughput256.FP64.div,5,1,toward_zero,1048576,2.483317375,2.479003906
12,throughput256.FP64.div,6,0,toward_zero,1048576,2.454834938,2.450042725
12,throughput256.FP64.div,6,1,nearest_even,1048576,2.295195580,2.292505264
12,throughput256.FP64.div,7,0,nearest_even,1048576,2.305161476,2.302175522
12,throughput256.FP64.div,7,1,toward_zero,1048576,2.459220886,2.455499649
12,throughput256.FP64.div,8,0,toward_zero,1048576,2.451042175,2.446764946
12,throughput256.FP64.div,8,1,nearest_even,1048576,2.288928032,2.285598755
12,exact_results.FP64.div,0,0,nearest_even,1048576,2.574374199,2.571139336
12,exact_results.FP64.div,0,1,toward_zero,1048576,2.587501526,2.582987785
12,exact_results.FP64.div,1,0,toward_zero,1048576,2.570752144,2.566687584
12,exact_results.FP64.div,1,1,nearest_even,1048576,2.534674644,2.531966209
12,exact_results.FP64.div,2,0,nearest_even,1048576,2.536049843,2.532366753
12,exact_results.FP64.div,2,1,toward_zero,1048576,2.562831879,2.558688164
12,exact_results.FP64.div,3,0,toward_zero,1048576,2.549119949,2.546382904
12,exact_results.FP64.div,3,1,nearest_even,1048576,2.530317307,2.526700020
12,exact_results.FP64.div,4,0,nearest_even,1048576,2.529294968,2.524951935
12,exact_results.FP64.div,4,1,toward_zero,1048576,2.551289558,2.548877716
12,exact_results.FP64.div,5,0,toward_zero,1048576,2.561360359,2.557581902
12,exact_results.FP64.div,5,1,nearest_even,1048576,2.531435013,2.527358055
12,exact_results.FP64.div,6,0,nearest_even,1048576,2.528215408,2.525401115
12,exact_results.FP64.div,6,1,toward_zero,1048576,2.554376602,2.549679756
12,exact_results.FP64.div,7,0,toward_zero,1048576,2.538180351,2.534498215
12,exact_results.FP64.div,7,1,nearest_even,1048576,2.530087471,2.527179718
12,exact_results.FP64.div,8,0,nearest_even,1048576,2.529667854,2.525140762
12,exact_results.FP64.div,8,1,toward_zero,1048576,2.563098907,2.557791710
12,halfway_ties.FP64.div,0,0,nearest_even,1048576,2.367906570,2.364357948
12,halfway_ties.FP64.div,0,1,toward_zero,1048576,2.593081474,2.590285301
12,halfway_ties.FP64.div,1,0,toward_zero,1048576,2.585237503,2.581370354
12,halfway_ties.FP64.div,1,1,nearest_even,1048576,2.355313301,2.351439476
12,halfway_ties.FP64.div,2,0,nearest_even,1048576,2.371049881,2.368140221
12,halfway_ties.FP64.div,2,1,toward_zero,1048576,2.570628166,2.566888809
12,halfway_ties.FP64.div,3,0,toward_zero,1048576,2.569375992,2.567183495
12,halfway_ties.FP64.div,3,1,nearest_even,1048576,2.352724075,2.347999573
12,halfway_ties.FP64.div,4,0,nearest_even,1048576,2.368547440,2.365570068
12,halfway_ties.FP64.div,4,1,toward_zero,1048576,2.596569061,2.592064857
12,halfway_ties.FP64.div,5,0,toward_zero,1048576,2.574688911,2.570984840
12,halfway_ties.FP64.div,5,1,nearest_even,1048576,2.347364426,2.344341278
12,halfway_ties.FP64.div,6,0,nearest_even,1048576,2.371336937,2.367138863
12,halfway_ties.FP64.div,6,1,toward_zero,1048576,2.595633507,2.591337204
12,halfway_ties.FP64.div,7,0,toward_zero,1048576,2.578806877,2.575906754
12,halfway_ties.FP64.div,7,1,nearest_even,1048576,2.348788261,2.344179153
12,halfway_ties.FP64.div,8,0,nearest_even,1048576,2.372263908,2.369812965
12,halfway_ties.FP64.div,8,1,toward_zero,1048576,2.587588310,2.583293915
12,exact_chain.FP64.div,0,0,nearest_even,1048576,3.699102402,3.695367813
12,exact_chain.FP64.div,0,1,toward_zero,1048576,3.694841385,3.690076828
12,exact_chain.FP64.div,1,0,toward_zero,1048576,3.692242622,3.688805580
12,exact_chain.FP64.div,1,1,nearest_even,1048576,3.693636894,3.689321518
12,exact_chain.FP64.div,2,0,nearest_even,1048576,3.696351051,3.689667702
12,exact_chain.FP64.div,2,1,toward_zero,1048576,3.695557594,3.689817429
12,exact_chain.FP64.div,3,0,toward_zero,1048576,3.693838120,3.687822342
12,exact_chain.FP64.div,3,1,nearest_even,1048576,3.687942505,3.682233810
12,exact_chain.FP64.div,4,0,nearest_even,1048576,3.688639641,3.683223724
12,exact_chain.FP64.div,4,1,toward_zero,1048576,3.694678307,3.688672066
12,exact_chain.FP64.div,5,0,toward_zero,1048576,3.693330765,3.687239647
12,exact_chain.FP64.div,5,1,nearest_even,1048576,3.694917679,3.690228462
12,exact_chain.FP64.div,6,0,nearest_even,1048576,3.695557594,3.690036774
12,exact_chain.FP64.div,6,1,toward_zero,1048576,3.698147774,3.689216614
12,exact_chain.FP64.div,7,0,toward_zero,1048576,3.691860199,3.687200546
12,exact_chain.FP64.div,7,1,nearest_even,1048576,3.692185402,3.687092781
12,exact_chain.FP64.div,8,0,nearest_even,1048576,3.692061424,3.686504364
12,exact_chain.FP64.div,8,1,toward_zero,1048576,3.695098877,3.689693451
12,inexact_chain.FP64.div,0,0,nearest_even,1048576,4.831322670,4.824157715
12,inexact_chain.FP64.div,0,1,toward_zero,1048576,3.696981430,3.690851212
12,inexact_chain.FP64.div,1,0,toward_zero,1048576,3.694019318,3.689702034
12,inexact_chain.FP64.div,1,1,nearest_even,1048576,4.839491844,4.832172394
12,inexact_chain.FP64.div,2,0,nearest_even,1048576,4.833614349,4.824768066
12,inexact_chain.FP64.div,2,1,toward_zero,1048576,3.691993713,3.686703682
12,inexact_chain.FP64.div,3,0,toward_zero,1048576,3.694087029,3.688106537
12,inexact_chain.FP64.div,3,1,nearest_even,1048576,4.820180893,4.813369751
12,inexact_chain.FP64.div,4,0,nearest_even,1048576,4.809020996,4.801902771
12,inexact_chain.FP64.div,4,1,toward_zero,1048576,3.689442635,3.683614731
12,inexact_chain.FP64.div,5,0,toward_zero,1048576,3.694306374,3.687945366
12,inexact_chain.FP64.div,5,1,nearest_even,1048576,4.783357620,4.775830269
12,inexact_chain.FP64.div,6,0,nearest_even,1048576,4.826821327,4.818816185
12,inexact_chain.FP64.div,6,1,toward_zero,1048576,3.695300102,3.688289642
12,inexact_chain.FP64.div,7,0,toward_zero,1048576,3.690847397,3.685482025
12,inexact_chain.FP64.div,7,1,nearest_even,1048576,4.783128738,4.776286125
12,inexact_chain.FP64.div,8,0,nearest_even,1048576,4.779774666,4.772521973
12,inexact_chain.FP64.div,8,1,toward_zero,1048576,3.688029289,3.683403969
12,throughput4096.FP64.mul_div,0,0,toward_zero,1048576,2.562525749,2.558403015
12,throughput4096.FP64.mul_div,0,1,nearest_even,1048576,2.330987930,2.327694893
12,throughput4096.FP64.mul_div,1,0,nearest_even,1048576,2.346551895,2.344263077
12,throughput4096.FP64.mul_div,1,1,toward_zero,1048576,2.586020470,2.580704689
12,throughput4096.FP64.mul_div,2,0,toward_zero,1048576,2.565773964,2.562548637
12,throughput4096.FP64.mul_div,2,1,nearest_even,1048576,2.336376190,2.332205772
12,throughput4096.FP64.mul_div,3,0,nearest_even,1048576,2.346638680,2.343079567
12,throughput4096.FP64.mul_div,3,1,toward_zero,1048576,2.584606171,2.578974724
12,throughput4096.FP64.mul_div,4,0,toward_zero,1048576,2.570178986,2.565759659
12,throughput4096.FP64.mul_div,4,1,nearest_even,1048576,2.332305908,2.329243660
12,throughput4096.FP64.mul_div,5,0,nearest_even,1048576,2.357100487,2.352833748
12,throughput4096.FP64.mul_div,5,1,toward_zero,1048576,2.582666397,2.579816818
12,throughput4096.FP64.mul_div,6,0,toward_zero,1048576,2.571564674,2.567497253
12,throughput4096.FP64.mul_div,6,1,nearest_even,1048576,2.334226608,2.329933167
12,throughput4096.FP64.mul_div,7,0,nearest_even,1048576,2.350536346,2.347924232
12,throughput4096.FP64.mul_div,7,1,toward_zero,1048576,2.581711769,2.577847481
12,throughput4096.FP64.mul_div,8,0,toward_zero,1048576,2.571594238,2.569210052
12,throughput4096.FP64.mul_div,8,1,nearest_even,1048576,2.339863777,2.335436821
12,throughput256.FP64.mul_div,0,0,nearest_even,1048576,2.343694687,2.340842247
12,throughput256.FP64.mul_div,0,1,toward_zero,1048576,2.571354866,2.567002296
12,throughput256.FP64.mul_div,1,0,toward_zero,1048576,2.561512947,2.557391167
12,throughput256.FP64.mul_div,1,1,nearest_even,1048576,2.325111389,2.322451591
12,throughput256.FP64.mul_div,2,0,nearest_even,1048576,2.349342346,2.345132828
12,throughput256.FP64.mul_div,2,1,toward_zero,1048576,2.576179504,2.573366165
12,throughput256.FP64.mul_div,3,0,toward_zero,1048576,2.559984207,2.555660248
12,throughput256.FP64.mul_div,3,1,nearest_even,1048576,2.326295853,2.321369171
12,throughput256.FP64.mul_div,4,0,nearest_even,1048576,2.345826149,2.343088150
12,throughput256.FP64.mul_div,4,1,toward_zero,1048576,2.586460114,2.582717896
12,throughput256.FP64.mul_div,5,0,toward_zero,1048576,2.562669754,2.560112953
12,throughput256.FP64.mul_div,5,1,nearest_even,1048576,2.331751823,2.327466011
12,throughput256.FP64.mul_div,6,0,nearest_even,1048576,2.346953392,2.344284058
12,throughput256.FP64.mul_div,6,1,toward_zero,1048576,2.579113007,2.573729515
12,throughput256.FP64.mul_div,7,0,toward_zero,1048576,2.568526268,2.562322617
12,throughput256.FP64.mul_div,7,1,nearest_even,1048576,2.327624321,2.325297356
12,throughput256.FP64.mul_div,8,0,nearest_even,1048576,2.351702690,2.347550392
12,throughput256.FP64.mul_div,8,1,toward_zero,1048576,2.579570770,2.576930046
12,exact_results.FP64.mul_div,0,0,toward_zero,1048576,2.611350060,2.607391357
12,exact_results.FP64.mul_div,0,1,nearest_even,1048576,2.578215599,2.575800896
12,exact_results.FP64.mul_div,1,0,nearest_even,1048576,2.570504189,2.565245628
12,exact_results.FP64.mul_div,1,1,toward_zero,1048576,2.581319809,2.577750206
12,exact_results.FP64.mul_div,2,0,toward_zero,1048576,2.570561409,2.567233086
12,exact_results.FP64.mul_div,2,1,nearest_even,1048576,2.556372643,2.552451134
12,exact_results.FP64.mul_div,3,0,nearest_even,1048576,2.559248924,2.554924011
12,exact_results.FP64.mul_div,3,1,toward_zero,1048576,2.578176498,2.574310303
12,exact_results.FP64.mul_div,4,0,toward_zero,1048576,2.570723534,2.568233490
12,exact_results.FP64.mul_div,4,1,nearest_even,1048576,2.552407265,2.548286438
12,exact_results.FP64.mul_div,5,0,nearest_even,1048576,2.555006027,2.550864220
12,exact_results.FP64.mul_div,5,1,toward_zero,1048576,2.571622849,2.569036484
12,exact_results.FP64.mul_div,6,0,toward_zero,1048576,2.576045036,2.571092606
12,exact_results.FP64.mul_div,6,1,nearest_even,1048576,2.554203987,2.550509453
12,exact_results.FP64.mul_div,7,0,nearest_even,1048576,2.556372643,2.553912163
12,exact_results.FP64.mul_div,7,1,toward_zero,1048576,2.575558662,2.571569443
12,exact_results.FP64.mul_div,8,0,toward_zero,1048576,2.574277878,2.570241928
12,exact_results.FP64.mul_div,8,1,nearest_even,1048576,2.559000969,2.556826591
12,halfway_ties.FP64.mul_div,0,0,toward_zero,1048576,2.616356850,2.612969398
12,halfway_ties.FP64.mul_div,0,1,nearest_even,1048576,2.356498718,2.352921486
12,halfway_ties.FP64.mul_div,1,0,nearest_even,1048576,2.362270355,2.358825684
12,halfway_ties.FP64.mul_div,1,1,toward_zero,1048576,2.606171608,2.601358414
12,halfway_ties.FP64.mul_div,2,0,toward_zero,1048576,2.589126587,2.586523056
12,halfway_ties.FP64.mul_div,2,1,nearest_even,1048576,2.350995064,2.346319199
12,halfway_ties.FP64.mul_div,3,0,nearest_even,1048576,2.362517357,2.359292984
12,halfway_ties.FP64.mul_div,3,1,toward_zero,1048576,2.602034569,2.597883224
12,halfway_ties.FP64.mul_div,4,0,toward_zero,1048576,2.593597412,2.588901520
12,halfway_ties.FP64.mul_div,4,1,nearest_even,1048576,2.348358154,2.345456123
12,halfway_ties.FP64.mul_div,5,0,nearest_even,1048576,2.365814209,2.361518860
12,halfway_ties.FP64.mul_div,5,1,toward_zero,1048576,2.602159500,2.599470139
12,halfway_ties.FP64.mul_div,6,0,toward_zero,1048576,2.586966515,2.583511353
12,halfway_ties.FP64.mul_div,6,1,nearest_even,1048576,2.344621658,2.341339111
12,halfway_ties.FP64.mul_div,7,0,nearest_even,1048576,2.365211487,2.362236977
12,halfway_ties.FP64.mul_div,7,1,toward_zero,1048576,2.605875015,2.600986481
12,halfway_ties.FP64.mul_div,8,0,toward_zero,1048576,2.590693474,2.588491440
12,halfway_ties.FP64.mul_div,8,1,nearest_even,1048576,2.351501465,2.347111702
12,exact_chain.FP64.mul_div,0,0,nearest_even,1048576,3.711361885,3.705678940
12,exact_chain.FP64.mul_div,0,1,toward_zero,1048576,3.715413094,3.708888054
12,exact_chain.FP64.mul_div,1,0,toward_zero,1048576,3.706259727,3.701457024
12,exact_chain.FP64.mul_div,1,1,nearest_even,1048576,3.707415581,3.698072433
12,exact_chain.FP64.mul_div,2,0,nearest_even,1048576,3.705847740,3.700337410
12,exact_chain.FP64.mul_div,2,1,toward_zero,1048576,3.715097427,3.709060669
12,exact_chain.FP64.mul_div,3,0,toward_zero,1048576,3.711924553,3.705354691
12,exact_chain.FP64.mul_div,3,1,nearest_even,1048576,3.702915192,3.697280884
12,exact_chain.FP64.mul_div,4,0,nearest_even,1048576,3.701500893,3.697309494
12,exact_chain.FP64.mul_div,4,1,toward_zero,1048576,3.708408356,3.702898979
12,exact_chain.FP64.mul_div,5,0,toward_zero,1048576,3.709087372,3.704273224
12,exact_chain.FP64.mul_div,5,1,nearest_even,1048576,3.699245453,3.694919586
12,exact_chain.FP64.mul_div,6,0,nearest_even,1048576,3.701310158,3.695638657
12,exact_chain.FP64.mul_div,6,1,toward_zero,1048576,3.710692406,3.704753876
12,exact_chain.FP64.mul_div,7,0,toward_zero,1048576,3.707452774,3.701475143
12,exact_chain.FP64.mul_div,7,1,nearest_even,1048576,3.697678566,3.691767693
12,exact_chain.FP64.mul_div,8,0,nearest_even,1048576,3.698433876,3.693936348
12,exact_chain.FP64.mul_div,8,1,toward_zero,1048576,3.706469536,3.701168060
12,inexact_chain.FP64.mul_div,0,0,toward_zero,1048576,3.711036682,3.705246925
12,inexact_chain.FP64.mul_div,0,1,nearest_even,1048576,4.882029533,4.874195099
12,inexact_chain.FP64.mul_div,1,0,nearest_even,1048576,4.800126076,4.792432785
12,inexact_chain.FP64.mul_div,1,1,toward_zero,1048576,3.711332321,3.706749916
12,inexact_chain.FP64.mul_div,2,0,toward_zero,1048576,3.706688881,3.701683998
12,inexact_chain.FP64.mul_div,2,1,nearest_even,1048576,4.810654640,4.804333687
12,inexact_chain.FP64.mul_div,3,0,nearest_even,1048576,4.871088982,4.864353180
12,inexact_chain.FP64.mul_div,3,1,toward_zero,1048576,3.717542648,3.711544037
12,inexact_chain.FP64.mul_div,4,0,toward_zero,1048576,3.733356476,3.727834702
12,inexact_chain.FP64.mul_div,4,1,nearest_even,1048576,4.951147079,4.942827225
12,inexact_chain.FP64.mul_div,5,0,nearest_even,1048576,4.886251450,4.879994392
12,inexact_chain.FP64.mul_div,5,1,toward_zero,1048576,3.769243240,3.764152527
12,inexact_chain.FP64.mul_div,6,0,toward_zero,1048576,3.737960815,3.732096672
12,inexact_chain.FP64.mul_div,6,1,nearest_even,1048576,4.872980118,4.866482735
12,inexact_chain.FP64.mul_div,7,0,nearest_even,1048576,4.859222412,4.853049278
12,inexact_chain.FP64.mul_div,7,1,toward_zero,1048576,3.722912788,3.717536926
12,inexact_chain.FP64.mul_div,8,0,toward_zero,1048576,3.717667580,3.712061882
12,inexact_chain.FP64.mul_div,8,1,nearest_even,1048576,4.817171097,4.810617447
12,throughput4096.FP128.mul,0,0,toward_zero,1048576,2.671067238,2.668643951
12,throughput4096.FP128.mul,0,1,nearest_even,1048576,2.467609406,2.462971687
12,throughput4096.FP128.mul,1,0,nearest_even,1048576,2.488716125,2.483876228
12,throughput4096.FP128.mul,1,1,toward_zero,1048576,2.703017235,2.700376511
12,throughput4096.FP128.mul,2,0,toward_zero,1048576,2.688543320,2.683911324
12,throughput4096.FP128.mul,2,1,nearest_even,1048576,2.469052315,2.465150833
12,throughput4096.FP128.mul,3,0,nearest_even,1048576,2.491802216,2.488605499
12,throughput4096.FP128.mul,3,1,toward_zero,1048576,2.719948769,2.715089798
12,throughput4096.FP128.mul,4,0,toward_zero,1048576,2.724115372,2.719781876
12,throughput4096.FP128.mul,4,1,nearest_even,1048576,2.490559578,2.486007690
12,throughput4096.FP128.mul,5,0,nearest_even,1048576,2.489671707,2.487193108
12,throughput4096.FP128.mul,5,1,toward_zero,1048576,2.720493317,2.715768814
12,throughput4096.FP128.mul,6,0,toward_zero,1048576,2.701021194,2.696649551
12,throughput4096.FP128.mul,6,1,nearest_even,1048576,2.473160744,2.468513489
12,throughput4096.FP128.mul,7,0,nearest_even,1048576,2.496407509,2.493412971
12,throughput4096.FP128.mul,7,1,toward_zero,1048576,2.735886574,2.731322289
12,throughput4096.FP128.mul,8,0,toward_zero,1048576,2.738418579,2.733635902
12,throughput4096.FP128.mul,8,1,nearest_even,1048576,2.484444618,2.480351448
12,throughput256.FP128.mul,0,0,nearest_even,1048576,2.489347458,2.486990929
12,throughput256.FP128.mul,0,1,toward_zero,1048576,2.706132889,2.701598167
12,throughput256.FP128.mul,1,0,toward_zero,1048576,2.698842049,2.695121765
12,throughput256.FP128.mul,1,1,nearest_even,1048576,2.466242790,2.463219643
12,throughput256.FP128.mul,2,0,nearest_even,1048576,2.488706589,2.485893250
12,throughput256.FP128.mul,2,1,toward_zero,1048576,2.733993530,2.729614258
12,throughput256.FP128.mul,3,0,toward_zero,1048576,2.714864731,2.711429596
12,throughput256.FP128.mul,3,1,nearest_even,1048576,2.500391006,2.496220589
12,throughput256.FP128.mul,4,0,nearest_even,1048576,2.509564400,2.506751060
12,throughput256.FP128.mul,4,1,toward_zero,1048576,2.734566689,2.730300903
12,throughput256.FP128.mul,5,0,toward_zero,1048576,2.721650124,2.717823029
12,throughput256.FP128.mul,5,1,nearest_even,1048576,2.476371765,2.472123146
12,throughput256.FP128.mul,6,0,nearest_even,1048576,2.492184639,2.489304543
12,throughput256.FP128.mul,6,1,toward_zero,1048576,2.703580856,2.699726105
12,throughput256.FP128.mul,7,0,toward_zero,1048576,2.699396133,2.694976807
12,throughput256.FP128.mul,7,1,nearest_even,1048576,2.469655037,2.466679573
12,throughput256.FP128.mul,8,0,nearest_even,1048576,2.489212990,2.485759735
12,throughput256.FP128.mul,8,1,toward_zero,1048576,2.728452682,2.724798203
12,exact_results.FP128.mul,0,0,nearest_even,1048576,2.671869278,2.667411804
12,exact_results.FP128.mul,0,1,toward_zero,1048576,2.678567886,2.674493790
12,exact_results.FP128.mul,1,0,toward_zero,1048576,2.685666084,2.681859970
12,exact_results.FP128.mul,1,1,nearest_even,1048576,2.685686111,2.682346344
12,exact_results.FP128.mul,2,0,nearest_even,1048576,2.691198349,2.687294006
12,exact_results.FP128.mul,2,1,toward_zero,1048576,2.718067169,2.715395927
12,exact_results.FP128.mul,3,0,toward_zero,1048576,2.720588684,2.716320992
12,exact_results.FP128.mul,3,1,nearest_even,1048576,2.696530342,2.693667412
12,exact_results.FP128.mul,4,0,nearest_even,1048576,2.701995850,2.698149681
12,exact_results.FP128.mul,4,1,toward_zero,1048576,2.717493057,2.714028358
12,exact_results.FP128.mul,5,0,toward_zero,1048576,2.724936485,2.720574379
12,exact_results.FP128.mul,5,1,nearest_even,1048576,2.701861382,2.699238777
12,exact_results.FP128.mul,6,0,nearest_even,1048576,2.697867393,2.693983078
12,exact_results.FP128.mul,6,1,toward_zero,1048576,2.725347519,2.721213341
12,exact_results.FP128.mul,7,0,toward_zero,1048576,2.733067513,2.728388786
12,exact_results.FP128.mul,7,1,nearest_even,1048576,2.695163727,2.691002846
12,exact_results.FP128.mul,8,0,nearest_even,1048576,2.699033737,2.695235252
12,exact_results.FP128.mul,8,1,toward_zero,1048576,2.729054451,2.725732803
12,halfway_ties.FP128.mul,0,0,toward_zero,1048576,2.730916977,2.727136612
12,halfway_ties.FP128.mul,0,1,nearest_even,1048576,2.521708488,2.517604828
12,halfway_ties.FP128.mul,1,0,nearest_even,1048576,2.517017365,2.513888359
12,halfway_ties.FP128.mul,1,1,toward_zero,1048576,2.729140282,2.725083351
12,halfway_ties.FP128.mul,2,0,toward_zero,1048576,2.732331276,2.727548599
12,halfway_ties.FP128.mul,2,1,nearest_even,1048576,2.520619392,2.516293526
12,halfway_ties.FP128.mul,3,0,nearest_even,1048576,2.521297455,2.518358231
12,halfway_ties.FP128.mul,3,1,toward_zero,1048576,2.733775139,2.729575157
12,halfway_ties.FP128.mul,4,0,toward_zero,1048576,2.733124733,2.728963852
12,halfway_ties.FP128.mul,4,1,nearest_even,1048576,2.519865036,2.515971184
12,halfway_ties.FP128.mul,5,0,nearest_even,1048576,2.526083946,2.523489952
12,halfway_ties.FP128.mul,5,1,toward_zero,1048576,2.730114937,2.726497650
12,halfway_ties.FP128.mul,6,0,toward_zero,1048576,2.738025665,2.734601974
12,halfway_ties.FP128.mul,6,1,nearest_even,1048576,2.532381058,2.528459549
12,halfway_ties.FP128.mul,7,0,nearest_even,1048576,2.526982307,2.524397850
12,halfway_ties.FP128.mul,7,1,toward_zero,1048576,2.733077049,2.728446007
12,halfway_ties.FP128.mul,8,0,toward_zero,1048576,2.733325005,2.729402542
12,halfway_ties.FP128.mul,8,1,nearest_even,1048576,2.530298233,2.526193619
12,exact_chain.FP128.mul,0,0,nearest_even,1048576,3.784243584,3.778684616
12,exact_chain.FP128.mul,0,1,toward_zero,1048576,3.725282669,3.719035149
12,exact_chain.FP128.mul,1,0,toward_zero,1048576,3.718956947,3.713830948
12,exact_chain.FP128.mul,1,1,nearest_even,1048576,3.723896980,3.718789101
12,exact_chain.FP128.mul,2,0,nearest_even,1048576,3.715909004,3.711458206
12,exact_chain.FP128.mul,2,1,toward_zero,1048576,3.685037613,3.680188179
12,exact_chain.FP128.mul,3,0,toward_zero,1048576,3.684694290,3.680884361
12,exact_chain.FP128.mul,3,1,nearest_even,1048576,3.712354660,3.706280708
12,exact_chain.FP128.mul,4,0,nearest_even,1048576,3.715230942,3.709547997
12,exact_chain.FP128.mul,4,1,toward_zero,1048576,3.688115120,3.681926727
12,exact_chain.FP128.mul,5,0,toward_zero,1048576,3.687808990,3.681780815
12,exact_chain.FP128.mul,5,1,nearest_even,1048576,3.708790779,3.704732895
12,exact_chain.FP128.mul,6,0,nearest_even,1048576,3.714781761,3.709614754
12,exact_chain.FP128.mul,6,1,toward_zero,1048576,3.680833817,3.675105095
12,exact_chain.FP128.mul,7,0,toward_zero,1048576,3.679592133,3.674463272
12,exact_chain.FP128.mul,7,1,nearest_even,1048576,3.709259033,3.703328133
12,exact_chain.FP128.mul,8,0,nearest_even,1048576,3.708934784,3.703549385
12,exact_chain.FP128.mul,8,1,toward_zero,1048576,3.680384636,3.674654007
12,inexact_chain.FP128.mul,0,0,nearest_even,1048576,4.683234215,4.675531387
12,inexact_chain.FP128.mul,0,1,toward_zero,1048576,3.681636810,3.675906181
12,inexact_chain.FP128.mul,1,0,toward_zero,1048576,3.681311607,3.675515175
12,inexact_chain.FP128.mul,1,1,nearest_even,1048576,4.676516533,4.669572830
12,inexact_chain.FP128.mul,2,0,nearest_even,1048576,4.680099487,4.672801971
12,inexact_chain.FP128.mul,2,1,toward_zero,1048576,3.677327156,3.671912193
12,inexact_chain.FP128.mul,3,0,toward_zero,1048576,3.683757782,3.677558899
12,inexact_chain.FP128.mul,3,1,nearest_even,1048576,4.683157921,4.674536705
12,inexact_chain.FP128.mul,4,0,nearest_even,1048576,4.675533295,4.670424461
12,inexact_chain.FP128.mul,4,1,toward_zero,1048576,3.683423042,3.678006172
12,inexact_chain.FP128.mul,5,0,toward_zero,1048576,3.681942940,3.675676346
12,inexact_chain.FP128.mul,5,1,nearest_even,1048576,4.680500984,4.672389030
12,inexact_chain.FP128.mul,6,0,nearest_even,1048576,4.676011086,4.670499802
12,inexact_chain.FP128.mul,6,1,toward_zero,1048576,3.681798935,3.676164627
12,inexact_chain.FP128.mul,7,0,toward_zero,1048576,3.679668427,3.674208641
12,inexact_chain.FP128.mul,7,1,nearest_even,1048576,4.676832199,4.669323921
12,inexact_chain.FP128.mul,8,0,nearest_even,1048576,4.676057816,4.670583725
12,inexact_chain.FP128.mul,8,1,toward_zero,1048576,3.680967331,3.675887108
12,throughput4096.FP128.div,0,0,toward_zero,1048576,2.363521576,2.358653069
12,throughput4096.FP128.div,0,1,nearest_even,1048576,3.201351166,3.196586609
12,throughput4096.FP128.div,1,0,nearest_even,1048576,3.150215149,3.146682739
12,throughput4096.FP128.div,1,1,toward_zero,1048576,2.373792648,2.368848801
12,throughput4096.FP128.div,2,0,toward_zero,1048576,2.420027733,2.416850090
12,throughput4096.FP128.div,2,1,nearest_even,1048576,3.203281403,3.196969986
12,throughput4096.FP128.div,3,0,nearest_even,1048576,3.164194107,3.159733772
12,throughput4096.FP128.div,3,1,toward_zero,1048576,2.373505592,2.370244026
12,throughput4096.FP128.div,4,0,toward_zero,1048576,2.422407150,2.418264389
12,throughput4096.FP128.div,4,1,nearest_even,1048576,3.202898979,3.198212624
12,throughput4096.FP128.div,5,0,nearest_even,1048576,3.169046402,3.162332535
12,throughput4096.FP128.div,5,1,toward_zero,1048576,2.378474236,2.375125885
12,throughput4096.FP128.div,6,0,toward_zero,1048576,2.420515060,2.416363716
12,throughput4096.FP128.div,6,1,nearest_even,1048576,3.205431938,3.201029778
12,throughput4096.FP128.div,7,0,nearest_even,1048576,3.168474197,3.163929939
12,throughput4096.FP128.div,7,1,toward_zero,1048576,2.382047653,2.376903534
12,throughput4096.FP128.div,8,0,toward_zero,1048576,2.422550201,2.419269562
12,throughput4096.FP128.div,8,1,nearest_even,1048576,3.204256058,3.197246552
12,throughput256.FP128.div,0,0,nearest_even,1048576,3.168788910,3.164407730
12,throughput256.FP128.div,0,1,toward_zero,1048576,2.381952286,2.376903534
12,throughput256.FP128.div,1,0,toward_zero,1048576,2.415125847,2.412980080
12,throughput256.FP128.div,1,1,nearest_even,1048576,3.200558662,3.193653107
12,throughput256.FP128.div,2,0,nearest_even,1048576,3.163820267,3.160176277
12,throughput256.FP128.div,2,1,toward_zero,1048576,2.375215530,2.372593880
12,throughput256.FP128.div,3,0,toward_zero,1048576,2.417657852,2.414548874
12,throughput256.FP128.div,3,1,nearest_even,1048576,3.200462341,3.196367264
12,throughput256.FP128.div,4,0,nearest_even,1048576,3.175630569,3.169345856
12,throughput256.FP128.div,4,1,toward_zero,1048576,2.386816025,2.383457184
12,throughput256.FP128.div,5,0,toward_zero,1048576,2.420075417,2.415399551
12,throughput256.FP128.div,5,1,nearest_even,1048576,3.204370499,3.199904442
12,throughput256.FP128.div,6,0,nearest_even,1048576,3.167938232,3.163155556
12,throughput256.FP128.div,6,1,toward_zero,1048576,2.385859489,2.381841660
12,throughput256.FP128.div,7,0,toward_zero,1048576,2.419368744,2.416668892
12,throughput256.FP128.div,7,1,nearest_even,1048576,3.198599815,3.193052292
12,throughput256.FP128.div,8,0,nearest_even,1048576,3.166123390,3.161665916
12,throughput256.FP128.div,8,1,toward_zero,1048576,2.373381615,2.370520592
12,exact_results.FP128.div,0,0,nearest_even,1048576,2.462020874,2.457906723
12,exact_results.FP128.div,0,1,toward_zero,1048576,2.529533386,2.525897026
12,exact_results.FP128.div,1,0,toward_zero,1048576,2.565181732,2.561174393
12,exact_results.FP128.div,1,1,nearest_even,1048576,2.466587067,2.461556435
12,exact_results.FP128.div,2,0,nearest_even,1048576,2.450592995,2.443290710
12,exact_results.FP128.div,2,1,toward_zero,1048576,2.537043571,2.531600952
12,exact_results.FP128.div,3,0,toward_zero,1048576,2.557355881,2.552155495
12,exact_results.FP128.div,3,1,nearest_even,1048576,2.456612587,2.453760147
12,exact_results.FP128.div,4,0,nearest_even,1048576,2.438917160,2.435203552
12,exact_results.FP128.div,4,1,toward_zero,1048576,2.529858589,2.526940346
12,exact_results.FP128.div,5,0,toward_zero,1048576,2.551184654,2.546478271
12,exact_results.FP128.div,5,1,nearest_even,1048576,2.458427429,2.453319550
12,exact_results.FP128.div,6,0,nearest_even,1048576,2.438162804,2.435989380
12,exact_results.FP128.div,6,1,toward_zero,1048576,2.537865639,2.534336090
12,exact_results.FP128.div,7,0,toward_zero,1048576,2.548681259,2.545703888
12,exact_results.FP128.div,7,1,nearest_even,1048576,2.465077400,2.460420609
12,exact_results.FP128.div,8,0,nearest_even,1048576,2.437952042,2.433563232
12,exact_results.FP128.div,8,1,toward_zero,1048576,2.526848793,2.524476051
12,halfway_ties.FP128.div,0,0,toward_zero,1048576,2.554824829,2.550759315
12,halfway_ties.FP128.div,0,1,nearest_even,1048576,3.203893661,3.199360847
12,halfway_ties.FP128.div,1,0,nearest_even,1048576,3.173739433,3.169192314
12,halfway_ties.FP128.div,1,1,toward_zero,1048576,2.520733833,2.515378952
12,halfway_ties.FP128.div,2,0,toward_zero,1048576,2.557088852,2.552622795
12,halfway_ties.FP128.div,2,1,nearest_even,1048576,3.201581001,3.197779655
12,halfway_ties.FP128.div,3,0,nearest_even,1048576,3.166296005,3.162191391
12,halfway_ties.FP128.div,3,1,toward_zero,1048576,2.518984795,2.514584541
12,halfway_ties.FP128.div,4,0,toward_zero,1048576,2.553888321,2.548677444
12,halfway_ties.FP128.div,4,1,nearest_even,1048576,3.199382782,3.194617271
12,halfway_ties.FP128.div,5,0,nearest_even,1048576,3.173079491,3.168841362
12,halfway_ties.FP128.div,5,1,toward_zero,1048576,2.602005959,2.595103264
12,halfway_ties.FP128.div,6,0,toward_zero,1048576,2.767655373,2.762671471
12,halfway_ties.FP128.div,6,1,nearest_even,1048576,3.205173492,3.200428009
12,halfway_ties.FP128.div,7,0,nearest_even,1048576,3.170203209,3.165170670
12,halfway_ties.FP128.div,7,1,toward_zero,1048576,2.515679359,2.512989044
12,halfway_ties.FP128.div,8,0,toward_zero,1048576,2.658016205,2.653757095
12,halfway_ties.FP128.div,8,1,nearest_even,1048576,3.198618889,3.193406105
12,exact_chain.FP128.div,0,0,nearest_even,1048576,4.044485092,4.037800789
12,exact_chain.FP128.div,0,1,toward_zero,1048576,3.943290710,3.937320709
12,exact_chain.FP128.div,1,0,toward_zero,1048576,3.955569267,3.949036598
12,exact_chain.FP128.div,1,1,nearest_even,1048576,4.024869919,4.019061089
12,exact_chain.FP128.div,2,0,nearest_even,1048576,3.996137619,3.990283966
12,exact_chain.FP128.div,2,1,toward_zero,1048576,3.936411858,3.930529594
12,exact_chain.FP128.div,3,0,toward_zero,1048576,3.940807343,3.935173035
12,exact_chain.FP128.div,3,1,nearest_even,1048576,4.021171570,4.014780045
12,exact_chain.FP128.div,4,0,nearest_even,1048576,4.000255585,3.992386818
12,exact_chain.FP128.div,4,1,toward_zero,1048576,3.931128502,3.925167084
12,exact_chain.FP128.div,5,0,toward_zero,1048576,3.953791618,3.948148727
12,exact_chain.FP128.div,5,1,nearest_even,1048576,4.020445824,4.014867783
12,exact_chain.FP128.div,6,0,nearest_even,1048576,4.014502525,4.008006096
12,exact_chain.FP128.div,6,1,toward_zero,1048576,3.928348541,3.923112869
12,exact_chain.FP128.div,7,0,toward_zero,1048576,3.982714653,3.975397110
12,exact_chain.FP128.div,7,1,nearest_even,1048576,4.017951965,4.011466980
12,exact_chain.FP128.div,8,0,nearest_even,1048576,3.996510506,3.991278648
12,exact_chain.FP128.div,8,1,toward_zero,1048576,3.928529739,3.922168732
12,inexact_chain.FP128.div,0,0,nearest_even,1048576,5.210222244,5.202912331
12,inexact_chain.FP128.div,0,1,toward_zero,1048576,4.078767776,4.071277618
12,inexact_chain.FP128.div,1,0,toward_zero,1048576,4.090166092,4.083880424
12,inexact_chain.FP128.div,1,1,nearest_even,1048576,5.196176529,5.188927650
12,inexact_chain.FP128.div,2,0,nearest_even,1048576,5.209296227,5.200304985
12,inexact_chain.FP128.div,2,1,toward_zero,1048576,4.071973801,4.065716743
12,inexact_chain.FP128.div,3,0,toward_zero,1048576,4.089305878,4.083364487
12,inexact_chain.FP128.div,3,1,nearest_even,1048576,5.194180489,5.185439110
12,inexact_chain.FP128.div,4,0,nearest_even,1048576,5.187405586,5.180184364
12,inexact_chain.FP128.div,4,1,toward_zero,1048576,4.072031021,4.066596985
12,inexact_chain.FP128.div,5,0,toward_zero,1048576,4.091341019,4.085161209
12,inexact_chain.FP128.div,5,1,nearest_even,1048576,5.192460060,5.185198784
12,inexact_chain.FP128.div,6,0,nearest_even,1048576,5.211014748,5.201394081
12,inexact_chain.FP128.div,6,1,toward_zero,1048576,4.069499016,4.063730240
12,inexact_chain.FP128.div,7,0,toward_zero,1048576,4.092507362,4.085973740
12,inexact_chain.FP128.div,7,1,nearest_even,1048576,5.211416245,5.188688278
12,inexact_chain.FP128.div,8,0,nearest_even,1048576,5.209811211,5.202368736
12,inexact_chain.FP128.div,8,1,toward_zero,1048576,4.069537163,4.063309669
12,throughput4096.FP128.mul_div,0,0,nearest_even,1048576,4.471302032,4.463688850
12,throughput4096.FP128.mul_div,0,1,toward_zero,1048576,2.972794533,2.968536377
12,throughput4096.FP128.mul_div,1,0,toward_zero,1048576,2.986084938,2.981627464
12,throughput4096.FP128.mul_div,1,1,nearest_even,1048576,4.478324890,4.471257210
12,throughput4096.FP128.mul_div,2,0,nearest_even,1048576,4.434382439,4.428633690
12,throughput4096.FP128.mul_div,2,1,toward_zero,1048576,2.960927010,2.954471588
12,throughput4096.FP128.mul_div,3,0,toward_zero,1048576,3.004153252,3.000307083
12,throughput4096.FP128.mul_div,3,1,nearest_even,1048576,4.436064720,4.429664612
12,throughput4096.FP128.mul_div,4,0,nearest_even,1048576,4.449392319,4.442114830
12,throughput4096.FP128.mul_div,4,1,toward_zero,1048576,2.949519157,2.944717407
12,throughput4096.FP128.mul_div,5,0,toward_zero,1048576,3.001859665,2.997601509
12,throughput4096.FP128.mul_div,5,1,nearest_even,1048576,4.456416130,4.448294640
12,throughput4096.FP128.mul_div,6,0,nearest_even,1048576,4.440698624,4.433256149
12,throughput4096.FP128.mul_div,6,1,toward_zero,1048576,2.975623131,2.971297264
12,throughput4096.FP128.mul_div,7,0,toward_zero,1048576,3.008222580,3.003803253
12,throughput4096.FP128.mul_div,7,1,nearest_even,1048576,4.484688759,4.476566315
12,throughput4096.FP128.mul_div,8,0,nearest_even,1048576,4.400988579,4.395945549
12,throughput4096.FP128.mul_div,8,1,toward_zero,1048576,2.919833183,2.915268898
12,throughput256.FP128.mul_div,0,0,toward_zero,1048576,2.963545799,2.958467484
12,throughput256.FP128.mul_div,0,1,nearest_even,1048576,4.459588051,4.452163696
12,throughput256.FP128.mul_div,1,0,nearest_even,1048576,4.453883171,4.446372986
12,throughput256.FP128.mul_div,1,1,toward_zero,1048576,2.958290100,2.953861237
12,throughput256.FP128.mul_div,2,0,toward_zero,1048576,2.967701912,2.963279724
12,throughput256.FP128.mul_div,2,1,nearest_even,1048576,4.429309845,4.421244621
12,throughput256.FP128.mul_div,3,0,nearest_even,1048576,4.435624123,4.428890228
12,throughput256.FP128.mul_div,3,1,toward_zero,1048576,2.934537888,2.930107117
12,throughput256.FP128.mul_div,4,0,toward_zero,1048576,3.005863190,3.000144005
12,throughput256.FP128.mul_div,4,1,nearest_even,1048576,4.439580917,4.433849335
12,throughput256.FP128.mul_div,5,0,nearest_even,1048576,4.433895111,4.425917625
12,throughput256.FP128.mul_div,5,1,toward_zero,1048576,2.992936134,2.987789154
12,throughput256.FP128.mul_div,6,0,toward_zero,1048576,3.005060196,3.000504494
12,throughput256.FP128.mul_div,6,1,nearest_even,1048576,4.471406937,4.463498116
12,throughput256.FP128.mul_div,7,0,nearest_even,1048576,4.444692612,4.438442230
12,throughput256.FP128.mul_div,7,1,toward_zero,1048576,2.987669945,2.983450890
12,throughput256.FP128.mul_div,8,0,toward_zero,1048576,2.946050644,2.942977905
12,throughput256.FP128.mul_div,8,1,nearest_even,1048576,4.419830322,4.414834976
12,exact_results.FP128.mul_div,0,0,nearest_even,1048576,2.980581284,2.976675987
12,exact_results.FP128.mul_div,0,1,toward_zero,1048576,2.970711708,2.967448235
12,exact_results.FP128.mul_div,1,0,toward_zero,1048576,2.998687744,2.993235588
12,exact_results.FP128.mul_div,1,1,nearest_even,1048576,3.004754066,3.001203537
12,exact_results.FP128.mul_div,2,0,nearest_even,1048576,3.012494087,3.008295059
12,exact_results.FP128.mul_div,2,1,toward_zero,1048576,3.015140533,3.010432243
12,exact_results.FP128.mul_div,3,0,toward_zero,1048576,3.000656128,2.995854378
12,exact_results.FP128.mul_div,3,1,nearest_even,1048576,3.013210297,3.009202003
12,exact_results.FP128.mul_div,4,0,nearest_even,1048576,3.017185211,3.012776375
12,exact_results.FP128.mul_div,4,1,toward_zero,1048576,3.059531212,3.053603172
12,exact_results.FP128.mul_div,5,0,toward_zero,1048576,2.967778206,2.963301659
12,exact_results.FP128.mul_div,5,1,nearest_even,1048576,3.003177643,2.997591972
12,exact_results.FP128.mul_div,6,0,nearest_even,1048576,3.008022308,3.003200531
12,exact_results.FP128.mul_div,6,1,toward_zero,1048576,2.945286751,2.941620827
12,exact_results.FP128.mul_div,7,0,toward_zero,1048576,2.975307465,2.970801353
12,exact_results.FP128.mul_div,7,1,nearest_even,1048576,3.003741264,2.999751091
12,exact_results.FP128.mul_div,8,0,nearest_even,1048576,3.006034851,3.001109123
12,exact_results.FP128.mul_div,8,1,toward_zero,1048576,3.016583443,3.012497902
12,halfway_ties.FP128.mul_div,0,0,toward_zero,1048576,3.001974106,2.995214462
12,halfway_ties.FP128.mul_div,0,1,nearest_even,1048576,4.494147301,4.487927437
12,halfway_ties.FP128.mul_div,1,0,nearest_even,1048576,4.446516991,4.438694000
12,halfway_ties.FP128.mul_div,1,1,toward_zero,1048576,3.017194748,3.012496948
12,halfway_ties.FP128.mul_div,2,0,toward_zero,1048576,2.955873489,2.950820923
12,halfway_ties.FP128.mul_div,2,1,nearest_even,1048576,4.455202103,4.447302818
12,halfway_ties.FP128.mul_div,3,0,nearest_even,1048576,4.457313538,4.450216293
12,halfway_ties.FP128.mul_div,3,1,toward_zero,1048576,2.914453506,2.909814835
12,halfway_ties.FP128.mul_div,4,0,toward_zero,1048576,2.973826408,2.969242096
12,halfway_ties.FP128.mul_div,4,1,nearest_even,1048576,4.440765381,4.435750961
12,halfway_ties.FP128.mul_div,5,0,nearest_even,1048576,4.414299011,4.406189919
12,halfway_ties.FP128.mul_div,5,1,toward_zero,1048576,2.952175140,2.948261261
12,halfway_ties.FP128.mul_div,6,0,toward_zero,1048576,2.969545364,2.965517044
12,halfway_ties.FP128.mul_div,6,1,nearest_even,1048576,4.484181404,4.476536751
12,halfway_ties.FP128.mul_div,7,0,nearest_even,1048576,4.447280884,4.440288544
12,halfway_ties.FP128.mul_div,7,1,toward_zero,1048576,2.999671936,2.995376587
12,halfway_ties.FP128.mul_div,8,0,toward_zero,1048576,3.004353523,2.999589920
12,halfway_ties.FP128.mul_div,8,1,nearest_even,1048576,4.484755516,4.476397514
12,exact_chain.FP128.mul_div,0,0,toward_zero,1048576,3.779142380,3.772121429
12,exact_chain.FP128.mul_div,0,1,nearest_even,1048576,3.814035416,3.807415962
12,exact_chain.FP128.mul_div,1,0,nearest_even,1048576,3.820762634,3.814363480
12,exact_chain.FP128.mul_div,1,1,toward_zero,1048576,3.792355537,3.786396980
12,exact_chain.FP128.mul_div,2,0,toward_zero,1048576,3.798614502,3.792778969
12,exact_chain.FP128.mul_div,2,1,nearest_even,1048576,3.795375824,3.789750099
12,exact_chain.FP128.mul_div,3,0,nearest_even,1048576,3.819032669,3.812519073
12,exact_chain.FP128.mul_div,3,1,toward_zero,1048576,3.796588898,3.791452408
12,exact_chain.FP128.mul_div,4,0,toward_zero,1048576,3.793130875,3.786779404
12,exact_chain.FP128.mul_div,4,1,nearest_even,1048576,3.797190666,3.791467667
12,exact_chain.FP128.mul_div,5,0,nearest_even,1048576,3.813796997,3.808572769
12,exact_chain.FP128.mul_div,5,1,toward_zero,1048576,3.801366806,3.795187950
12,exact_chain.FP128.mul_div,6,0,toward_zero,1048576,3.797114372,3.791648865
12,exact_chain.FP128.mul_div,6,1,nearest_even,1048576,3.795241356,3.790390015
12,exact_chain.FP128.mul_div,7,0,nearest_even,1048576,3.814341545,3.808266640
12,exact_chain.FP128.mul_div,7,1,toward_zero,1048576,3.806296349,3.801406860
12,exact_chain.FP128.mul_div,8,0,toward_zero,1048576,3.793053627,3.787263870
12,exact_chain.FP128.mul_div,8,1,nearest_even,1048576,3.809411049,3.803421974
12,inexact_chain.FP128.mul_div,0,0,toward_zero,1048576,3.784273148,3.778617859
12,inexact_chain.FP128.mul_div,0,1,nearest_even,1048576,4.910387039,4.900977135
12,inexact_chain.FP128.mul_div,1,0,nearest_even,1048576,4.899600029,4.892290115
12,inexact_chain.FP128.mul_div,1,1,toward_zero,1048576,3.800152779,3.794852257
12,inexact_chain.FP128.mul_div,2,0,toward_zero,1048576,3.792490005,3.787352562
12,inexact_chain.FP128.mul_div,2,1,nearest_even,1048576,4.904539108,4.896378517
12,inexact_chain.FP128.mul_div,3,0,nearest_even,1048576,4.896399498,4.888649940
12,inexact_chain.FP128.mul_div,3,1,toward_zero,1048576,3.776169777,3.770429611
12,inexact_chain.FP128.mul_div,4,0,toward_zero,1048576,3.792595863,3.788059235
12,inexact_chain.FP128.mul_div,4,1,nearest_even,1048576,4.909861565,4.900881767
12,inexact_chain.FP128.mul_div,5,0,nearest_even,1048576,4.897039413,4.889893532
12,inexact_chain.FP128.mul_div,5,1,toward_zero,1048576,3.795633316,3.788334846
12,inexact_chain.FP128.mul_div,6,0,toward_zero,1048576,3.793723106,3.787055016
12,inexact_chain.FP128.mul_div,6,1,nearest_even,1048576,4.910817146,4.903977394
12,inexact_chain.FP128.mul_div,7,0,nearest_even,1048576,4.895930290,4.889137268
12,inexact_chain.FP128.mul_div,7,1,toward_zero,1048576,3.800276756,3.796054840
12,inexact_chain.FP128.mul_div,8,0,toward_zero,1048576,3.802875519,3.797325134
12,inexact_chain.FP128.mul_div,8,1,nearest_even,1048576,4.918403625,4.911458015
12,wide_product.FP128.mul,0,0,toward_zero,1048576,6.067506790,6.059831619
12,wide_product.FP128.mul,0,1,nearest_even,1048576,6.866678238,6.856626511
12,wide_product.FP128.mul,1,0,nearest_even,1048576,6.886657715,6.877069473
12,wide_product.FP128.mul,1,1,toward_zero,1048576,6.023640633,6.012418747
12,wide_product.FP128.mul,2,0,toward_zero,1048576,6.017621040,6.008484840
12,wide_product.FP128.mul,2,1,nearest_even,1048576,6.933818817,6.911990166
12,wide_product.FP128.mul,3,0,nearest_even,1048576,6.782692909,6.772570610
12,wide_product.FP128.mul,3,1,toward_zero,1048576,6.014057159,6.005636215
12,wide_product.FP128.mul,4,0,toward_zero,1048576,6.024509430,6.015106201
12,wide_product.FP128.mul,4,1,nearest_even,1048576,6.852451324,6.843748093
12,wide_product.FP128.mul,5,0,nearest_even,1048576,6.843909264,6.833932877
12,wide_product.FP128.mul,5,1,toward_zero,1048576,6.018882751,6.008406639
12,wide_product.FP128.mul,6,0,toward_zero,1048576,6.017258644,6.008359909
12,wide_product.FP128.mul,6,1,nearest_even,1048576,6.772965431,6.762405396
12,wide_product.FP128.mul,7,0,nearest_even,1048576,6.806254387,6.794535637
12,wide_product.FP128.mul,7,1,toward_zero,1048576,6.011172295,6.000413895
12,wide_product.FP128.mul,8,0,toward_zero,1048576,6.025150299,6.013645172
12,wide_product.FP128.mul,8,1,nearest_even,1048576,6.935309410,6.925263405
12,native_by64.FP128.div,0,0,toward_zero,1048576,4.282329559,4.276741982
12,native_by64.FP128.div,0,1,nearest_even,1048576,6.281320572,6.269920349
12,native_by64.FP128.div,1,0,nearest_even,1048576,6.292156219,6.280210495
12,native_by64.FP128.div,1,1,toward_zero,1048576,4.126330376,4.119546890
12,native_by64.FP128.div,2,0,toward_zero,1048576,4.120328903,4.113604546
12,native_by64.FP128.div,2,1,nearest_even,1048576,6.278799057,6.267036438
12,native_by64.FP128.div,3,0,nearest_even,1048576,6.291257858,6.281060219
12,native_by64.FP128.div,3,1,toward_zero,1048576,4.132588387,4.126579285
12,native_by64.FP128.div,4,0,toward_zero,1048576,4.126463890,4.119358063
12,native_by64.FP128.div,4,1,nearest_even,1048576,6.276400566,6.265349388
12,native_by64.FP128.div,5,0,nearest_even,1048576,6.283498764,6.274983406
12,native_by64.FP128.div,5,1,toward_zero,1048576,4.134318352,4.127489090
12,native_by64.FP128.div,6,0,toward_zero,1048576,4.261032104,4.255499840
12,native_by64.FP128.div,6,1,nearest_even,1048576,6.270543098,6.260459900
12,native_by64.FP128.div,7,0,nearest_even,1048576,6.277002335,6.268228531
12,native_by64.FP128.div,7,1,toward_zero,1048576,4.269966125,4.263220787
12,native_by64.FP128.div,8,0,toward_zero,1048576,4.029474258,4.023476601
12,native_by64.FP128.div,8,1,nearest_even,1048576,6.274230957,6.263946533
12,native_by128.FP128.div,0,0,nearest_even,1048576,10.438197136,10.420618057
12,native_by128.FP128.div,0,1,toward_zero,1048576,8.200787544,8.186777115
12,native_by128.FP128.div,1,0,toward_zero,1048576,8.195504189,8.181112289
12,native_by128.FP128.div,1,1,nearest_even,1048576,10.392736435,10.377151489
12,native_by128.FP128.div,2,0,nearest_even,1048576,10.378843307,10.362563133
12,native_by128.FP128.div,2,1,toward_zero,1048576,8.233685493,8.219959259
12,native_by128.FP128.div,3,0,toward_zero,1048576,8.242828369,8.229491234
12,native_by128.FP128.div,3,1,nearest_even,1048576,10.379751205,10.362342834
12,native_by128.FP128.div,4,0,nearest_even,1048576,10.423024178,10.406598091
12,native_by128.FP128.div,4,1,toward_zero,1048576,8.207294464,8.196776390
12,native_by128.FP128.div,5,0,toward_zero,1048576,8.239580154,8.226821899
12,native_by128.FP128.div,5,1,nearest_even,1048576,10.418868065,10.402659416
12,native_by128.FP128.div,6,0,nearest_even,1048576,10.484154701,10.466853142
12,native_by128.FP128.div,6,1,toward_zero,1048576,8.243737221,8.227880478
12,native_by128.FP128.div,7,0,toward_zero,1048576,8.227378845,8.213009834
12,native_by128.FP128.div,7,1,nearest_even,1048576,10.403552055,10.386876106
12,native_by128.FP128.div,8,0,nearest_even,1048576,10.382168770,10.364386559
12,native_by128.FP128.div,8,1,toward_zero,1048576,8.253768921,8.239276886
12,wide_by64.FP128.div,0,0,toward_zero,1048576,6.538131714,6.528661728
12,wide_by64.FP128.div,0,1,nearest_even,1048576,8.006360054,7.991811752
12,wide_by64.FP128.div,1,0,nearest_even,1048576,7.978212357,7.966052055
12,wide_by64.FP128.div,1,1,toward_zero,1048576,6.487291336,6.476176262
12,wide_by64.FP128.div,2,0,toward_zero,1048576,6.488857269,6.478025436
12,wide_by64.FP128.div,2,1,nearest_even,1048576,7.990804672,7.978816986
12,wide_by64.FP128.div,3,0,nearest_even,1048576,7.975288391,7.960654259
12,wide_by64.FP128.div,3,1,toward_zero,1048576,6.478997231,6.469419479
12,wide_by64.FP128.div,4,0,toward_zero,1048576,6.492192268,6.482567787
12,wide_by64.FP128.div,4,1,nearest_even,1048576,7.988597870,7.975256920
12,wide_by64.FP128.div,5,0,nearest_even,1048576,7.970749855,7.960885048
12,wide_by64.FP128.div,5,1,toward_zero,1048576,6.475290298,6.465647697
12,wide_by64.FP128.div,6,0,toward_zero,1048576,6.486927986,6.476606369
12,wide_by64.FP128.div,6,1,nearest_even,1048576,7.983352661,7.970006943
12,wide_by64.FP128.div,7,0,nearest_even,1048576,7.979654312,7.968509674
12,wide_by64.FP128.div,7,1,toward_zero,1048576,6.480525970,6.470392227
12,wide_by64.FP128.div,8,0,toward_zero,1048576,6.474726677,6.464874268
12,wide_by64.FP128.div,8,1,nearest_even,1048576,8.007210732,7.994698524
12,wide_by128.FP128.div,0,0,toward_zero,1048576,12.935006142,12.912844658
12,wide_by128.FP128.div,0,1,nearest_even,1048576,14.210173607,14.187931061
12,wide_by128.FP128.div,1,0,nearest_even,1048576,14.176053047,14.153678894
12,wide_by128.FP128.div,1,1,toward_zero,1048576,12.778863907,12.761010170
12,wide_by128.FP128.div,2,0,toward_zero,1048576,12.766718864,12.748149872
12,wide_by128.FP128.div,2,1,nearest_even,1048576,14.238770485,14.214368820
12,wide_by128.FP128.div,3,0,nearest_even,1048576,14.188532829,14.166182518
12,wide_by128.FP128.div,3,1,toward_zero,1048576,12.790042877,12.768357277
12,wide_by128.FP128.div,4,0,toward_zero,1048576,12.753916740,12.733675957
12,wide_by128.FP128.div,4,1,nearest_even,1048576,14.174706459,14.152427673
12,wide_by128.FP128.div,5,0,nearest_even,1048576,14.142850876,14.120820999
12,wide_by128.FP128.div,5,1,toward_zero,1048576,12.790519714,12.771281242
12,wide_by128.FP128.div,6,0,toward_zero,1048576,12.758254051,12.736991882
12,wide_by128.FP128.div,6,1,nearest_even,1048576,14.153772354,14.132493973
12,wide_by128.FP128.div,7,0,nearest_even,1048576,14.147007942,14.125089645
12,wide_by128.FP128.div,7,1,toward_zero,1048576,12.732294083,12.710813522
12,wide_by128.FP128.div,8,0,toward_zero,1048576,12.743252754,12.725377083
12,wide_by128.FP128.div,8,1,nearest_even,1048576,14.169871330,14.147181511
12,wide_product.FP128.mul_div,0,0,toward_zero,1048576,12.916594505,12.893962860
12,wide_product.FP128.mul_div,0,1,nearest_even,1048576,13.456185341,13.435768127
12,wide_product.FP128.mul_div,1,0,nearest_even,1048576,13.458334923,13.436915398
12,wide_product.FP128.mul_div,1,1,toward_zero,1048576,12.828280449,12.807632446
12,wide_product.FP128.mul_div,2,0,toward_zero,1048576,12.801566124,12.782477379
12,wide_product.FP128.mul_div,2,1,nearest_even,1048576,13.458325386,13.440220833
12,wide_product.FP128.mul_div,3,0,nearest_even,1048576,13.461583138,13.441695213
12,wide_product.FP128.mul_div,3,1,toward_zero,1048576,12.841178894,12.820671082
12,wide_product.FP128.mul_div,4,0,toward_zero,1048576,12.826369286,12.804909706
12,wide_product.FP128.mul_div,4,1,nearest_even,1048576,13.455917358,13.433709145
12,wide_product.FP128.mul_div,5,0,nearest_even,1048576,13.439053535,13.419874191
12,wide_product.FP128.mul_div,5,1,toward_zero,1048576,12.825824738,12.804705620
12,wide_product.FP128.mul_div,6,0,toward_zero,1048576,12.823168755,12.804956436
12,wide_product.FP128.mul_div,6,1,nearest_even,1048576,13.453529358,13.433073997
12,wide_product.FP128.mul_div,7,0,nearest_even,1048576,13.451627731,13.430619240
12,wide_product.FP128.mul_div,7,1,toward_zero,1048576,12.816078186,12.796476364
12,wide_product.FP128.mul_div,8,0,toward_zero,1048576,12.807087898,12.786632538
12,wide_product.FP128.mul_div,8,1,nearest_even,1048576,13.439167976,13.417325974
12,throughput4096.FP64.mul_wide,0,0,toward_zero,1048576,2.514122009,2.512320518
12,throughput4096.FP64.mul_wide,0,1,nearest_even,1048576,2.395089149,2.390748024
12,throughput4096.FP64.mul_wide,1,0,nearest_even,1048576,2.385268211,2.383447647
12,throughput4096.FP64.mul_wide,1,1,toward_zero,1048576,2.532982826,2.530121803
12,throughput4096.FP64.mul_wide,2,0,toward_zero,1048576,2.521545410,2.518065453
12,throughput4096.FP64.mul_wide,2,1,nearest_even,1048576,2.367572784,2.365236282
12,throughput4096.FP64.mul_wide,3,0,nearest_even,1048576,2.380757332,2.375949860
12,throughput4096.FP64.mul_wide,3,1,toward_zero,1048576,2.533012390,2.530531883
12,throughput4096.FP64.mul_wide,4,0,toward_zero,1048576,2.518182755,2.514594078
12,throughput4096.FP64.mul_wide,4,1,nearest_even,1048576,2.360311508,2.357201576
12,throughput4096.FP64.mul_wide,5,0,nearest_even,1048576,2.375856400,2.372030258
12,throughput4096.FP64.mul_wide,5,1,toward_zero,1048576,2.530393600,2.527549744
12,throughput4096.FP64.mul_wide,6,0,toward_zero,1048576,2.523170471,2.518836975
12,throughput4096.FP64.mul_wide,6,1,nearest_even,1048576,2.366559982,2.361776352
12,throughput4096.FP64.mul_wide,7,0,nearest_even,1048576,2.377680779,2.374372482
12,throughput4096.FP64.mul_wide,7,1,toward_zero,1048576,2.532868385,2.528737068
12,throughput4096.FP64.mul_wide,8,0,toward_zero,1048576,2.532676697,2.529557228
12,throughput4096.FP64.mul_wide,8,1,nearest_even,1048576,2.365413666,2.361368179
12,fullrange.FP64.mul_wide,0,0,toward_zero,1048576,2.498586655,2.493641853
12,fullrange.FP64.mul_wide,0,1,nearest_even,1048576,2.999948502,2.995393753
12,fullrange.FP64.mul_wide,1,0,nearest_even,1048576,2.988053322,2.983020782
12,fullrange.FP64.mul_wide,1,1,toward_zero,1048576,2.497888565,2.493671417
12,fullrange.FP64.mul_wide,2,0,toward_zero,1048576,2.507405281,2.503176689
12,fullrange.FP64.mul_wide,2,1,nearest_even,1048576,3.000178337,2.995250702
12,fullrange.FP64.mul_wide,3,0,nearest_even,1048576,2.983342171,2.978960991
12,fullrange.FP64.mul_wide,3,1,toward_zero,1048576,2.496273994,2.491662025
12,fullrange.FP64.mul_wide,4,0,toward_zero,1048576,2.514322281,2.510762215
12,fullrange.FP64.mul_wide,4,1,nearest_even,1048576,3.002737999,2.997938156
12,fullrange.FP64.mul_wide,5,0,nearest_even,1048576,2.988702774,2.984797478
12,fullrange.FP64.mul_wide,5,1,toward_zero,1048576,2.496483803,2.492600441
12,fullrange.FP64.mul_wide,6,0,toward_zero,1048576,2.511762619,2.507637024
12,fullrange.FP64.mul_wide,6,1,nearest_even,1048576,2.999070168,2.995434761
12,fullrange.FP64.mul_wide,7,0,nearest_even,1048576,2.984384537,2.980614662
12,fullrange.FP64.mul_wide,7,1,toward_zero,1048576,2.500583649,2.496604919
12,fullrange.FP64.mul_wide,8,0,toward_zero,1048576,2.507681847,2.504628181
12,fullrange.FP64.mul_wide,8,1,nearest_even,1048576,3.000885010,2.996512413
12,throughput4096.FP64.quantize4,0,0,nearest_even,1048576,4.743495941,4.736578941
12,throughput4096.FP64.quantize4,0,1,toward_zero,1048576,3.802178383,3.796841621
12,throughput4096.FP64.quantize4,1,0,toward_zero,1048576,3.831052780,3.825894356
12,throughput4096.FP64.quantize4,1,1,nearest_even,1048576,4.726937294,4.720764160
12,throughput4096.FP64.quantize4,2,0,nearest_even,1048576,4.729631424,4.721875191
12,throughput4096.FP64.quantize4,2,1,toward_zero,1048576,3.835906029,3.830577850
12,throughput4096.FP64.quantize4,3,0,toward_zero,1048576,3.837292671,3.832527161
12,throughput4096.FP64.quantize4,3,1,nearest_even,1048576,4.762643814,4.756259918
12,throughput4096.FP64.quantize4,4,0,nearest_even,1048576,4.757980347,4.751476288
12,throughput4096.FP64.quantize4,4,1,toward_zero,1048576,3.822137833,3.816544533
12,throughput4096.FP64.quantize4,5,0,toward_zero,1048576,3.831138611,3.825263977
12,throughput4096.FP64.quantize4,5,1,nearest_even,1048576,4.725027084,4.718577385
12,throughput4096.FP64.quantize4,6,0,nearest_even,1048576,4.730443954,4.722925186
12,throughput4096.FP64.quantize4,6,1,toward_zero,1048576,3.816348076,3.811247826
12,throughput4096.FP64.quantize4,7,0,toward_zero,1048576,3.824212074,3.818124771
12,throughput4096.FP64.quantize4,7,1,nearest_even,1048576,4.721022606,4.713227272
12,throughput4096.FP64.quantize4,8,0,nearest_even,1048576,4.709528923,4.702849388
12,throughput4096.FP64.quantize4,8,1,toward_zero,1048576,3.794610977,3.789167404
12,throughput4096.FP128.quantize4,0,0,toward_zero,1048576,5.802850723,5.794705391
12,throughput4096.FP128.quantize4,0,1,nearest_even,1048576,7.116809845,7.105511665
12,throughput4096.FP128.quantize4,1,0,nearest_even,1048576,9.226511955,9.211624146
12,throughput4096.FP128.quantize4,1,1,toward_zero,1048576,5.749487877,5.735363960
12,throughput4096.FP128.quantize4,2,0,toward_zero,1048576,5.752192497,5.744259834
12,throughput4096.FP128.quantize4,2,1,nearest_even,1048576,6.889801025,6.879122734
12,throughput4096.FP128.quantize4,3,0,nearest_even,1048576,7.292540550,7.281089783
12,throughput4096.FP128.quantize4,3,1,toward_zero,1048576,5.731257439,5.721313477
12,throughput4096.FP128.quantize4,4,0,toward_zero,1048576,5.748590469,5.739835739
12,throughput4096.FP128.quantize4,4,1,nearest_even,1048576,7.167440414,7.155954361
12,throughput4096.FP128.quantize4,5,0,nearest_even,1048576,7.674354553,7.661172867
12,throughput4096.FP128.quantize4,5,1,toward_zero,1048576,5.741767883,5.734189987
12,throughput4096.FP128.quantize4,6,0,toward_zero,1048576,5.749546051,5.742627144
12,throughput4096.FP128.quantize4,6,1,nearest_even,1048576,6.161782265,6.148271561
12,throughput4096.FP128.quantize4,7,0,nearest_even,1048576,7.721964836,7.710848808
12,throughput4096.FP128.quantize4,7,1,toward_zero,1048576,5.746315956,5.737524986
12,throughput4096.FP128.quantize4,8,0,toward_zero,1048576,5.762922287,5.753202438
12,throughput4096.FP128.quantize4,8,1,nearest_even,1048576,7.310693741,7.300685883
12,parse_extra_digit.FP64,0,0,toward_zero,1048576,37.603767395,37.547470093
12,parse_extra_digit.FP64,0,1,nearest_even,1048576,38.096816063,38.033532143
12,parse_extra_digit.FP64,1,0,nearest_even,1048576,38.158281326,38.095977783
12,parse_extra_digit.FP64,1,1,toward_zero,1048576,37.524702072,37.461883545
12,parse_extra_digit.FP64,2,0,toward_zero,1048576,37.506098747,37.444304466
12,parse_extra_digit.FP64,2,1,nearest_even,1048576,38.082665443,38.019707680
12,parse_extra_digit.FP64,3,0,nearest_even,1048576,38.071916580,38.004873276
12,parse_extra_digit.FP64,3,1,toward_zero,1048576,37.522456169,37.458418846
12,parse_extra_digit.FP64,4,0,toward_zero,1048576,37.583683014,37.524737358
12,parse_extra_digit.FP64,4,1,nearest_even,1048576,38.072194099,38.012039185
12,parse_extra_digit.FP64,5,0,nearest_even,1048576,38.034471512,37.974822044
12,parse_extra_digit.FP64,5,1,toward_zero,1048576,37.581322670,37.518843651
12,parse_extra_digit.FP64,6,0,toward_zero,1048576,37.496362686,37.437815666
12,parse_extra_digit.FP64,6,1,nearest_even,1048576,37.994629860,37.929887772
12,parse_extra_digit.FP64,7,0,nearest_even,1048576,38.003591537,37.942378044
12,parse_extra_digit.FP64,7,1,toward_zero,1048576,37.506681442,37.439362526
12,parse_extra_digit.FP64,8,0,toward_zero,1048576,37.491651535,37.430825233
12,parse_extra_digit.FP64,8,1,nearest_even,1048576,38.038083076,37.977296829
12,format_2digits.FP64,0,0,nearest_even,1048576,16.092788696,16.066035271
12,format_2digits.FP64,0,1,toward_zero,1048576,14.826850891,14.803087234
12,format_2digits.FP64,1,0,toward_zero,1048576,14.820430756,14.798501968
12,format_2digits.FP64,1,1,nearest_even,1048576,16.125292778,16.099550247
12,format_2digits.FP64,2,0,nearest_even,1048576,16.108592033,16.082599640
12,format_2digits.FP64,2,1,toward_zero,1048576,14.810311317,14.785566330
12,format_2digits.FP64,3,0,toward_zero,1048576,14.827558517,14.804711342
12,format_2digits.FP64,3,1,nearest_even,1048576,16.140046120,16.112794876
12,format_2digits.FP64,4,0,nearest_even,1048576,16.075369835,16.045931816
12,format_2digits.FP64,4,1,toward_zero,1048576,14.735470772,14.714673042
12,format_2digits.FP64,5,0,toward_zero,1048576,14.748283386,14.722867012
12,format_2digits.FP64,5,1,nearest_even,1048576,16.063264847,16.037873268
12,format_2digits.FP64,6,0,nearest_even,1048576,16.023765564,16.000069618
12,format_2digits.FP64,6,1,toward_zero,1048576,14.750691414,14.727348328
12,format_2digits.FP64,7,0,toward_zero,1048576,14.742951393,14.722509384
12,format_2digits.FP64,7,1,nearest_even,1048576,16.042750359,16.019680023
12,format_2digits.FP64,8,0,nearest_even,1048576,16.044681549,16.019942284
12,format_2digits.FP64,8,1,toward_zero,1048576,14.764058113,14.739563942
12,parse_extra_digit.FP128,0,0,toward_zero,1048576,37.804262161,37.742153168
12,parse_extra_digit.FP128,0,1,nearest_even,1048576,38.341368675,38.276840210
12,parse_extra_digit.FP128,1,0,nearest_even,1048576,38.328718185,38.267080307
12,parse_extra_digit.FP128,1,1,toward_zero,1048576,37.727002144,37.661900520
12,parse_extra_digit.FP128,2,0,toward_zero,1048576,37.668929100,37.599006653
12,parse_extra_digit.FP128,2,1,nearest_even,1048576,38.322737694,38.259911537
12,parse_extra_digit.FP128,3,0,nearest_even,1048576,38.303923607,38.238150597
12,parse_extra_digit.FP128,3,1,toward_zero,1048576,37.654463768,37.594390869
12,parse_extra_digit.FP128,4,0,toward_zero,1048576,37.685707092,37.622753143
12,parse_extra_digit.FP128,4,1,nearest_even,1048576,38.305634499,38.244563103
12,parse_extra_digit.FP128,5,0,nearest_even,1048576,38.349432945,38.286451340
12,parse_extra_digit.FP128,5,1,toward_zero,1048576,37.766110420,37.699596405
12,parse_extra_digit.FP128,6,0,toward_zero,1048576,37.696562767,37.630395889
12,parse_extra_digit.FP128,6,1,nearest_even,1048576,38.364347458,38.308117867
12,parse_extra_digit.FP128,7,0,nearest_even,1048576,38.329530716,38.268651962
12,parse_extra_digit.FP128,7,1,toward_zero,1048576,37.650298119,37.593263626
12,parse_extra_digit.FP128,8,0,toward_zero,1048576,37.722904205,37.660244942
12,parse_extra_digit.FP128,8,1,nearest_even,1048576,38.322355270,38.261169434
12,format_2digits.FP128,0,0,toward_zero,1048576,14.602326393,14.578743935
12,format_2digits.FP128,0,1,nearest_even,1048576,15.909988403,15.883198738
12,format_2digits.FP128,1,0,nearest_even,1048576,15.897223473,15.870519638
12,format_2digits.FP128,1,1,toward_zero,1048576,14.598083496,14.575552940
12,format_2digits.FP128,2,0,toward_zero,1048576,14.623480797,14.598379135
12,format_2digits.FP128,2,1,nearest_even,1048576,15.997137070,15.972045898
12,format_2digits.FP128,3,0,nearest_even,1048576,15.972772598,15.949802399
12,format_2digits.FP128,3,1,toward_zero,1048576,14.676394463,14.651991844
12,format_2digits.FP128,4,0,toward_zero,1048576,14.683617592,14.660935402
12,format_2digits.FP128,4,1,nearest_even,1048576,15.992388725,15.966125488
12,format_2digits.FP128,5,0,nearest_even,1048576,15.981734276,15.955573082
12,format_2digits.FP128,5,1,toward_zero,1048576,14.690142632,14.667336464
12,format_2digits.FP128,6,0,toward_zero,1048576,14.698111534,14.674921989
12,format_2digits.FP128,6,1,nearest_even,1048576,15.926336288,15.899983406
12,format_2digits.FP128,7,0,nearest_even,1048576,15.911717415,15.883928299
12,format_2digits.FP128,7,1,toward_zero,1048576,14.590066910,14.565766335
12,format_2digits.FP128,8,0,toward_zero,1048576,14.588147163,14.564663887
12,format_2digits.FP128,8,1,nearest_even,1048576,15.945016861,15.918601036
12,throughput4096.FP64.mul,0,0,toward_zero,1048576,2.682083130,2.670067787
12,throughput4096.FP64.mul,0,1,nearest_even,1048576,2.662964821,2.659154892
12,throughput4096.FP64.mul,1,0,nearest_even,1048576,2.677698135,2.667651176
12,throughput4096.FP64.mul,1,1,toward_zero,1048576,2.568440437,2.563082695
12,throughput4096.FP64.mul,2,0,toward_zero,1048576,2.551613808,2.547376633
12,throughput4096.FP64.mul,2,1,nearest_even,1048576,2.635514259,2.632555962
12,throughput4096.FP64.mul,3,0,nearest_even,1048576,2.657098770,2.639007568
12,throughput4096.FP64.mul,3,1,toward_zero,1048576,2.556124687,2.551447868
12,throughput4096.FP64.mul,4,0,toward_zero,1048576,2.545289040,2.542199135
12,throughput4096.FP64.mul,4,1,nearest_even,1048576,2.632944107,2.627646446
12,throughput4096.FP64.mul,5,0,nearest_even,1048576,2.642708778,2.638078690
12,throughput4096.FP64.mul,5,1,toward_zero,1048576,2.555665970,2.550814629
12,throughput4096.FP64.mul,6,0,toward_zero,1048576,2.542183876,2.539036751
12,throughput4096.FP64.mul,6,1,nearest_even,1048576,2.634282112,2.630092621
12,throughput4096.FP64.mul,7,0,nearest_even,1048576,2.635371208,2.631037712
12,throughput4096.FP64.mul,7,1,toward_zero,1048576,2.555636406,2.550971031
12,throughput4096.FP64.mul,8,0,toward_zero,1048576,2.541047096,2.538989067
12,throughput4096.FP64.mul,8,1,nearest_even,1048576,2.636325836,2.631726265
12,throughput256.FP64.mul,0,0,toward_zero,1048576,2.544754028,2.539971352
12,throughput256.FP64.mul,0,1,nearest_even,1048576,2.626876831,2.623727798
12,throughput256.FP64.mul,1,0,nearest_even,1048576,2.634874344,2.631830215
12,throughput256.FP64.mul,1,1,toward_zero,1048576,2.550630569,2.546077728
12,throughput256.FP64.mul,2,0,toward_zero,1048576,2.526112556,2.520147324
12,throughput256.FP64.mul,2,1,nearest_even,1048576,2.655234337,2.652735710
12,throughput256.FP64.mul,3,0,nearest_even,1048576,2.643740654,2.639560699
12,throughput256.FP64.mul,3,1,toward_zero,1048576,2.554308891,2.550425529
12,throughput256.FP64.mul,4,0,toward_zero,1048576,2.543244362,2.540668488
12,throughput256.FP64.mul,4,1,nearest_even,1048576,2.641552925,2.637247086
12,throughput256.FP64.mul,5,0,nearest_even,1048576,2.655722618,2.652409554
12,throughput256.FP64.mul,5,1,toward_zero,1048576,2.547573090,2.543154716
12,throughput256.FP64.mul,6,0,toward_zero,1048576,2.531865120,2.529004097
12,throughput256.FP64.mul,6,1,nearest_even,1048576,2.648814201,2.644377708
12,throughput256.FP64.mul,7,0,nearest_even,1048576,2.650285721,2.646562576
12,throughput256.FP64.mul,7,1,toward_zero,1048576,2.534196854,2.529615402
12,throughput256.FP64.mul,8,0,toward_zero,1048576,2.531788826,2.529193878
12,throughput256.FP64.mul,8,1,nearest_even,1048576,2.643348694,2.639540672
12,exact_results.FP64.mul,0,0,nearest_even,1048576,2.582304001,2.580427170
12,exact_results.FP64.mul,0,1,toward_zero,1048576,2.534214973,2.530790329
12,exact_results.FP64.mul,1,0,toward_zero,1048576,2.525348663,2.520880699
12,exact_results.FP64.mul,1,1,nearest_even,1048576,2.552637100,2.549726486
12,exact_results.FP64.mul,2,0,nearest_even,1048576,2.553257942,2.549306870
12,exact_results.FP64.mul,2,1,toward_zero,1048576,2.530326843,2.525785446
12,exact_results.FP64.mul,3,0,toward_zero,1048576,2.520160675,2.517194748
12,exact_results.FP64.mul,3,1,nearest_even,1048576,2.549732208,2.544575691
12,exact_results.FP64.mul,4,0,nearest_even,1048576,2.549168587,2.544711113
12,exact_results.FP64.mul,4,1,toward_zero,1048576,2.529352188,2.525764465
12,exact_results.FP64.mul,5,0,toward_zero,1048576,2.523562431,2.518781662
12,exact_results.FP64.mul,5,1,nearest_even,1048576,2.557117462,2.552573204
12,exact_results.FP64.mul,6,0,nearest_even,1048576,2.549541473,2.546603203
12,exact_results.FP64.mul,6,1,toward_zero,1048576,2.524507523,2.520317078
12,exact_results.FP64.mul,7,0,toward_zero,1048576,2.519625664,2.515419006
12,exact_results.FP64.mul,7,1,nearest_even,1048576,2.559201241,2.555327415
12,exact_results.FP64.mul,8,0,nearest_even,1048576,2.550850868,2.546439171
12,exact_results.FP64.mul,8,1,toward_zero,1048576,2.528931618,2.524245262
12,halfway_ties.FP64.mul,0,0,toward_zero,1048576,2.543282509,2.538786888
12,halfway_ties.FP64.mul,0,1,nearest_even,1048576,2.610509872,2.606470108
12,halfway_ties.FP64.mul,1,0,nearest_even,1048576,2.601890564,2.598999977
12,halfway_ties.FP64.mul,1,1,toward_zero,1048576,2.528253555,2.523796082
12,halfway_ties.FP64.mul,2,0,toward_zero,1048576,2.524564743,2.519466400
12,halfway_ties.FP64.mul,2,1,nearest_even,1048576,2.593454361,2.590057373
12,halfway_ties.FP64.mul,3,0,nearest_even,1048576,2.608293533,2.603836060
12,halfway_ties.FP64.mul,3,1,toward_zero,1048576,2.534310341,2.529624939
12,halfway_ties.FP64.mul,4,0,toward_zero,1048576,2.525310516,2.522027969
12,halfway_ties.FP64.mul,4,1,nearest_even,1048576,2.606238365,2.601827621
12,halfway_ties.FP64.mul,5,0,nearest_even,1048576,2.605990410,2.601103783
12,halfway_ties.FP64.mul,5,1,toward_zero,1048576,2.531520844,2.529738426
12,halfway_ties.FP64.mul,6,0,toward_zero,1048576,2.521202087,2.516676903
12,halfway_ties.FP64.mul,6,1,nearest_even,1048576,2.600267410,2.595789909
12,halfway_ties.FP64.mul,7,0,nearest_even,1048576,2.599513054,2.595350266
12,halfway_ties.FP64.mul,7,1,toward_zero,1048576,2.535983086,2.533102989
12,halfway_ties.FP64.mul,8,0,toward_zero,1048576,2.519300461,2.515636444
12,halfway_ties.FP64.mul,8,1,nearest_even,1048576,2.599980354,2.595140457
12,exact_chain.FP64.mul,0,0,nearest_even,1048576,3.634188652,3.629030228
12,exact_chain.FP64.mul,0,1,toward_zero,1048576,3.712985992,3.707208633
12,exact_chain.FP64.mul,1,0,toward_zero,1048576,3.714408875,3.708563805
12,exact_chain.FP64.mul,1,1,nearest_even,1048576,3.647573471,3.643258095
12,exact_chain.FP64.mul,2,0,nearest_even,1048576,3.656746864,3.650960922
12,exact_chain.FP64.mul,2,1,toward_zero,1048576,3.706220627,3.700527191
12,exact_chain.FP64.mul,3,0,toward_zero,1048576,3.708418846,3.702881813
12,exact_chain.FP64.mul,3,1,nearest_even,1048576,3.631895065,3.624205589
12,exact_chain.FP64.mul,4,0,nearest_even,1048576,3.637331963,3.631945610
12,exact_chain.FP64.mul,4,1,toward_zero,1048576,3.697010040,3.692625999
12,exact_chain.FP64.mul,5,0,toward_zero,1048576,3.704998016,3.699125290
12,exact_chain.FP64.mul,5,1,nearest_even,1048576,3.644774437,3.638614655
12,exact_chain.FP64.mul,6,0,nearest_even,1048576,3.648529053,3.642484665
12,exact_chain.FP64.mul,6,1,toward_zero,1048576,3.703478813,3.697538376
12,exact_chain.FP64.mul,7,0,toward_zero,1048576,3.703345299,3.698214531
12,exact_chain.FP64.mul,7,1,nearest_even,1048576,3.625369072,3.619515419
12,exact_chain.FP64.mul,8,0,nearest_even,1048576,3.626238823,3.621990204
12,exact_chain.FP64.mul,8,1,toward_zero,1048576,3.703669548,3.697252274
12,inexact_chain.FP64.mul,0,0,nearest_even,1048576,4.701245308,4.693839073
12,inexact_chain.FP64.mul,0,1,toward_zero,1048576,3.711647987,3.706174850
12,inexact_chain.FP64.mul,1,0,toward_zero,1048576,3.709870338,3.705467224
12,inexact_chain.FP64.mul,1,1,nearest_even,1048576,4.693735123,4.687640190
12,inexact_chain.FP64.mul,2,0,nearest_even,1048576,4.689970970,4.681151390
12,inexact_chain.FP64.mul,2,1,toward_zero,1048576,3.704940796,3.698819160
12,inexact_chain.FP64.mul,3,0,toward_zero,1048576,3.703564644,3.697842598
12,inexact_chain.FP64.mul,3,1,nearest_even,1048576,4.691948891,4.683260918
12,inexact_chain.FP64.mul,4,0,nearest_even,1048576,4.691470146,4.685078621
12,inexact_chain.FP64.mul,4,1,toward_zero,1048576,3.696446419,3.690620422
12,inexact_chain.FP64.mul,5,0,toward_zero,1048576,3.702035904,3.697411537
12,inexact_chain.FP64.mul,5,1,nearest_even,1048576,4.688528061,4.679611206
12,inexact_chain.FP64.mul,6,0,nearest_even,1048576,4.683999062,4.678207397
12,inexact_chain.FP64.mul,6,1,toward_zero,1048576,3.701290131,3.695330620
12,inexact_chain.FP64.mul,7,0,toward_zero,1048576,3.698500633,3.692962646
12,inexact_chain.FP64.mul,7,1,nearest_even,1048576,4.687419891,4.679414749
12,inexact_chain.FP64.mul,8,0,nearest_even,1048576,4.688087463,4.680921555
12,inexact_chain.FP64.mul,8,1,toward_zero,1048576,3.703966141,3.698760033
12,throughput4096.FP64.div,0,0,toward_zero,1048576,2.435076714,2.432319641
12,throughput4096.FP64.div,0,1,nearest_even,1048576,2.272378922,2.269536972
12,throughput4096.FP64.div,1,0,nearest_even,1048576,2.297355652,2.292822838
12,throughput4096.FP64.div,1,1,toward_zero,1048576,2.453535080,2.451132774
12,throughput4096.FP64.div,2,0,toward_zero,1048576,2.441812515,2.437077522
12,throughput4096.FP64.div,2,1,nearest_even,1048576,2.280166626,2.276855469
12,throughput4096.FP64.div,3,0,nearest_even,1048576,2.293848038,2.290012360
12,throughput4096.FP64.div,3,1,toward_zero,1048576,2.455695152,2.451859474
12,throughput4096.FP64.div,4,0,toward_zero,1048576,2.447697639,2.443296432
12,throughput4096.FP64.div,4,1,nearest_even,1048576,2.281781197,2.278422356
12,throughput4096.FP64.div,5,0,nearest_even,1048576,2.303948402,2.298880577
12,throughput4096.FP64.div,5,1,toward_zero,1048576,2.451509476,2.448850632
12,throughput4096.FP64.div,6,0,toward_zero,1048576,2.445338249,2.441301346
12,throughput4096.FP64.div,6,1,nearest_even,1048576,2.283338547,2.280696869
12,throughput4096.FP64.div,7,0,nearest_even,1048576,2.299905777,2.295352936
12,throughput4096.FP64.div,7,1,toward_zero,1048576,2.453469276,2.449728012
12,throughput4096.FP64.div,8,0,toward_zero,1048576,2.449302673,2.444940567
12,throughput4096.FP64.div,8,1,nearest_even,1048576,2.283023834,2.280475616
12,throughput256.FP64.div,0,0,nearest_even,1048576,2.300049782,2.295448303
12,throughput256.FP64.div,0,1,toward_zero,1048576,2.466540337,2.464004517
12,throughput256.FP64.div,1,0,toward_zero,1048576,2.459211349,2.454027176
12,throughput256.FP64.div,1,1,nearest_even,1048576,2.280625343,2.277515411
12,throughput256.FP64.div,2,0,nearest_even,1048576,2.297651291,2.293375969
12,throughput256.FP64.div,2,1,toward_zero,1048576,2.468689919,2.466094971
12,throughput256.FP64.div,3,0,toward_zero,1048576,2.471306801,2.466850281
12,throughput256.FP64.div,3,1,nearest_even,1048576,2.283883095,2.280315399
12,throughput256.FP64.div,4,0,nearest_even,1048576,2.295711517,2.290498734
12,throughput256.FP64.div,4,1,toward_zero,1048576,2.454205513,2.451190948
12,throughput256.FP64.div,5,0,toward_zero,1048576,2.455637932,2.451170921
12,throughput256.FP64.div,5,1,nearest_even,1048576,2.282258987,2.280009270
12,throughput256.FP64.div,6,0,nearest_even,1048576,2.297613144,2.293442726
12,throughput256.FP64.div,6,1,toward_zero,1048576,2.464399338,2.461616516
12,throughput256.FP64.div,7,0,toward_zero,1048576,2.476094246,2.472533226
12,throughput256.FP64.div,7,1,nearest_even,1048576,2.277099609,2.274602890
12,throughput256.FP64.div,8,0,nearest_even,1048576,2.294813156,2.291178703
12,throughput256.FP64.div,8,1,toward_zero,1048576,2.459995270,2.457102776
12,exact_results.FP64.div,0,0,toward_zero,1048576,2.594189644,2.591644287
12,exact_results.FP64.div,0,1,nearest_even,1048576,2.550516129,2.546383858
12,exact_results.FP64.div,1,0,nearest_even,1048576,2.537511826,2.532931328
12,exact_results.FP64.div,1,1,toward_zero,1048576,2.561179161,2.558135033
12,exact_results.FP64.div,2,0,toward_zero,1048576,2.558723450,2.555155754
12,exact_results.FP64.div,2,1,nearest_even,1048576,2.528578758,2.524619102
12,exact_results.FP64.div,3,0,nearest_even,1048576,2.528483391,2.525638580
12,exact_results.FP64.div,3,1,toward_zero,1048576,2.560557365,2.556023598
12,exact_results.FP64.div,4,0,toward_zero,1048576,2.559668541,2.555295944
12,exact_results.FP64.div,4,1,nearest_even,1048576,2.524221420,2.521512985
12,exact_results.FP64.div,5,0,nearest_even,1048576,2.529352188,2.526615143
12,exact_results.FP64.div,5,1,toward_zero,1048576,2.560729980,2.556989670
12,exact_results.FP64.div,6,0,toward_zero,1048576,2.561188698,2.558680534
12,exact_results.FP64.div,6,1,nearest_even,1048576,2.529476166,2.522362709
12,exact_results.FP64.div,7,0,nearest_even,1048576,2.535592079,2.531086922
12,exact_results.FP64.div,7,1,toward_zero,1048576,2.560271263,2.557246208
12,exact_results.FP64.div,8,0,toward_zero,1048576,2.562812805,2.560104370
12,exact_results.FP64.div,8,1,nearest_even,1048576,2.538142204,2.534076691
12,halfway_ties.FP64.div,0,0,toward_zero,1048576,2.587396622,2.582758904
12,halfway_ties.FP64.div,0,1,nearest_even,1048576,2.355171204,2.350885391
12,halfway_ties.FP64.div,1,0,nearest_even,1048576,2.362545967,2.359236717
12,halfway_ties.FP64.div,1,1,toward_zero,1048576,2.601146698,2.596450806
12,halfway_ties.FP64.div,2,0,toward_zero,1048576,2.580946922,2.576633453
12,halfway_ties.FP64.div,2,1,nearest_even,1048576,2.345587730,2.342476845
12,halfway_ties.FP64.div,3,0,nearest_even,1048576,2.366014481,2.363438606
12,halfway_ties.FP64.div,3,1,toward_zero,1048576,2.598757744,2.594425201
12,halfway_ties.FP64.div,4,0,toward_zero,1048576,2.575864792,2.571557999
12,halfway_ties.FP64.div,4,1,nearest_even,1048576,2.342988014,2.340851784
12,halfway_ties.FP64.div,5,0,nearest_even,1048576,2.365413666,2.361251831
12,halfway_ties.FP64.div,5,1,toward_zero,1048576,2.589948654,2.586102486
12,halfway_ties.FP64.div,6,0,toward_zero,1048576,2.571182251,2.568111420
12,halfway_ties.FP64.div,6,1,nearest_even,1048576,2.347602844,2.343154907
12,halfway_ties.FP64.div,7,0,nearest_even,1048576,2.360864639,2.358349800
12,halfway_ties.FP64.div,7,1,toward_zero,1048576,2.594008446,2.589694977
12,halfway_ties.FP64.div,8,0,toward_zero,1048576,2.577527046,2.573422432
12,halfway_ties.FP64.div,8,1,nearest_even,1048576,2.342577934,2.339631081
12,exact_chain.FP64.div,0,0,toward_zero,1048576,3.695787430,3.690926552
12,exact_chain.FP64.div,0,1,nearest_even,1048576,3.692242622,3.686540604
12,exact_chain.FP64.div,1,0,nearest_even,1048576,3.692041397,3.686837196
12,exact_chain.FP64.div,1,1,toward_zero,1048576,3.694296837,3.688719749
12,exact_chain.FP64.div,2,0,toward_zero,1048576,3.696619034,3.690611839
12,exact_chain.FP64.div,2,1,nearest_even,1048576,3.693036079,3.686645508
12,exact_chain.FP64.div,3,0,nearest_even,1048576,3.691458702,3.685413361
12,exact_chain.FP64.div,3,1,toward_zero,1048576,3.684044838,3.678516388
12,exact_chain.FP64.div,4,0,toward_zero,1048576,3.682381630,3.677807808
12,exact_chain.FP64.div,4,1,nearest_even,1048576,3.687150002,3.681322098
12,exact_chain.FP64.div,5,0,nearest_even,1048576,3.690704346,3.684972763
12,exact_chain.FP64.div,5,1,toward_zero,1048576,3.683394432,3.677818298
12,exact_chain.FP64.div,6,0,toward_zero,1048576,3.679811478,3.674119949
12,exact_chain.FP64.div,6,1,nearest_even,1048576,3.686939240,3.680931091
12,exact_chain.FP64.div,7,0,nearest_even,1048576,3.685162544,3.679298401
12,exact_chain.FP64.div,7,1,toward_zero,1048576,3.696198463,3.692619324
12,exact_chain.FP64.div,8,0,toward_zero,1048576,3.693331718,3.686532021
12,exact_chain.FP64.div,8,1,nearest_even,1048576,3.701280594,3.696660042
12,inexact_chain.FP64.div,0,0,toward_zero,1048576,3.688467979,3.683532715
12,inexact_chain.FP64.div,0,1,nearest_even,1048576,4.792912483,4.785984993
12,inexact_chain.FP64.div,1,0,nearest_even,1048576,4.799265862,4.793438911
12,inexact_chain.FP64.div,1,1,toward_zero,1048576,3.688506126,3.683356285
12,inexact_chain.FP64.div,2,0,toward_zero,1048576,3.685735703,3.680693626
12,inexact_chain.FP64.div,2,1,nearest_even,1048576,4.783147812,4.776708603
12,inexact_chain.FP64.div,3,0,nearest_even,1048576,4.777280807,4.770524979
12,inexact_chain.FP64.div,3,1,toward_zero,1048576,3.678817749,3.673403740
12,inexact_chain.FP64.div,4,0,toward_zero,1048576,3.683729172,3.679193497
12,inexact_chain.FP64.div,4,1,nearest_even,1048576,4.803116798,4.796917915
12,inexact_chain.FP64.div,5,0,nearest_even,1048576,4.807617188,4.794057846
12,inexact_chain.FP64.div,5,1,toward_zero,1048576,3.682392120,3.676775932
12,inexact_chain.FP64.div,6,0,toward_zero,1048576,3.680547714,3.673977852
12,inexact_chain.FP64.div,6,1,nearest_even,1048576,4.794317245,4.787295341
12,inexact_chain.FP64.div,7,0,nearest_even,1048576,4.790256500,4.783701897
12,inexact_chain.FP64.div,7,1,toward_zero,1048576,3.684904099,3.678791046
12,inexact_chain.FP64.div,8,0,toward_zero,1048576,3.681962013,3.676001549
12,inexact_chain.FP64.div,8,1,nearest_even,1048576,4.817162514,4.809309959
12,throughput4096.FP64.mul_div,0,0,nearest_even,1048576,2.337914467,2.334795952
12,throughput4096.FP64.mul_div,0,1,toward_zero,1048576,2.563835144,2.559235573
12,throughput4096.FP64.mul_div,1,0,toward_zero,1048576,2.552006721,2.549813271
12,throughput4096.FP64.mul_div,1,1,nearest_even,1048576,2.336328506,2.331565857
12,throughput4096.FP64.mul_div,2,0,nearest_even,1048576,2.349696159,2.346385956
12,throughput4096.FP64.mul_div,2,1,toward_zero,1048576,2.584845543,2.579108238
12,throughput4096.FP64.mul_div,3,0,toward_zero,1048576,2.564552307,2.560850143
12,throughput4096.FP64.mul_div,3,1,nearest_even,1048576,2.341230392,2.338254929
12,throughput4096.FP64.mul_div,4,0,nearest_even,1048576,2.355141640,2.350092888
12,throughput4096.FP64.mul_div,4,1,toward_zero,1048576,2.566711426,2.563667297
12,throughput4096.FP64.mul_div,5,0,toward_zero,1048576,2.556363106,2.551569939
12,throughput4096.FP64.mul_div,5,1,nearest_even,1048576,2.338544846,2.336008072
12,throughput4096.FP64.mul_div,6,0,nearest_even,1048576,2.354071617,2.350016594
12,throughput4096.FP64.mul_div,6,1,toward_zero,1048576,2.551547050,2.546669006
12,throughput4096.FP64.mul_div,7,0,toward_zero,1048576,2.557003975,2.553884506
12,throughput4096.FP64.mul_div,7,1,nearest_even,1048576,2.343475342,2.338045120
12,throughput4096.FP64.mul_div,8,0,nearest_even,1048576,2.349494934,2.346767426
12,throughput4096.FP64.mul_div,8,1,toward_zero,1048576,2.576638222,2.573251724
12,throughput256.FP64.mul_div,0,0,nearest_even,1048576,2.337102890,2.334240913
12,throughput256.FP64.mul_div,0,1,toward_zero,1048576,2.564733505,2.561097145
12,throughput256.FP64.mul_div,1,0,toward_zero,1048576,2.539862633,2.535855293
12,throughput256.FP64.mul_div,1,1,nearest_even,1048576,2.331991196,2.329014778
12,throughput256.FP64.mul_div,2,0,nearest_even,1048576,2.340638161,2.336908340
12,throughput256.FP64.mul_div,2,1,toward_zero,1048576,2.546694756,2.544433594
12,throughput256.FP64.mul_div,3,0,toward_zero,1048576,2.551442146,2.547519684
12,throughput256.FP64.mul_div,3,1,nearest_even,1048576,2.332889557,2.328451157
12,throughput256.FP64.mul_div,4,0,nearest_even,1048576,2.339548111,2.337032318
12,throughput256.FP64.mul_div,4,1,toward_zero,1048576,2.551022530,2.546833038
12,throughput256.FP64.mul_div,5,0,toward_zero,1048576,2.543312073,2.540468216
12,throughput256.FP64.mul_div,5,1,nearest_even,1048576,2.333156586,2.328145027
12,throughput256.FP64.mul_div,6,0,nearest_even,1048576,2.341067314,2.337977409
12,throughput256.FP64.mul_div,6,1,toward_zero,1048576,2.561447144,2.556585312
12,throughput256.FP64.mul_div,7,0,toward_zero,1048576,2.544563293,2.539667130
12,throughput256.FP64.mul_div,7,1,nearest_even,1048576,2.328971863,2.326741219
12,throughput256.FP64.mul_div,8,0,nearest_even,1048576,2.342567444,2.339965820
12,throughput256.FP64.mul_div,8,1,toward_zero,1048576,2.590463638,2.586370468
12,exact_results.FP64.mul_div,0,0,nearest_even,1048576,2.575969696,2.571924210
12,exact_results.FP64.mul_div,0,1,toward_zero,1048576,2.568135262,2.565062523
12,exact_results.FP64.mul_div,1,0,toward_zero,1048576,2.578845024,2.574234962
12,exact_results.FP64.mul_div,1,1,nearest_even,1048576,2.561140060,2.555967331
12,exact_results.FP64.mul_div,2,0,nearest_even,1048576,2.549417496,2.546709061
12,exact_results.FP64.mul_div,2,1,toward_zero,1048576,2.567265511,2.563791275
12,exact_results.FP64.mul_div,3,0,toward_zero,1048576,2.567770958,2.563686371
12,exact_results.FP64.mul_div,3,1,nearest_even,1048576,2.549760818,2.546860695
12,exact_results.FP64.mul_div,4,0,nearest_even,1048576,2.548318863,2.544100761
12,exact_results.FP64.mul_div,4,1,toward_zero,1048576,2.558073997,2.553845406
12,exact_results.FP64.mul_div,5,0,toward_zero,1048576,2.562889099,2.560123444
12,exact_results.FP64.mul_div,5,1,nearest_even,1048576,2.545374870,2.541233063
12,exact_results.FP64.mul_div,6,0,nearest_even,1048576,2.546063423,2.541968346
12,exact_results.FP64.mul_div,6,1,toward_zero,1048576,2.552054405,2.549049377
12,exact_results.FP64.mul_div,7,0,toward_zero,1048576,2.567924500,2.563467026
12,exact_results.FP64.mul_div,7,1,nearest_even,1048576,2.552140236,2.547616005
12,exact_results.FP64.mul_div,8,0,nearest_even,1048576,2.549273491,2.546555519
12,exact_results.FP64.mul_div,8,1,toward_zero,1048576,2.567045212,2.563362122
12,halfway_ties.FP64.mul_div,0,0,nearest_even,1048576,2.364620209,2.362074852
12,halfway_ties.FP64.mul_div,0,1,toward_zero,1048576,2.591276169,2.586810112
12,halfway_ties.FP64.mul_div,1,0,toward_zero,1048576,2.587052345,2.582126617
12,halfway_ties.FP64.mul_div,1,1,nearest_even,1048576,2.348320007,2.345113754
12,halfway_ties.FP64.mul_div,2,0,nearest_even,1048576,2.364161491,2.359148979
12,halfway_ties.FP64.mul_div,2,1,toward_zero,1048576,2.572339058,2.569104195
12,halfway_ties.FP64.mul_div,3,0,toward_zero,1048576,2.579600334,2.575830460
12,halfway_ties.FP64.mul_div,3,1,nearest_even,1048576,2.343485832,2.338511467
12,halfway_ties.FP64.mul_div,4,0,nearest_even,1048576,2.356374741,2.353245735
12,halfway_ties.FP64.mul_div,4,1,toward_zero,1048576,2.578281403,2.574139595
12,halfway_ties.FP64.mul_div,5,0,toward_zero,1048576,2.573637962,2.570909500
12,halfway_ties.FP64.mul_div,5,1,nearest_even,1048576,2.342625618,2.338520050
12,halfway_ties.FP64.mul_div,6,0,nearest_even,1048576,2.354846001,2.352165222
12,halfway_ties.FP64.mul_div,6,1,toward_zero,1048576,2.583154678,2.579097748
12,halfway_ties.FP64.mul_div,7,0,toward_zero,1048576,2.577765465,2.573920250
12,halfway_ties.FP64.mul_div,7,1,nearest_even,1048576,2.344841957,2.342134476
12,halfway_ties.FP64.mul_div,8,0,nearest_even,1048576,2.361123085,2.356895447
12,halfway_ties.FP64.mul_div,8,1,toward_zero,1048576,2.559134483,2.556385994
12,exact_chain.FP64.mul_div,0,0,nearest_even,1048576,3.709947586,3.703385353
12,exact_chain.FP64.mul_div,0,1,toward_zero,1048576,3.719023705,3.712852478
12,exact_chain.FP64.mul_div,1,0,toward_zero,1048576,3.720667839,3.713277817
12,exact_chain.FP64.mul_div,1,1,nearest_even,1048576,3.701777458,3.696735382
12,exact_chain.FP64.mul_div,2,0,nearest_even,1048576,3.701052666,3.694540024
12,exact_chain.FP64.mul_div,2,1,toward_zero,1048576,3.717944145,3.713056564
12,exact_chain.FP64.mul_div,3,0,toward_zero,1048576,3.715269089,3.709672928
12,exact_chain.FP64.mul_div,3,1,nearest_even,1048576,3.694076538,3.688375473
12,exact_chain.FP64.mul_div,4,0,nearest_even,1048576,3.694287300,3.688966751
12,exact_chain.FP64.mul_div,4,1,toward_zero,1048576,3.715823174,3.710151672
12,exact_chain.FP64.mul_div,5,0,toward_zero,1048576,3.710873604,3.705220222
12,exact_chain.FP64.mul_div,5,1,nearest_even,1048576,3.692825317,3.688346863
12,exact_chain.FP64.mul_div,6,0,nearest_even,1048576,3.690790176,3.684774399
12,exact_chain.FP64.mul_div,6,1,toward_zero,1048576,3.712431908,3.706911087
12,exact_chain.FP64.mul_div,7,0,toward_zero,1048576,3.716864586,3.712032318
12,exact_chain.FP64.mul_div,7,1,nearest_even,1048576,3.693952560,3.688461304
12,exact_chain.FP64.mul_div,8,0,nearest_even,1048576,3.691898346,3.686283112
12,exact_chain.FP64.mul_div,8,1,toward_zero,1048576,3.716099739,3.710227966
12,inexact_chain.FP64.mul_div,0,0,nearest_even,1048576,4.818881989,4.811697960
12,inexact_chain.FP64.mul_div,0,1,toward_zero,1048576,3.720925331,3.714638710
12,inexact_chain.FP64.mul_div,1,0,toward_zero,1048576,3.721585274,3.715931892
12,inexact_chain.FP64.mul_div,1,1,nearest_even,1048576,4.864934921,4.858169556
12,inexact_chain.FP64.mul_div,2,0,nearest_even,1048576,4.835039139,4.828504562
12,inexact_chain.FP64.mul_div,2,1,toward_zero,1048576,3.711112976,3.705145836
12,inexact_chain.FP64.mul_div,3,0,toward_zero,1048576,3.711791039,3.705555916
12,inexact_chain.FP64.mul_div,3,1,nearest_even,1048576,4.809604645,4.802783012
12,inexact_chain.FP64.mul_div,4,0,nearest_even,1048576,4.810293198,4.804388046
12,inexact_chain.FP64.mul_div,4,1,toward_zero,1048576,3.711552620,3.705839157
12,inexact_chain.FP64.mul_div,5,0,toward_zero,1048576,3.714791298,3.709176064
12,inexact_chain.FP64.mul_div,5,1,nearest_even,1048576,4.796266556,4.789493561
12,inexact_chain.FP64.mul_div,6,0,nearest_even,1048576,4.831054688,4.823823929
12,inexact_chain.FP64.mul_div,6,1,toward_zero,1048576,3.710922241,3.705086708
12,inexact_chain.FP64.mul_div,7,0,toward_zero,1048576,3.709717751,3.703662872
12,inexact_chain.FP64.mul_div,7,1,nearest_even,1048576,4.845768929,4.839999199
12,inexact_chain.FP64.mul_div,8,0,nearest_even,1048576,4.794909477,4.787379265
12,inexact_chain.FP64.mul_div,8,1,toward_zero,1048576,3.711877823,3.706499100
12,throughput4096.FP128.mul,0,0,toward_zero,1048576,2.637395859,2.634648323
12,throughput4096.FP128.mul,0,1,nearest_even,1048576,2.466348648,2.462024689
12,throughput4096.FP128.mul,1,0,nearest_even,1048576,2.478024483,2.474186897
12,throughput4096.FP128.mul,1,1,toward_zero,1048576,2.697275162,2.695224762
12,throughput4096.FP128.mul,2,0,toward_zero,1048576,2.691207886,2.686398506
12,throughput4096.FP128.mul,2,1,nearest_even,1048576,2.466367722,2.461929321
12,throughput4096.FP128.mul,3,0,nearest_even,1048576,2.481637001,2.477922440
12,throughput4096.FP128.mul,3,1,toward_zero,1048576,2.697122574,2.693420410
12,throughput4096.FP128.mul,4,0,toward_zero,1048576,2.686058998,2.681591034
12,throughput4096.FP128.mul,4,1,nearest_even,1048576,2.460300446,2.456042290
12,throughput4096.FP128.mul,5,0,nearest_even,1048576,2.488736153,2.485951424
12,throughput4096.FP128.mul,5,1,toward_zero,1048576,2.706418991,2.701313019
12,throughput4096.FP128.mul,6,0,toward_zero,1048576,2.693549156,2.689643860
12,throughput4096.FP128.mul,6,1,nearest_even,1048576,2.467275620,2.464242935
12,throughput4096.FP128.mul,7,0,nearest_even,1048576,2.484501839,2.480333328
12,throughput4096.FP128.mul,7,1,toward_zero,1048576,2.711646080,2.707539558
12,throughput4096.FP128.mul,8,0,toward_zero,1048576,2.700619698,2.696133614
12,throughput4096.FP128.mul,8,1,nearest_even,1048576,2.467534065,2.465273857
12,throughput256.FP128.mul,0,0,nearest_even,1048576,2.482925415,2.478651047
12,throughput256.FP128.mul,0,1,toward_zero,1048576,2.698240280,2.694183350
12,throughput256.FP128.mul,1,0,toward_zero,1048576,2.693214417,2.688289642
12,throughput256.FP128.mul,1,1,nearest_even,1048576,2.466902733,2.463965416
12,throughput256.FP128.mul,2,0,nearest_even,1048576,2.483451843,2.478927612
12,throughput256.FP128.mul,2,1,toward_zero,1048576,2.712094307,2.707140923
12,throughput256.FP128.mul,3,0,toward_zero,1048576,2.695384026,2.690381050
12,throughput256.FP128.mul,3,1,nearest_even,1048576,2.464036942,2.460486412
12,throughput256.FP128.mul,4,0,nearest_even,1048576,2.484435081,2.480446815
12,throughput256.FP128.mul,4,1,toward_zero,1048576,2.717454910,2.713294983
12,throughput256.FP128.mul,5,0,toward_zero,1048576,2.694705963,2.692034721
12,throughput256.FP128.mul,5,1,nearest_even,1048576,2.461857796,2.458030701
12,throughput256.FP128.mul,6,0,nearest_even,1048576,2.486317635,2.482034683
12,throughput256.FP128.mul,6,1,toward_zero,1048576,2.707480431,2.705142975
12,throughput256.FP128.mul,7,0,toward_zero,1048576,2.706610680,2.702371597
12,throughput256.FP128.mul,7,1,nearest_even,1048576,2.469167709,2.464613914
12,throughput256.FP128.mul,8,0,nearest_even,1048576,2.485381126,2.482471466
12,throughput256.FP128.mul,8,1,toward_zero,1048576,2.723101616,2.718501091
12,exact_results.FP128.mul,0,0,toward_zero,1048576,2.681624413,2.677512169
12,exact_results.FP128.mul,0,1,nearest_even,1048576,2.648920059,2.646237373
12,exact_results.FP128.mul,1,0,nearest_even,1048576,2.643959999,2.640277863
12,exact_results.FP128.mul,1,1,toward_zero,1048576,2.661674500,2.658373833
12,exact_results.FP128.mul,2,0,toward_zero,1048576,2.662621498,2.657876015
12,exact_results.FP128.mul,2,1,nearest_even,1048576,2.636383057,2.632230759
12,exact_results.FP128.mul,3,0,nearest_even,1048576,2.637119293,2.634371758
12,exact_results.FP128.mul,3,1,toward_zero,1048576,2.670951843,2.664211273
12,exact_results.FP128.mul,4,0,toward_zero,1048576,2.667054176,2.662768364
12,exact_results.FP128.mul,4,1,nearest_even,1048576,2.632075310,2.628153801
12,exact_results.FP128.mul,5,0,nearest_even,1048576,2.632839203,2.629643440
12,exact_results.FP128.mul,5,1,toward_zero,1048576,2.667818069,2.663590431
12,exact_results.FP128.mul,6,0,toward_zero,1048576,2.667044640,2.662681580
12,exact_results.FP128.mul,6,1,nearest_even,1048576,2.633250237,2.628457069
12,exact_results.FP128.mul,7,0,nearest_even,1048576,2.629810333,2.625074387
12,exact_results.FP128.mul,7,1,toward_zero,1048576,2.664627075,2.661736488
12,exact_results.FP128.mul,8,0,toward_zero,1048576,2.663585663,2.659330368
12,exact_results.FP128.mul,8,1,nearest_even,1048576,2.634148598,2.629852295
12,halfway_ties.FP128.mul,0,0,nearest_even,1048576,2.488706589,2.485615730
12,halfway_ties.FP128.mul,0,1,toward_zero,1048576,2.691944122,2.688002586
12,halfway_ties.FP128.mul,1,0,toward_zero,1048576,2.680860519,2.676145554
12,halfway_ties.FP128.mul,1,1,nearest_even,1048576,2.468259811,2.465607643
12,halfway_ties.FP128.mul,2,0,nearest_even,1048576,2.488200188,2.482827187
12,halfway_ties.FP128.mul,2,1,toward_zero,1048576,2.688313484,2.683521271
12,halfway_ties.FP128.mul,3,0,toward_zero,1048576,2.677803040,2.673830986
12,halfway_ties.FP128.mul,3,1,nearest_even,1048576,2.470428467,2.467767715
12,halfway_ties.FP128.mul,4,0,nearest_even,1048576,2.487512589,2.483647346
12,halfway_ties.FP128.mul,4,1,toward_zero,1048576,2.696071625,2.691623688
12,halfway_ties.FP128.mul,5,0,toward_zero,1048576,2.678653717,2.675782204
12,halfway_ties.FP128.mul,5,1,nearest_even,1048576,2.477805138,2.473224640
12,halfway_ties.FP128.mul,6,0,nearest_even,1048576,2.489566803,2.485003471
12,halfway_ties.FP128.mul,6,1,toward_zero,1048576,2.690386772,2.687361717
12,halfway_ties.FP128.mul,7,0,toward_zero,1048576,2.677229881,2.673680305
12,halfway_ties.FP128.mul,7,1,nearest_even,1048576,2.468059540,2.462951660
12,halfway_ties.FP128.mul,8,0,nearest_even,1048576,2.492375374,2.489018440
12,halfway_ties.FP128.mul,8,1,toward_zero,1048576,2.693205833,2.688653946
12,exact_chain.FP128.mul,0,0,toward_zero,1048576,3.705017090,3.699955940
12,exact_chain.FP128.mul,0,1,nearest_even,1048576,3.709679604,3.705352783
12,exact_chain.FP128.mul,1,0,nearest_even,1048576,3.712221146,3.706042290
12,exact_chain.FP128.mul,1,1,toward_zero,1048576,3.683661461,3.677913666
12,exact_chain.FP128.mul,2,0,toward_zero,1048576,3.679801941,3.675018311
12,exact_chain.FP128.mul,2,1,nearest_even,1048576,3.706765175,3.701119423
12,exact_chain.FP128.mul,3,0,nearest_even,1048576,3.711103439,3.703308105
12,exact_chain.FP128.mul,3,1,toward_zero,1048576,3.681426048,3.675018311
12,exact_chain.FP128.mul,4,0,toward_zero,1048576,3.685497284,3.678905487
12,exact_chain.FP128.mul,4,1,nearest_even,1048576,3.716444016,3.710936546
12,exact_chain.FP128.mul,5,0,nearest_even,1048576,3.713109970,3.706645012
12,exact_chain.FP128.mul,5,1,toward_zero,1048576,3.688277245,3.680932045
12,exact_chain.FP128.mul,6,0,toward_zero,1048576,3.682276726,3.678542137
12,exact_chain.FP128.mul,6,1,nearest_even,1048576,3.709326744,3.703843117
12,exact_chain.FP128.mul,7,0,nearest_even,1048576,3.720333099,3.715453148
12,exact_chain.FP128.mul,7,1,toward_zero,1048576,3.684005737,3.678564072
12,exact_chain.FP128.mul,8,0,toward_zero,1048576,3.685802460,3.678955078
12,exact_chain.FP128.mul,8,1,nearest_even,1048576,3.711112976,3.704359055
12,inexact_chain.FP128.mul,0,0,toward_zero,1048576,3.685745239,3.679939270
12,inexact_chain.FP128.mul,0,1,nearest_even,1048576,4.677415848,4.672114372
12,inexact_chain.FP128.mul,1,0,nearest_even,1048576,4.681180000,4.674654961
12,inexact_chain.FP128.mul,1,1,toward_zero,1048576,3.688745499,3.682601929
12,inexact_chain.FP128.mul,2,0,toward_zero,1048576,3.679114342,3.673424721
12,inexact_chain.FP128.mul,2,1,nearest_even,1048576,4.679976463,4.673201561
12,inexact_chain.FP128.mul,3,0,nearest_even,1048576,4.682479858,4.674416542
12,inexact_chain.FP128.mul,3,1,toward_zero,1048576,3.680012703,3.673720360
12,inexact_chain.FP128.mul,4,0,toward_zero,1048576,3.683442116,3.677873611
12,inexact_chain.FP128.mul,4,1,nearest_even,1048576,4.681170464,4.674424171
12,inexact_chain.FP128.mul,5,0,nearest_even,1048576,4.679450989,4.672083855
12,inexact_chain.FP128.mul,5,1,toward_zero,1048576,3.683299065,3.677330017
12,inexact_chain.FP128.mul,6,0,toward_zero,1048576,3.683691025,3.678916931
12,inexact_chain.FP128.mul,6,1,nearest_even,1048576,4.681762695,4.674432755
12,inexact_chain.FP128.mul,7,0,nearest_even,1048576,4.678810120,4.671051025
12,inexact_chain.FP128.mul,7,1,toward_zero,1048576,3.687073708,3.680694580
12,inexact_chain.FP128.mul,8,0,toward_zero,1048576,3.685640335,3.680205345
12,inexact_chain.FP128.mul,8,1,nearest_even,1048576,4.683196068,4.676517487
12,throughput4096.FP128.div,0,0,nearest_even,1048576,3.110334396,3.104632378
12,throughput4096.FP128.div,0,1,toward_zero,1048576,2.350822449,2.348218918
12,throughput4096.FP128.div,1,0,toward_zero,1048576,2.412603378,2.408088684
12,throughput4096.FP128.div,1,1,nearest_even,1048576,3.186637878,3.182751656
12,throughput4096.FP128.div,2,0,nearest_even,1048576,3.144988060,3.140655518
12,throughput4096.FP128.div,2,1,toward_zero,1048576,2.364229202,2.359696388
12,throughput4096.FP128.div,3,0,toward_zero,1048576,2.408112526,2.404821396
12,throughput4096.FP128.div,3,1,nearest_even,1048576,3.188444138,3.182617188
12,throughput4096.FP128.div,4,0,nearest_even,1048576,3.149975777,3.145807266
12,throughput4096.FP128.div,4,1,toward_zero,1048576,2.368384361,2.365056038
12,throughput4096.FP128.div,5,0,toward_zero,1048576,2.413272858,2.408835411
12,throughput4096.FP128.div,5,1,nearest_even,1048576,3.191395760,3.185914993
12,throughput4096.FP128.div,6,0,nearest_even,1048576,3.157285690,3.153238297
12,throughput4096.FP128.div,6,1,toward_zero,1048576,2.371958733,2.367423058
12,throughput4096.FP128.div,7,0,toward_zero,1048576,2.415078163,2.410918236
12,throughput4096.FP128.div,7,1,nearest_even,1048576,3.188749313,3.184224129
12,throughput4096.FP128.div,8,0,nearest_even,1048576,3.154524803,3.150094986
12,throughput4096.FP128.div,8,1,toward_zero,1048576,2.378168106,2.373232841
12,throughput256.FP128.div,0,0,toward_zero,1048576,2.412899971,2.409924507
12,throughput256.FP128.div,0,1,nearest_even,1048576,3.191262245,3.184645653
12,throughput256.FP128.div,1,0,nearest_even,1048576,3.160200119,3.155512810
12,throughput256.FP128.div,1,1,toward_zero,1048576,2.376486778,2.373359680
12,throughput256.FP128.div,2,0,toward_zero,1048576,2.410979271,2.406015396
12,throughput256.FP128.div,2,1,nearest_even,1048576,3.190125465,3.185829163
12,throughput256.FP128.div,3,0,nearest_even,1048576,3.159979820,3.153360367
12,throughput256.FP128.div,3,1,toward_zero,1048576,2.378885269,2.376054764
12,throughput256.FP128.div,4,0,toward_zero,1048576,2.409976006,2.405249596
12,throughput256.FP128.div,4,1,nearest_even,1048576,3.184382439,3.181042671
12,throughput256.FP128.div,5,0,nearest_even,1048576,3.160304070,3.154929161
12,throughput256.FP128.div,5,1,toward_zero,1048576,2.376496315,2.373520851
12,throughput256.FP128.div,6,0,toward_zero,1048576,2.412957191,2.410659790
12,throughput256.FP128.div,6,1,nearest_even,1048576,3.196105957,3.191644669
12,throughput256.FP128.div,7,0,nearest_even,1048576,3.158193588,3.153985023
12,throughput256.FP128.div,7,1,toward_zero,1048576,2.377594948,2.375297546
12,throughput256.FP128.div,8,0,toward_zero,1048576,2.413807869,2.409582138
12,throughput256.FP128.div,8,1,nearest_even,1048576,3.197462082,3.193892479
12,exact_results.FP128.div,0,0,toward_zero,1048576,2.534081459,2.530244827
12,exact_results.FP128.div,0,1,nearest_even,1048576,2.453956604,2.451027870
12,exact_results.FP128.div,1,0,nearest_even,1048576,2.433480263,2.429452896
12,exact_results.FP128.div,1,1,toward_zero,1048576,2.517887115,2.515081406
12,exact_results.FP128.div,2,0,toward_zero,1048576,2.553573608,2.549020767
12,exact_results.FP128.div,2,1,nearest_even,1048576,2.453163147,2.448936462
12,exact_results.FP128.div,3,0,nearest_even,1048576,2.433156013,2.430438042
12,exact_results.FP128.div,3,1,toward_zero,1048576,2.654433250,2.649774551
12,exact_results.FP128.div,4,0,toward_zero,1048576,2.550095558,2.545820236
12,exact_results.FP128.div,4,1,nearest_even,1048576,2.452609062,2.449937820
12,exact_results.FP128.div,5,0,nearest_even,1048576,2.442815781,2.438788414
12,exact_results.FP128.div,5,1,toward_zero,1048576,2.875260353,2.868901253
12,exact_results.FP128.div,6,0,toward_zero,1048576,2.547945976,2.542819023
12,exact_results.FP128.div,6,1,nearest_even,1048576,2.448758125,2.445820808
12,exact_results.FP128.div,7,0,nearest_even,1048576,2.433308601,2.429330826
12,exact_results.FP128.div,7,1,toward_zero,1048576,2.520514488,2.517509460
12,exact_results.FP128.div,8,0,toward_zero,1048576,2.548595428,2.544606209
12,exact_results.FP128.div,8,1,nearest_even,1048576,2.452637672,2.447949409
12,halfway_ties.FP128.div,0,0,nearest_even,1048576,3.182585716,3.175988197
12,halfway_ties.FP128.div,0,1,toward_zero,1048576,2.517456055,2.515407562
12,halfway_ties.FP128.div,1,0,toward_zero,1048576,2.551987648,2.547394753
12,halfway_ties.FP128.div,1,1,nearest_even,1048576,3.190860748,3.186297417
12,halfway_ties.FP128.div,2,0,nearest_even,1048576,3.163448334,3.157870293
12,halfway_ties.FP128.div,2,1,toward_zero,1048576,2.512288094,2.509387016
12,halfway_ties.FP128.div,3,0,toward_zero,1048576,2.550419807,2.545713425
12,halfway_ties.FP128.div,3,1,nearest_even,1048576,3.191395760,3.187396049
12,halfway_ties.FP128.div,4,0,nearest_even,1048576,3.165254593,3.159409523
12,halfway_ties.FP128.div,4,1,toward_zero,1048576,2.507003784,2.503683090
12,halfway_ties.FP128.div,5,0,toward_zero,1048576,2.549608231,2.544844627
12,halfway_ties.FP128.div,5,1,nearest_even,1048576,3.192637444,3.190149307
12,halfway_ties.FP128.div,6,0,nearest_even,1048576,3.163419724,3.159124374
12,halfway_ties.FP128.div,6,1,toward_zero,1048576,2.509717941,2.505711555
12,halfway_ties.FP128.div,7,0,toward_zero,1048576,2.552359581,2.547033310
12,halfway_ties.FP128.div,7,1,nearest_even,1048576,3.193707466,3.189880371
12,halfway_ties.FP128.div,8,0,nearest_even,1048576,3.161203384,3.156563759
12,halfway_ties.FP128.div,8,1,toward_zero,1048576,2.516157150,2.511631966
12,exact_chain.FP128.div,0,0,nearest_even,1048576,4.037261963,4.030575752
12,exact_chain.FP128.div,0,1,toward_zero,1048576,3.936383247,3.930652618
12,exact_chain.FP128.div,1,0,toward_zero,1048576,3.945422173,3.939814568
12,exact_chain.FP128.div,1,1,nearest_even,1048576,4.013393402,4.007854462
12,exact_chain.FP128.div,2,0,nearest_even,1048576,3.994542122,3.986938477
12,exact_chain.FP128.div,2,1,toward_zero,1048576,3.955140114,3.949400902
12,exact_chain.FP128.div,3,0,toward_zero,1048576,3.968458176,3.962526321
12,exact_chain.FP128.div,3,1,nearest_even,1048576,4.005568504,3.999360085
12,exact_chain.FP128.div,4,0,nearest_even,1048576,3.990109444,3.984931946
12,exact_chain.FP128.div,4,1,toward_zero,1048576,3.916682243,3.910433769
12,exact_chain.FP128.div,5,0,toward_zero,1048576,3.938150406,3.931410789
12,exact_chain.FP128.div,5,1,nearest_even,1048576,4.006372452,4.000427246
12,exact_chain.FP128.div,6,0,nearest_even,1048576,3.990921021,3.985716820
12,exact_chain.FP128.div,6,1,toward_zero,1048576,3.919652939,3.913168907
12,exact_chain.FP128.div,7,0,toward_zero,1048576,3.933994293,3.928616524
12,exact_chain.FP128.div,7,1,nearest_even,1048576,4.011359215,4.006228447
12,exact_chain.FP128.div,8,0,nearest_even,1048576,3.993100166,3.987157822
12,exact_chain.FP128.div,8,1,toward_zero,1048576,3.950676918,3.945856094
12,inexact_chain.FP128.div,0,0,toward_zero,1048576,4.047323227,4.040539742
12,inexact_chain.FP128.div,0,1,nearest_even,1048576,5.188762665,5.181661606
12,inexact_chain.FP128.div,1,0,nearest_even,1048576,5.176523209,5.168876648
12,inexact_chain.FP128.div,1,1,toward_zero,1048576,4.030650139,4.023562431
12,inexact_chain.FP128.div,2,0,toward_zero,1048576,3.934004784,3.927566528
12,inexact_chain.FP128.div,2,1,nearest_even,1048576,5.188045502,5.176610947
12,inexact_chain.FP128.div,3,0,nearest_even,1048576,5.180029869,5.171543121
12,inexact_chain.FP128.div,3,1,toward_zero,1048576,4.062887192,4.057499886
12,inexact_chain.FP128.div,4,0,toward_zero,1048576,4.081958771,4.076339722
12,inexact_chain.FP128.div,4,1,nearest_even,1048576,5.186737061,5.177670479
12,inexact_chain.FP128.div,5,0,nearest_even,1048576,5.171172142,5.163317680
12,inexact_chain.FP128.div,5,1,toward_zero,1048576,3.941123009,3.930938721
12,inexact_chain.FP128.div,6,0,toward_zero,1048576,3.938113213,3.932085991
12,inexact_chain.FP128.div,6,1,nearest_even,1048576,5.202922821,5.193825722
12,inexact_chain.FP128.div,7,0,nearest_even,1048576,5.179455757,5.172346115
12,inexact_chain.FP128.div,7,1,toward_zero,1048576,3.952339172,3.947402000
12,inexact_chain.FP128.div,8,0,toward_zero,1048576,3.938600540,3.932106018
12,inexact_chain.FP128.div,8,1,nearest_even,1048576,5.205540657,5.197581291
12,throughput4096.FP128.mul_div,0,0,toward_zero,1048576,3.059789658,3.054719925
12,throughput4096.FP128.mul_div,0,1,nearest_even,1048576,4.645483971,4.637889862
12,throughput4096.FP128.mul_div,1,0,nearest_even,1048576,4.658620834,4.651255608
12,throughput4096.FP128.mul_div,1,1,toward_zero,1048576,3.080618858,3.075462341
12,throughput4096.FP128.mul_div,2,0,toward_zero,1048576,3.098925591,3.094305992
12,throughput4096.FP128.mul_div,2,1,nearest_even,1048576,4.633932114,4.625667572
12,throughput4096.FP128.mul_div,3,0,nearest_even,1048576,4.649946213,4.642886162
12,throughput4096.FP128.mul_div,3,1,toward_zero,1048576,3.091979027,3.087463379
12,throughput4096.FP128.mul_div,4,0,toward_zero,1048576,3.080218315,3.076358795
12,throughput4096.FP128.mul_div,4,1,nearest_even,1048576,4.629345894,4.621293068
12,throughput4096.FP128.mul_div,5,0,nearest_even,1048576,4.599697113,4.592216492
12,throughput4096.FP128.mul_div,5,1,toward_zero,1048576,3.087287903,3.082466125
12,throughput4096.FP128.mul_div,6,0,toward_zero,1048576,3.113706589,3.108274460
12,throughput4096.FP128.mul_div,6,1,nearest_even,1048576,4.616218567,4.610572815
12,throughput4096.FP128.mul_div,7,0,nearest_even,1048576,4.609624863,4.601953506
12,throughput4096.FP128.mul_div,7,1,toward_zero,1048576,3.068025589,3.064073563
12,throughput4096.FP128.mul_div,8,0,toward_zero,1048576,3.151151657,3.145698547
12,throughput4096.FP128.mul_div,8,1,nearest_even,1048576,4.693620682,4.686463356
12,throughput256.FP128.mul_div,0,0,toward_zero,1048576,3.120567322,3.116212845
12,throughput256.FP128.mul_div,0,1,nearest_even,1048576,4.606070518,4.599364281
12,throughput256.FP128.mul_div,1,0,nearest_even,1048576,4.609175682,4.602219582
12,throughput256.FP128.mul_div,1,1,toward_zero,1048576,3.107706070,3.103459358
12,throughput256.FP128.mul_div,2,0,toward_zero,1048576,3.093737602,3.089221954
12,throughput256.FP128.mul_div,2,1,nearest_even,1048576,4.620928764,4.614117622
12,throughput256.FP128.mul_div,3,0,nearest_even,1048576,4.608162880,4.601120949
12,throughput256.FP128.mul_div,3,1,toward_zero,1048576,3.080885887,3.076416969
12,throughput256.FP128.mul_div,4,0,toward_zero,1048576,3.132987976,3.127506256
12,throughput256.FP128.mul_div,4,1,nearest_even,1048576,4.621214867,4.613428116
12,throughput256.FP128.mul_div,5,0,nearest_even,1048576,4.590038300,4.582750320
12,throughput256.FP128.mul_div,5,1,toward_zero,1048576,3.044359207,3.039871216
12,throughput256.FP128.mul_div,6,0,toward_zero,1048576,3.077829361,3.072184563
12,throughput256.FP128.mul_div,6,1,nearest_even,1048576,4.591156006,4.585797310
12,throughput256.FP128.mul_div,7,0,nearest_even,1048576,4.617250443,4.609941483
12,throughput256.FP128.mul_div,7,1,toward_zero,1048576,3.048590660,3.044314384
12,throughput256.FP128.mul_div,8,0,toward_zero,1048576,3.142380714,3.136518478
12,throughput256.FP128.mul_div,8,1,nearest_even,1048576,4.673966408,4.667564392
12,exact_results.FP128.mul_div,0,0,nearest_even,1048576,3.106550217,3.100850105
12,exact_results.FP128.mul_div,0,1,toward_zero,1048576,3.099517822,3.095467567
12,exact_results.FP128.mul_div,1,0,toward_zero,1048576,3.123480797,3.119233131
12,exact_results.FP128.mul_div,1,1,nearest_even,1048576,3.101228714,3.097553253
12,exact_results.FP128.mul_div,2,0,nearest_even,1048576,3.095027924,3.089795113
12,exact_results.FP128.mul_div,2,1,toward_zero,1048576,3.134478569,3.129695892
12,exact_results.FP128.mul_div,3,0,toward_zero,1048576,3.135185242,3.131556511
12,exact_results.FP128.mul_div,3,1,nearest_even,1048576,3.106541634,3.101423264
12,exact_results.FP128.mul_div,4,0,nearest_even,1048576,3.108059883,3.102798462
12,exact_results.FP128.mul_div,4,1,toward_zero,1048576,3.117671967,3.113491058
12,exact_results.FP128.mul_div,5,0,toward_zero,1048576,3.108948708,3.104756355
12,exact_results.FP128.mul_div,5,1,nearest_even,1048576,3.098342896,3.092345238
12,exact_results.FP128.mul_div,6,0,nearest_even,1048576,3.107142448,3.103121758
12,exact_results.FP128.mul_div,6,1,toward_zero,1048576,3.114700317,3.110032082
12,exact_results.FP128.mul_div,7,0,toward_zero,1048576,3.077351570,3.073054314
12,exact_results.FP128.mul_div,7,1,nearest_even,1048576,3.111929893,3.105532646
12,exact_results.FP128.mul_div,8,0,nearest_even,1048576,3.109588623,3.105464935
12,exact_results.FP128.mul_div,8,1,toward_zero,1048576,3.063477516,3.059334755
12,halfway_ties.FP128.mul_div,0,0,nearest_even,1048576,4.708774567,4.700498581
12,halfway_ties.FP128.mul_div,0,1,toward_zero,1048576,3.144405365,3.139163971
12,halfway_ties.FP128.mul_div,1,0,toward_zero,1048576,3.103082657,3.098213196
12,halfway_ties.FP128.mul_div,1,1,nearest_even,1048576,4.663465500,4.656653404
12,halfway_ties.FP128.mul_div,2,0,nearest_even,1048576,4.613074303,4.605184555
12,halfway_ties.FP128.mul_div,2,1,toward_zero,1048576,3.064796448,3.060278893
12,halfway_ties.FP128.mul_div,3,0,toward_zero,1048576,3.083141327,3.079046249
12,halfway_ties.FP128.mul_div,3,1,nearest_even,1048576,4.667794228,4.660246849
12,halfway_ties.FP128.mul_div,4,0,nearest_even,1048576,4.583961487,4.577427864
12,halfway_ties.FP128.mul_div,4,1,toward_zero,1048576,3.067223549,3.060788155
12,halfway_ties.FP128.mul_div,5,0,toward_zero,1048576,3.089189529,3.082924843
12,halfway_ties.FP128.mul_div,5,1,nearest_even,1048576,4.678667068,4.671474457
12,halfway_ties.FP128.mul_div,6,0,nearest_even,1048576,4.663781166,4.654818535
12,halfway_ties.FP128.mul_div,6,1,toward_zero,1048576,3.054754257,3.048069000
12,halfway_ties.FP128.mul_div,7,0,toward_zero,1048576,3.089886665,3.085410118
12,halfway_ties.FP128.mul_div,7,1,nearest_even,1048576,4.666609764,4.658736229
12,halfway_ties.FP128.mul_div,8,0,nearest_even,1048576,4.627798080,4.620166779
12,halfway_ties.FP128.mul_div,8,1,toward_zero,1048576,3.119086266,3.115173340
12,exact_chain.FP128.mul_div,0,0,toward_zero,1048576,3.788218498,3.783079147
12,exact_chain.FP128.mul_div,0,1,nearest_even,1048576,3.785781860,3.780480385
12,exact_chain.FP128.mul_div,1,0,nearest_even,1048576,3.793140411,3.786098480
12,exact_chain.FP128.mul_div,1,1,toward_zero,1048576,3.812267303,3.806603432
12,exact_chain.FP128.mul_div,2,0,toward_zero,1048576,3.810376167,3.804911613
12,exact_chain.FP128.mul_div,2,1,nearest_even,1048576,3.794525146,3.790076256
12,exact_chain.FP128.mul_div,3,0,nearest_even,1048576,3.785457611,3.779852867
12,exact_chain.FP128.mul_div,3,1,toward_zero,1048576,3.806382179,3.801578522
12,exact_chain.FP128.mul_div,4,0,toward_zero,1048576,3.811121941,3.804693222
12,exact_chain.FP128.mul_div,4,1,nearest_even,1048576,3.797582626,3.791737556
12,exact_chain.FP128.mul_div,5,0,nearest_even,1048576,3.789729118,3.784045219
12,exact_chain.FP128.mul_div,5,1,toward_zero,1048576,3.813796997,3.807798386
12,exact_chain.FP128.mul_div,6,0,toward_zero,1048576,3.809496880,3.803737640
12,exact_chain.FP128.mul_div,6,1,nearest_even,1048576,3.802187920,3.796916962
12,exact_chain.FP128.mul_div,7,0,nearest_even,1048576,3.785448074,3.779566765
12,exact_chain.FP128.mul_div,7,1,toward_zero,1048576,3.811580658,3.805982590
12,exact_chain.FP128.mul_div,8,0,toward_zero,1048576,3.808532715,3.803633690
12,exact_chain.FP128.mul_div,8,1,nearest_even,1048576,3.800268173,3.794889450
12,inexact_chain.FP128.mul_div,0,0,nearest_even,1048576,4.887685776,4.879859924
12,inexact_chain.FP128.mul_div,0,1,toward_zero,1048576,3.804013252,3.797269821
12,inexact_chain.FP128.mul_div,1,0,toward_zero,1048576,3.809907913,3.804121017
12,inexact_chain.FP128.mul_div,1,1,nearest_even,1048576,4.905495644,4.898548126
12,inexact_chain.FP128.mul_div,2,0,nearest_even,1048576,4.901349068,4.894670486
12,inexact_chain.FP128.mul_div,2,1,toward_zero,1048576,3.801891327,3.796657562
12,inexact_chain.FP128.mul_div,3,0,toward_zero,1048576,3.804729462,3.800478935
12,inexact_chain.FP128.mul_div,3,1,nearest_even,1048576,4.905887604,4.898884773
12,inexact_chain.FP128.mul_div,4,0,nearest_even,1048576,4.901118279,4.892769814
12,inexact_chain.FP128.mul_div,4,1,toward_zero,1048576,3.798251152,3.791527748
12,inexact_chain.FP128.mul_div,5,0,toward_zero,1048576,3.801614761,3.796172142
12,inexact_chain.FP128.mul_div,5,1,nearest_even,1048576,4.909642220,4.902830124
12,inexact_chain.FP128.mul_div,6,0,nearest_even,1048576,4.898300171,4.888850212
12,inexact_chain.FP128.mul_div,6,1,toward_zero,1048576,3.800410271,3.793229103
12,inexact_chain.FP128.mul_div,7,0,toward_zero,1048576,3.804797173,3.798978806
12,inexact_chain.FP128.mul_div,7,1,nearest_even,1048576,4.915670395,4.908105850
12,inexact_chain.FP128.mul_div,8,0,nearest_even,1048576,4.912899971,4.905801773
12,inexact_chain.FP128.mul_div,8,1,toward_zero,1048576,3.809736252,3.804356575
12,wide_product.FP128.mul,0,0,nearest_even,1048576,6.989427567,6.978235245
12,wide_product.FP128.mul,0,1,toward_zero,1048576,6.026058197,6.016203880
12,wide_product.FP128.mul,1,0,toward_zero,1048576,6.022513390,6.012669563
12,wide_product.FP128.mul,1,1,nearest_even,1048576,6.884918213,6.873860359
12,wide_product.FP128.mul,2,0,nearest_even,1048576,6.878029823,6.867927551
12,wide_product.FP128.mul,2,1,toward_zero,1048576,6.031523705,6.023676872
12,wide_product.FP128.mul,3,0,toward_zero,1048576,6.031236649,6.020617485
12,wide_product.FP128.mul,3,1,nearest_even,1048576,6.821418762,6.812559128
12,wide_product.FP128.mul,4,0,nearest_even,1048576,6.808309555,6.798465729
12,wide_product.FP128.mul,4,1,toward_zero,1048576,6.012863159,6.003259659
12,wide_product.FP128.mul,5,0,toward_zero,1048576,6.013255119,6.003373146
12,wide_product.FP128.mul,5,1,nearest_even,1048576,6.888902664,6.878710747
12,wide_product.FP128.mul,6,0,nearest_even,1048576,6.918723106,6.909113884
12,wide_product.FP128.mul,6,1,toward_zero,1048576,6.010818481,6.001052856
12,wide_product.FP128.mul,7,0,toward_zero,1048576,6.013875961,6.003680229
12,wide_product.FP128.mul,7,1,nearest_even,1048576,6.926844597,6.916233063
12,wide_product.FP128.mul,8,0,nearest_even,1048576,6.923490524,6.911783218
12,wide_product.FP128.mul,8,1,toward_zero,1048576,6.012615204,6.001367569
12,native_by64.FP128.div,0,0,toward_zero,1048576,4.136611938,4.127747536
12,native_by64.FP128.div,0,1,nearest_even,1048576,6.298060417,6.289200783
12,native_by64.FP128.div,1,0,nearest_even,1048576,6.303258896,6.294113159
12,native_by64.FP128.div,1,1,toward_zero,1048576,4.132750511,4.125797272
12,native_by64.FP128.div,2,0,toward_zero,1048576,4.119680405,4.112534523
12,native_by64.FP128.div,2,1,nearest_even,1048576,6.292423248,6.283313751
12,native_by64.FP128.div,3,0,nearest_even,1048576,6.298892021,6.288954735
12,native_by64.FP128.div,3,1,toward_zero,1048576,4.085073471,4.079465866
12,native_by64.FP128.div,4,0,toward_zero,1048576,4.025815010,4.018965721
12,native_by64.FP128.div,4,1,nearest_even,1048576,6.298988342,6.287032127
12,native_by64.FP128.div,5,0,nearest_even,1048576,6.302551270,6.292316437
12,native_by64.FP128.div,5,1,toward_zero,1048576,4.035350800,4.029542923
12,native_by64.FP128.div,6,0,toward_zero,1048576,4.026799202,4.020657539
12,native_by64.FP128.div,6,1,nearest_even,1048576,6.289643288,6.280218124
12,native_by64.FP128.div,7,0,nearest_even,1048576,6.302121162,6.292898178
12,native_by64.FP128.div,7,1,toward_zero,1048576,3.941762924,3.935896873
12,native_by64.FP128.div,8,0,toward_zero,1048576,3.930450439,3.925080299
12,native_by64.FP128.div,8,1,nearest_even,1048576,6.294324875,6.283697128
12,native_by128.FP128.div,0,0,toward_zero,1048576,8.264135361,8.250999451
12,native_by128.FP128.div,0,1,nearest_even,1048576,10.463154793,10.446990013
12,native_by128.FP128.div,1,0,nearest_even,1048576,10.441293716,10.424578667
12,native_by128.FP128.div,1,1,toward_zero,1048576,8.248198509,8.236878395
12,native_by128.FP128.div,2,0,toward_zero,1048576,8.279365540,8.266691208
12,native_by128.FP128.div,2,1,nearest_even,1048576,10.466938019,10.450922966
12,native_by128.FP128.div,3,0,nearest_even,1048576,10.485531807,10.466526031
12,native_by128.FP128.div,3,1,toward_zero,1048576,8.269639969,8.252977371
12,native_by128.FP128.div,4,0,toward_zero,1048576,8.229691505,8.219049454
12,native_by128.FP128.div,4,1,nearest_even,1048576,10.457317352,10.441151619
12,native_by128.FP128.div,5,0,nearest_even,1048576,10.446434021,10.429016113
12,native_by128.FP128.div,5,1,toward_zero,1048576,8.181526184,8.166912079
12,native_by128.FP128.div,6,0,toward_zero,1048576,8.189064980,8.175842285
12,native_by128.FP128.div,6,1,nearest_even,1048576,10.462867737,10.445029259
12,native_by128.FP128.div,7,0,nearest_even,1048576,10.461682320,10.445139885
12,native_by128.FP128.div,7,1,toward_zero,1048576,8.266439438,8.252702713
12,native_by128.FP128.div,8,0,toward_zero,1048576,8.235280991,8.220512390
12,native_by128.FP128.div,8,1,nearest_even,1048576,10.425833702,10.410485268
12,wide_by64.FP128.div,0,0,toward_zero,1048576,6.555052757,6.545073509
12,wide_by64.FP128.div,0,1,nearest_even,1048576,8.005319595,7.990667343
12,wide_by64.FP128.div,1,0,nearest_even,1048576,7.986000061,7.975004196
12,wide_by64.FP128.div,1,1,toward_zero,1048576,6.480163574,6.470499992
12,wide_by64.FP128.div,2,0,toward_zero,1048576,6.489469528,6.477763176
12,wide_by64.FP128.div,2,1,nearest_even,1048576,7.987356186,7.974679947
12,wide_by64.FP128.div,3,0,nearest_even,1048576,7.980047226,7.966792107
12,wide_by64.FP128.div,3,1,toward_zero,1048576,6.480755806,6.472591400
12,wide_by64.FP128.div,4,0,toward_zero,1048576,6.485819817,6.474112511
12,wide_by64.FP128.div,4,1,nearest_even,1048576,7.994188309,7.980253220
12,wide_by64.FP128.div,5,0,nearest_even,1048576,7.975718498,7.962163925
12,wide_by64.FP128.div,5,1,toward_zero,1048576,6.486106873,6.474724770
12,wide_by64.FP128.div,6,0,toward_zero,1048576,6.487769127,6.477505684
12,wide_by64.FP128.div,6,1,nearest_even,1048576,7.992439270,7.980020523
12,wide_by64.FP128.div,7,0,nearest_even,1048576,7.973626137,7.960941315
12,wide_by64.FP128.div,7,1,toward_zero,1048576,6.481224060,6.470174789
12,wide_by64.FP128.div,8,0,toward_zero,1048576,6.484214783,6.473288536
12,wide_by64.FP128.div,8,1,nearest_even,1048576,7.985789299,7.972513199
12,wide_by128.FP128.div,0,0,toward_zero,1048576,12.916738510,12.895127296
12,wide_by128.FP128.div,0,1,nearest_even,1048576,14.195230484,14.172474861
12,wide_by128.FP128.div,1,0,nearest_even,1048576,14.170598984,14.148308754
12,wide_by128.FP128.div,1,1,toward_zero,1048576,12.779054642,12.759291649
12,wide_by128.FP128.div,2,0,toward_zero,1048576,12.735973358,12.714525223
12,wide_by128.FP128.div,2,1,nearest_even,1048576,14.202405930,14.180020332
12,wide_by128.FP128.div,3,0,nearest_even,1048576,14.179169655,14.157078743
12,wide_by128.FP128.div,3,1,toward_zero,1048576,12.752311707,12.733739853
12,wide_by128.FP128.div,4,0,toward_zero,1048576,12.729485512,12.709358215
12,wide_by128.FP128.div,4,1,nearest_even,1048576,14.166565895,14.143699646
12,wide_by128.FP128.div,5,0,nearest_even,1048576,14.153600693,14.129907608
12,wide_by128.FP128.div,5,1,toward_zero,1048576,12.738581657,12.714662552
12,wide_by128.FP128.div,6,0,toward_zero,1048576,12.694171906,12.672360420
12,wide_by128.FP128.div,6,1,nearest_even,1048576,14.152530670,14.128816605
12,wide_by128.FP128.div,7,0,nearest_even,1048576,14.143959999,14.123095512
12,wide_by128.FP128.div,7,1,toward_zero,1048576,12.739078522,12.719572067
12,wide_by128.FP128.div,8,0,toward_zero,1048576,12.711837769,12.690319061
12,wide_by128.FP128.div,8,1,nearest_even,1048576,14.144026756,14.119369507
12,wide_product.FP128.mul_div,0,0,toward_zero,1048576,13.031910896,13.012917519
12,wide_product.FP128.mul_div,0,1,nearest_even,1048576,13.367394447,13.344210625
12,wide_product.FP128.mul_div,1,0,nearest_even,1048576,13.351591110,13.329048157
12,wide_product.FP128.mul_div,1,1,toward_zero,1048576,12.902262688,12.881167412
12,wide_product.FP128.mul_div,2,0,toward_zero,1048576,12.897151947,12.878848076
12,wide_product.FP128.mul_div,2,1,nearest_even,1048576,13.354323387,13.331182480
12,wide_product.FP128.mul_div,3,0,nearest_even,1048576,13.365654945,13.341395378
12,wide_product.FP128.mul_div,3,1,toward_zero,1048576,12.900876999,12.880968094
12,wide_product.FP128.mul_div,4,0,toward_zero,1048576,12.895383835,12.876219749
12,wide_product.FP128.mul_div,4,1,nearest_even,1048576,13.377541542,13.358013153
12,wide_product.FP128.mul_div,5,0,nearest_even,1048576,13.387028694,13.362934113
12,wide_product.FP128.mul_div,5,1,toward_zero,1048576,12.849501610,12.831685066
12,wide_product.FP128.mul_div,6,0,toward_zero,1048576,12.893433571,12.872015953
12,wide_product.FP128.mul_div,6,1,nearest_even,1048576,13.381840706,13.361570358
12,wide_product.FP128.mul_div,7,0,nearest_even,1048576,13.385232925,13.364252090
12,wide_product.FP128.mul_div,7,1,toward_zero,1048576,12.879752159,12.860131264
12,wide_product.FP128.mul_div,8,0,toward_zero,1048576,12.881309509,12.860685349
12,wide_product.FP128.mul_div,8,1,nearest_even,1048576,13.370012283,13.346827507
12,throughput4096.FP64.mul_wide,0,0,nearest_even,1048576,2.392786980,2.388748169
12,throughput4096.FP64.mul_wide,0,1,toward_zero,1048576,2.545242310,2.543146133
12,throughput4096.FP64.mul_wide,1,0,toward_zero,1048576,2.533020973,2.528364182
12,throughput4096.FP64.mul_wide,1,1,nearest_even,1048576,2.381015778,2.378145218
12,throughput4096.FP64.mul_wide,2,0,nearest_even,1048576,2.392739296,2.388605118
12,throughput4096.FP64.mul_wide,2,1,toward_zero,1048576,2.534703255,2.530187607
12,throughput4096.FP64.mul_wide,3,0,toward_zero,1048576,2.517284393,2.515139580
12,throughput4096.FP64.mul_wide,3,1,nearest_even,1048576,2.375761032,2.371619225
12,throughput4096.FP64.mul_wide,4,0,nearest_even,1048576,2.391115189,2.388607979
12,throughput4096.FP64.mul_wide,4,1,toward_zero,1048576,2.532944679,2.528697968
12,throughput4096.FP64.mul_wide,5,0,toward_zero,1048576,2.516081810,2.511813164
12,throughput4096.FP64.mul_wide,5,1,nearest_even,1048576,2.375637054,2.372716904
12,throughput4096.FP64.mul_wide,6,0,nearest_even,1048576,2.389767647,2.385500908
12,throughput4096.FP64.mul_wide,6,1,toward_zero,1048576,2.528224945,2.525631905
12,throughput4096.FP64.mul_wide,7,0,toward_zero,1048576,2.518478394,2.513831139
12,throughput4096.FP64.mul_wide,7,1,nearest_even,1048576,2.371203423,2.368494987
12,throughput4096.FP64.mul_wide,8,0,nearest_even,1048576,2.384866714,2.380857468
12,throughput4096.FP64.mul_wide,8,1,toward_zero,1048576,2.532171249,2.530015945
12,fullrange.FP64.mul_wide,0,0,toward_zero,1048576,2.483194351,2.479480743
12,fullrange.FP64.mul_wide,0,1,nearest_even,1048576,3.032118797,3.027267456
12,fullrange.FP64.mul_wide,1,0,nearest_even,1048576,2.991941452,2.987523079
12,fullrange.FP64.mul_wide,1,1,toward_zero,1048576,2.501796722,2.497590065
12,fullrange.FP64.mul_wide,2,0,toward_zero,1048576,2.512680054,2.506935120
12,fullrange.FP64.mul_wide,2,1,nearest_even,1048576,2.998868942,2.994535446
12,fullrange.FP64.mul_wide,3,0,nearest_even,1048576,2.989190102,2.983048439
12,fullrange.FP64.mul_wide,3,1,toward_zero,1048576,2.497507095,2.493680954
12,fullrange.FP64.mul_wide,4,0,toward_zero,1048576,2.511398315,2.507820129
12,fullrange.FP64.mul_wide,4,1,nearest_even,1048576,2.998486519,2.994133949
12,fullrange.FP64.mul_wide,5,0,nearest_even,1048576,2.987336159,2.983461380
12,fullrange.FP64.mul_wide,5,1,toward_zero,1048576,2.500907898,2.496420860
12,fullrange.FP64.mul_wide,6,0,toward_zero,1048576,2.505609512,2.502920151
12,fullrange.FP64.mul_wide,6,1,nearest_even,1048576,2.999413490,2.995137215
12,fullrange.FP64.mul_wide,7,0,nearest_even,1048576,2.994177818,2.988218307
12,fullrange.FP64.mul_wide,7,1,toward_zero,1048576,2.498012543,2.495400429
12,fullrange.FP64.mul_wide,8,0,toward_zero,1048576,2.512918472,2.508958817
12,fullrange.FP64.mul_wide,8,1,nearest_even,1048576,3.005796432,3.001662254
12,throughput4096.FP64.quantize4,0,0,nearest_even,1048576,4.734437943,4.727835655
12,throughput4096.FP64.quantize4,0,1,toward_zero,1048576,3.815727234,3.809374809
12,throughput4096.FP64.quantize4,1,0,toward_zero,1048576,3.830861092,3.824644089
12,throughput4096.FP64.quantize4,1,1,nearest_even,1048576,4.733023643,4.726546288
12,throughput4096.FP64.quantize4,2,0,nearest_even,1048576,4.718729973,4.711775780
12,throughput4096.FP64.quantize4,2,1,toward_zero,1048576,3.818870544,3.813004494
12,throughput4096.FP64.quantize4,3,0,toward_zero,1048576,3.840147972,3.833559036
12,throughput4096.FP64.quantize4,3,1,nearest_even,1048576,4.737190247,4.729400635
12,throughput4096.FP64.quantize4,4,0,nearest_even,1048576,4.729698181,4.721788406
12,throughput4096.FP64.quantize4,4,1,toward_zero,1048576,3.843025208,3.836835861
12,throughput4096.FP64.quantize4,5,0,toward_zero,1048576,3.830900192,3.824882507
12,throughput4096.FP64.quantize4,5,1,nearest_even,1048576,4.739932060,4.730298996
12,throughput4096.FP64.quantize4,6,0,nearest_even,1048576,4.727482796,4.720651627
12,throughput4096.FP64.quantize4,6,1,toward_zero,1048576,3.822702408,3.817717552
12,throughput4096.FP64.quantize4,7,0,toward_zero,1048576,3.802140236,3.797490120
12,throughput4096.FP64.quantize4,7,1,nearest_even,1048576,4.715089798,4.708428383
12,throughput4096.FP64.quantize4,8,0,nearest_even,1048576,4.715643883,4.708124161
12,throughput4096.FP64.quantize4,8,1,toward_zero,1048576,3.798748016,3.792518616
12,throughput4096.FP128.quantize4,0,0,toward_zero,1048576,5.787688255,5.779086113
12,throughput4096.FP128.quantize4,0,1,nearest_even,1048576,6.891023636,6.880921364
12,throughput4096.FP128.quantize4,1,0,nearest_even,1048576,6.926700592,6.915827751
12,throughput4096.FP128.quantize4,1,1,toward_zero,1048576,5.757008553,5.747114182
12,throughput4096.FP128.quantize4,2,0,toward_zero,1048576,5.750778198,5.741259575
12,throughput4096.FP128.quantize4,2,1,nearest_even,1048576,6.535150528,6.526845932
12,throughput4096.FP128.quantize4,3,0,nearest_even,1048576,7.309700966,7.298460007
12,throughput4096.FP128.quantize4,3,1,toward_zero,1048576,5.746163368,5.736942291
12,throughput4096.FP128.quantize4,4,0,toward_zero,1048576,5.759320259,5.750234604
12,throughput4096.FP128.quantize4,4,1,nearest_even,1048576,8.147673607,8.134081841
12,throughput4096.FP128.quantize4,5,0,nearest_even,1048576,6.917642593,6.906909943
12,throughput4096.FP128.quantize4,5,1,toward_zero,1048576,5.740106583,5.731286049
12,throughput4096.FP128.quantize4,6,0,toward_zero,1048576,5.758145332,5.749477386
12,throughput4096.FP128.quantize4,6,1,nearest_even,1048576,6.945991516,6.935533524
12,throughput4096.FP128.quantize4,7,0,nearest_even,1048576,7.763127327,7.747416496
12,throughput4096.FP128.quantize4,7,1,toward_zero,1048576,5.741721153,5.732861519
12,throughput4096.FP128.quantize4,8,0,toward_zero,1048576,5.745771408,5.737314224
12,throughput4096.FP128.quantize4,8,1,nearest_even,1048576,7.249802589,7.238629341
12,parse_extra_digit.FP64,0,0,toward_zero,1048576,37.578553200,37.519900322
12,parse_extra_digit.FP64,0,1,nearest_even,1048576,38.149598122,38.089774132
12,parse_extra_digit.FP64,1,0,nearest_even,1048576,38.181538582,38.122872353
12,parse_extra_digit.FP64,1,1,toward_zero,1048576,37.623556137,37.566582680
12,parse_extra_digit.FP64,2,0,toward_zero,1048576,37.586674690,37.525721550
12,parse_extra_digit.FP64,2,1,nearest_even,1048576,38.089012146,38.029988289
12,parse_extra_digit.FP64,3,0,nearest_even,1048576,38.078339577,38.011562347
12,parse_extra_digit.FP64,3,1,toward_zero,1048576,37.532041550,37.472697258
12,parse_extra_digit.FP64,4,0,toward_zero,1048576,37.553874016,37.498320580
12,parse_extra_digit.FP64,4,1,nearest_even,1048576,38.109698296,38.048963547
12,parse_extra_digit.FP64,5,0,nearest_even,1048576,38.099970818,38.040997505
12,parse_extra_digit.FP64,5,1,toward_zero,1048576,37.560064316,37.498661041
12,parse_extra_digit.FP64,6,0,toward_zero,1048576,37.568645477,37.498322487
12,parse_extra_digit.FP64,6,1,nearest_even,1048576,38.165783882,38.097681046
12,parse_extra_digit.FP64,7,0,nearest_even,1048576,38.102149963,38.038814545
12,parse_extra_digit.FP64,7,1,toward_zero,1048576,37.643229485,37.578583717
12,parse_extra_digit.FP64,8,0,toward_zero,1048576,37.594710350,37.535606384
12,parse_extra_digit.FP64,8,1,nearest_even,1048576,38.143063545,38.078219414
12,format_2digits.FP64,0,0,toward_zero,1048576,14.766361237,14.741654396
12,format_2digits.FP64,0,1,nearest_even,1048576,16.092617035,16.068660736
12,format_2digits.FP64,1,0,nearest_even,1048576,16.089005470,16.051799774
12,format_2digits.FP64,1,1,toward_zero,1048576,14.797213554,14.774625778
12,format_2digits.FP64,2,0,toward_zero,1048576,14.800099373,14.776707649
12,format_2digits.FP64,2,1,nearest_even,1048576,16.078113556,16.049045563
12,format_2digits.FP64,3,0,nearest_even,1048576,16.062797546,16.034408569
12,format_2digits.FP64,3,1,toward_zero,1048576,14.782871246,14.759380341
12,format_2digits.FP64,4,0,toward_zero,1048576,14.782345772,14.754933357
12,format_2digits.FP64,4,1,nearest_even,1048576,16.114994049,16.087388992
12,format_2digits.FP64,5,0,nearest_even,1048576,16.058717728,16.031141281
12,format_2digits.FP64,5,1,toward_zero,1048576,14.769762039,14.746650696
12,format_2digits.FP64,6,0,toward_zero,1048576,14.773517609,14.748038292
12,format_2digits.FP64,6,1,nearest_even,1048576,16.074052811,16.050294876
12,format_2digits.FP64,7,0,nearest_even,1048576,16.070765495,16.046845436
12,format_2digits.FP64,7,1,toward_zero,1048576,14.784008980,14.760835648
12,format_2digits.FP64,8,0,toward_zero,1048576,14.807942390,14.784689903
12,format_2digits.FP64,8,1,nearest_even,1048576,16.086330414,16.058342934
12,parse_extra_digit.FP128,0,0,nearest_even,1048576,38.375919342,38.310317993
12,parse_extra_digit.FP128,0,1,toward_zero,1048576,37.656969070,37.600254059
12,parse_extra_digit.FP128,1,0,toward_zero,1048576,37.650433540,37.586685181
12,parse_extra_digit.FP128,1,1,nearest_even,1048576,38.328796387,38.264123917
12,parse_extra_digit.FP128,2,0,nearest_even,1048576,38.307518005,38.236427307
12,parse_extra_digit.FP128,2,1,toward_zero,1048576,37.619055748,37.556323051
12,parse_extra_digit.FP128,3,0,toward_zero,1048576,37.667230606,37.605243683
12,parse_extra_digit.FP128,3,1,nearest_even,1048576,38.385886192,38.325058937
12,parse_extra_digit.FP128,4,0,nearest_even,1048576,38.367664337,38.300204277
12,parse_extra_digit.FP128,4,1,toward_zero,1048576,37.638097763,37.578049660
12,parse_extra_digit.FP128,5,0,toward_zero,1048576,37.685232162,37.625478745
12,parse_extra_digit.FP128,5,1,nearest_even,1048576,38.325538635,38.259099007
12,parse_extra_digit.FP128,6,0,nearest_even,1048576,38.334605217,38.270065308
12,parse_extra_digit.FP128,6,1,toward_zero,1048576,37.614297867,37.546223640
12,parse_extra_digit.FP128,7,0,toward_zero,1048576,37.636560440,37.570272446
12,parse_extra_digit.FP128,7,1,nearest_even,1048576,38.367321014,38.302610397
12,parse_extra_digit.FP128,8,0,nearest_even,1048576,38.272615433,38.210205078
12,parse_extra_digit.FP128,8,1,toward_zero,1048576,37.621339798,37.552716255
12,format_2digits.FP128,0,0,nearest_even,1048576,15.971597672,15.946356773
12,format_2digits.FP128,0,1,toward_zero,1048576,14.636015892,14.610263824
12,format_2digits.FP128,1,0,toward_zero,1048576,14.643813133,14.621519089
12,format_2digits.FP128,1,1,nearest_even,1048576,15.991309166,15.965552330
12,format_2digits.FP128,2,0,nearest_even,1048576,15.947155952,15.921032906
12,format_2digits.FP128,2,1,toward_zero,1048576,14.652277946,14.630305290
12,format_2digits.FP128,3,0,toward_zero,1048576,14.634793282,14.610859871
12,format_2digits.FP128,3,1,nearest_even,1048576,15.974645615,15.947683334
12,format_2digits.FP128,4,0,nearest_even,1048576,15.943697929,15.917965889
12,format_2digits.FP128,4,1,toward_zero,1048576,14.620996475,14.598841667
12,format_2digits.FP128,5,0,toward_zero,1048576,14.639828682,14.615470886
12,format_2digits.FP128,5,1,nearest_even,1048576,15.956138611,15.927914619
12,format_2digits.FP128,6,0,nearest_even,1048576,15.953376770,15.926900864
12,format_2digits.FP128,6,1,toward_zero,1048576,14.626624107,14.603414536
12,format_2digits.FP128,7,0,toward_zero,1048576,14.649746895,14.618339539
12,format_2digits.FP128,7,1,nearest_even,1048576,15.979366302,15.953956604
12,format_2digits.FP128,8,0,nearest_even,1048576,15.939714432,15.911297798
12,format_2digits.FP128,8,1,toward_zero,1048576,14.663647652,14.640058517
12,throughput4096.FP64.mul,0,0,nearest_even,1048576,2.682714462,2.679319382
12,throughput4096.FP64.mul,0,1,toward_zero,1048576,2.590961456,2.587954521
12,throughput4096.FP64.mul,1,0,toward_zero,1048576,2.580001831,2.575792313
12,throughput4096.FP64.mul,1,1,nearest_even,1048576,2.663728714,2.659471512
12,throughput4096.FP64.mul,2,0,nearest_even,1048576,2.676800728,2.665892601
12,throughput4096.FP64.mul,2,1,toward_zero,1048576,2.565669060,2.561258316
12,throughput4096.FP64.mul,3,0,toward_zero,1048576,2.559144020,2.554255486
12,throughput4096.FP64.mul,3,1,nearest_even,1048576,2.647017479,2.641242027
12,throughput4096.FP64.mul,4,0,nearest_even,1048576,2.651060104,2.646639824
12,throughput4096.FP64.mul,4,1,toward_zero,1048576,2.555408478,2.552622795
12,throughput4096.FP64.mul,5,0,toward_zero,1048576,2.556267738,2.551513672
12,throughput4096.FP64.mul,5,1,nearest_even,1048576,2.648547173,2.643486023
12,throughput4096.FP64.mul,6,0,nearest_even,1048576,2.645565987,2.641507149
12,throughput4096.FP64.mul,6,1,toward_zero,1048576,2.556812286,2.554131508
12,throughput4096.FP64.mul,7,0,toward_zero,1048576,2.558475494,2.553149223
12,throughput4096.FP64.mul,7,1,nearest_even,1048576,2.653476715,2.649380684
12,throughput4096.FP64.mul,8,0,nearest_even,1048576,2.644056320,2.639628410
12,throughput4096.FP64.mul,8,1,toward_zero,1048576,2.551948547,2.549104691
12,throughput256.FP64.mul,0,0,toward_zero,1048576,2.547945976,2.542151451
12,throughput256.FP64.mul,0,1,nearest_even,1048576,2.642107010,2.634467125
12,throughput256.FP64.mul,1,0,nearest_even,1048576,2.671153069,2.666464806
12,throughput256.FP64.mul,1,1,toward_zero,1048576,2.547677994,2.544098854
12,throughput256.FP64.mul,2,0,toward_zero,1048576,2.551538467,2.546689034
12,throughput256.FP64.mul,2,1,nearest_even,1048576,2.636899948,2.631524086
12,throughput256.FP64.mul,3,0,nearest_even,1048576,2.670761108,2.668080330
12,throughput256.FP64.mul,3,1,toward_zero,1048576,2.557395935,2.552059174
12,throughput256.FP64.mul,4,0,toward_zero,1048576,2.554854393,2.550060272
12,throughput256.FP64.mul,4,1,nearest_even,1048576,2.627813339,2.623893738
12,throughput256.FP64.mul,5,0,nearest_even,1048576,2.642345428,2.639683723
12,throughput256.FP64.mul,5,1,toward_zero,1048576,2.543723106,2.539064407
12,throughput256.FP64.mul,6,0,toward_zero,1048576,2.553745270,2.550301552
12,throughput256.FP64.mul,6,1,nearest_even,1048576,2.629476547,2.626709938
12,throughput256.FP64.mul,7,0,nearest_even,1048576,2.632963181,2.628182411
12,throughput256.FP64.mul,7,1,toward_zero,1048576,2.539097786,2.533666611
12,throughput256.FP64.mul,8,0,toward_zero,1048576,2.542299271,2.538088799
12,throughput256.FP64.mul,8,1,nearest_even,1048576,2.628710747,2.625887871
12,exact_results.FP64.mul,0,0,nearest_even,1048576,2.582591057,2.578104019
12,exact_results.FP64.mul,0,1,toward_zero,1048576,2.547277451,2.544397354
12,exact_results.FP64.mul,1,0,toward_zero,1048576,2.539155960,2.534087181
12,exact_results.FP64.mul,1,1,nearest_even,1048576,2.554070473,2.548504829
12,exact_results.FP64.mul,2,0,nearest_even,1048576,2.547306061,2.544223785
12,exact_results.FP64.mul,2,1,toward_zero,1048576,2.532753944,2.527998924
12,exact_results.FP64.mul,3,0,toward_zero,1048576,2.530919075,2.526691437
12,exact_results.FP64.mul,3,1,nearest_even,1048576,2.556037903,2.552021027
12,exact_results.FP64.mul,4,0,nearest_even,1048576,2.568010330,2.546802521
12,exact_results.FP64.mul,4,1,toward_zero,1048576,2.536595345,2.531058311
12,exact_results.FP64.mul,5,0,toward_zero,1048576,2.533508301,2.529864311
12,exact_results.FP64.mul,5,1,nearest_even,1048576,2.556526184,2.550359726
12,exact_results.FP64.mul,6,0,nearest_even,1048576,2.551500320,2.546794891
12,exact_results.FP64.mul,6,1,toward_zero,1048576,2.531263351,2.528955460
12,exact_results.FP64.mul,7,0,toward_zero,1048576,2.537091255,2.529825211
12,exact_results.FP64.mul,7,1,nearest_even,1048576,2.556277275,2.551238060
12,exact_results.FP64.mul,8,0,nearest_even,1048576,2.551232338,2.548235893
12,exact_results.FP64.mul,8,1,toward_zero,1048576,2.533336639,2.529137611
12,halfway_ties.FP64.mul,0,0,toward_zero,1048576,2.554605484,2.549203873
12,halfway_ties.FP64.mul,0,1,nearest_even,1048576,2.605904579,2.602231026
12,halfway_ties.FP64.mul,1,0,nearest_even,1048576,2.608035088,2.603787422
12,halfway_ties.FP64.mul,1,1,toward_zero,1048576,2.540980339,2.537285805
12,halfway_ties.FP64.mul,2,0,toward_zero,1048576,2.535792351,2.529490471
12,halfway_ties.FP64.mul,2,1,nearest_even,1048576,2.603591919,2.599982262
12,halfway_ties.FP64.mul,3,0,nearest_even,1048576,2.607595444,2.603730202
12,halfway_ties.FP64.mul,3,1,toward_zero,1048576,2.534808159,2.531524658
12,halfway_ties.FP64.mul,4,0,toward_zero,1048576,2.533288956,2.528678894
12,halfway_ties.FP64.mul,4,1,nearest_even,1048576,2.604050636,2.600395203
12,halfway_ties.FP64.mul,5,0,nearest_even,1048576,2.599770546,2.596793175
12,halfway_ties.FP64.mul,5,1,toward_zero,1048576,2.541199684,2.536714554
12,halfway_ties.FP64.mul,6,0,toward_zero,1048576,2.538897514,2.533782005
12,halfway_ties.FP64.mul,6,1,nearest_even,1048576,2.595479965,2.591681480
12,halfway_ties.FP64.mul,7,0,nearest_even,1048576,2.604690552,2.600404739
12,halfway_ties.FP64.mul,7,1,toward_zero,1048576,2.533928871,2.529871941
12,halfway_ties.FP64.mul,8,0,toward_zero,1048576,2.532284737,2.530075073
12,halfway_ties.FP64.mul,8,1,nearest_even,1048576,2.603640556,2.597071648
12,exact_chain.FP64.mul,0,0,nearest_even,1048576,3.646074295,3.639771461
12,exact_chain.FP64.mul,0,1,toward_zero,1048576,3.715517044,3.708781242
12,exact_chain.FP64.mul,1,0,toward_zero,1048576,3.710930824,3.705067635
12,exact_chain.FP64.mul,1,1,nearest_even,1048576,3.648329735,3.641796112
12,exact_chain.FP64.mul,2,0,nearest_even,1048576,3.640913963,3.632919312
12,exact_chain.FP64.mul,2,1,toward_zero,1048576,3.708934784,3.704639435
12,exact_chain.FP64.mul,3,0,toward_zero,1048576,3.695223808,3.690773010
12,exact_chain.FP64.mul,3,1,nearest_even,1048576,3.646895409,3.638538361
12,exact_chain.FP64.mul,4,0,nearest_even,1048576,3.634016037,3.628753662
12,exact_chain.FP64.mul,4,1,toward_zero,1048576,3.705666542,3.700721741
12,exact_chain.FP64.mul,5,0,toward_zero,1048576,3.710367203,3.704696655
12,exact_chain.FP64.mul,5,1,nearest_even,1048576,3.625006676,3.618663788
12,exact_chain.FP64.mul,6,0,nearest_even,1048576,3.640762329,3.635625839
12,exact_chain.FP64.mul,6,1,toward_zero,1048576,3.707233429,3.701397896
12,exact_chain.FP64.mul,7,0,toward_zero,1048576,3.709049225,3.702764511
12,exact_chain.FP64.mul,7,1,nearest_even,1048576,3.644058228,3.638959885
12,exact_chain.FP64.mul,8,0,nearest_even,1048576,3.646418571,3.639817238
12,exact_chain.FP64.mul,8,1,toward_zero,1048576,3.708762169,3.702992439
12,inexact_chain.FP64.mul,0,0,toward_zero,1048576,3.713865280,3.707779884
12,inexact_chain.FP64.mul,0,1,nearest_even,1048576,4.711649895,4.704414368
12,inexact_chain.FP64.mul,1,0,nearest_even,1048576,4.699238777,4.692071915
12,inexact_chain.FP64.mul,1,1,toward_zero,1048576,3.711103439,3.704838753
12,inexact_chain.FP64.mul,2,0,toward_zero,1048576,3.710673332,3.704083443
12,inexact_chain.FP64.mul,2,1,nearest_even,1048576,4.692560196,4.685454369
12,inexact_chain.FP64.mul,3,0,nearest_even,1048576,4.697299004,4.689224243
12,inexact_chain.FP64.mul,3,1,toward_zero,1048576,3.703125000,3.697462082
12,inexact_chain.FP64.mul,4,0,toward_zero,1048576,3.706077576,3.701887131
12,inexact_chain.FP64.mul,4,1,nearest_even,1048576,4.692674637,4.685442924
12,inexact_chain.FP64.mul,5,0,nearest_even,1048576,4.703347206,4.686549187
12,inexact_chain.FP64.mul,5,1,toward_zero,1048576,3.705025673,3.700087547
12,inexact_chain.FP64.mul,6,0,toward_zero,1048576,3.709001541,3.699744225
12,inexact_chain.FP64.mul,6,1,nearest_even,1048576,4.698923111,4.690709114
12,inexact_chain.FP64.mul,7,0,nearest_even,1048576,4.696868896,4.689283371
12,inexact_chain.FP64.mul,7,1,toward_zero,1048576,3.703640938,3.698713303
12,inexact_chain.FP64.mul,8,0,toward_zero,1048576,3.704051971,3.697327614
12,inexact_chain.FP64.mul,8,1,nearest_even,1048576,4.690333366,4.681282997
12,throughput4096.FP64.div,0,0,toward_zero,1048576,2.430060387,2.425123215
12,throughput4096.FP64.div,0,1,nearest_even,1048576,2.279287338,2.276788712
12,throughput4096.FP64.div,1,0,nearest_even,1048576,2.308639526,2.299985886
12,throughput4096.FP64.div,1,1,toward_zero,1048576,2.459947586,2.448372841
12,throughput4096.FP64.div,2,0,toward_zero,1048576,2.443503380,2.434363365
12,throughput4096.FP64.div,2,1,nearest_even,1048576,2.283616066,2.280506134
12,throughput4096.FP64.div,3,0,nearest_even,1048576,2.299630165,2.296891212
12,throughput4096.FP64.div,3,1,toward_zero,1048576,2.457282066,2.452890396
12,throughput4096.FP64.div,4,0,toward_zero,1048576,2.447362900,2.443279266
12,throughput4096.FP64.div,4,1,nearest_even,1048576,2.285202026,2.282063484
12,throughput4096.FP64.div,5,0,nearest_even,1048576,2.301959991,2.299529076
12,throughput4096.FP64.div,5,1,toward_zero,1048576,2.456650734,2.452127457
12,throughput4096.FP64.div,6,0,toward_zero,1048576,2.444955826,2.440242767
12,throughput4096.FP64.div,6,1,nearest_even,1048576,2.287858009,2.284506798
12,throughput4096.FP64.div,7,0,nearest_even,1048576,2.300985336,2.298010826
12,throughput4096.FP64.div,7,1,toward_zero,1048576,2.462249756,2.456733704
12,throughput4096.FP64.div,8,0,toward_zero,1048576,2.441821098,2.438932419
12,throughput4096.FP64.div,8,1,nearest_even,1048576,2.289654732,2.284444809
12,throughput256.FP64.div,0,0,nearest_even,1048576,2.298568726,2.295696259
12,throughput256.FP64.div,0,1,toward_zero,1048576,2.448204994,2.443938255
12,throughput256.FP64.div,1,0,toward_zero,1048576,2.457654953,2.452852249
12,throughput256.FP64.div,1,1,nearest_even,1048576,2.284599304,2.281327248
12,throughput256.FP64.div,2,0,nearest_even,1048576,2.297871590,2.295402527
12,throughput256.FP64.div,2,1,toward_zero,1048576,2.444401741,2.439801216
12,throughput256.FP64.div,3,0,toward_zero,1048576,2.450755119,2.447502136
12,throughput256.FP64.div,3,1,nearest_even,1048576,2.283481598,2.279645920
12,throughput256.FP64.div,4,0,nearest_even,1048576,2.298807144,2.295449257
12,throughput256.FP64.div,4,1,toward_zero,1048576,2.473609924,2.468511581
12,throughput256.FP64.div,5,0,toward_zero,1048576,2.445089340,2.442210197
12,throughput256.FP64.div,5,1,nearest_even,1048576,2.284112930,2.279091835
12,throughput256.FP64.div,6,0,nearest_even,1048576,2.297163963,2.293958664
12,throughput256.FP64.div,6,1,toward_zero,1048576,2.461466789,2.455537796
12,throughput256.FP64.div,7,0,toward_zero,1048576,2.443512917,2.440412521
12,throughput256.FP64.div,7,1,nearest_even,1048576,2.284054756,2.279817581
12,throughput256.FP64.div,8,0,nearest_even,1048576,2.299953461,2.296644211
12,throughput256.FP64.div,8,1,toward_zero,1048576,2.458933830,2.454714775
12,exact_results.FP64.div,0,0,nearest_even,1048576,2.564762115,2.560029030
12,exact_results.FP64.div,0,1,toward_zero,1048576,2.574651718,2.569638252
12,exact_results.FP64.div,1,0,toward_zero,1048576,2.565975189,2.563494682
12,exact_results.FP64.div,1,1,nearest_even,1048576,2.537941933,2.533750534
12,exact_results.FP64.div,2,0,nearest_even,1048576,2.541610718,2.538031578
12,exact_results.FP64.div,2,1,toward_zero,1048576,2.557767868,2.554637909
12,exact_results.FP64.div,3,0,toward_zero,1048576,2.545690536,2.541185379
12,exact_results.FP64.div,3,1,nearest_even,1048576,2.527498245,2.523139000
12,exact_results.FP64.div,4,0,nearest_even,1048576,2.524134636,2.521017075
12,exact_results.FP64.div,4,1,toward_zero,1048576,2.558226585,2.553817749
12,exact_results.FP64.div,5,0,toward_zero,1048576,2.547142982,2.542218208
12,exact_results.FP64.div,5,1,nearest_even,1048576,2.521613121,2.517919540
12,exact_results.FP64.div,6,0,nearest_even,1048576,2.526753426,2.522953987
12,exact_results.FP64.div,6,1,toward_zero,1048576,2.544410706,2.538970947
12,exact_results.FP64.div,7,0,toward_zero,1048576,2.548174858,2.544358253
12,exact_results.FP64.div,7,1,nearest_even,1048576,2.527421951,2.523277283
12,exact_results.FP64.div,8,0,nearest_even,1048576,2.521660805,2.518348694
12,exact_results.FP64.div,8,1,toward_zero,1048576,2.558818817,2.555691719
12,halfway_ties.FP64.div,0,0,nearest_even,1048576,2.373764038,2.370511055
12,halfway_ties.FP64.div,0,1,toward_zero,1048576,2.594056129,2.589073181
12,halfway_ties.FP64.div,1,0,toward_zero,1048576,2.579982758,2.575475693
12,halfway_ties.FP64.div,1,1,nearest_even,1048576,2.348463058,2.344675064
12,halfway_ties.FP64.div,2,0,nearest_even,1048576,2.370285988,2.366535187
12,halfway_ties.FP64.div,2,1,toward_zero,1048576,2.591543198,2.586639404
12,halfway_ties.FP64.div,3,0,toward_zero,1048576,2.572196007,2.569467545
12,halfway_ties.FP64.div,3,1,nearest_even,1048576,2.355256081,2.349269867
12,halfway_ties.FP64.div,4,0,nearest_even,1048576,2.367744446,2.364330292
12,halfway_ties.FP64.div,4,1,toward_zero,1048576,2.589986801,2.584774017
12,halfway_ties.FP64.div,5,0,toward_zero,1048576,2.573255539,2.569514275
12,halfway_ties.FP64.div,5,1,nearest_even,1048576,2.342032433,2.339267731
12,halfway_ties.FP64.div,6,0,nearest_even,1048576,2.372570038,2.368111610
12,halfway_ties.FP64.div,6,1,toward_zero,1048576,2.595173836,2.592629433
12,halfway_ties.FP64.div,7,0,toward_zero,1048576,2.576829910,2.571845055
12,halfway_ties.FP64.div,7,1,nearest_even,1048576,2.347888947,2.344932556
12,halfway_ties.FP64.div,8,0,nearest_even,1048576,2.366377831,2.362015724
12,halfway_ties.FP64.div,8,1,toward_zero,1048576,2.573122025,2.568559647
12,exact_chain.FP64.div,0,0,toward_zero,1048576,3.726381302,3.720813751
12,exact_chain.FP64.div,0,1,nearest_even,1048576,3.695652962,3.689376831
12,exact_chain.FP64.div,1,0,nearest_even,1048576,3.695892334,3.690258980
12,exact_chain.FP64.div,1,1,toward_zero,1048576,3.720888138,3.713742256
12,exact_chain.FP64.div,2,0,toward_zero,1048576,3.720141411,3.714343071
12,exact_chain.FP64.div,2,1,nearest_even,1048576,3.694468498,3.686244965
12,exact_chain.FP64.div,3,0,nearest_even,1048576,3.692252159,3.685271263
12,exact_chain.FP64.div,3,1,toward_zero,1048576,3.717342377,3.709863663
12,exact_chain.FP64.div,4,0,toward_zero,1048576,3.714943886,3.707886696
12,exact_chain.FP64.div,4,1,nearest_even,1048576,3.686902046,3.681131363
12,exact_chain.FP64.div,5,0,nearest_even,1048576,3.690618515,3.683501244
12,exact_chain.FP64.div,5,1,toward_zero,1048576,3.711121559,3.705315590
12,exact_chain.FP64.div,6,0,toward_zero,1048576,3.712354660,3.706394196
12,exact_chain.FP64.div,6,1,nearest_even,1048576,3.683652878,3.679317474
12,exact_chain.FP64.div,7,0,nearest_even,1048576,3.688038826,3.682500839
12,exact_chain.FP64.div,7,1,toward_zero,1048576,3.710119247,3.704141617
12,exact_chain.FP64.div,8,0,toward_zero,1048576,3.708217621,3.702363968
12,exact_chain.FP64.div,8,1,nearest_even,1048576,3.685582161,3.680109024
12,inexact_chain.FP64.div,0,0,toward_zero,1048576,3.717926025,3.712521553
12,inexact_chain.FP64.div,0,1,nearest_even,1048576,4.794049263,4.786528587
12,inexact_chain.FP64.div,1,0,nearest_even,1048576,4.807397842,4.800117493
12,inexact_chain.FP64.div,1,1,toward_zero,1048576,3.714705467,3.710361481
12,inexact_chain.FP64.div,2,0,toward_zero,1048576,3.712182999,3.706290245
12,inexact_chain.FP64.div,2,1,nearest_even,1048576,4.830281258,4.823315620
12,inexact_chain.FP64.div,3,0,nearest_even,1048576,4.798501968,4.791002274
12,inexact_chain.FP64.div,3,1,toward_zero,1048576,3.712335587,3.705890656
12,inexact_chain.FP64.div,4,0,toward_zero,1048576,3.710673332,3.704894066
12,inexact_chain.FP64.div,4,1,nearest_even,1048576,4.810847282,4.802439690
12,inexact_chain.FP64.div,5,0,nearest_even,1048576,4.779459000,4.772532463
12,inexact_chain.FP64.div,5,1,toward_zero,1048576,3.708600044,3.702267647
12,inexact_chain.FP64.div,6,0,toward_zero,1048576,3.715202332,3.709636688
12,inexact_chain.FP64.div,6,1,nearest_even,1048576,4.830271721,4.823257446
12,inexact_chain.FP64.div,7,0,nearest_even,1048576,4.827643394,4.820734024
12,inexact_chain.FP64.div,7,1,toward_zero,1048576,3.706212044,3.700461388
12,inexact_chain.FP64.div,8,0,toward_zero,1048576,3.691153526,3.683137894
12,inexact_chain.FP64.div,8,1,nearest_even,1048576,4.780978203,4.773391724
12,throughput4096.FP64.mul_div,0,0,toward_zero,1048576,2.533928871,2.531469345
12,throughput4096.FP64.mul_div,0,1,nearest_even,1048576,2.333519936,2.328671455
12,throughput4096.FP64.mul_div,1,0,nearest_even,1048576,2.348242760,2.345744133
12,throughput4096.FP64.mul_div,1,1,toward_zero,1048576,2.566319466,2.561776161
12,throughput4096.FP64.mul_div,2,0,toward_zero,1048576,2.557032585,2.552603722
12,throughput4096.FP64.mul_div,2,1,nearest_even,1048576,2.336882591,2.333803177
12,throughput4096.FP64.mul_div,3,0,nearest_even,1048576,2.351720810,2.347532272
12,throughput4096.FP64.mul_div,3,1,toward_zero,1048576,2.557155609,2.554829597
12,throughput4096.FP64.mul_div,4,0,toward_zero,1048576,2.561655998,2.558116913
12,throughput4096.FP64.mul_div,4,1,nearest_even,1048576,2.338822365,2.336408615
12,throughput4096.FP64.mul_div,5,0,nearest_even,1048576,2.354167938,2.349260330
12,throughput4096.FP64.mul_div,5,1,toward_zero,1048576,2.568879128,2.563248634
12,throughput4096.FP64.mul_div,6,0,toward_zero,1048576,2.563157082,2.560646057
12,throughput4096.FP64.mul_div,6,1,nearest_even,1048576,2.339701653,2.334078789
12,throughput4096.FP64.mul_div,7,0,nearest_even,1048576,2.351979256,2.349961281
12,throughput4096.FP64.mul_div,7,1,toward_zero,1048576,2.567427635,2.562752724
12,throughput4096.FP64.mul_div,8,0,toward_zero,1048576,2.568736076,2.565453529
12,throughput4096.FP64.mul_div,8,1,nearest_even,1048576,2.342347145,2.338780403
12,throughput256.FP64.mul_div,0,0,toward_zero,1048576,2.575988770,2.571187019
12,throughput256.FP64.mul_div,0,1,nearest_even,1048576,2.340246201,2.337117195
12,throughput256.FP64.mul_div,1,0,nearest_even,1048576,2.347315788,2.343222618
12,throughput256.FP64.mul_div,1,1,toward_zero,1048576,2.578138351,2.575409889
12,throughput256.FP64.mul_div,2,0,toward_zero,1048576,2.568899155,2.564823151
12,throughput256.FP64.mul_div,2,1,nearest_even,1048576,2.341325760,2.335608482
12,throughput256.FP64.mul_div,3,0,nearest_even,1048576,2.345415115,2.342650414
12,throughput256.FP64.mul_div,3,1,toward_zero,1048576,2.553802490,2.551245689
12,throughput256.FP64.mul_div,4,0,toward_zero,1048576,2.571841240,2.568348885
12,throughput256.FP64.mul_div,4,1,nearest_even,1048576,2.334857941,2.330698013
12,throughput256.FP64.mul_div,5,0,nearest_even,1048576,2.348319054,2.345458031
12,throughput256.FP64.mul_div,5,1,toward_zero,1048576,2.554022789,2.549594879
12,throughput256.FP64.mul_div,6,0,toward_zero,1048576,2.565727234,2.561172485
12,throughput256.FP64.mul_div,6,1,nearest_even,1048576,2.336222649,2.333475113
12,throughput256.FP64.mul_div,7,0,nearest_even,1048576,2.348300934,2.344082832
12,throughput256.FP64.mul_div,7,1,toward_zero,1048576,2.544066429,2.541605949
12,throughput256.FP64.mul_div,8,0,toward_zero,1048576,2.559745789,2.554925919
12,throughput256.FP64.mul_div,8,1,nearest_even,1048576,2.336090088,2.333199501
12,exact_results.FP64.mul_div,0,0,toward_zero,1048576,2.601977348,2.596678734
12,exact_results.FP64.mul_div,0,1,nearest_even,1048576,2.574698448,2.571674347
12,exact_results.FP64.mul_div,1,0,nearest_even,1048576,2.565087318,2.560867310
12,exact_results.FP64.mul_div,1,1,toward_zero,1048576,2.561570168,2.556731224
12,exact_results.FP64.mul_div,2,0,toward_zero,1048576,2.568689346,2.565636635
12,exact_results.FP64.mul_div,2,1,nearest_even,1048576,2.557375908,2.552459717
12,exact_results.FP64.mul_div,3,0,nearest_even,1048576,2.555169106,2.550738335
12,exact_results.FP64.mul_div,3,1,toward_zero,1048576,2.554777145,2.549840927
12,exact_results.FP64.mul_div,4,0,toward_zero,1048576,2.563950539,2.560505867
12,exact_results.FP64.mul_div,4,1,nearest_even,1048576,2.550830841,2.546010017
12,exact_results.FP64.mul_div,5,0,nearest_even,1048576,2.561561584,2.556562424
12,exact_results.FP64.mul_div,5,1,toward_zero,1048576,2.556152344,2.552842140
12,exact_results.FP64.mul_div,6,0,toward_zero,1048576,2.549971581,2.543382645
12,exact_results.FP64.mul_div,6,1,nearest_even,1048576,2.571679115,2.566878319
12,exact_results.FP64.mul_div,7,0,nearest_even,1048576,2.566902161,2.563639641
12,exact_results.FP64.mul_div,7,1,toward_zero,1048576,2.566596985,2.561506271
12,exact_results.FP64.mul_div,8,0,toward_zero,1048576,2.567437172,2.562903404
12,exact_results.FP64.mul_div,8,1,nearest_even,1048576,2.554404259,2.550596237
12,halfway_ties.FP64.mul_div,0,0,toward_zero,1048576,2.588323593,2.584120750
12,halfway_ties.FP64.mul_div,0,1,nearest_even,1048576,2.354855537,2.349875450
12,halfway_ties.FP64.mul_div,1,0,nearest_even,1048576,2.365031242,2.359569550
12,halfway_ties.FP64.mul_div,1,1,toward_zero,1048576,2.566720963,2.563344002
12,halfway_ties.FP64.mul_div,2,0,toward_zero,1048576,2.583183289,2.578554153
12,halfway_ties.FP64.mul_div,2,1,nearest_even,1048576,2.349351883,2.344715118
12,halfway_ties.FP64.mul_div,3,0,nearest_even,1048576,2.360072136,2.356523514
12,halfway_ties.FP64.mul_div,3,1,toward_zero,1048576,2.580679893,2.576097488
12,halfway_ties.FP64.mul_div,4,0,toward_zero,1048576,2.577354431,2.574988365
12,halfway_ties.FP64.mul_div,4,1,nearest_even,1048576,2.349045753,2.344608307
12,halfway_ties.FP64.mul_div,5,0,nearest_even,1048576,2.357291222,2.353991508
12,halfway_ties.FP64.mul_div,5,1,toward_zero,1048576,2.592041016,2.585872650
12,halfway_ties.FP64.mul_div,6,0,toward_zero,1048576,2.581559181,2.577513695
12,halfway_ties.FP64.mul_div,6,1,nearest_even,1048576,2.343484879,2.339926720
12,halfway_ties.FP64.mul_div,7,0,nearest_even,1048576,2.363674164,2.359743118
12,halfway_ties.FP64.mul_div,7,1,toward_zero,1048576,2.575281143,2.572275162
12,halfway_ties.FP64.mul_div,8,0,toward_zero,1048576,2.571020126,2.565834999
12,halfway_ties.FP64.mul_div,8,1,nearest_even,1048576,2.345921516,2.341207504
12,exact_chain.FP64.mul_div,0,0,nearest_even,1048576,3.713272095,3.706707954
12,exact_chain.FP64.mul_div,0,1,toward_zero,1048576,3.711895943,3.706070900
12,exact_chain.FP64.mul_div,1,0,toward_zero,1048576,3.710272789,3.704589844
12,exact_chain.FP64.mul_div,1,1,nearest_even,1048576,3.706335068,3.701113701
12,exact_chain.FP64.mul_div,2,0,nearest_even,1048576,3.760137558,3.754157066
12,exact_chain.FP64.mul_div,2,1,toward_zero,1048576,3.809450150,3.803460121
12,exact_chain.FP64.mul_div,3,0,toward_zero,1048576,3.717734337,3.713409424
12,exact_chain.FP64.mul_div,3,1,nearest_even,1048576,3.704710960,3.697918892
12,exact_chain.FP64.mul_div,4,0,nearest_even,1048576,3.710319519,3.698169708
12,exact_chain.FP64.mul_div,4,1,toward_zero,1048576,3.709077835,3.702867508
12,exact_chain.FP64.mul_div,5,0,toward_zero,1048576,3.709498405,3.703375816
12,exact_chain.FP64.mul_div,5,1,nearest_even,1048576,3.698491096,3.691137314
12,exact_chain.FP64.mul_div,6,0,nearest_even,1048576,3.700182915,3.694977760
12,exact_chain.FP64.mul_div,6,1,toward_zero,1048576,3.706307411,3.701389313
12,exact_chain.FP64.mul_div,7,0,toward_zero,1048576,3.703039169,3.698389053
12,exact_chain.FP64.mul_div,7,1,nearest_even,1048576,3.689424515,3.684266090
12,exact_chain.FP64.mul_div,8,0,nearest_even,1048576,3.701558113,3.690305710
12,exact_chain.FP64.mul_div,8,1,toward_zero,1048576,3.705045700,3.699306488
12,inexact_chain.FP64.mul_div,0,0,toward_zero,1048576,3.709116936,3.702555656
12,inexact_chain.FP64.mul_div,0,1,nearest_even,1048576,4.824060440,4.816428185
12,inexact_chain.FP64.mul_div,1,0,nearest_even,1048576,4.876659393,4.869646072
12,inexact_chain.FP64.mul_div,1,1,toward_zero,1048576,3.707997322,3.701320648
12,inexact_chain.FP64.mul_div,2,0,toward_zero,1048576,3.708991051,3.702095985
12,inexact_chain.FP64.mul_div,2,1,nearest_even,1048576,4.843943596,4.834895134
12,inexact_chain.FP64.mul_div,3,0,nearest_even,1048576,4.841709137,4.833765984
12,inexact_chain.FP64.mul_div,3,1,toward_zero,1048576,3.701137543,3.695490837
12,inexact_chain.FP64.mul_div,4,0,toward_zero,1048576,3.705188751,3.698017120
12,inexact_chain.FP64.mul_div,4,1,nearest_even,1048576,4.757120132,4.748885155
12,inexact_chain.FP64.mul_div,5,0,nearest_even,1048576,4.841096878,4.833376884
12,inexact_chain.FP64.mul_div,5,1,toward_zero,1048576,3.702781677,3.696114540
12,inexact_chain.FP64.mul_div,6,0,toward_zero,1048576,3.702713966,3.697146416
12,inexact_chain.FP64.mul_div,6,1,nearest_even,1048576,4.756031990,4.749696732
12,inexact_chain.FP64.mul_div,7,0,nearest_even,1048576,4.820439339,4.813130379
12,inexact_chain.FP64.mul_div,7,1,toward_zero,1048576,3.703048706,3.697325706
12,inexact_chain.FP64.mul_div,8,0,toward_zero,1048576,3.704750061,3.697960854
12,inexact_chain.FP64.mul_div,8,1,nearest_even,1048576,4.818270683,4.810885429
12,throughput4096.FP128.mul,0,0,toward_zero,1048576,2.670522690,2.665903091
12,throughput4096.FP128.mul,0,1,nearest_even,1048576,2.472109795,2.469219208
12,throughput4096.FP128.mul,1,0,nearest_even,1048576,2.486661911,2.481917381
12,throughput4096.FP128.mul,1,1,toward_zero,1048576,2.707404137,2.703078270
12,throughput4096.FP128.mul,2,0,toward_zero,1048576,2.685619354,2.680864334
12,throughput4096.FP128.mul,2,1,nearest_even,1048576,2.464102745,2.461175919
12,throughput4096.FP128.mul,3,0,nearest_even,1048576,2.485936165,2.480583191
12,throughput4096.FP128.mul,3,1,toward_zero,1048576,2.709352493,2.704130173
12,throughput4096.FP128.mul,4,0,toward_zero,1048576,2.693166733,2.690744400
12,throughput4096.FP128.mul,4,1,nearest_even,1048576,2.471364021,2.466574669
12,throughput4096.FP128.mul,5,0,nearest_even,1048576,2.489290237,2.484526634
12,throughput4096.FP128.mul,5,1,toward_zero,1048576,2.706399918,2.703250885
12,throughput4096.FP128.mul,6,0,toward_zero,1048576,2.696177483,2.692234993
12,throughput4096.FP128.mul,6,1,nearest_even,1048576,2.473562241,2.469315529
12,throughput4096.FP128.mul,7,0,nearest_even,1048576,2.490216255,2.486197472
12,throughput4096.FP128.mul,7,1,toward_zero,1048576,2.702167511,2.697940826
12,throughput4096.FP128.mul,8,0,toward_zero,1048576,2.694714546,2.690419197
12,throughput4096.FP128.mul,8,1,nearest_even,1048576,2.473141670,2.469074249
12,throughput256.FP128.mul,0,0,nearest_even,1048576,2.482563019,2.479865074
12,throughput256.FP128.mul,0,1,toward_zero,1048576,2.699559212,2.695061684
12,throughput256.FP128.mul,1,0,toward_zero,1048576,2.701192856,2.692914009
12,throughput256.FP128.mul,1,1,nearest_even,1048576,2.465059280,2.461127281
12,throughput256.FP128.mul,2,0,nearest_even,1048576,2.487206459,2.483792305
12,throughput256.FP128.mul,2,1,toward_zero,1048576,2.711951256,2.708027840
12,throughput256.FP128.mul,3,0,toward_zero,1048576,2.692450523,2.688623428
12,throughput256.FP128.mul,3,1,nearest_even,1048576,2.465307236,2.462162018
12,throughput256.FP128.mul,4,0,nearest_even,1048576,2.491936684,2.488768578
12,throughput256.FP128.mul,4,1,toward_zero,1048576,2.698040009,2.692760468
12,throughput256.FP128.mul,5,0,toward_zero,1048576,2.688284874,2.685202599
12,throughput256.FP128.mul,5,1,nearest_even,1048576,2.469998360,2.466333389
12,throughput256.FP128.mul,6,0,nearest_even,1048576,2.486824989,2.481804848
12,throughput256.FP128.mul,6,1,toward_zero,1048576,2.716651917,2.712368011
12,throughput256.FP128.mul,7,0,toward_zero,1048576,2.698862076,2.694442749
12,throughput256.FP128.mul,7,1,nearest_even,1048576,2.468173981,2.465167999
12,throughput256.FP128.mul,8,0,nearest_even,1048576,2.484014511,2.480113983
12,throughput256.FP128.mul,8,1,toward_zero,1048576,2.705616951,2.700730324
12,exact_results.FP128.mul,0,0,nearest_even,1048576,2.660556793,2.656625748
12,exact_results.FP128.mul,0,1,toward_zero,1048576,2.683211327,2.678236961
12,exact_results.FP128.mul,1,0,toward_zero,1048576,2.674000740,2.667926788
12,exact_results.FP128.mul,1,1,nearest_even,1048576,2.634883881,2.632384300
12,exact_results.FP128.mul,2,0,nearest_even,1048576,2.639622688,2.635213852
12,exact_results.FP128.mul,2,1,toward_zero,1048576,2.671354294,2.667410851
12,exact_results.FP128.mul,3,0,toward_zero,1048576,2.669672012,2.665271759
12,exact_results.FP128.mul,3,1,nearest_even,1048576,2.633498192,2.628046989
12,exact_results.FP128.mul,4,0,nearest_even,1048576,2.634367943,2.631544113
12,exact_results.FP128.mul,4,1,toward_zero,1048576,2.669873238,2.660592079
12,exact_results.FP128.mul,5,0,toward_zero,1048576,2.662821770,2.658509254
12,exact_results.FP128.mul,5,1,nearest_even,1048576,2.632207870,2.627844810
12,exact_results.FP128.mul,6,0,nearest_even,1048576,2.630937576,2.627646446
12,exact_results.FP128.mul,6,1,toward_zero,1048576,2.665497780,2.662013054
12,exact_results.FP128.mul,7,0,toward_zero,1048576,2.664693832,2.661211967
12,exact_results.FP128.mul,7,1,nearest_even,1048576,2.634798050,2.631450653
12,exact_results.FP128.mul,8,0,nearest_even,1048576,2.635103226,2.629650116
12,exact_results.FP128.mul,8,1,toward_zero,1048576,2.666911125,2.663829803
12,halfway_ties.FP128.mul,0,0,toward_zero,1048576,2.690463066,2.685097694
12,halfway_ties.FP128.mul,0,1,nearest_even,1048576,2.478483200,2.475907326
12,halfway_ties.FP128.mul,1,0,nearest_even,1048576,2.483499527,2.479566574
12,halfway_ties.FP128.mul,1,1,toward_zero,1048576,2.687959671,2.683770180
12,halfway_ties.FP128.mul,2,0,toward_zero,1048576,2.678558350,2.674255371
12,halfway_ties.FP128.mul,2,1,nearest_even,1048576,2.466072083,2.463199615
12,halfway_ties.FP128.mul,3,0,nearest_even,1048576,2.487836838,2.483332634
12,halfway_ties.FP128.mul,3,1,toward_zero,1048576,2.695030212,2.689942360
12,halfway_ties.FP128.mul,4,0,toward_zero,1048576,2.679877281,2.676375389
12,halfway_ties.FP128.mul,4,1,nearest_even,1048576,2.469693184,2.465167999
12,halfway_ties.FP128.mul,5,0,nearest_even,1048576,2.486279488,2.481757164
12,halfway_ties.FP128.mul,5,1,toward_zero,1048576,2.690788269,2.688220978
12,halfway_ties.FP128.mul,6,0,toward_zero,1048576,2.681663513,2.677281380
12,halfway_ties.FP128.mul,6,1,nearest_even,1048576,2.470466614,2.465866089
12,halfway_ties.FP128.mul,7,0,nearest_even,1048576,2.489108086,2.484612465
12,halfway_ties.FP128.mul,7,1,toward_zero,1048576,2.689661026,2.685937881
12,halfway_ties.FP128.mul,8,0,toward_zero,1048576,2.677325249,2.672629356
12,halfway_ties.FP128.mul,8,1,nearest_even,1048576,2.472138405,2.467767715
12,exact_chain.FP128.mul,0,0,nearest_even,1048576,3.723543167,3.718368530
12,exact_chain.FP128.mul,0,1,toward_zero,1048576,3.686901093,3.680350304
12,exact_chain.FP128.mul,1,0,toward_zero,1048576,3.685373306,3.679862022
12,exact_chain.FP128.mul,1,1,nearest_even,1048576,3.709096909,3.702955246
12,exact_chain.FP128.mul,2,0,nearest_even,1048576,3.706947327,3.701391220
12,exact_chain.FP128.mul,2,1,toward_zero,1048576,3.681206703,3.675962448
12,exact_chain.FP128.mul,3,0,toward_zero,1048576,3.682965279,3.676891327
12,exact_chain.FP128.mul,3,1,nearest_even,1048576,3.708236694,3.702688217
12,exact_chain.FP128.mul,4,0,nearest_even,1048576,3.704778671,3.700737953
12,exact_chain.FP128.mul,4,1,toward_zero,1048576,3.680747986,3.675580978
12,exact_chain.FP128.mul,5,0,toward_zero,1048576,3.682009697,3.675908089
12,exact_chain.FP128.mul,5,1,nearest_even,1048576,3.706574440,3.701599121
12,exact_chain.FP128.mul,6,0,nearest_even,1048576,3.705915451,3.700520515
12,exact_chain.FP128.mul,6,1,toward_zero,1048576,3.682725906,3.676736832
12,exact_chain.FP128.mul,7,0,toward_zero,1048576,3.686490059,3.681342125
12,exact_chain.FP128.mul,7,1,nearest_even,1048576,3.714237213,3.709585190
12,exact_chain.FP128.mul,8,0,nearest_even,1048576,3.711342812,3.708487511
12,exact_chain.FP128.mul,8,1,toward_zero,1048576,3.687340736,3.681745529
12,inexact_chain.FP128.mul,0,0,nearest_even,1048576,4.682364464,4.675372124
12,inexact_chain.FP128.mul,0,1,toward_zero,1048576,3.682992935,3.677902222
12,inexact_chain.FP128.mul,1,0,toward_zero,1048576,3.684436798,3.677236557
12,inexact_chain.FP128.mul,1,1,nearest_even,1048576,4.684037209,4.676967621
12,inexact_chain.FP128.mul,2,0,nearest_even,1048576,4.684285164,4.676459312
12,inexact_chain.FP128.mul,2,1,toward_zero,1048576,3.682697296,3.678917885
12,inexact_chain.FP128.mul,3,0,toward_zero,1048576,3.687216759,3.681045532
12,inexact_chain.FP128.mul,3,1,nearest_even,1048576,4.684466362,4.677941322
12,inexact_chain.FP128.mul,4,0,nearest_even,1048576,4.682718277,4.675304413
12,inexact_chain.FP128.mul,4,1,toward_zero,1048576,3.685181618,3.678561211
12,inexact_chain.FP128.mul,5,0,toward_zero,1048576,3.688286781,3.682402611
12,inexact_chain.FP128.mul,5,1,nearest_even,1048576,4.687552452,4.679098129
12,inexact_chain.FP128.mul,6,0,nearest_even,1048576,4.682824135,4.675714493
12,inexact_chain.FP128.mul,6,1,toward_zero,1048576,3.686758041,3.681526184
12,inexact_chain.FP128.mul,7,0,toward_zero,1048576,3.684914589,3.680624962
12,inexact_chain.FP128.mul,7,1,nearest_even,1048576,4.686244011,4.678380013
12,inexact_chain.FP128.mul,8,0,nearest_even,1048576,4.682260513,4.675245285
12,inexact_chain.FP128.mul,8,1,toward_zero,1048576,3.690130234,3.683815956
12,throughput4096.FP128.div,0,0,nearest_even,1048576,3.106645584,3.102073669
12,throughput4096.FP128.div,0,1,toward_zero,1048576,2.359995842,2.357210159
12,throughput4096.FP128.div,1,0,toward_zero,1048576,2.413730621,2.408632278
12,throughput4096.FP128.div,1,1,nearest_even,1048576,3.184612274,3.177391052
12,throughput4096.FP128.div,2,0,nearest_even,1048576,3.149880409,3.143301964
12,throughput4096.FP128.div,2,1,toward_zero,1048576,2.370763779,2.367691994
12,throughput4096.FP128.div,3,0,toward_zero,1048576,2.415068626,2.410812378
12,throughput4096.FP128.div,3,1,nearest_even,1048576,3.186360359,3.181252480
12,throughput4096.FP128.div,4,0,nearest_even,1048576,3.157925606,3.152804375
12,throughput4096.FP128.div,4,1,toward_zero,1048576,2.380184174,2.375230789
12,throughput4096.FP128.div,5,0,toward_zero,1048576,2.416081429,2.413134575
12,throughput4096.FP128.div,5,1,nearest_even,1048576,3.193861008,3.187902451
12,throughput4096.FP128.div,6,0,nearest_even,1048576,3.162989616,3.158016205
12,throughput4096.FP128.div,6,1,toward_zero,1048576,2.388936996,2.383890152
12,throughput4096.FP128.div,7,0,toward_zero,1048576,2.415412903,2.412694931
12,throughput4096.FP128.div,7,1,nearest_even,1048576,3.195734024,3.191752434
12,throughput4096.FP128.div,8,0,nearest_even,1048576,3.164097786,3.154489517
12,throughput4096.FP128.div,8,1,toward_zero,1048576,2.379983902,2.377246857
12,throughput256.FP128.div,0,0,nearest_even,1048576,3.196421623,3.190834045
12,throughput256.FP128.div,0,1,toward_zero,1048576,2.383146286,2.379607201
12,throughput256.FP128.div,1,0,toward_zero,1048576,2.418383598,2.413275719
12,throughput256.FP128.div,1,1,nearest_even,1048576,3.199269295,3.194828987
12,throughput256.FP128.div,2,0,nearest_even,1048576,3.157668114,3.152129173
12,throughput256.FP128.div,2,1,toward_zero,1048576,2.377136230,2.372612953
12,throughput256.FP128.div,3,0,toward_zero,1048576,2.417572021,2.413908005
12,throughput256.FP128.div,3,1,nearest_even,1048576,3.201017380,3.195298195
12,throughput256.FP128.div,4,0,nearest_even,1048576,3.154993057,3.151135445
12,throughput256.FP128.div,4,1,toward_zero,1048576,2.372244835,2.367654800
12,throughput256.FP128.div,5,0,toward_zero,1048576,2.413205147,2.409952164
12,throughput256.FP128.div,5,1,nearest_even,1048576,3.198838234,3.193836212
12,throughput256.FP128.div,6,0,nearest_even,1048576,3.161031723,3.155417442
12,throughput256.FP128.div,6,1,toward_zero,1048576,2.369444847,2.365917206
12,throughput256.FP128.div,7,0,toward_zero,1048576,2.416636467,2.412217140
12,throughput256.FP128.div,7,1,nearest_even,1048576,3.201179504,3.192925453
12,throughput256.FP128.div,8,0,nearest_even,1048576,3.160295486,3.156506538
12,throughput256.FP128.div,8,1,toward_zero,1048576,2.375283241,2.370988846
12,exact_results.FP128.div,0,0,toward_zero,1048576,2.549808502,2.546898842
12,exact_results.FP128.div,0,1,nearest_even,1048576,2.448299408,2.443478584
12,exact_results.FP128.div,1,0,nearest_even,1048576,2.424958229,2.421904564
12,exact_results.FP128.div,1,1,toward_zero,1048576,2.528282166,2.523911476
12,exact_results.FP128.div,2,0,toward_zero,1048576,2.549665451,2.544836044
12,exact_results.FP128.div,2,1,nearest_even,1048576,2.453783989,2.451947212
12,exact_results.FP128.div,3,0,nearest_even,1048576,2.430193901,2.425937653
12,exact_results.FP128.div,3,1,toward_zero,1048576,2.530097961,2.525675774
12,exact_results.FP128.div,4,0,toward_zero,1048576,2.546320915,2.543574333
12,exact_results.FP128.div,4,1,nearest_even,1048576,2.454758644,2.450600624
12,exact_results.FP128.div,5,0,nearest_even,1048576,2.429639816,2.426624298
12,exact_results.FP128.div,5,1,toward_zero,1048576,2.522625923,2.519074440
12,exact_results.FP128.div,6,0,toward_zero,1048576,2.549818993,2.545267105
12,exact_results.FP128.div,6,1,nearest_even,1048576,2.450726509,2.448171616
12,exact_results.FP128.div,7,0,nearest_even,1048576,2.436948776,2.431696892
12,exact_results.FP128.div,7,1,toward_zero,1048576,2.899013519,2.894384384
12,exact_results.FP128.div,8,0,toward_zero,1048576,2.548403740,2.545666695
12,exact_results.FP128.div,8,1,nearest_even,1048576,2.454013824,2.449852943
12,halfway_ties.FP128.div,0,0,toward_zero,1048576,2.535095215,2.531994820
12,halfway_ties.FP128.div,0,1,nearest_even,1048576,3.195648193,3.189373970
12,halfway_ties.FP128.div,1,0,nearest_even,1048576,3.165588379,3.161312103
12,halfway_ties.FP128.div,1,1,toward_zero,1048576,2.717913628,2.713753700
12,halfway_ties.FP128.div,2,0,toward_zero,1048576,2.548844337,2.544432640
12,halfway_ties.FP128.div,2,1,nearest_even,1048576,3.194081306,3.189297676
12,halfway_ties.FP128.div,3,0,nearest_even,1048576,3.160362244,3.155694962
12,halfway_ties.FP128.div,3,1,toward_zero,1048576,2.620025635,2.615483284
12,halfway_ties.FP128.div,4,0,toward_zero,1048576,2.547658920,2.542837143
12,halfway_ties.FP128.div,4,1,nearest_even,1048576,3.198466301,3.193769455
12,halfway_ties.FP128.div,5,0,nearest_even,1048576,3.165178299,3.160739899
12,halfway_ties.FP128.div,5,1,toward_zero,1048576,3.091386795,3.085800171
12,halfway_ties.FP128.div,6,0,toward_zero,1048576,2.545528412,2.542150497
12,halfway_ties.FP128.div,6,1,nearest_even,1048576,3.196822166,3.189986229
12,halfway_ties.FP128.div,7,0,nearest_even,1048576,3.164098740,3.158826828
12,halfway_ties.FP128.div,7,1,toward_zero,1048576,2.784672737,2.780911446
12,halfway_ties.FP128.div,8,0,toward_zero,1048576,2.551022530,2.546718597
12,halfway_ties.FP128.div,8,1,nearest_even,1048576,3.191864014,3.186680794
12,exact_chain.FP128.div,0,0,toward_zero,1048576,3.997657776,3.989670753
12,exact_chain.FP128.div,0,1,nearest_even,1048576,4.023493767,4.017830849
12,exact_chain.FP128.div,1,0,nearest_even,1048576,4.000658035,3.993983269
12,exact_chain.FP128.div,1,1,toward_zero,1048576,3.928539276,3.922702789
12,exact_chain.FP128.div,2,0,toward_zero,1048576,3.952692986,3.946542740
12,exact_chain.FP128.div,2,1,nearest_even,1048576,4.018486977,4.011302948
12,exact_chain.FP128.div,3,0,nearest_even,1048576,3.990931511,3.985429764
12,exact_chain.FP128.div,3,1,toward_zero,1048576,3.925863266,3.919254303
12,exact_chain.FP128.div,4,0,toward_zero,1048576,3.942842484,3.936967850
12,exact_chain.FP128.div,4,1,nearest_even,1048576,4.014521599,4.008397102
12,exact_chain.FP128.div,5,0,nearest_even,1048576,3.991017342,3.985527039
12,exact_chain.FP128.div,5,1,toward_zero,1048576,3.927307129,3.919243813
12,exact_chain.FP128.div,6,0,toward_zero,1048576,4.091417313,4.085057259
12,exact_chain.FP128.div,6,1,nearest_even,1048576,4.010757446,4.005578041
12,exact_chain.FP128.div,7,0,nearest_even,1048576,3.992612839,3.986709595
12,exact_chain.FP128.div,7,1,toward_zero,1048576,3.932352066,3.925799370
12,exact_chain.FP128.div,8,0,toward_zero,1048576,3.940959930,3.935236931
12,exact_chain.FP128.div,8,1,nearest_even,1048576,4.017350197,4.004892349
12,inexact_chain.FP128.div,0,0,toward_zero,1048576,4.090500832,4.084117889
12,inexact_chain.FP128.div,0,1,nearest_even,1048576,5.202636719,5.195051193
12,inexact_chain.FP128.div,1,0,nearest_even,1048576,5.187959671,5.179399490
12,inexact_chain.FP128.div,1,1,toward_zero,1048576,4.067712784,4.062526703
12,inexact_chain.FP128.div,2,0,toward_zero,1048576,4.088580132,4.082631111
12,inexact_chain.FP128.div,2,1,nearest_even,1048576,5.198260307,5.189593315
12,inexact_chain.FP128.div,3,0,nearest_even,1048576,5.173265457,5.166851997
12,inexact_chain.FP128.div,3,1,toward_zero,1048576,4.071821213,4.066289902
12,inexact_chain.FP128.div,4,0,toward_zero,1048576,4.090433121,4.084205627
12,inexact_chain.FP128.div,4,1,nearest_even,1048576,5.187176704,5.178660393
12,inexact_chain.FP128.div,5,0,nearest_even,1048576,5.173437119,5.166334152
12,inexact_chain.FP128.div,5,1,toward_zero,1048576,4.071333885,4.065190315
12,inexact_chain.FP128.div,6,0,toward_zero,1048576,4.085274696,4.080173492
12,inexact_chain.FP128.div,6,1,nearest_even,1048576,5.183995247,5.176962852
12,inexact_chain.FP128.div,7,0,nearest_even,1048576,5.179274559,5.170742989
12,inexact_chain.FP128.div,7,1,toward_zero,1048576,4.064034462,4.058293343
12,inexact_chain.FP128.div,8,0,toward_zero,1048576,4.085216522,4.079523087
12,inexact_chain.FP128.div,8,1,nearest_even,1048576,5.197543144,5.188952446
12,throughput4096.FP128.mul_div,0,0,toward_zero,1048576,2.927065849,2.923152924
12,throughput4096.FP128.mul_div,0,1,nearest_even,1048576,4.432729721,4.427791595
12,throughput4096.FP128.mul_div,1,0,nearest_even,1048576,4.453463554,4.446259499
12,throughput4096.FP128.mul_div,1,1,toward_zero,1048576,2.911357880,2.906727791
12,throughput4096.FP128.mul_div,2,0,toward_zero,1048576,2.964051247,2.960426331
12,throughput4096.FP128.mul_div,2,1,nearest_even,1048576,4.482089996,4.474380493
12,throughput4096.FP128.mul_div,3,0,nearest_even,1048576,4.446229935,4.440462112
12,throughput4096.FP128.mul_div,3,1,toward_zero,1048576,3.010506630,3.003985405
12,throughput4096.FP128.mul_div,4,0,toward_zero,1048576,2.949786186,2.945339203
12,throughput4096.FP128.mul_div,4,1,nearest_even,1048576,4.495465279,4.489408493
12,throughput4096.FP128.mul_div,5,0,nearest_even,1048576,4.447854996,4.440001488
12,throughput4096.FP128.mul_div,5,1,toward_zero,1048576,2.906446457,2.902160645
12,throughput4096.FP128.mul_div,6,0,toward_zero,1048576,3.002308846,2.998347282
12,throughput4096.FP128.mul_div,6,1,nearest_even,1048576,4.493917465,4.485691071
12,throughput4096.FP128.mul_div,7,0,nearest_even,1048576,4.473872185,4.465570450
12,throughput4096.FP128.mul_div,7,1,toward_zero,1048576,2.923951149,2.919923782
12,throughput4096.FP128.mul_div,8,0,toward_zero,1048576,2.990517616,2.986252785
12,throughput4096.FP128.mul_div,8,1,nearest_even,1048576,4.483055115,4.475591660
12,throughput256.FP128.mul_div,0,0,nearest_even,1048576,4.441692352,4.436352730
12,throughput256.FP128.mul_div,0,1,toward_zero,1048576,2.986849785,2.982226372
12,throughput256.FP128.mul_div,1,0,toward_zero,1048576,2.989199638,2.983105659
12,throughput256.FP128.mul_div,1,1,nearest_even,1048576,4.486417770,4.480742455
12,throughput256.FP128.mul_div,2,0,nearest_even,1048576,4.443727493,4.431524277
12,throughput256.FP128.mul_div,2,1,toward_zero,1048576,2.967032433,2.962162971
12,throughput256.FP128.mul_div,3,0,toward_zero,1048576,2.991253853,2.986997604
12,throughput256.FP128.mul_div,3,1,nearest_even,1048576,4.437239647,4.430314064
12,throughput256.FP128.mul_div,4,0,nearest_even,1048576,4.412770271,4.406723022
12,throughput256.FP128.mul_div,4,1,toward_zero,1048576,3.032320023,3.026264191
12,throughput256.FP128.mul_div,5,0,toward_zero,1048576,2.989553452,2.986069679
12,throughput256.FP128.mul_div,5,1,nearest_even,1048576,4.417222023,4.411500931
12,throughput256.FP128.mul_div,6,0,nearest_even,1048576,4.402010918,4.393871307
12,throughput256.FP128.mul_div,6,1,toward_zero,1048576,2.970845222,2.966385841
12,throughput256.FP128.mul_div,7,0,toward_zero,1048576,2.980171204,2.974834442
12,throughput256.FP128.mul_div,7,1,nearest_even,1048576,4.440784454,4.433209419
12,throughput256.FP128.mul_div,8,0,nearest_even,1048576,4.418388367,4.411461830
12,throughput256.FP128.mul_div,8,1,toward_zero,1048576,2.970424652,2.965566635
12,exact_results.FP128.mul_div,0,0,toward_zero,1048576,2.986256599,2.980480194
12,exact_results.FP128.mul_div,0,1,nearest_even,1048576,3.020234108,3.015277863
12,exact_results.FP128.mul_div,1,0,nearest_even,1048576,3.017777443,3.012697220
12,exact_results.FP128.mul_div,1,1,toward_zero,1048576,2.970501900,2.966367722
12,exact_results.FP128.mul_div,2,0,toward_zero,1048576,2.971093178,2.966921806
12,exact_results.FP128.mul_div,2,1,nearest_even,1048576,3.014997482,3.010940552
12,exact_results.FP128.mul_div,3,0,nearest_even,1048576,3.005834579,3.001116753
12,exact_results.FP128.mul_div,3,1,toward_zero,1048576,2.972412109,2.966646194
12,exact_results.FP128.mul_div,4,0,toward_zero,1048576,2.952490807,2.948470116
12,exact_results.FP128.mul_div,4,1,nearest_even,1048576,3.018923759,3.014274597
12,exact_results.FP128.mul_div,5,0,nearest_even,1048576,3.017080307,3.012184143
12,exact_results.FP128.mul_div,5,1,toward_zero,1048576,3.034355164,3.029276848
12,exact_results.FP128.mul_div,6,0,toward_zero,1048576,2.953149796,2.948731422
12,exact_results.FP128.mul_div,6,1,nearest_even,1048576,2.989553452,2.986069679
12,exact_results.FP128.mul_div,7,0,nearest_even,1048576,2.995964050,2.990244865
12,exact_results.FP128.mul_div,7,1,toward_zero,1048576,2.960421562,2.956000328
12,exact_results.FP128.mul_div,8,0,toward_zero,1048576,3.004219055,2.999607086
12,exact_results.FP128.mul_div,8,1,nearest_even,1048576,3.008156776,3.003392220
12,halfway_ties.FP128.mul_div,0,0,nearest_even,1048576,4.484430313,4.478412628
12,halfway_ties.FP128.mul_div,0,1,toward_zero,1048576,2.961099625,2.955838203
12,halfway_ties.FP128.mul_div,1,0,toward_zero,1048576,3.003331184,2.999464989
12,halfway_ties.FP128.mul_div,1,1,nearest_even,1048576,4.428267479,4.422603607
12,halfway_ties.FP128.mul_div,2,0,nearest_even,1048576,4.403712273,4.395198822
12,halfway_ties.FP128.mul_div,2,1,toward_zero,1048576,2.948754311,2.944421768
12,halfway_ties.FP128.mul_div,3,0,toward_zero,1048576,2.959532738,2.951356888
12,halfway_ties.FP128.mul_div,3,1,nearest_even,1048576,4.442399979,4.435031891
12,halfway_ties.FP128.mul_div,4,0,nearest_even,1048576,4.432538986,4.425831795
12,halfway_ties.FP128.mul_div,4,1,toward_zero,1048576,2.975374222,2.969416618
12,halfway_ties.FP128.mul_div,5,0,toward_zero,1048576,3.034966469,3.030851364
12,halfway_ties.FP128.mul_div,5,1,nearest_even,1048576,4.493039131,4.486698151
12,halfway_ties.FP128.mul_div,6,0,nearest_even,1048576,4.420958519,4.414855957
12,halfway_ties.FP128.mul_div,6,1,toward_zero,1048576,2.960993767,2.956401825
12,halfway_ties.FP128.mul_div,7,0,toward_zero,1048576,3.047091484,3.042624474
12,halfway_ties.FP128.mul_div,7,1,nearest_even,1048576,4.481287003,4.473146439
12,halfway_ties.FP128.mul_div,8,0,nearest_even,1048576,4.424942970,4.417137146
12,halfway_ties.FP128.mul_div,8,1,toward_zero,1048576,2.942696571,2.937809944
12,exact_chain.FP128.mul_div,0,0,toward_zero,1048576,3.780049324,3.775686264
12,exact_chain.FP128.mul_div,0,1,nearest_even,1048576,3.786842346,3.782124519
12,exact_chain.FP128.mul_div,1,0,nearest_even,1048576,3.791639328,3.785268784
12,exact_chain.FP128.mul_div,1,1,toward_zero,1048576,3.811944008,3.805342674
12,exact_chain.FP128.mul_div,2,0,toward_zero,1048576,3.805961609,3.799971581
12,exact_chain.FP128.mul_div,2,1,nearest_even,1048576,3.795299530,3.790638924
12,exact_chain.FP128.mul_div,3,0,nearest_even,1048576,3.786298752,3.780952454
12,exact_chain.FP128.mul_div,3,1,toward_zero,1048576,3.806889534,3.801893234
12,exact_chain.FP128.mul_div,4,0,toward_zero,1048576,3.805704117,3.799638748
12,exact_chain.FP128.mul_div,4,1,nearest_even,1048576,3.782028198,3.775887489
12,exact_chain.FP128.mul_div,5,0,nearest_even,1048576,3.797668457,3.791996002
12,exact_chain.FP128.mul_div,5,1,toward_zero,1048576,3.814131737,3.807702065
12,exact_chain.FP128.mul_div,6,0,toward_zero,1048576,3.806917191,3.801072121
12,exact_chain.FP128.mul_div,6,1,nearest_even,1048576,3.784033775,3.778083801
12,exact_chain.FP128.mul_div,7,0,nearest_even,1048576,3.793436050,3.788451195
12,exact_chain.FP128.mul_div,7,1,toward_zero,1048576,3.810204506,3.804320335
12,exact_chain.FP128.mul_div,8,0,toward_zero,1048576,3.808551788,3.802124023
12,exact_chain.FP128.mul_div,8,1,nearest_even,1048576,3.796312332,3.790667534
12,inexact_chain.FP128.mul_div,0,0,nearest_even,1048576,4.884675026,4.877910614
12,inexact_chain.FP128.mul_div,0,1,toward_zero,1048576,3.792432785,3.786263466
12,inexact_chain.FP128.mul_div,1,0,toward_zero,1048576,3.799570084,3.794357300
12,inexact_chain.FP128.mul_div,1,1,nearest_even,1048576,4.898979187,4.890886307
12,inexact_chain.FP128.mul_div,2,0,nearest_even,1048576,4.889930725,4.882029533
12,inexact_chain.FP128.mul_div,2,1,toward_zero,1048576,3.794409752,3.787791252
12,inexact_chain.FP128.mul_div,3,0,toward_zero,1048576,3.809105873,3.793686867
12,inexact_chain.FP128.mul_div,3,1,nearest_even,1048576,4.903842926,4.896389961
12,inexact_chain.FP128.mul_div,4,0,nearest_even,1048576,4.894516945,4.887120247
12,inexact_chain.FP128.mul_div,4,1,toward_zero,1048576,3.793197632,3.788851738
12,inexact_chain.FP128.mul_div,5,0,toward_zero,1048576,3.797525406,3.791356087
12,inexact_chain.FP128.mul_div,5,1,nearest_even,1048576,4.903211594,4.893044472
12,inexact_chain.FP128.mul_div,6,0,nearest_even,1048576,4.888344765,4.881447792
12,inexact_chain.FP128.mul_div,6,1,toward_zero,1048576,3.798509598,3.792511940
12,inexact_chain.FP128.mul_div,7,0,toward_zero,1048576,3.801433563,3.795999527
12,inexact_chain.FP128.mul_div,7,1,nearest_even,1048576,4.906211853,4.898635864
12,inexact_chain.FP128.mul_div,8,0,nearest_even,1048576,4.895720482,4.887637138
12,inexact_chain.FP128.mul_div,8,1,toward_zero,1048576,3.799484253,3.793350220
12,wide_product.FP128.mul,0,0,toward_zero,1048576,6.054598808,6.043588638
12,wide_product.FP128.mul,0,1,nearest_even,1048576,6.856512070,6.845214844
12,wide_product.FP128.mul,1,0,nearest_even,1048576,6.870318413,6.858285904
12,wide_product.FP128.mul,1,1,toward_zero,1048576,6.011994362,6.002676010
12,wide_product.FP128.mul,2,0,toward_zero,1048576,6.013990402,6.002750397
12,wide_product.FP128.mul,2,1,nearest_even,1048576,6.863841057,6.854806900
12,wide_product.FP128.mul,3,0,nearest_even,1048576,6.790948868,6.780310631
12,wide_product.FP128.mul,3,1,toward_zero,1048576,6.014554024,6.002733231
12,wide_product.FP128.mul,4,0,toward_zero,1048576,6.024156570,6.013768196
12,wide_product.FP128.mul,4,1,nearest_even,1048576,6.785292625,6.775254250
12,wide_product.FP128.mul,5,0,nearest_even,1048576,6.892342567,6.883253098
12,wide_product.FP128.mul,5,1,toward_zero,1048576,6.007369041,5.998081207
12,wide_product.FP128.mul,6,0,toward_zero,1048576,6.007608414,5.997776031
12,wide_product.FP128.mul,6,1,nearest_even,1048576,6.760688782,6.749743462
12,wide_product.FP128.mul,7,0,nearest_even,1048576,6.787814140,6.777099609
12,wide_product.FP128.mul,7,1,toward_zero,1048576,6.014564514,6.004635811
12,wide_product.FP128.mul,8,0,toward_zero,1048576,6.005744934,5.996455193
12,wide_product.FP128.mul,8,1,nearest_even,1048576,6.881947517,6.869158745
12,native_by64.FP128.div,0,0,toward_zero,1048576,4.019203186,4.013078690
12,native_by64.FP128.div,0,1,nearest_even,1048576,6.288143158,6.278842926
12,native_by64.FP128.div,1,0,nearest_even,1048576,6.286003113,6.276981354
12,native_by64.FP128.div,1,1,toward_zero,1048576,4.110030174,4.103448868
12,native_by64.FP128.div,2,0,toward_zero,1048576,4.101679802,4.093931198
12,native_by64.FP128.div,2,1,nearest_even,1048576,6.277651787,6.267462730
12,native_by64.FP128.div,3,0,nearest_even,1048576,6.285209656,6.270972252
12,native_by64.FP128.div,3,1,toward_zero,1048576,4.111683846,4.105557442
12,native_by64.FP128.div,4,0,toward_zero,1048576,4.094102859,4.087721825
12,native_by64.FP128.div,4,1,nearest_even,1048576,6.278731346,6.268296242
12,native_by64.FP128.div,5,0,nearest_even,1048576,6.285859108,6.275729179
12,native_by64.FP128.div,5,1,toward_zero,1048576,4.093834877,4.087512970
12,native_by64.FP128.div,6,0,toward_zero,1048576,4.115887642,4.109974861
12,native_by64.FP128.div,6,1,nearest_even,1048576,6.275386810,6.265028000
12,native_by64.FP128.div,7,0,nearest_even,1048576,6.283423424,6.274887085
12,native_by64.FP128.div,7,1,toward_zero,1048576,4.038398743,4.032659531
12,native_by64.FP128.div,8,0,toward_zero,1048576,4.221342087,4.214770317
12,native_by64.FP128.div,8,1,nearest_even,1048576,6.279992104,6.268525124
12,native_by128.FP128.div,0,0,toward_zero,1048576,8.238041878,8.226655960
12,native_by128.FP128.div,0,1,nearest_even,1048576,10.415065765,10.396156311
12,native_by128.FP128.div,1,0,nearest_even,1048576,10.414444923,10.396950722
12,native_by128.FP128.div,1,1,toward_zero,1048576,8.279520035,8.265611649
12,native_by128.FP128.div,2,0,toward_zero,1048576,8.246909142,8.233105659
12,native_by128.FP128.div,2,1,nearest_even,1048576,10.418237686,10.400232315
12,native_by128.FP128.div,3,0,nearest_even,1048576,10.389554977,10.370992661
12,native_by128.FP128.div,3,1,toward_zero,1048576,8.224847794,8.210176468
12,native_by128.FP128.div,4,0,toward_zero,1048576,8.228018761,8.216004372
12,native_by128.FP128.div,4,1,nearest_even,1048576,10.419174194,10.400511742
12,native_by128.FP128.div,5,0,nearest_even,1048576,10.427725792,10.410574913
12,native_by128.FP128.div,5,1,toward_zero,1048576,8.249259949,8.229180336
12,native_by128.FP128.div,6,0,toward_zero,1048576,8.216134071,8.201490402
12,native_by128.FP128.div,6,1,nearest_even,1048576,10.401135445,10.386057854
12,native_by128.FP128.div,7,0,nearest_even,1048576,10.444962502,10.430380821
12,native_by128.FP128.div,7,1,toward_zero,1048576,8.277809143,8.263699532
12,native_by128.FP128.div,8,0,toward_zero,1048576,8.235730171,8.221439362
12,native_by128.FP128.div,8,1,nearest_even,1048576,10.423990250,10.403847694
12,wide_by64.FP128.div,0,0,toward_zero,1048576,6.549577713,6.539646149
12,wide_by64.FP128.div,0,1,nearest_even,1048576,8.004879951,7.991942406
12,wide_by64.FP128.div,1,0,nearest_even,1048576,7.981909752,7.969320297
12,wide_by64.FP128.div,1,1,toward_zero,1048576,6.487529755,6.469537735
12,wide_by64.FP128.div,2,0,toward_zero,1048576,6.489708900,6.479999542
12,wide_by64.FP128.div,2,1,nearest_even,1048576,7.980763435,7.969558716
12,wide_by64.FP128.div,3,0,nearest_even,1048576,7.984738350,7.970135689
12,wide_by64.FP128.div,3,1,toward_zero,1048576,6.483097076,6.471581459
12,wide_by64.FP128.div,4,0,toward_zero,1048576,6.490214348,6.480238914
12,wide_by64.FP128.div,4,1,nearest_even,1048576,7.990921021,7.976037979
12,wide_by64.FP128.div,5,0,nearest_even,1048576,7.975069046,7.962966919
12,wide_by64.FP128.div,5,1,toward_zero,1048576,6.483765602,6.472422600
12,wide_by64.FP128.div,6,0,toward_zero,1048576,6.486412048,6.476446152
12,wide_by64.FP128.div,6,1,nearest_even,1048576,7.988684654,7.976708412
12,wide_by64.FP128.div,7,0,nearest_even,1048576,7.976463318,7.963617325
12,wide_by64.FP128.div,7,1,toward_zero,1048576,6.479150772,6.468179703
12,wide_by64.FP128.div,8,0,toward_zero,1048576,6.490014076,6.479231834
12,wide_by64.FP128.div,8,1,nearest_even,1048576,7.988388062,7.975967407
12,wide_by128.FP128.div,0,0,nearest_even,1048576,14.279808044,14.257424355
12,wide_by128.FP128.div,0,1,toward_zero,1048576,12.790721893,12.771225929
12,wide_by128.FP128.div,1,0,toward_zero,1048576,12.706420898,12.684630394
12,wide_by128.FP128.div,1,1,nearest_even,1048576,14.182035446,14.159779549
12,wide_by128.FP128.div,2,0,nearest_even,1048576,14.179675102,14.155770302
12,wide_by128.FP128.div,2,1,toward_zero,1048576,12.776064873,12.757256508
12,wide_by128.FP128.div,3,0,toward_zero,1048576,12.735495567,12.716895103
12,wide_by128.FP128.div,3,1,nearest_even,1048576,14.158637047,14.136829376
12,wide_by128.FP128.div,4,0,nearest_even,1048576,14.172547340,14.151063919
12,wide_by128.FP128.div,4,1,toward_zero,1048576,12.736900330,12.716073990
12,wide_by128.FP128.div,5,0,toward_zero,1048576,12.715325356,12.697138786
12,wide_by128.FP128.div,5,1,nearest_even,1048576,14.180525780,14.160060883
12,wide_by128.FP128.div,6,0,nearest_even,1048576,14.166318893,14.143611908
12,wide_by128.FP128.div,6,1,toward_zero,1048576,12.764293671,12.743774414
12,wide_by128.FP128.div,7,0,toward_zero,1048576,12.705714226,12.684314728
12,wide_by128.FP128.div,7,1,nearest_even,1048576,14.135333061,14.114639282
12,wide_by128.FP128.div,8,0,nearest_even,1048576,14.154891014,14.134208679
12,wide_by128.FP128.div,8,1,toward_zero,1048576,12.710758209,12.691386223
12,wide_product.FP128.mul_div,0,0,nearest_even,1048576,13.301008224,13.280334473
12,wide_product.FP128.mul_div,0,1,toward_zero,1048576,12.503881454,12.484755516
12,wide_product.FP128.mul_div,1,0,toward_zero,1048576,12.476459503,12.456895828
12,wide_product.FP128.mul_div,1,1,nearest_even,1048576,13.188673973,13.169605255
12,wide_product.FP128.mul_div,2,0,nearest_even,1048576,13.190050125,13.169862747
12,wide_product.FP128.mul_div,2,1,toward_zero,1048576,12.510674477,12.492403030
12,wide_product.FP128.mul_div,3,0,toward_zero,1048576,12.483176231,12.463938713
12,wide_product.FP128.mul_div,3,1,nearest_even,1048576,13.198133469,13.177984238
12,wide_product.FP128.mul_div,4,0,nearest_even,1048576,13.208146095,13.186086655
12,wide_product.FP128.mul_div,4,1,toward_zero,1048576,12.496275902,12.475108147
12,wide_product.FP128.mul_div,5,0,toward_zero,1048576,12.495845795,12.478323936
12,wide_product.FP128.mul_div,5,1,nearest_even,1048576,13.204086304,13.182776451
12,wide_product.FP128.mul_div,6,0,nearest_even,1048576,13.196050644,13.177136421
12,wide_product.FP128.mul_div,6,1,toward_zero,1048576,12.545224190,12.517826080
12,wide_product.FP128.mul_div,7,0,toward_zero,1048576,12.522245407,12.503081322
12,wide_product.FP128.mul_div,7,1,nearest_even,1048576,13.170243263,13.149992943
12,wide_product.FP128.mul_div,8,0,nearest_even,1048576,13.178641319,13.158578873
12,wide_product.FP128.mul_div,8,1,toward_zero,1048576,12.549542427,12.519134521
12,throughput4096.FP64.mul_wide,0,0,nearest_even,1048576,2.396313667,2.392275810
12,throughput4096.FP64.mul_wide,0,1,toward_zero,1048576,2.532238007,2.529460907
12,throughput4096.FP64.mul_wide,1,0,toward_zero,1048576,2.526275635,2.521587372
12,throughput4096.FP64.mul_wide,1,1,nearest_even,1048576,2.376554489,2.374199867
12,throughput4096.FP64.mul_wide,2,0,nearest_even,1048576,2.393914223,2.389773369
12,throughput4096.FP64.mul_wide,2,1,toward_zero,1048576,2.525950432,2.523157120
12,throughput4096.FP64.mul_wide,3,0,toward_zero,1048576,2.517495155,2.513371468
12,throughput4096.FP64.mul_wide,3,1,nearest_even,1048576,2.373124123,2.369824409
12,throughput4096.FP64.mul_wide,4,0,nearest_even,1048576,2.385449409,2.382797241
12,throughput4096.FP64.mul_wide,4,1,toward_zero,1048576,2.525387764,2.520137787
12,throughput4096.FP64.mul_wide,5,0,toward_zero,1048576,2.512077332,2.509166718
12,throughput4096.FP64.mul_wide,5,1,nearest_even,1048576,2.364036560,2.359865189
12,throughput4096.FP64.mul_wide,6,0,nearest_even,1048576,2.371661186,2.368609428
12,throughput4096.FP64.mul_wide,6,1,toward_zero,1048576,2.523954391,2.519342422
12,throughput4096.FP64.mul_wide,7,0,toward_zero,1048576,2.509927750,2.505785942
12,throughput4096.FP64.mul_wide,7,1,nearest_even,1048576,2.357645035,2.354898453
12,throughput4096.FP64.mul_wide,8,0,nearest_even,1048576,2.379258156,2.375050545
12,throughput4096.FP64.mul_wide,8,1,toward_zero,1048576,2.522319794,2.519535065
12,fullrange.FP64.mul_wide,0,0,toward_zero,1048576,2.490875244,2.488177299
12,fullrange.FP64.mul_wide,0,1,nearest_even,1048576,3.000626564,2.994841576
12,fullrange.FP64.mul_wide,1,0,nearest_even,1048576,2.988750458,2.984619141
12,fullrange.FP64.mul_wide,1,1,toward_zero,1048576,2.496914864,2.493374825
12,fullrange.FP64.mul_wide,2,0,toward_zero,1048576,2.512458801,2.508090019
12,fullrange.FP64.mul_wide,2,1,nearest_even,1048576,2.994932175,2.991161346
12,fullrange.FP64.mul_wide,3,0,nearest_even,1048576,2.985951424,2.981781006
12,fullrange.FP64.mul_wide,3,1,toward_zero,1048576,2.500907898,2.496843338
12,fullrange.FP64.mul_wide,4,0,toward_zero,1048576,2.508676529,2.504247665
12,fullrange.FP64.mul_wide,4,1,nearest_even,1048576,2.996862411,2.992212296
12,fullrange.FP64.mul_wide,5,0,nearest_even,1048576,2.986151695,2.981808662
12,fullrange.FP64.mul_wide,5,1,toward_zero,1048576,2.497908592,2.494761467
12,fullrange.FP64.mul_wide,6,0,toward_zero,1048576,2.511551857,2.507723808
12,fullrange.FP64.mul_wide,6,1,nearest_even,1048576,2.993060112,2.988945007
12,fullrange.FP64.mul_wide,7,0,nearest_even,1048576,2.992562294,2.987894058
12,fullrange.FP64.mul_wide,7,1,toward_zero,1048576,2.498127937,2.493689537
12,fullrange.FP64.mul_wide,8,0,toward_zero,1048576,2.507444382,2.503425598
12,fullrange.FP64.mul_wide,8,1,nearest_even,1048576,2.998487473,2.994766235
12,throughput4096.FP64.quantize4,0,0,nearest_even,1048576,4.716570854,4.710418701
12,throughput4096.FP64.quantize4,0,1,toward_zero,1048576,3.798175812,3.791536331
12,throughput4096.FP64.quantize4,1,0,toward_zero,1048576,3.802397728,3.796436310
12,throughput4096.FP64.quantize4,1,1,nearest_even,1048576,4.715806007,4.708438873
12,throughput4096.FP64.quantize4,2,0,nearest_even,1048576,4.679144859,4.671149254
12,throughput4096.FP64.quantize4,2,1,toward_zero,1048576,3.791304588,3.785764694
12,throughput4096.FP64.quantize4,3,0,toward_zero,1048576,3.801853180,3.795623779
12,throughput4096.FP64.quantize4,3,1,nearest_even,1048576,4.721855164,4.713961601
12,throughput4096.FP64.quantize4,4,0,nearest_even,1048576,4.739625931,4.732631683
12,throughput4096.FP64.quantize4,4,1,toward_zero,1048576,3.808627129,3.802839279
12,throughput4096.FP64.quantize4,5,0,toward_zero,1048576,3.820303917,3.814085960
12,throughput4096.FP64.quantize4,5,1,nearest_even,1048576,4.738355637,4.731105804
12,throughput4096.FP64.quantize4,6,0,nearest_even,1048576,4.738890648,4.731762886
12,throughput4096.FP64.quantize4,6,1,toward_zero,1048576,3.810109138,3.805228233
12,throughput4096.FP64.quantize4,7,0,toward_zero,1048576,3.808905602,3.803071022
12,throughput4096.FP64.quantize4,7,1,nearest_even,1048576,4.717525482,4.710350990
12,throughput4096.FP64.quantize4,8,0,nearest_even,1048576,4.699888229,4.692949295
12,throughput4096.FP64.quantize4,8,1,toward_zero,1048576,3.800438881,3.794538498
12,throughput4096.FP128.quantize4,0,0,toward_zero,1048576,5.774216652,5.764879227
12,throughput4096.FP128.quantize4,0,1,nearest_even,1048576,7.977313995,7.960282326
12,throughput4096.FP128.quantize4,1,0,nearest_even,1048576,9.161014557,9.147899628
12,throughput4096.FP128.quantize4,1,1,toward_zero,1048576,5.723222733,5.714241028
12,throughput4096.FP128.quantize4,2,0,toward_zero,1048576,5.744215012,5.736042976
12,throughput4096.FP128.quantize4,2,1,nearest_even,1048576,7.366120338,7.353760719
12,throughput4096.FP128.quantize4,3,0,nearest_even,1048576,8.796781540,8.783686638
12,throughput4096.FP128.quantize4,3,1,toward_zero,1048576,5.739818573,5.731305122
12,throughput4096.FP128.quantize4,4,0,toward_zero,1048576,5.746669769,5.738479614
12,throughput4096.FP128.quantize4,4,1,nearest_even,1048576,7.749521255,7.737428665
12,throughput4096.FP128.quantize4,5,0,nearest_even,1048576,9.019596100,9.005732536
12,throughput4096.FP128.quantize4,5,1,toward_zero,1048576,5.730847359,5.721301079
12,throughput4096.FP128.quantize4,6,0,toward_zero,1048576,5.748064995,5.739492416
12,throughput4096.FP128.quantize4,6,1,nearest_even,1048576,6.508014679,6.498456955
12,throughput4096.FP128.quantize4,7,0,nearest_even,1048576,8.031871796,8.020469666
12,throughput4096.FP128.quantize4,7,1,toward_zero,1048576,5.740278244,5.730894089
12,throughput4096.FP128.quantize4,8,0,toward_zero,1048576,5.747539520,5.737268448
12,throughput4096.FP128.quantize4,8,1,nearest_even,1048576,7.267182350,7.253749847
12,parse_extra_digit.FP64,0,0,nearest_even,1048576,38.324477196,38.259456635
12,parse_extra_digit.FP64,0,1,toward_zero,1048576,37.739187241,37.675630569
12,parse_extra_digit.FP64,1,0,toward_zero,1048576,37.743448257,37.683416367
12,parse_extra_digit.FP64,1,1,nearest_even,1048576,38.273942947,38.215868950
12,parse_extra_digit.FP64,2,0,nearest_even,1048576,38.301318169,38.238172531
12,parse_extra_digit.FP64,2,1,toward_zero,1048576,37.712968826,37.655777931
12,parse_extra_digit.FP64,3,0,toward_zero,1048576,37.708057404,37.648830414
12,parse_extra_digit.FP64,3,1,nearest_even,1048576,38.277898788,38.219971657
12,parse_extra_digit.FP64,4,0,nearest_even,1048576,38.261599541,38.199112892
12,parse_extra_digit.FP64,4,1,toward_zero,1048576,37.733961105,37.666908264
12,parse_extra_digit.FP64,5,0,toward_zero,1048576,37.770526886,37.705022812
12,parse_extra_digit.FP64,5,1,nearest_even,1048576,38.300553322,38.236527443
12,parse_extra_digit.FP64,6,0,nearest_even,1048576,38.334998131,38.268962860
12,parse_extra_digit.FP64,6,1,toward_zero,1048576,37.726775169,37.664463043
12,parse_extra_digit.FP64,7,0,toward_zero,1048576,37.793524742,37.729520798
12,parse_extra_digit.FP64,7,1,nearest_even,1048576,38.373694420,38.307914734
12,parse_extra_digit.FP64,8,0,nearest_even,1048576,38.301461220,38.227330208
12,parse_extra_digit.FP64,8,1,toward_zero,1048576,37.722428322,37.660140991
12,format_2digits.FP64,0,0,nearest_even,1048576,16.081839561,16.055940628
12,format_2digits.FP64,0,1,toward_zero,1048576,14.786464691,14.756371498
12,format_2digits.FP64,1,0,toward_zero,1048576,14.813771248,14.782978058
12,format_2digits.FP64,1,1,nearest_even,1048576,16.095693588,16.071376801
12,format_2digits.FP64,2,0,nearest_even,1048576,16.084572792,16.058181763
12,format_2digits.FP64,2,1,toward_zero,1048576,14.773050308,14.749630928
12,format_2digits.FP64,3,0,toward_zero,1048576,14.792054176,14.767508507
12,format_2digits.FP64,3,1,nearest_even,1048576,16.098368645,16.062041283
12,format_2digits.FP64,4,0,nearest_even,1048576,16.080129623,16.055944443
12,format_2digits.FP64,4,1,toward_zero,1048576,14.808010101,14.780406952
12,format_2digits.FP64,5,0,toward_zero,1048576,14.811478615,14.783721924
12,format_2digits.FP64,5,1,nearest_even,1048576,16.114239693,16.083834648
12,format_2digits.FP64,6,0,nearest_even,1048576,16.079135895,16.049377441
12,format_2digits.FP64,6,1,toward_zero,1048576,14.762940407,14.737210274
12,format_2digits.FP64,7,0,toward_zero,1048576,14.780789375,14.757333755
12,format_2digits.FP64,7,1,nearest_even,1048576,16.078791618,16.052062035
12,format_2digits.FP64,8,0,nearest_even,1048576,16.067316055,16.039006233
12,format_2digits.FP64,8,1,toward_zero,1048576,14.758507729,14.735718727
12,parse_extra_digit.FP128,0,0,nearest_even,1048576,38.508625984,38.451880455
12,parse_extra_digit.FP128,0,1,toward_zero,1048576,37.764908791,37.701571465
12,parse_extra_digit.FP128,1,0,toward_zero,1048576,37.795502663,37.733065605
12,parse_extra_digit.FP128,1,1,nearest_even,1048576,38.384634972,38.322362900
12,parse_extra_digit.FP128,2,0,nearest_even,1048576,38.387022972,38.325958252
12,parse_extra_digit.FP128,2,1,toward_zero,1048576,37.770812988,37.710741043
12,parse_extra_digit.FP128,3,0,toward_zero,1048576,37.757035255,37.695428848
12,parse_extra_digit.FP128,3,1,nearest_even,1048576,38.387328148,38.324675560
12,parse_extra_digit.FP128,4,0,nearest_even,1048576,38.407747269,38.342549324
12,parse_extra_digit.FP128,4,1,toward_zero,1048576,37.788890839,37.732008934
12,parse_extra_digit.FP128,5,0,toward_zero,1048576,37.794738770,37.727086067
12,parse_extra_digit.FP128,5,1,nearest_even,1048576,38.391093254,38.326535225
12,parse_extra_digit.FP128,6,0,nearest_even,1048576,38.347456932,38.287268639
12,parse_extra_digit.FP128,6,1,toward_zero,1048576,37.737380981,37.673954010
12,parse_extra_digit.FP128,7,0,toward_zero,1048576,37.734199524,37.673598289
12,parse_extra_digit.FP128,7,1,nearest_even,1048576,38.404126167,38.344545364
12,parse_extra_digit.FP128,8,0,nearest_even,1048576,38.485627174,38.414885521
12,parse_extra_digit.FP128,8,1,toward_zero,1048576,37.783549309,37.717955589
12,format_2digits.FP128,0,0,toward_zero,1048576,14.718463898,14.696296692
12,format_2digits.FP128,0,1,nearest_even,1048576,16.072093964,16.046133041
12,format_2digits.FP128,1,0,nearest_even,1048576,16.020050049,15.992953300
12,format_2digits.FP128,1,1,toward_zero,1048576,14.714068413,14.692196846
12,format_2digits.FP128,2,0,toward_zero,1048576,14.729193687,14.700408936
12,format_2digits.FP128,2,1,nearest_even,1048576,16.048542023,16.022317886
12,format_2digits.FP128,3,0,nearest_even,1048576,16.035890579,16.008456230
12,format_2digits.FP128,3,1,toward_zero,1048576,14.736178398,14.710792542
12,format_2digits.FP128,4,0,toward_zero,1048576,14.754150391,14.729701042
12,format_2digits.FP128,4,1,nearest_even,1048576,16.052420616,16.021812439
12,format_2digits.FP128,5,0,nearest_even,1048576,16.016867638,15.994412422
12,format_2digits.FP128,5,1,toward_zero,1048576,14.742733002,14.720499039
12,format_2digits.FP128,6,0,toward_zero,1048576,14.727101326,14.699477196
12,format_2digits.FP128,6,1,nearest_even,1048576,16.028935432,15.999525070
12,format_2digits.FP128,7,0,nearest_even,1048576,16.018645287,15.989854813
12,format_2digits.FP128,7,1,toward_zero,1048576,14.713150978,14.687862396
12,format_2digits.FP128,8,0,toward_zero,1048576,14.718797684,14.694953918
12,format_2digits.FP128,8,1,nearest_even,1048576,16.040965080,16.012671471
