digits,workload,pair_index,order_slot,mode,iterations,ns_per_op,cpu_ns_per_op
12,throughput4096.FP64.mul,0,0,nearest_even,1048576,2.781398773,2.777299881
12,throughput4096.FP64.mul,0,1,toward_zero,1048576,2.575170517,2.565836906
12,throughput4096.FP64.mul,1,0,toward_zero,1048576,2.560293198,2.549184799
12,throughput4096.FP64.mul,1,1,nearest_even,1048576,2.763493538,2.759517670
12,throughput4096.FP64.mul,2,0,nearest_even,1048576,2.762480736,2.758821487
12,throughput4096.FP64.mul,2,1,toward_zero,1048576,2.557408333,2.552746773
12,throughput4096.FP64.mul,3,0,toward_zero,1048576,2.548321724,2.542342186
12,throughput4096.FP64.mul,3,1,nearest_even,1048576,2.778082848,2.773707390
12,throughput4096.FP64.mul,4,0,nearest_even,1048576,2.767592430,2.764468193
12,throughput4096.FP64.mul,4,1,toward_zero,1048576,2.563027382,2.559653282
12,throughput4096.FP64.mul,5,0,toward_zero,1048576,2.565950394,2.561567307
12,throughput4096.FP64.mul,5,1,nearest_even,1048576,2.761945724,2.757062912
12,throughput4096.FP64.mul,6,0,nearest_even,1048576,2.761391640,2.755899429
12,throughput4096.FP64.mul,6,1,toward_zero,1048576,2.546029091,2.542932510
12,throughput4096.FP64.mul,7,0,toward_zero,1048576,2.539244652,2.534945488
12,throughput4096.FP64.mul,7,1,nearest_even,1048576,2.756843567,2.752228737
12,throughput4096.FP64.mul,8,0,nearest_even,1048576,2.757245064,2.753058434
12,throughput4096.FP64.mul,8,1,toward_zero,1048576,2.542560577,2.539916039
12,throughput256.FP64.mul,0,0,nearest_even,1048576,2.751493454,2.749219894
12,throughput256.FP64.mul,0,1,toward_zero,1048576,2.540572166,2.536024094
12,throughput256.FP64.mul,1,0,toward_zero,1048576,2.551236153,2.545907021
12,throughput256.FP64.mul,1,1,nearest_even,1048576,2.746744156,2.741386414
12,throughput256.FP64.mul,2,0,nearest_even,1048576,2.751473427,2.747757912
12,throughput256.FP64.mul,2,1,toward_zero,1048576,2.535719872,2.532890320
12,throughput256.FP64.mul,3,0,toward_zero,1048576,2.557417870,2.549907684
12,throughput256.FP64.mul,3,1,nearest_even,1048576,2.747795105,2.742932320
12,throughput256.FP64.mul,4,0,nearest_even,1048576,2.748024940,2.744260788
12,throughput256.FP64.mul,4,1,toward_zero,1048576,2.533904076,2.530817986
12,throughput256.FP64.mul,5,0,toward_zero,1048576,2.552469254,2.548819542
12,throughput256.FP64.mul,5,1,nearest_even,1048576,2.745396614,2.741069794
12,throughput256.FP64.mul,6,0,nearest_even,1048576,2.749171257,2.745426178
12,throughput256.FP64.mul,6,1,toward_zero,1048576,2.529633522,2.526872635
12,throughput256.FP64.mul,7,0,toward_zero,1048576,2.543324471,2.534955025
12,throughput256.FP64.mul,7,1,nearest_even,1048576,2.744193077,2.739776611
12,throughput256.FP64.mul,8,0,nearest_even,1048576,2.748158455,2.744089127
12,throughput256.FP64.mul,8,1,toward_zero,1048576,2.545675278,2.541012764
12,exact_results.FP64.mul,0,0,nearest_even,1048576,2.578878403,2.574607849
12,exact_results.FP64.mul,0,1,toward_zero,1048576,2.539093018,2.536513329
12,exact_results.FP64.mul,1,0,toward_zero,1048576,2.532270432,2.527618408
12,exact_results.FP64.mul,1,1,nearest_even,1048576,2.569333076,2.555240631
12,exact_results.FP64.mul,2,0,nearest_even,1048576,2.557895660,2.555451393
12,exact_results.FP64.mul,2,1,toward_zero,1048576,2.529757500,2.525678635
12,exact_results.FP64.mul,3,0,toward_zero,1048576,2.531208992,2.526365280
12,exact_results.FP64.mul,3,1,nearest_even,1048576,2.558392525,2.552154541
12,exact_results.FP64.mul,4,0,nearest_even,1048576,2.558019638,2.553634644
12,exact_results.FP64.mul,4,1,toward_zero,1048576,2.529632568,2.525142670
12,exact_results.FP64.mul,5,0,toward_zero,1048576,2.527177811,2.524417877
12,exact_results.FP64.mul,5,1,nearest_even,1048576,2.555936813,2.551973343
12,exact_results.FP64.mul,6,0,nearest_even,1048576,2.561659813,2.554102898
12,exact_results.FP64.mul,6,1,toward_zero,1048576,2.528486252,2.525324821
12,exact_results.FP64.mul,7,0,toward_zero,1048576,2.530244827,2.526001930
12,exact_results.FP64.mul,7,1,nearest_even,1048576,2.556089401,2.552690506
12,exact_results.FP64.mul,8,0,nearest_even,1048576,2.556004524,2.553252220
12,exact_results.FP64.mul,8,1,toward_zero,1048576,2.530855179,2.526126862
12,halfway_ties.FP64.mul,0,0,nearest_even,1048576,2.754732132,2.750679970
12,halfway_ties.FP64.mul,0,1,toward_zero,1048576,2.542531013,2.538404465
12,halfway_ties.FP64.mul,1,0,toward_zero,1048576,2.533330917,2.528525352
12,halfway_ties.FP64.mul,1,1,nearest_even,1048576,2.731017113,2.726613045
12,halfway_ties.FP64.mul,2,0,nearest_even,1048576,2.740591049,2.736213684
12,halfway_ties.FP64.mul,2,1,toward_zero,1048576,2.533043861,2.530092239
12,halfway_ties.FP64.mul,3,0,toward_zero,1048576,2.530053139,2.526318550
12,halfway_ties.FP64.mul,3,1,nearest_even,1048576,2.729917526,2.726737976
12,halfway_ties.FP64.mul,4,0,nearest_even,1048576,2.739033699,2.734104156
12,halfway_ties.FP64.mul,4,1,toward_zero,1048576,2.532384872,2.529643059
12,halfway_ties.FP64.mul,5,0,toward_zero,1048576,2.530961037,2.524188042
12,halfway_ties.FP64.mul,5,1,nearest_even,1048576,2.729908943,2.725352287
12,halfway_ties.FP64.mul,6,0,nearest_even,1048576,2.738373756,2.733700752
12,halfway_ties.FP64.mul,6,1,toward_zero,1048576,2.535251617,2.532556534
12,halfway_ties.FP64.mul,7,0,toward_zero,1048576,2.532947540,2.525565147
12,halfway_ties.FP64.mul,7,1,nearest_even,1048576,2.730720520,2.726346016
12,halfway_ties.FP64.mul,8,0,nearest_even,1048576,2.733615875,2.729527473
12,halfway_ties.FP64.mul,8,1,toward_zero,1048576,2.541930199,2.535719872
12,exact_chain.FP64.mul,0,0,nearest_even,1048576,3.767519951,3.762167931
12,exact_chain.FP64.mul,0,1,toward_zero,1048576,3.811785698,3.806508064
12,exact_chain.FP64.mul,1,0,toward_zero,1048576,3.789896011,3.784245491
12,exact_chain.FP64.mul,1,1,nearest_even,1048576,3.719268799,3.713407516
12,exact_chain.FP64.mul,2,0,nearest_even,1048576,3.742944717,3.738747597
12,exact_chain.FP64.mul,2,1,toward_zero,1048576,3.818752289,3.812490463
12,exact_chain.FP64.mul,3,0,toward_zero,1048576,3.816334724,3.811344147
12,exact_chain.FP64.mul,3,1,nearest_even,1048576,3.795867920,3.790438652
12,exact_chain.FP64.mul,4,0,nearest_even,1048576,3.799480438,3.794468880
12,exact_chain.FP64.mul,4,1,toward_zero,1048576,3.801553726,3.796372414
12,exact_chain.FP64.mul,5,0,toward_zero,1048576,3.804524422,3.798331261
12,exact_chain.FP64.mul,5,1,nearest_even,1048576,3.714214325,3.708079338
12,exact_chain.FP64.mul,6,0,nearest_even,1048576,3.766391754,3.760466576
12,exact_chain.FP64.mul,6,1,toward_zero,1048576,3.796355247,3.791112900
12,exact_chain.FP64.mul,7,0,toward_zero,1048576,3.797320366,3.792082787
12,exact_chain.FP64.mul,7,1,nearest_even,1048576,3.771273613,3.766829491
12,exact_chain.FP64.mul,8,0,nearest_even,1048576,3.814002991,3.805418968
12,exact_chain.FP64.mul,8,1,toward_zero,1048576,3.814785957,3.808801651
12,inexact_chain.FP64.mul,0,0,nearest_even,1048576,4.635926247,4.629844666
12,inexact_chain.FP64.mul,0,1,toward_zero,1048576,3.786906242,3.782030106
12,inexact_chain.FP64.mul,1,0,toward_zero,1048576,3.803646088,3.799122810
12,inexact_chain.FP64.mul,1,1,nearest_even,1048576,4.606029510,4.599158287
12,inexact_chain.FP64.mul,2,0,nearest_even,1048576,4.573686600,4.565997124
12,inexact_chain.FP64.mul,2,1,toward_zero,1048576,3.799031258,3.793840408
12,inexact_chain.FP64.mul,3,0,toward_zero,1048576,3.807372093,3.802323341
12,inexact_chain.FP64.mul,3,1,nearest_even,1048576,4.586127281,4.576403618
12,inexact_chain.FP64.mul,4,0,nearest_even,1048576,4.647353172,4.625007629
12,inexact_chain.FP64.mul,4,1,toward_zero,1048576,3.794578552,3.787736893
12,inexact_chain.FP64.mul,5,0,toward_zero,1048576,3.793077469,3.784934998
12,inexact_chain.FP64.mul,5,1,nearest_even,1048576,4.585830688,4.579957008
12,inexact_chain.FP64.mul,6,0,nearest_even,1048576,4.584436417,4.577302933
12,inexact_chain.FP64.mul,6,1,toward_zero,1048576,3.812693596,3.805588722
12,inexact_chain.FP64.mul,7,0,toward_zero,1048576,3.805490494,3.799505234
12,inexact_chain.FP64.mul,7,1,nearest_even,1048576,4.611389160,4.603379250
12,inexact_chain.FP64.mul,8,0,nearest_even,1048576,4.602542877,4.595121384
12,inexact_chain.FP64.mul,8,1,toward_zero,1048576,3.793403625,3.786701202
12,throughput4096.FP64.div,0,0,toward_zero,1048576,2.425744057,2.421887398
12,throughput4096.FP64.div,0,1,nearest_even,1048576,2.437000275,2.432836533
12,throughput4096.FP64.div,1,0,nearest_even,1048576,2.451666832,2.448801041
12,throughput4096.FP64.div,1,1,toward_zero,1048576,2.461508751,2.456692696
12,throughput4096.FP64.div,2,0,toward_zero,1048576,2.447701454,2.444052696
12,throughput4096.FP64.div,2,1,nearest_even,1048576,2.443869591,2.439179420
12,throughput4096.FP64.div,3,0,nearest_even,1048576,2.451943398,2.449546814
12,throughput4096.FP64.div,3,1,toward_zero,1048576,2.458096504,2.453139305
12,throughput4096.FP64.div,4,0,toward_zero,1048576,2.453376770,2.450035095
12,throughput4096.FP64.div,4,1,nearest_even,1048576,2.442914009,2.439619064
12,throughput4096.FP64.div,5,0,nearest_even,1048576,2.463294983,2.458766937
12,throughput4096.FP64.div,5,1,toward_zero,1048576,2.459118843,2.456159592
12,throughput4096.FP64.div,6,0,toward_zero,1048576,2.458030701,2.452718735
12,throughput4096.FP64.div,6,1,nearest_even,1048576,2.447939873,2.445123672
12,throughput4096.FP64.div,7,0,nearest_even,1048576,2.456205368,2.452012062
12,throughput4096.FP64.div,7,1,toward_zero,1048576,2.462319374,2.458012581
12,throughput4096.FP64.div,8,0,toward_zero,1048576,2.454590797,2.451294899
12,throughput4096.FP64.div,8,1,nearest_even,1048576,2.448627472,2.443737984
12,throughput256.FP64.div,0,0,toward_zero,1048576,2.470661163,2.468132019
12,throughput256.FP64.div,0,1,nearest_even,1048576,2.458612442,2.453454971
12,throughput256.FP64.div,1,0,nearest_even,1048576,2.463141441,2.459491730
12,throughput256.FP64.div,1,1,toward_zero,1048576,2.465244293,2.462272644
12,throughput256.FP64.div,2,0,toward_zero,1048576,2.461947441,2.457925797
12,throughput256.FP64.div,2,1,nearest_even,1048576,2.453033447,2.449872971
12,throughput256.FP64.div,3,0,nearest_even,1048576,2.464001656,2.460181236
12,throughput256.FP64.div,3,1,toward_zero,1048576,2.469409943,2.460973740
12,throughput256.FP64.div,4,0,toward_zero,1048576,2.460791588,2.457372665
12,throughput256.FP64.div,4,1,nearest_even,1048576,2.453433990,2.449538231
12,throughput256.FP64.div,5,0,nearest_even,1048576,2.460906029,2.457848549
12,throughput256.FP64.div,5,1,toward_zero,1048576,2.471004486,2.467128754
12,throughput256.FP64.div,6,0,toward_zero,1048576,2.466037750,2.459674835
12,throughput256.FP64.div,6,1,nearest_even,1048576,2.454504013,2.449652672
12,throughput256.FP64.div,7,0,nearest_even,1048576,2.467508316,2.463315010
12,throughput256.FP64.div,7,1,toward_zero,1048576,2.464947701,2.461652756
12,throughput256.FP64.div,8,0,toward_zero,1048576,2.465712547,2.461520195
12,throughput256.FP64.div,8,1,nearest_even,1048576,2.450184822,2.448485374
12,exact_results.FP64.div,0,0,nearest_even,1048576,2.610466003,2.606002808
12,exact_results.FP64.div,0,1,toward_zero,1048576,2.572791100,2.570345879
12,exact_results.FP64.div,1,0,toward_zero,1048576,2.568692207,2.561470985
12,exact_results.FP64.div,1,1,nearest_even,1048576,2.573241234,2.568625450
12,exact_results.FP64.div,2,0,nearest_even,1048576,2.564803123,2.561663628
12,exact_results.FP64.div,2,1,toward_zero,1048576,2.557341576,2.552537918
12,exact_results.FP64.div,3,0,toward_zero,1048576,2.561259270,2.556818008
12,exact_results.FP64.div,3,1,nearest_even,1048576,2.561985016,2.558755875
12,exact_results.FP64.div,4,0,nearest_even,1048576,2.563055038,2.558842659
12,exact_results.FP64.div,4,1,toward_zero,1048576,2.555420876,2.548225403
12,exact_results.FP64.div,5,0,toward_zero,1048576,2.553873062,2.550539970
12,exact_results.FP64.div,5,1,nearest_even,1048576,2.565453529,2.561429977
12,exact_results.FP64.div,6,0,nearest_even,1048576,2.560752869,2.556550980
12,exact_results.FP64.div,6,1,toward_zero,1048576,2.552515984,2.548267365
12,exact_results.FP64.div,7,0,toward_zero,1048576,2.547404289,2.544615746
12,exact_results.FP64.div,7,1,nearest_even,1048576,2.565223694,2.557621002
12,exact_results.FP64.div,8,0,nearest_even,1048576,2.558382988,2.555183411
12,exact_results.FP64.div,8,1,toward_zero,1048576,2.551923752,2.548638344
12,halfway_ties.FP64.div,0,0,nearest_even,1048576,2.487602234,2.484583855
12,halfway_ties.FP64.div,0,1,toward_zero,1048576,2.575428963,2.571139336
12,halfway_ties.FP64.div,1,0,toward_zero,1048576,2.569380760,2.565271378
12,halfway_ties.FP64.div,1,1,nearest_even,1048576,2.467680931,2.464290619
12,halfway_ties.FP64.div,2,0,nearest_even,1048576,2.481076241,2.474428177
12,halfway_ties.FP64.div,2,1,toward_zero,1048576,2.579326630,2.574666977
12,halfway_ties.FP64.div,3,0,toward_zero,1048576,2.572160721,2.568023682
12,halfway_ties.FP64.div,3,1,nearest_even,1048576,2.472084999,2.467308044
12,halfway_ties.FP64.div,4,0,nearest_even,1048576,2.481849670,2.476490974
12,halfway_ties.FP64.div,4,1,toward_zero,1048576,2.575859070,2.572697639
12,halfway_ties.FP64.div,5,0,toward_zero,1048576,2.570163727,2.565798759
12,halfway_ties.FP64.div,5,1,nearest_even,1048576,2.466247559,2.462082863
12,halfway_ties.FP64.div,6,0,nearest_even,1048576,2.478533745,2.475344658
12,halfway_ties.FP64.div,6,1,toward_zero,1048576,2.583836555,2.579402924
12,halfway_ties.FP64.div,7,0,toward_zero,1048576,2.574940681,2.567192078
12,halfway_ties.FP64.div,7,1,nearest_even,1048576,2.468187332,2.464432716
12,halfway_ties.FP64.div,8,0,nearest_even,1048576,2.480043411,2.476243019
12,halfway_ties.FP64.div,8,1,toward_zero,1048576,2.577205658,2.572993279
12,exact_chain.FP64.div,0,0,nearest_even,1048576,3.640767097,3.634439468
12,exact_chain.FP64.div,0,1,toward_zero,1048576,3.715150833,3.709997177
12,exact_chain.FP64.div,1,0,toward_zero,1048576,3.710936546,3.707025528
12,exact_chain.FP64.div,1,1,nearest_even,1048576,3.646432877,3.629938126
12,exact_chain.FP64.div,2,0,nearest_even,1048576,3.639132500,3.632240295
12,exact_chain.FP64.div,2,1,toward_zero,1048576,3.681489944,3.676184654
12,exact_chain.FP64.div,3,0,toward_zero,1048576,3.700875282,3.694966316
12,exact_chain.FP64.div,3,1,nearest_even,1048576,3.640260696,3.632786751
12,exact_chain.FP64.div,4,0,nearest_even,1048576,3.634957314,3.630540848
12,exact_chain.FP64.div,4,1,toward_zero,1048576,3.714003563,3.705640793
12,exact_chain.FP64.div,5,0,toward_zero,1048576,3.717835426,3.712338448
12,exact_chain.FP64.div,5,1,nearest_even,1048576,3.622860909,3.617947578
12,exact_chain.FP64.div,6,0,nearest_even,1048576,3.626396179,3.620279312
12,exact_chain.FP64.div,6,1,toward_zero,1048576,3.705891609,3.697334290
12,exact_chain.FP64.div,7,0,toward_zero,1048576,3.708720207,3.703250885
12,exact_chain.FP64.div,7,1,nearest_even,1048576,3.631976128,3.627112389
12,exact_chain.FP64.div,8,0,nearest_even,1048576,3.637756348,3.629323959
12,exact_chain.FP64.div,8,1,toward_zero,1048576,3.709054947,3.703835487
12,inexact_chain.FP64.div,0,0,nearest_even,1048576,4.874707222,4.865144730
12,inexact_chain.FP64.div,0,1,toward_zero,1048576,3.694598198,3.689216614
12,inexact_chain.FP64.div,1,0,toward_zero,1048576,3.704238892,3.698990822
12,inexact_chain.FP64.div,1,1,nearest_even,1048576,4.898039818,4.891038895
12,inexact_chain.FP64.div,2,0,nearest_even,1048576,4.988006592,4.980460167
12,inexact_chain.FP64.div,2,1,toward_zero,1048576,3.717854500,3.712882996
12,inexact_chain.FP64.div,3,0,toward_zero,1048576,3.689829826,3.684697151
12,inexact_chain.FP64.div,3,1,nearest_even,1048576,4.890233994,4.883175850
12,inexact_chain.FP64.div,4,0,nearest_even,1048576,4.871535301,4.859973907
12,inexact_chain.FP64.div,4,1,toward_zero,1048576,3.708395004,3.702371597
12,inexact_chain.FP64.div,5,0,toward_zero,1048576,3.686772346,3.681542397
12,inexact_chain.FP64.div,5,1,nearest_even,1048576,4.903811455,4.896685600
12,inexact_chain.FP64.div,6,0,nearest_even,1048576,4.955080986,4.948510170
12,inexact_chain.FP64.div,6,1,toward_zero,1048576,3.706120491,3.699851990
12,inexact_chain.FP64.div,7,0,toward_zero,1048576,3.706426620,3.700211525
12,inexact_chain.FP64.div,7,1,nearest_even,1048576,4.885322571,4.878369331
12,inexact_chain.FP64.div,8,0,nearest_even,1048576,4.830946922,4.823820114
12,inexact_chain.FP64.div,8,1,toward_zero,1048576,3.714587212,3.708632469
12,throughput4096.FP64.mul_div,0,0,toward_zero,1048576,2.481687546,2.478811264
12,throughput4096.FP64.mul_div,0,1,nearest_even,1048576,2.435365677,2.431335449
12,throughput4096.FP64.mul_div,1,0,nearest_even,1048576,2.449498177,2.447167397
12,throughput4096.FP64.mul_div,1,1,toward_zero,1048576,2.504943848,2.499736786
12,throughput4096.FP64.mul_div,2,0,toward_zero,1048576,2.491433144,2.487756729
12,throughput4096.FP64.mul_div,2,1,nearest_even,1048576,2.436369896,2.433257103
12,throughput4096.FP64.mul_div,3,0,nearest_even,1048576,2.450052261,2.445753098
12,throughput4096.FP64.mul_div,3,1,toward_zero,1048576,2.500127792,2.497769356
12,throughput4096.FP64.mul_div,4,0,toward_zero,1048576,2.492178917,2.488003731
12,throughput4096.FP64.mul_div,4,1,nearest_even,1048576,2.441844940,2.439285278
12,throughput4096.FP64.mul_div,5,0,nearest_even,1048576,2.451695442,2.447520256
12,throughput4096.FP64.mul_div,5,1,toward_zero,1048576,2.502449989,2.497949600
12,throughput4096.FP64.mul_div,6,0,toward_zero,1048576,2.487668037,2.485260963
12,throughput4096.FP64.mul_div,6,1,nearest_even,1048576,2.445112228,2.440641403
12,throughput4096.FP64.mul_div,7,0,nearest_even,1048576,2.449860573,2.447244644
12,throughput4096.FP64.mul_div,7,1,toward_zero,1048576,2.503615379,2.499220848
12,throughput4096.FP64.mul_div,8,0,toward_zero,1048576,2.488557816,2.483724594
12,throughput4096.FP64.mul_div,8,1,nearest_even,1048576,2.438967705,2.436371803
12,throughput256.FP64.mul_div,0,0,nearest_even,1048576,2.443067551,2.438674927
12,throughput256.FP64.mul_div,0,1,toward_zero,1048576,2.504456520,2.501600266
12,throughput256.FP64.mul_div,1,0,toward_zero,1048576,2.498149872,2.494568825
12,throughput256.FP64.mul_div,1,1,nearest_even,1048576,2.437870026,2.431163788
12,throughput256.FP64.mul_div,2,0,nearest_even,1048576,2.446058273,2.443680763
12,throughput256.FP64.mul_div,2,1,toward_zero,1048576,2.499201775,2.495578766
12,throughput256.FP64.mul_div,3,0,toward_zero,1048576,2.488480568,2.485062599
12,throughput256.FP64.mul_div,3,1,nearest_even,1048576,2.434755325,2.430237770
12,throughput256.FP64.mul_div,4,0,nearest_even,1048576,2.443917274,2.439263344
12,throughput256.FP64.mul_div,4,1,toward_zero,1048576,2.499832153,2.496985435
12,throughput256.FP64.mul_div,5,0,toward_zero,1048576,2.487946510,2.483935356
12,throughput256.FP64.mul_div,5,1,nearest_even,1048576,2.427971840,2.425477982
12,throughput256.FP64.mul_div,6,0,nearest_even,1048576,2.445780754,2.441825867
12,throughput256.FP64.mul_div,6,1,toward_zero,1048576,2.500041962,2.497176170
12,throughput256.FP64.mul_div,7,0,toward_zero,1048576,2.490220070,2.486762047
12,throughput256.FP64.mul_div,7,1,nearest_even,1048576,2.433063507,2.429205894
12,throughput256.FP64.mul_div,8,0,nearest_even,1048576,2.442121506,2.439112663
12,throughput256.FP64.mul_div,8,1,toward_zero,1048576,2.501312256,2.497158051
12,exact_results.FP64.mul_div,0,0,toward_zero,1048576,2.520545959,2.516295433
12,exact_results.FP64.mul_div,0,1,nearest_even,1048576,2.556863785,2.548907280
12,exact_results.FP64.mul_div,1,0,nearest_even,1048576,2.541155815,2.538193703
12,exact_results.FP64.mul_div,1,1,toward_zero,1048576,2.500213623,2.496028900
12,exact_results.FP64.mul_div,2,0,toward_zero,1048576,2.491375923,2.487278938
12,exact_results.FP64.mul_div,2,1,nearest_even,1048576,2.531151772,2.528544426
12,exact_results.FP64.mul_div,3,0,nearest_even,1048576,2.526947975,2.522562981
12,exact_results.FP64.mul_div,3,1,toward_zero,1048576,2.496974945,2.492513657
12,exact_results.FP64.mul_div,4,0,toward_zero,1048576,2.486761093,2.483963966
12,exact_results.FP64.mul_div,4,1,nearest_even,1048576,2.531926155,2.527933121
12,exact_results.FP64.mul_div,5,0,nearest_even,1048576,2.532690048,2.529091835
12,exact_results.FP64.mul_div,5,1,toward_zero,1048576,2.493563652,2.490162849
12,exact_results.FP64.mul_div,6,0,toward_zero,1048576,2.491653442,2.487011909
12,exact_results.FP64.mul_div,6,1,nearest_even,1048576,2.524904251,2.522228241
12,exact_results.FP64.mul_div,7,0,nearest_even,1048576,2.526412964,2.522505760
12,exact_results.FP64.mul_div,7,1,toward_zero,1048576,2.491270065,2.486589432
12,exact_results.FP64.mul_div,8,0,toward_zero,1048576,2.487267494,2.483686447
12,exact_results.FP64.mul_div,8,1,nearest_even,1048576,2.526374817,2.522105217
12,halfway_ties.FP64.mul_div,0,0,toward_zero,1048576,2.518559456,2.512969971
12,halfway_ties.FP64.mul_div,0,1,nearest_even,1048576,2.456243515,2.452346802
12,halfway_ties.FP64.mul_div,1,0,nearest_even,1048576,2.453892708,2.450942039
12,halfway_ties.FP64.mul_div,1,1,toward_zero,1048576,2.517383575,2.512825966
12,halfway_ties.FP64.mul_div,2,0,toward_zero,1048576,2.508431435,2.503676414
12,halfway_ties.FP64.mul_div,2,1,nearest_even,1048576,2.450959206,2.442629814
12,halfway_ties.FP64.mul_div,3,0,nearest_even,1048576,2.462999344,2.457076073
12,halfway_ties.FP64.mul_div,3,1,toward_zero,1048576,2.521520615,2.517450333
12,halfway_ties.FP64.mul_div,4,0,toward_zero,1048576,2.563074112,2.554732323
12,halfway_ties.FP64.mul_div,4,1,nearest_even,1048576,2.454895973,2.449908257
12,halfway_ties.FP64.mul_div,5,0,nearest_even,1048576,2.455001831,2.453319550
12,halfway_ties.FP64.mul_div,5,1,toward_zero,1048576,2.518501282,2.513972282
12,halfway_ties.FP64.mul_div,6,0,toward_zero,1048576,2.509721756,2.506520271
12,halfway_ties.FP64.mul_div,6,1,nearest_even,1048576,2.451370239,2.449327469
12,halfway_ties.FP64.mul_div,7,0,nearest_even,1048576,2.468597412,2.464559555
12,halfway_ties.FP64.mul_div,7,1,toward_zero,1048576,2.516390800,2.512996674
12,halfway_ties.FP64.mul_div,8,0,toward_zero,1048576,2.507742882,2.503731728
12,halfway_ties.FP64.mul_div,8,1,nearest_even,1048576,2.447099686,2.443919182
12,exact_chain.FP64.mul_div,0,0,nearest_even,1048576,3.722268105,3.717804909
12,exact_chain.FP64.mul_div,0,1,toward_zero,1048576,3.779605865,3.774079323
12,exact_chain.FP64.mul_div,1,0,toward_zero,1048576,3.747005463,3.742185593
12,exact_chain.FP64.mul_div,1,1,nearest_even,1048576,3.687336922,3.680999756
12,exact_chain.FP64.mul_div,2,0,nearest_even,1048576,3.716230392,3.707178116
12,exact_chain.FP64.mul_div,2,1,toward_zero,1048576,3.743260384,3.736665726
12,exact_chain.FP64.mul_div,3,0,toward_zero,1048576,3.739657402,3.735537529
12,exact_chain.FP64.mul_div,3,1,nearest_even,1048576,3.693671227,3.688959122
12,exact_chain.FP64.mul_div,4,0,nearest_even,1048576,3.697254181,3.688222885
12,exact_chain.FP64.mul_div,4,1,toward_zero,1048576,3.728536606,3.722770691
12,exact_chain.FP64.mul_div,5,0,toward_zero,1048576,3.748314857,3.743247986
12,exact_chain.FP64.mul_div,5,1,nearest_even,1048576,3.703034401,3.698093414
12,exact_chain.FP64.mul_div,6,0,nearest_even,1048576,3.706599236,3.701495171
12,exact_chain.FP64.mul_div,6,1,toward_zero,1048576,3.735453606,3.727407455
12,exact_chain.FP64.mul_div,7,0,toward_zero,1048576,3.733581543,3.728245735
12,exact_chain.FP64.mul_div,7,1,nearest_even,1048576,3.716602325,3.708333969
12,exact_chain.FP64.mul_div,8,0,nearest_even,1048576,3.709713936,3.696582794
12,exact_chain.FP64.mul_div,8,1,toward_zero,1048576,3.731985092,3.727962494
12,inexact_chain.FP64.mul_div,0,0,toward_zero,1048576,3.744864464,3.739529610
12,inexact_chain.FP64.mul_div,0,1,nearest_even,1048576,4.874105453,4.866447449
12,inexact_chain.FP64.mul_div,1,0,nearest_even,1048576,4.876359940,4.868080139
12,inexact_chain.FP64.mul_div,1,1,toward_zero,1048576,3.747578621,3.738354683
12,inexact_chain.FP64.mul_div,2,0,toward_zero,1048576,3.764347076,3.759538651
12,inexact_chain.FP64.mul_div,2,1,nearest_even,1048576,4.881682396,4.870715141
12,inexact_chain.FP64.mul_div,3,0,nearest_even,1048576,4.867694855,4.861436844
12,inexact_chain.FP64.mul_div,3,1,toward_zero,1048576,3.722249031,3.716580391
12,inexact_chain.FP64.mul_div,4,0,toward_zero,1048576,3.739418983,3.730577469
12,inexact_chain.FP64.mul_div,4,1,nearest_even,1048576,4.864091873,4.856479645
12,inexact_chain.FP64.mul_div,5,0,nearest_even,1048576,4.878415108,4.871443748
12,inexact_chain.FP64.mul_div,5,1,toward_zero,1048576,3.764996529,3.758765221
12,inexact_chain.FP64.mul_div,6,0,toward_zero,1048576,3.756168365,3.750719070
12,inexact_chain.FP64.mul_div,6,1,nearest_even,1048576,4.878691673,4.871549606
12,inexact_chain.FP64.mul_div,7,0,nearest_even,1048576,4.879293442,4.871384621
12,inexact_chain.FP64.mul_div,7,1,toward_zero,1048576,3.734489441,3.730196953
12,inexact_chain.FP64.mul_div,8,0,toward_zero,1048576,3.762846947,3.757800102
12,inexact_chain.FP64.mul_div,8,1,nearest_even,1048576,4.873541832,4.861813545
12,throughput4096.FP128.mul,0,0,toward_zero,1048576,2.599659920,2.595445633
12,throughput4096.FP128.mul,0,1,nearest_even,1048576,2.730815887,2.726536751
12,throughput4096.FP128.mul,1,0,nearest_even,1048576,2.682680130,2.676022530
12,throughput4096.FP128.mul,1,1,toward_zero,1048576,2.651101112,2.648599625
12,throughput4096.FP128.mul,2,0,toward_zero,1048576,2.651168823,2.647107124
12,throughput4096.FP128.mul,2,1,nearest_even,1048576,2.662987709,2.658564568
12,throughput4096.FP128.mul,3,0,nearest_even,1048576,2.666150093,2.659998894
12,throughput4096.FP128.mul,3,1,toward_zero,1048576,2.656298637,2.652525902
12,throughput4096.FP128.mul,4,0,toward_zero,1048576,2.642416954,2.639484406
12,throughput4096.FP128.mul,4,1,nearest_even,1048576,2.667325020,2.662816048
12,throughput4096.FP128.mul,5,0,nearest_even,1048576,2.671252251,2.667249680
12,throughput4096.FP128.mul,5,1,toward_zero,1048576,2.658869743,2.650233269
12,throughput4096.FP128.mul,6,0,toward_zero,1048576,2.645282745,2.642100334
12,throughput4096.FP128.mul,6,1,nearest_even,1048576,2.652859688,2.647967339
12,throughput4096.FP128.mul,7,0,nearest_even,1048576,2.653203011,2.648494720
12,throughput4096.FP128.mul,7,1,toward_zero,1048576,2.653289795,2.647795677
12,throughput4096.FP128.mul,8,0,toward_zero,1048576,2.646038055,2.641766548
12,throughput4096.FP128.mul,8,1,nearest_even,1048576,2.646592140,2.643467903
12,throughput256.FP128.mul,0,0,nearest_even,1048576,2.618395805,2.614642143
12,throughput256.FP128.mul,0,1,toward_zero,1048576,2.649735451,2.646027565
12,throughput256.FP128.mul,1,0,toward_zero,1048576,2.654579163,2.648381233
12,throughput256.FP128.mul,1,1,nearest_even,1048576,2.609434128,2.606817245
12,throughput256.FP128.mul,2,0,nearest_even,1048576,2.623134613,2.618406296
12,throughput256.FP128.mul,2,1,toward_zero,1048576,2.659241676,2.654140472
12,throughput256.FP128.mul,3,0,toward_zero,1048576,2.647747993,2.642350197
12,throughput256.FP128.mul,3,1,nearest_even,1048576,2.607856750,2.603385925
12,throughput256.FP128.mul,4,0,nearest_even,1048576,2.619102478,2.616189003
12,throughput256.FP128.mul,4,1,toward_zero,1048576,2.652802467,2.649285316
12,throughput256.FP128.mul,5,0,toward_zero,1048576,2.638365746,2.634743690
12,throughput256.FP128.mul,5,1,nearest_even,1048576,2.612652779,2.608486176
12,throughput256.FP128.mul,6,0,nearest_even,1048576,2.619810104,2.616927147
12,throughput256.FP128.mul,6,1,toward_zero,1048576,2.644184113,2.639734268
12,throughput256.FP128.mul,7,0,toward_zero,1048576,2.651531219,2.647126198
12,throughput256.FP128.mul,7,1,nearest_even,1048576,2.606118202,2.601617813
12,throughput256.FP128.mul,8,0,nearest_even,1048576,2.621989250,2.619895935
12,throughput256.FP128.mul,8,1,toward_zero,1048576,2.658095360,2.654676437
12,exact_results.FP128.mul,0,0,nearest_even,1048576,2.583426476,2.580720901
12,exact_results.FP128.mul,0,1,toward_zero,1048576,2.655191422,2.650415421
12,exact_results.FP128.mul,1,0,toward_zero,1048576,2.645301819,2.641174316
12,exact_results.FP128.mul,1,1,nearest_even,1048576,2.998262405,2.994849205
12,exact_results.FP128.mul,2,0,nearest_even,1048576,2.577464104,2.573756218
12,exact_results.FP128.mul,2,1,toward_zero,1048576,2.653385162,2.650146484
12,exact_results.FP128.mul,3,0,toward_zero,1048576,2.642082214,2.639063835
12,exact_results.FP128.mul,3,1,nearest_even,1048576,3.013883591,3.008016586
12,exact_results.FP128.mul,4,0,nearest_even,1048576,2.568224907,2.565339088
12,exact_results.FP128.mul,4,1,toward_zero,1048576,2.652544022,2.644289017
12,exact_results.FP128.mul,5,0,toward_zero,1048576,2.649189949,2.644921303
12,exact_results.FP128.mul,5,1,nearest_even,1048576,2.896161079,2.891678810
12,exact_results.FP128.mul,6,0,nearest_even,1048576,2.587533951,2.582738876
12,exact_results.FP128.mul,6,1,toward_zero,1048576,2.645607948,2.642339706
12,exact_results.FP128.mul,7,0,toward_zero,1048576,2.643285751,2.640019417
12,exact_results.FP128.mul,7,1,nearest_even,1048576,2.739263535,2.735162735
12,exact_results.FP128.mul,8,0,nearest_even,1048576,2.990226746,2.985857964
12,exact_results.FP128.mul,8,1,toward_zero,1048576,2.809279442,2.804303169
12,halfway_ties.FP128.mul,0,0,toward_zero,1048576,2.647260666,2.640668869
12,halfway_ties.FP128.mul,0,1,nearest_even,1048576,2.947899818,2.941830635
12,halfway_ties.FP128.mul,1,0,nearest_even,1048576,2.910329819,2.906336784
12,halfway_ties.FP128.mul,1,1,toward_zero,1048576,3.009832382,3.005590439
12,halfway_ties.FP128.mul,2,0,toward_zero,1048576,2.940589905,2.933384895
12,halfway_ties.FP128.mul,2,1,nearest_even,1048576,2.832937241,2.828284264
12,halfway_ties.FP128.mul,3,0,nearest_even,1048576,2.817993164,2.813684464
12,halfway_ties.FP128.mul,3,1,toward_zero,1048576,2.651970863,2.648664474
12,halfway_ties.FP128.mul,4,0,toward_zero,1048576,2.647728920,2.644423485
12,halfway_ties.FP128.mul,4,1,nearest_even,1048576,2.829487801,2.821511269
12,halfway_ties.FP128.mul,5,0,nearest_even,1048576,2.811697006,2.807147026
12,halfway_ties.FP128.mul,5,1,toward_zero,1048576,2.749524117,2.745320320
12,halfway_ties.FP128.mul,6,0,toward_zero,1048576,2.647108078,2.643315315
12,halfway_ties.FP128.mul,6,1,nearest_even,1048576,2.836939812,2.832974434
12,halfway_ties.FP128.mul,7,0,nearest_even,1048576,2.780653954,2.777701378
12,halfway_ties.FP128.mul,7,1,toward_zero,1048576,2.654216766,2.650051117
12,halfway_ties.FP128.mul,8,0,toward_zero,1048576,2.639540672,2.636752129
12,halfway_ties.FP128.mul,8,1,nearest_even,1048576,2.778838158,2.774729729
12,exact_chain.FP128.mul,0,0,nearest_even,1048576,3.834726334,3.829297066
12,exact_chain.FP128.mul,0,1,toward_zero,1048576,3.699633598,3.693859100
12,exact_chain.FP128.mul,1,0,toward_zero,1048576,3.689553261,3.681084633
12,exact_chain.FP128.mul,1,1,nearest_even,1048576,3.788377762,3.782232285
12,exact_chain.FP128.mul,2,0,nearest_even,1048576,3.789036751,3.782917976
12,exact_chain.FP128.mul,2,1,toward_zero,1048576,3.678164482,3.673251152
12,exact_chain.FP128.mul,3,0,toward_zero,1048576,3.672890663,3.667346954
12,exact_chain.FP128.mul,3,1,nearest_even,1048576,3.777647018,3.770173073
12,exact_chain.FP128.mul,4,0,nearest_even,1048576,3.777991295,3.771901131
12,exact_chain.FP128.mul,4,1,toward_zero,1048576,3.671275139,3.666054726
12,exact_chain.FP128.mul,5,0,toward_zero,1048576,3.667014122,3.661489487
12,exact_chain.FP128.mul,5,1,nearest_even,1048576,3.773633957,3.768395424
12,exact_chain.FP128.mul,6,0,nearest_even,1048576,3.788797379,3.776335716
12,exact_chain.FP128.mul,6,1,toward_zero,1048576,3.667901993,3.662796974
12,exact_chain.FP128.mul,7,0,toward_zero,1048576,3.666669846,3.661106110
12,exact_chain.FP128.mul,7,1,nearest_even,1048576,3.771036148,3.764772415
12,exact_chain.FP128.mul,8,0,nearest_even,1048576,3.772563934,3.767725945
12,exact_chain.FP128.mul,8,1,toward_zero,1048576,3.673959732,3.665122032
12,inexact_chain.FP128.mul,0,0,nearest_even,1048576,7.880412102,7.870879173
12,inexact_chain.FP128.mul,0,1,toward_zero,1048576,3.720348358,3.714746475
12,inexact_chain.FP128.mul,1,0,toward_zero,1048576,3.693804741,3.688385010
12,inexact_chain.FP128.mul,1,1,nearest_even,1048576,7.825196266,7.810339928
12,inexact_chain.FP128.mul,2,0,nearest_even,1048576,7.868029594,7.843878746
12,inexact_chain.FP128.mul,2,1,toward_zero,1048576,3.720108986,3.715183258
12,inexact_chain.FP128.mul,3,0,toward_zero,1048576,3.690729141,3.686570168
12,inexact_chain.FP128.mul,3,1,nearest_even,1048576,7.827698708,7.816101074
12,inexact_chain.FP128.mul,4,0,nearest_even,1048576,7.876466751,7.864838600
12,inexact_chain.FP128.mul,4,1,toward_zero,1048576,3.721245766,3.716282845
12,inexact_chain.FP128.mul,5,0,toward_zero,1048576,3.692993164,3.688394547
12,inexact_chain.FP128.mul,5,1,nearest_even,1048576,7.816921234,7.805793762
12,inexact_chain.FP128.mul,6,0,nearest_even,1048576,7.851213455,7.841402054
12,inexact_chain.FP128.mul,6,1,toward_zero,1048576,3.714032173,3.708611488
12,inexact_chain.FP128.mul,7,0,toward_zero,1048576,3.693537712,3.687027931
12,inexact_chain.FP128.mul,7,1,nearest_even,1048576,7.821967125,7.809241295
12,inexact_chain.FP128.mul,8,0,nearest_even,1048576,7.857500076,7.847489357
12,inexact_chain.FP128.mul,8,1,toward_zero,1048576,3.722249031,3.712616920
12,throughput4096.FP128.div,0,0,toward_zero,1048576,2.344243050,2.341494560
12,throughput4096.FP128.div,0,1,nearest_even,1048576,3.067294121,3.063183784
12,throughput4096.FP128.div,1,0,nearest_even,1048576,3.051223755,3.042501450
12,throughput4096.FP128.div,1,1,toward_zero,1048576,2.345523834,2.342571259
12,throughput4096.FP128.div,2,0,toward_zero,1048576,2.362711906,2.358884811
12,throughput4096.FP128.div,2,1,nearest_even,1048576,3.066596985,3.060960770
12,throughput4096.FP128.div,3,0,nearest_even,1048576,3.044621468,3.040933609
12,throughput4096.FP128.div,3,1,toward_zero,1048576,2.349001884,2.346326828
12,throughput4096.FP128.div,4,0,toward_zero,1048576,2.364929199,2.360352516
12,throughput4096.FP128.div,4,1,nearest_even,1048576,3.066033363,3.061848640
12,throughput4096.FP128.div,5,0,nearest_even,1048576,3.054281235,3.049905777
12,throughput4096.FP128.div,5,1,toward_zero,1048576,2.352345467,2.347867012
12,throughput4096.FP128.div,6,0,toward_zero,1048576,2.363076210,2.360068321
12,throughput4096.FP128.div,6,1,nearest_even,1048576,3.070389748,3.064617157
12,throughput4096.FP128.div,7,0,nearest_even,1048576,3.052770615,3.048995972
12,throughput4096.FP128.div,7,1,toward_zero,1048576,2.351638794,2.348956108
12,throughput4096.FP128.div,8,0,toward_zero,1048576,2.366314888,2.361622810
12,throughput4096.FP128.div,8,1,nearest_even,1048576,3.077231407,3.063862801
12,throughput256.FP128.div,0,0,nearest_even,1048576,3.054787636,3.050735474
12,throughput256.FP128.div,0,1,toward_zero,1048576,2.357132912,2.353121758
12,throughput256.FP128.div,1,0,toward_zero,1048576,2.370261192,2.367221832
12,throughput256.FP128.div,1,1,nearest_even,1048576,3.069826126,3.065582275
12,throughput256.FP128.div,2,0,nearest_even,1048576,3.050660133,3.045166016
12,throughput256.FP128.div,2,1,toward_zero,1048576,2.345934868,2.343068123
12,throughput256.FP128.div,3,0,toward_zero,1048576,2.367088318,2.362658501
12,throughput256.FP128.div,3,1,nearest_even,1048576,3.065593719,3.061292648
12,throughput256.FP128.div,4,0,nearest_even,1048576,3.051118851,3.045814514
12,throughput256.FP128.div,4,1,toward_zero,1048576,2.347414970,2.344388008
12,throughput256.FP128.div,5,0,toward_zero,1048576,2.371273041,2.363325119
12,throughput256.FP128.div,5,1,nearest_even,1048576,3.064495087,3.060348511
12,throughput256.FP128.div,6,0,nearest_even,1048576,3.050124168,3.046043396
12,throughput256.FP128.div,6,1,toward_zero,1048576,2.351036072,2.347570419
12,throughput256.FP128.div,7,0,toward_zero,1048576,2.361804962,2.359178543
12,throughput256.FP128.div,7,1,nearest_even,1048576,3.060204506,3.057118416
12,throughput256.FP128.div,8,0,nearest_even,1048576,3.047717094,3.042021751
12,throughput256.FP128.div,8,1,toward_zero,1048576,2.347616196,2.345142365
12,exact_results.FP128.div,0,0,nearest_even,1048576,2.444290161,2.441397667
12,exact_results.FP128.div,0,1,toward_zero,1048576,2.457561493,2.450328827
12,exact_results.FP128.div,1,0,toward_zero,1048576,2.454073906,2.451448441
12,exact_results.FP128.div,1,1,nearest_even,1048576,2.919330597,2.902390480
12,exact_results.FP128.div,2,0,nearest_even,1048576,2.438796997,2.435378075
12,exact_results.FP128.div,2,1,toward_zero,1048576,2.437200546,2.433342934
12,exact_results.FP128.div,3,0,toward_zero,1048576,2.433264732,2.430446625
12,exact_results.FP128.div,3,1,nearest_even,1048576,2.445733070,2.438282967
12,exact_results.FP128.div,4,0,nearest_even,1048576,2.439781189,2.436905861
12,exact_results.FP128.div,4,1,toward_zero,1048576,2.429347038,2.426174164
12,exact_results.FP128.div,5,0,toward_zero,1048576,2.432909966,2.430534363
12,exact_results.FP128.div,5,1,nearest_even,1048576,2.438461304,2.434381485
12,exact_results.FP128.div,6,0,nearest_even,1048576,2.437134743,2.434909821
12,exact_results.FP128.div,6,1,toward_zero,1048576,2.437238693,2.432490349
12,exact_results.FP128.div,7,0,toward_zero,1048576,2.432796478,2.428192139
12,exact_results.FP128.div,7,1,nearest_even,1048576,2.436245918,2.433286667
12,exact_results.FP128.div,8,0,nearest_even,1048576,2.443602562,2.438845634
12,exact_results.FP128.div,8,1,toward_zero,1048576,2.434830666,2.432461739
12,halfway_ties.FP128.div,0,0,toward_zero,1048576,2.758926392,2.755161285
12,halfway_ties.FP128.div,0,1,nearest_even,1048576,3.035573006,3.031320572
12,halfway_ties.FP128.div,1,0,nearest_even,1048576,3.037158966,3.032924652
12,halfway_ties.FP128.div,1,1,toward_zero,1048576,2.624701500,2.620222092
12,halfway_ties.FP128.div,2,0,toward_zero,1048576,2.457122803,2.454236984
12,halfway_ties.FP128.div,2,1,nearest_even,1048576,3.042519569,3.037176132
12,halfway_ties.FP128.div,3,0,nearest_even,1048576,3.034874916,3.029372215
12,halfway_ties.FP128.div,3,1,toward_zero,1048576,2.773630142,2.768913269
12,halfway_ties.FP128.div,4,0,toward_zero,1048576,2.451742172,2.448695183
12,halfway_ties.FP128.div,4,1,nearest_even,1048576,3.045633316,3.039384842
12,halfway_ties.FP128.div,5,0,nearest_even,1048576,3.025216103,3.021355629
12,halfway_ties.FP128.div,5,1,toward_zero,1048576,2.848759651,2.844976425
12,halfway_ties.FP128.div,6,0,toward_zero,1048576,2.451322556,2.448820114
12,halfway_ties.FP128.div,6,1,nearest_even,1048576,3.043598175,3.038537979
12,halfway_ties.FP128.div,7,0,nearest_even,1048576,3.032821655,3.026372910
12,halfway_ties.FP128.div,7,1,toward_zero,1048576,2.442503929,2.436466217
12,halfway_ties.FP128.div,8,0,toward_zero,1048576,2.458450317,2.454571724
12,halfway_ties.FP128.div,8,1,nearest_even,1048576,3.355913162,3.351629257
12,exact_chain.FP128.div,0,0,nearest_even,1048576,3.849862099,3.844641685
12,exact_chain.FP128.div,0,1,toward_zero,1048576,3.824465752,3.818194389
12,exact_chain.FP128.div,1,0,toward_zero,1048576,3.809502602,3.804035187
12,exact_chain.FP128.div,1,1,nearest_even,1048576,3.813096046,3.807872772
12,exact_chain.FP128.div,2,0,nearest_even,1048576,3.815550804,3.808228493
12,exact_chain.FP128.div,2,1,toward_zero,1048576,3.795104027,3.789453506
12,exact_chain.FP128.div,3,0,toward_zero,1048576,3.808012009,3.795951843
12,exact_chain.FP128.div,3,1,nearest_even,1048576,3.806340218,3.800488472
12,exact_chain.FP128.div,4,0,nearest_even,1048576,3.804562569,3.799333572
12,exact_chain.FP128.div,4,1,toward_zero,1048576,3.799404144,3.793562889
12,exact_chain.FP128.div,5,0,toward_zero,1048576,3.801935196,3.796314240
12,exact_chain.FP128.div,5,1,nearest_even,1048576,3.805718422,3.800536156
12,exact_chain.FP128.div,6,0,nearest_even,1048576,3.803923607,3.797948837
12,exact_chain.FP128.div,6,1,toward_zero,1048576,3.805060387,3.798739433
12,exact_chain.FP128.div,7,0,toward_zero,1048576,3.799509048,3.793534279
12,exact_chain.FP128.div,7,1,nearest_even,1048576,3.807678223,3.801387787
12,exact_chain.FP128.div,8,0,nearest_even,1048576,3.806492805,3.801158905
12,exact_chain.FP128.div,8,1,toward_zero,1048576,3.799031258,3.794116974
12,inexact_chain.FP128.div,0,0,nearest_even,1048576,4.998889923,4.986865997
12,inexact_chain.FP128.div,0,1,toward_zero,1048576,3.792533875,3.788022041
12,inexact_chain.FP128.div,1,0,toward_zero,1048576,3.795534134,3.790352821
12,inexact_chain.FP128.div,1,1,nearest_even,1048576,4.977171898,4.968671799
12,inexact_chain.FP128.div,2,0,nearest_even,1048576,4.955664635,4.947764397
12,inexact_chain.FP128.div,2,1,toward_zero,1048576,3.778965950,3.773307800
12,inexact_chain.FP128.div,3,0,toward_zero,1048576,3.792859077,3.783683777
12,inexact_chain.FP128.div,3,1,nearest_even,1048576,4.963795662,4.957301140
12,inexact_chain.FP128.div,4,0,nearest_even,1048576,4.945574760,4.939185143
12,inexact_chain.FP128.div,4,1,toward_zero,1048576,3.779567719,3.774406433
12,inexact_chain.FP128.div,5,0,toward_zero,1048576,3.793250084,3.788086891
12,inexact_chain.FP128.div,5,1,nearest_even,1048576,4.958807945,4.951597214
12,inexact_chain.FP128.div,6,0,nearest_even,1048576,4.955272675,4.946628571
12,inexact_chain.FP128.div,6,1,toward_zero,1048576,3.782855034,3.775341034
12,inexact_chain.FP128.div,7,0,toward_zero,1048576,3.792237282,3.786959648
12,inexact_chain.FP128.div,7,1,nearest_even,1048576,4.983191490,4.965069771
12,inexact_chain.FP128.div,8,0,nearest_even,1048576,4.962992668,4.953799248
12,inexact_chain.FP128.div,8,1,toward_zero,1048576,3.786542892,3.780912399
12,throughput4096.FP128.mul_div,0,0,nearest_even,1048576,4.493733406,4.487938881
12,throughput4096.FP128.mul_div,0,1,toward_zero,1048576,3.042930603,3.037635803
12,throughput4096.FP128.mul_div,1,0,toward_zero,1048576,3.161952972,3.157735825
12,throughput4096.FP128.mul_div,1,1,nearest_even,1048576,4.575635910,4.566542625
12,throughput4096.FP128.mul_div,2,0,nearest_even,1048576,4.536433220,4.529241562
12,throughput4096.FP128.mul_div,2,1,toward_zero,1048576,3.131807327,3.126007080
12,throughput4096.FP128.mul_div,3,0,toward_zero,1048576,3.154871941,3.150370598
12,throughput4096.FP128.mul_div,3,1,nearest_even,1048576,4.497430801,4.489943504
12,throughput4096.FP128.mul_div,4,0,nearest_even,1048576,4.495863914,4.488548279
12,throughput4096.FP128.mul_div,4,1,toward_zero,1048576,3.137893677,3.134023666
12,throughput4096.FP128.mul_div,5,0,toward_zero,1048576,3.131683350,3.127230644
12,throughput4096.FP128.mul_div,5,1,nearest_even,1048576,4.562307358,4.551666260
12,throughput4096.FP128.mul_div,6,0,nearest_even,1048576,4.520907402,4.514033318
12,throughput4096.FP128.mul_div,6,1,toward_zero,1048576,3.109239578,3.105006218
12,throughput4096.FP128.mul_div,7,0,toward_zero,1048576,3.158962250,3.155685425
12,throughput4096.FP128.mul_div,7,1,nearest_even,1048576,4.572310448,4.565387726
12,throughput4096.FP128.mul_div,8,0,nearest_even,1048576,4.541612625,4.533658028
12,throughput4096.FP128.mul_div,8,1,toward_zero,1048576,3.136766434,3.129542351
12,throughput256.FP128.mul_div,0,0,toward_zero,1048576,3.123896599,3.119501114
12,throughput256.FP128.mul_div,0,1,nearest_even,1048576,4.540837288,4.533349037
12,throughput256.FP128.mul_div,1,0,nearest_even,1048576,4.458647728,4.451286316
12,throughput256.FP128.mul_div,1,1,toward_zero,1048576,3.139050484,3.132246017
12,throughput256.FP128.mul_div,2,0,toward_zero,1048576,3.157519341,3.153220177
12,throughput256.FP128.mul_div,2,1,nearest_even,1048576,4.569569588,4.561727524
12,throughput256.FP128.mul_div,3,0,nearest_even,1048576,4.533547401,4.527914047
12,throughput256.FP128.mul_div,3,1,toward_zero,1048576,3.137836456,3.132969856
12,throughput256.FP128.mul_div,4,0,toward_zero,1048576,3.145671844,3.138963699
12,throughput256.FP128.mul_div,4,1,nearest_even,1048576,4.554807663,4.548484802
12,throughput256.FP128.mul_div,5,0,nearest_even,1048576,4.491841316,4.484393120
12,throughput256.FP128.mul_div,5,1,toward_zero,1048576,3.130565643,3.125666618
12,throughput256.FP128.mul_div,6,0,toward_zero,1048576,3.119853973,3.115085602
12,throughput256.FP128.mul_div,6,1,nearest_even,1048576,4.536452293,4.530541420
12,throughput256.FP128.mul_div,7,0,nearest_even,1048576,4.539165497,4.533703804
12,throughput256.FP128.mul_div,7,1,toward_zero,1048576,3.133575439,3.129894257
12,throughput256.FP128.mul_div,8,0,toward_zero,1048576,3.099484444,3.093646049
12,throughput256.FP128.mul_div,8,1,nearest_even,1048576,4.547430992,4.541521072
12,exact_results.FP128.mul_div,0,0,nearest_even,1048576,3.530095100,3.526013374
12,exact_results.FP128.mul_div,0,1,toward_zero,1048576,3.099206924,3.092978477
12,exact_results.FP128.mul_div,1,0,toward_zero,1048576,3.033576012,3.029352188
12,exact_results.FP128.mul_div,1,1,nearest_even,1048576,3.203028679,3.194056511
12,exact_results.FP128.mul_div,2,0,nearest_even,1048576,3.607573509,3.600327492
12,exact_results.FP128.mul_div,2,1,toward_zero,1048576,3.540051460,3.535652161
12,exact_results.FP128.mul_div,3,0,toward_zero,1048576,3.540404320,3.534525871
12,exact_results.FP128.mul_div,3,1,nearest_even,1048576,3.738426208,3.731370926
12,exact_results.FP128.mul_div,4,0,nearest_even,1048576,3.981228828,3.973515511
12,exact_results.FP128.mul_div,4,1,toward_zero,1048576,3.730724335,3.724434853
12,exact_results.FP128.mul_div,5,0,toward_zero,1048576,3.083231926,3.078999519
12,exact_results.FP128.mul_div,5,1,nearest_even,1048576,3.233536720,3.227745056
12,exact_results.FP128.mul_div,6,0,nearest_even,1048576,3.606226921,3.600416183
12,exact_results.FP128.mul_div,6,1,toward_zero,1048576,3.179867744,3.172816277
12,exact_results.FP128.mul_div,7,0,toward_zero,1048576,3.946326256,3.940476418
12,exact_results.FP128.mul_div,7,1,nearest_even,1048576,4.004456520,3.997362137
12,exact_results.FP128.mul_div,8,0,nearest_even,1048576,3.565791130,3.559913635
12,exact_results.FP128.mul_div,8,1,toward_zero,1048576,3.085964203,3.082026482
12,halfway_ties.FP128.mul_div,0,0,toward_zero,1048576,3.554249763,3.549278259
12,halfway_ties.FP128.mul_div,0,1,nearest_even,1048576,4.840579033,4.833184242
12,halfway_ties.FP128.mul_div,1,0,nearest_even,1048576,4.565298080,4.559637070
12,halfway_ties.FP128.mul_div,1,1,toward_zero,1048576,3.290100098,3.284565926
12,halfway_ties.FP128.mul_div,2,0,toward_zero,1048576,3.966506004,3.957881927
12,halfway_ties.FP128.mul_div,2,1,nearest_even,1048576,5.337594032,5.327984810
12,halfway_ties.FP128.mul_div,3,0,nearest_even,1048576,4.477920532,4.472084999
12,halfway_ties.FP128.mul_div,3,1,toward_zero,1048576,3.423942566,3.414967537
12,halfway_ties.FP128.mul_div,4,0,toward_zero,1048576,3.658442497,3.652983665
12,halfway_ties.FP128.mul_div,4,1,nearest_even,1048576,4.787425995,4.780050278
12,halfway_ties.FP128.mul_div,5,0,nearest_even,1048576,4.423037529,4.416575432
12,halfway_ties.FP128.mul_div,5,1,toward_zero,1048576,3.941530228,3.933774948
12,halfway_ties.FP128.mul_div,6,0,toward_zero,1048576,3.510899544,3.506616592
12,halfway_ties.FP128.mul_div,6,1,nearest_even,1048576,4.504911423,4.496164322
12,halfway_ties.FP128.mul_div,7,0,nearest_even,1048576,4.850046158,4.842727661
12,halfway_ties.FP128.mul_div,7,1,toward_zero,1048576,3.613115311,3.603416443
12,halfway_ties.FP128.mul_div,8,0,toward_zero,1048576,3.921646118,3.916608810
12,halfway_ties.FP128.mul_div,8,1,nearest_even,1048576,4.606985092,4.600423813
12,exact_chain.FP128.mul_div,0,0,toward_zero,1048576,3.814337730,3.808191299
12,exact_chain.FP128.mul_div,0,1,nearest_even,1048576,3.815980911,3.810062408
12,exact_chain.FP128.mul_div,1,0,nearest_even,1048576,3.822286606,3.816550255
12,exact_chain.FP128.mul_div,1,1,toward_zero,1048576,3.825821877,3.818874359
12,exact_chain.FP128.mul_div,2,0,toward_zero,1048576,3.818245888,3.814229965
12,exact_chain.FP128.mul_div,2,1,nearest_even,1048576,3.814623833,3.809529305
12,exact_chain.FP128.mul_div,3,0,nearest_even,1048576,3.844597816,3.839406967
12,exact_chain.FP128.mul_div,3,1,toward_zero,1048576,3.824933052,3.817354202
12,exact_chain.FP128.mul_div,4,0,toward_zero,1048576,3.818951607,3.814342499
12,exact_chain.FP128.mul_div,4,1,nearest_even,1048576,3.819363594,3.813101768
12,exact_chain.FP128.mul_div,5,0,nearest_even,1048576,3.818732262,3.813551903
12,exact_chain.FP128.mul_div,5,1,toward_zero,1048576,3.829147339,3.820181847
12,exact_chain.FP128.mul_div,6,0,toward_zero,1048576,3.813553810,3.808361053
12,exact_chain.FP128.mul_div,6,1,nearest_even,1048576,3.819592476,3.813560486
12,exact_chain.FP128.mul_div,7,0,nearest_even,1048576,3.821169853,3.814459801
12,exact_chain.FP128.mul_div,7,1,toward_zero,1048576,3.818627357,3.812996864
12,exact_chain.FP128.mul_div,8,0,toward_zero,1048576,3.817193985,3.811236382
12,exact_chain.FP128.mul_div,8,1,nearest_even,1048576,3.825410843,3.816492081
12,inexact_chain.FP128.mul_div,0,0,toward_zero,1048576,3.805088997,3.800630569
12,inexact_chain.FP128.mul_div,0,1,nearest_even,1048576,4.892154694,4.883377075
12,inexact_chain.FP128.mul_div,1,0,nearest_even,1048576,4.876437187,4.866511345
12,inexact_chain.FP128.mul_div,1,1,toward_zero,1048576,3.804314613,3.799142838
12,inexact_chain.FP128.mul_div,2,0,toward_zero,1048576,3.819754601,3.814314842
12,inexact_chain.FP128.mul_div,2,1,nearest_even,1048576,4.885398865,4.878684044
12,inexact_chain.FP128.mul_div,3,0,nearest_even,1048576,4.872633934,4.863663673
12,inexact_chain.FP128.mul_div,3,1,toward_zero,1048576,3.808537483,3.804197311
12,inexact_chain.FP128.mul_div,4,0,toward_zero,1048576,3.822325706,3.817896843
12,inexact_chain.FP128.mul_div,4,1,nearest_even,1048576,4.880086899,4.874702454
12,inexact_chain.FP128.mul_div,5,0,nearest_even,1048576,4.876216888,4.866530418
12,inexact_chain.FP128.mul_div,5,1,toward_zero,1048576,3.810772896,3.805792809
12,inexact_chain.FP128.mul_div,6,0,toward_zero,1048576,3.826872826,3.821873665
12,inexact_chain.FP128.mul_div,6,1,nearest_even,1048576,4.885399818,4.877651215
12,inexact_chain.FP128.mul_div,7,0,nearest_even,1048576,4.876379013,4.866626740
12,inexact_chain.FP128.mul_div,7,1,toward_zero,1048576,3.813420296,3.805668831
12,inexact_chain.FP128.mul_div,8,0,toward_zero,1048576,3.823281288,3.816558838
12,inexact_chain.FP128.mul_div,8,1,nearest_even,1048576,4.882667542,4.874452591
12,wide_product.FP128.mul,0,0,toward_zero,1048576,4.937577248,4.931252480
12,wide_product.FP128.mul,0,1,nearest_even,1048576,10.100024223,10.080994606
12,wide_product.FP128.mul,1,0,nearest_even,1048576,10.091692924,10.072837830
12,wide_product.FP128.mul,1,1,toward_zero,1048576,4.917130470,4.909910202
12,wide_product.FP128.mul,2,0,toward_zero,1048576,4.931901932,4.923315048
12,wide_product.FP128.mul,2,1,nearest_even,1048576,10.094301224,10.076503754
12,wide_product.FP128.mul,3,0,nearest_even,1048576,10.062588692,10.046675682
12,wide_product.FP128.mul,3,1,toward_zero,1048576,4.919910431,4.909422874
12,wide_product.FP128.mul,4,0,toward_zero,1048576,4.924993515,4.918047905
12,wide_product.FP128.mul,4,1,nearest_even,1048576,10.089342117,10.073886871
12,wide_product.FP128.mul,5,0,nearest_even,1048576,10.083590508,10.066626549
12,wide_product.FP128.mul,5,1,toward_zero,1048576,4.920072556,4.910961151
12,wide_product.FP128.mul,6,0,toward_zero,1048576,4.934366226,4.921327591
12,wide_product.FP128.mul,6,1,nearest_even,1048576,10.125640869,10.112047195
12,wide_product.FP128.mul,7,0,nearest_even,1048576,10.123577118,10.105835915
12,wide_product.FP128.mul,7,1,toward_zero,1048576,4.914416313,4.908209801
12,wide_product.FP128.mul,8,0,toward_zero,1048576,4.924783707,4.917934418
12,wide_product.FP128.mul,8,1,nearest_even,1048576,10.079758644,10.063448906
12,native_by64.FP128.div,0,0,toward_zero,1048576,4.029011726,4.022597313
12,native_by64.FP128.div,0,1,nearest_even,1048576,9.582628250,9.564462662
12,native_by64.FP128.div,1,0,nearest_even,1048576,9.528223038,9.513077736
12,native_by64.FP128.div,1,1,toward_zero,1048576,4.007877350,4.002902985
12,native_by64.FP128.div,2,0,toward_zero,1048576,4.013752937,4.008475304
12,native_by64.FP128.div,2,1,nearest_even,1048576,9.529933929,9.516240120
12,native_by64.FP128.div,3,0,nearest_even,1048576,9.538953781,9.522155762
12,native_by64.FP128.div,3,1,toward_zero,1048576,4.013753891,4.006449699
12,native_by64.FP128.div,4,0,toward_zero,1048576,4.013323784,4.008207321
12,native_by64.FP128.div,4,1,nearest_even,1048576,9.552550316,9.534134865
12,native_by64.FP128.div,5,0,nearest_even,1048576,9.515334129,9.500255585
12,native_by64.FP128.div,5,1,toward_zero,1048576,4.008173943,4.002581596
12,native_by64.FP128.div,6,0,toward_zero,1048576,4.011814117,4.006792068
12,native_by64.FP128.div,6,1,nearest_even,1048576,9.554718971,9.541941643
12,native_by64.FP128.div,7,0,nearest_even,1048576,9.564493179,9.549489021
12,native_by64.FP128.div,7,1,toward_zero,1048576,4.007102966,3.999963760
12,native_by64.FP128.div,8,0,toward_zero,1048576,4.017555237,4.010794640
12,native_by64.FP128.div,8,1,nearest_even,1048576,9.569585800,9.556186676
12,native_by128.FP128.div,0,0,nearest_even,1048576,11.945598602,11.925272942
12,native_by128.FP128.div,0,1,toward_zero,1048576,11.268342972,11.240328789
12,native_by128.FP128.div,1,0,toward_zero,1048576,11.178214073,11.160634995
12,native_by128.FP128.div,1,1,nearest_even,1048576,11.786905289,11.769646645
12,native_by128.FP128.div,2,0,nearest_even,1048576,11.829957962,11.806283951
12,native_by128.FP128.div,2,1,toward_zero,1048576,11.198957443,11.182226181
12,native_by128.FP128.div,3,0,toward_zero,1048576,11.217770576,11.195115089
12,native_by128.FP128.div,3,1,nearest_even,1048576,11.909596443,11.889932632
12,native_by128.FP128.div,4,0,nearest_even,1048576,11.894566536,11.876030922
12,native_by128.FP128.div,4,1,toward_zero,1048576,11.216833115,11.196121216
12,native_by128.FP128.div,5,0,toward_zero,1048576,11.240386009,11.223830223
12,native_by128.FP128.div,5,1,nearest_even,1048576,11.900978088,11.884092331
12,native_by128.FP128.div,6,0,nearest_even,1048576,11.897490501,11.875446320
12,native_by128.FP128.div,6,1,toward_zero,1048576,11.249253273,11.233867645
12,native_by128.FP128.div,7,0,toward_zero,1048576,11.218018532,11.202013969
12,native_by128.FP128.div,7,1,nearest_even,1048576,11.910208702,11.894813538
12,native_by128.FP128.div,8,0,nearest_even,1048576,11.871473312,11.854284286
12,native_by128.FP128.div,8,1,toward_zero,1048576,11.198899269,11.180758476
12,wide_by64.FP128.div,0,0,toward_zero,1048576,5.075823784,5.068117142
12,wide_by64.FP128.div,0,1,nearest_even,1048576,10.674414635,10.656938553
12,wide_by64.FP128.div,1,0,nearest_even,1048576,10.633004189,10.612481117
12,wide_by64.FP128.div,1,1,toward_zero,1048576,5.031069756,5.024739265
12,wide_by64.FP128.div,2,0,toward_zero,1048576,5.021668434,5.014935493
12,wide_by64.FP128.div,2,1,nearest_even,1048576,10.656470299,10.641490936
12,wide_by64.FP128.div,3,0,nearest_even,1048576,10.660053253,10.641446114
12,wide_by64.FP128.div,3,1,toward_zero,1048576,5.044379234,5.037378311
12,wide_by64.FP128.div,4,0,toward_zero,1048576,5.018878937,5.012556076
12,wide_by64.FP128.div,4,1,nearest_even,1048576,10.610932350,10.586570740
12,wide_by64.FP128.div,5,0,nearest_even,1048576,10.637141228,10.617485046
12,wide_by64.FP128.div,5,1,toward_zero,1048576,5.033611298,5.025570869
12,wide_by64.FP128.div,6,0,toward_zero,1048576,5.024420738,5.016911507
12,wide_by64.FP128.div,6,1,nearest_even,1048576,10.584628105,10.564367294
12,wide_by64.FP128.div,7,0,nearest_even,1048576,10.627165794,10.606835365
12,wide_by64.FP128.div,7,1,toward_zero,1048576,5.034862518,5.028147697
12,wide_by64.FP128.div,8,0,toward_zero,1048576,5.024123192,5.015660286
12,wide_by64.FP128.div,8,1,nearest_even,1048576,10.619560242,10.604302406
12,wide_by128.FP128.div,0,0,toward_zero,1048576,16.305030823,16.281440735
12,wide_by128.FP128.div,0,1,nearest_even,1048576,18.072553635,18.035864830
12,wide_by128.FP128.div,1,0,nearest_even,1048576,18.047013283,18.019110680
12,wide_by128.FP128.div,1,1,toward_zero,1048576,16.259484291,16.230727196
12,wide_by128.FP128.div,2,0,toward_zero,1048576,16.232138634,16.208073616
12,wide_by128.FP128.div,2,1,nearest_even,1048576,18.088336945,18.061208725
12,wide_by128.FP128.div,3,0,nearest_even,1048576,18.062129021,18.034885406
12,wide_by128.FP128.div,3,1,toward_zero,1048576,16.232577324,16.208807945
12,wide_by128.FP128.div,4,0,toward_zero,1048576,16.301668167,16.277433395
12,wide_by128.FP128.div,4,1,nearest_even,1048576,18.043239594,18.012336731
12,wide_by128.FP128.div,5,0,nearest_even,1048576,18.028669357,18.001078606
12,wide_by128.FP128.div,5,1,toward_zero,1048576,16.258404732,16.235505104
12,wide_by128.FP128.div,6,0,toward_zero,1048576,16.314432144,16.286230087
12,wide_by128.FP128.div,6,1,nearest_even,1048576,17.996316910,17.964876175
12,wide_by128.FP128.div,7,0,nearest_even,1048576,17.966907501,17.936923027
12,wide_by128.FP128.div,7,1,toward_zero,1048576,16.260171890,16.235658646
12,wide_by128.FP128.div,8,0,toward_zero,1048576,16.266028404,16.235966682
12,wide_by128.FP128.div,8,1,nearest_even,1048576,17.942255974,17.914864540
12,wide_product.FP128.mul_div,0,0,toward_zero,1048576,19.050542831,19.018064499
12,wide_product.FP128.mul_div,0,1,nearest_even,1048576,23.198185921,23.159256935
12,wide_product.FP128.mul_div,1,0,nearest_even,1048576,23.203260422,23.158440590
12,wide_product.FP128.mul_div,1,1,toward_zero,1048576,18.907671928,18.877998352
12,wide_product.FP128.mul_div,2,0,toward_zero,1048576,18.912782669,18.876127243
12,wide_product.FP128.mul_div,2,1,nearest_even,1048576,23.189070702,23.151795387
12,wide_product.FP128.mul_div,3,0,nearest_even,1048576,23.222216606,23.182146072
12,wide_product.FP128.mul_div,3,1,toward_zero,1048576,18.922185898,18.893952370
12,wide_product.FP128.mul_div,4,0,toward_zero,1048576,18.903849602,18.871740341
12,wide_product.FP128.mul_div,4,1,nearest_even,1048576,23.192912102,23.154747009
12,wide_product.FP128.mul_div,5,0,nearest_even,1048576,23.216330528,23.183325768
12,wide_product.FP128.mul_div,5,1,toward_zero,1048576,18.915841103,18.882756233
12,wide_product.FP128.mul_div,6,0,toward_zero,1048576,18.907213211,18.878783226
12,wide_product.FP128.mul_div,6,1,nearest_even,1048576,23.197880745,23.157421112
12,wide_product.FP128.mul_div,7,0,nearest_even,1048576,23.226458549,23.178713799
12,wide_product.FP128.mul_div,7,1,toward_zero,1048576,18.929609299,18.891815186
12,wide_product.FP128.mul_div,8,0,toward_zero,1048576,18.906687737,18.879056931
12,wide_product.FP128.mul_div,8,1,nearest_even,1048576,23.214256287,23.176586151
12,throughput4096.FP64.mul_wide,0,0,toward_zero,1048576,2.578170776,2.570844650
12,throughput4096.FP64.mul_wide,0,1,nearest_even,1048576,2.625285149,2.620719910
12,throughput4096.FP64.mul_wide,1,0,nearest_even,1048576,2.606605530,2.602515221
12,throughput4096.FP64.mul_wide,1,1,toward_zero,1048576,2.582834244,2.579576492
12,throughput4096.FP64.mul_wide,2,0,toward_zero,1048576,2.571262360,2.568091393
12,throughput4096.FP64.mul_wide,2,1,nearest_even,1048576,2.602669716,2.592714310
12,throughput4096.FP64.mul_wide,3,0,nearest_even,1048576,2.604311943,2.601370811
12,throughput4096.FP64.mul_wide,3,1,toward_zero,1048576,2.579566002,2.575726509
12,throughput4096.FP64.mul_wide,4,0,toward_zero,1048576,2.573163986,2.569495201
12,throughput4096.FP64.mul_wide,4,1,nearest_even,1048576,2.591881752,2.587831497
12,throughput4096.FP64.mul_wide,5,0,nearest_even,1048576,2.601819038,2.598005295
12,throughput4096.FP64.mul_wide,5,1,toward_zero,1048576,2.592062950,2.585778236
12,throughput4096.FP64.mul_wide,6,0,toward_zero,1048576,2.573851585,2.568873405
12,throughput4096.FP64.mul_wide,6,1,nearest_even,1048576,2.592531204,2.589148521
12,throughput4096.FP64.mul_wide,7,0,nearest_even,1048576,2.602430344,2.598944664
12,throughput4096.FP64.mul_wide,7,1,toward_zero,1048576,2.585374832,2.580532074
12,throughput4096.FP64.mul_wide,8,0,toward_zero,1048576,2.576298714,2.568531990
12,throughput4096.FP64.mul_wide,8,1,nearest_even,1048576,2.588202477,2.585719109
12,fullrange.FP64.mul_wide,0,0,toward_zero,1048576,2.785191536,2.782030106
12,fullrange.FP64.mul_wide,0,1,nearest_even,1048576,2.551952362,2.549317360
12,fullrange.FP64.mul_wide,1,0,nearest_even,1048576,2.518816948,2.510869026
12,fullrange.FP64.mul_wide,1,1,toward_zero,1048576,2.771967888,2.764351845
12,fullrange.FP64.mul_wide,2,0,toward_zero,1048576,2.759394646,2.754913330
12,fullrange.FP64.mul_wide,2,1,nearest_even,1048576,2.507064819,2.501714706
12,fullrange.FP64.mul_wide,3,0,nearest_even,1048576,2.511546135,2.508663177
12,fullrange.FP64.mul_wide,3,1,toward_zero,1048576,2.763579369,2.758075714
12,fullrange.FP64.mul_wide,4,0,toward_zero,1048576,2.758334160,2.749802589
12,fullrange.FP64.mul_wide,4,1,nearest_even,1048576,2.505851746,2.501753807
12,fullrange.FP64.mul_wide,5,0,nearest_even,1048576,2.510189056,2.507897377
12,fullrange.FP64.mul_wide,5,1,toward_zero,1048576,2.766016006,2.761851311
12,fullrange.FP64.mul_wide,6,0,toward_zero,1048576,2.754340172,2.747671127
12,fullrange.FP64.mul_wide,6,1,nearest_even,1048576,2.513179779,2.508586884
12,fullrange.FP64.mul_wide,7,0,nearest_even,1048576,2.512119293,2.508899689
12,fullrange.FP64.mul_wide,7,1,toward_zero,1048576,2.757751465,2.753709793
12,fullrange.FP64.mul_wide,8,0,toward_zero,1048576,2.745521545,2.741566658
12,fullrange.FP64.mul_wide,8,1,nearest_even,1048576,2.504302979,2.500376701
12,throughput4096.FP64.quantize4,0,0,nearest_even,1048576,5.492896080,5.481401443
12,throughput4096.FP64.quantize4,0,1,toward_zero,1048576,1.822376251,1.819178581
12,throughput4096.FP64.quantize4,1,0,toward_zero,1048576,1.878327370,1.875959396
12,throughput4096.FP64.quantize4,1,1,nearest_even,1048576,5.508316994,5.499135971
12,throughput4096.FP64.quantize4,2,0,nearest_even,1048576,5.423710823,5.417280197
12,throughput4096.FP64.quantize4,2,1,toward_zero,1048576,1.818744659,1.812978745
12,throughput4096.FP64.quantize4,3,0,toward_zero,1048576,1.853208542,1.849838257
12,throughput4096.FP64.quantize4,3,1,nearest_even,1048576,5.461278915,5.452013969
12,throughput4096.FP64.quantize4,4,0,nearest_even,1048576,5.420815468,5.409139633
12,throughput4096.FP64.quantize4,4,1,toward_zero,1048576,1.811005592,1.809432983
12,throughput4096.FP64.quantize4,5,0,toward_zero,1048576,1.849817276,1.847076416
12,throughput4096.FP64.quantize4,5,1,nearest_even,1048576,5.458881378,5.446496964
12,throughput4096.FP64.quantize4,6,0,nearest_even,1048576,5.377016068,5.369403839
12,throughput4096.FP64.quantize4,6,1,toward_zero,1048576,1.856275558,1.853727341
12,throughput4096.FP64.quantize4,7,0,toward_zero,1048576,1.876225471,1.873591423
12,throughput4096.FP64.quantize4,7,1,nearest_even,1048576,5.448505402,5.440606117
12,throughput4096.FP64.quantize4,8,0,nearest_even,1048576,5.416850090,5.408593178
12,throughput4096.FP64.quantize4,8,1,toward_zero,1048576,1.822203636,1.819357872
12,throughput4096.FP128.quantize4,0,0,toward_zero,1048576,3.445240021,3.440489769
12,throughput4096.FP128.quantize4,0,1,nearest_even,1048576,7.949827194,7.935993195
12,throughput4096.FP128.quantize4,1,0,nearest_even,1048576,7.804165840,7.789128304
12,throughput4096.FP128.quantize4,1,1,toward_zero,1048576,3.432292938,3.427980423
12,throughput4096.FP128.quantize4,2,0,toward_zero,1048576,3.456705093,3.451048851
12,throughput4096.FP128.quantize4,2,1,nearest_even,1048576,7.832715988,7.822378159
12,throughput4096.FP128.quantize4,3,0,nearest_even,1048576,7.839824677,7.821070671
12,throughput4096.FP128.quantize4,3,1,toward_zero,1048576,3.436907768,3.431021690
12,throughput4096.FP128.quantize4,4,0,toward_zero,1048576,3.457508087,3.451180458
12,throughput4096.FP128.quantize4,4,1,nearest_even,1048576,7.917503357,7.906172752
12,throughput4096.FP128.quantize4,5,0,nearest_even,1048576,7.903420448,7.891260147
12,throughput4096.FP128.quantize4,5,1,toward_zero,1048576,3.435837746,3.430541992
12,throughput4096.FP128.quantize4,6,0,toward_zero,1048576,3.454487801,3.450368881
12,throughput4096.FP128.quantize4,6,1,nearest_even,1048576,7.893971443,7.878073692
12,throughput4096.FP128.quantize4,7,0,nearest_even,1048576,7.874765396,7.862202644
12,throughput4096.FP128.quantize4,7,1,toward_zero,1048576,3.395545959,3.390057564
12,throughput4096.FP128.quantize4,8,0,toward_zero,1048576,3.409677505,3.403607368
12,throughput4096.FP128.quantize4,8,1,nearest_even,1048576,7.837759972,7.827521324
12,parse_extra_digit.FP64,0,0,toward_zero,1048576,34.333824158,34.280936241
12,parse_extra_digit.FP64,0,1,nearest_even,1048576,36.187921524,36.124552727
12,parse_extra_digit.FP64,1,0,nearest_even,1048576,36.203008652,36.139475822
12,parse_extra_digit.FP64,1,1,toward_zero,1048576,34.306200981,34.247563362
12,parse_extra_digit.FP64,2,0,toward_zero,1048576,34.315220833,34.256728172
12,parse_extra_digit.FP64,2,1,nearest_even,1048576,36.218610764,36.161302567
12,parse_extra_digit.FP64,3,0,nearest_even,1048576,36.227057457,36.165717125
12,parse_extra_digit.FP64,3,1,toward_zero,1048576,34.338706017,34.283806801
12,parse_extra_digit.FP64,4,0,toward_zero,1048576,34.390560150,34.337600708
12,parse_extra_digit.FP64,4,1,nearest_even,1048576,36.308645248,36.249547005
12,parse_extra_digit.FP64,5,0,nearest_even,1048576,36.283582687,36.222896576
12,parse_extra_digit.FP64,5,1,toward_zero,1048576,34.422185898,34.358008385
12,parse_extra_digit.FP64,6,0,toward_zero,1048576,34.414981842,34.355566025
12,parse_extra_digit.FP64,6,1,nearest_even,1048576,36.354793549,36.292860031
12,parse_extra_digit.FP64,7,0,nearest_even,1048576,36.286076546,36.226063728
12,parse_extra_digit.FP64,7,1,toward_zero,1048576,34.373266220,34.313506126
12,parse_extra_digit.FP64,8,0,toward_zero,1048576,34.364438057,34.304386139
12,parse_extra_digit.FP64,8,1,nearest_even,1048576,36.278815269,36.215814590
12,format_2digits.FP64,0,0,nearest_even,1048576,15.032623291,15.009366035
12,format_2digits.FP64,0,1,toward_zero,1048576,11.242927551,11.222884178
12,format_2digits.FP64,1,0,toward_zero,1048576,11.261731148,11.236116409
12,format_2digits.FP64,1,1,nearest_even,1048576,15.133502007,15.111569405
12,format_2digits.FP64,2,0,nearest_even,1048576,15.095083237,15.069433212
12,format_2digits.FP64,2,1,toward_zero,1048576,11.307622910,11.290431976
12,format_2digits.FP64,3,0,toward_zero,1048576,11.276435852,11.258303642
12,format_2digits.FP64,3,1,nearest_even,1048576,15.069992065,15.049378395
12,format_2digits.FP64,4,0,nearest_even,1048576,15.090419769,15.069476128
12,format_2digits.FP64,4,1,toward_zero,1048576,11.292564392,11.272517204
12,format_2digits.FP64,5,0,toward_zero,1048576,11.242535591,11.221792221
12,format_2digits.FP64,5,1,nearest_even,1048576,15.119896889,15.098566055
12,format_2digits.FP64,6,0,nearest_even,1048576,15.053557396,15.026221275
12,format_2digits.FP64,6,1,toward_zero,1048576,11.240462303,11.223437309
12,format_2digits.FP64,7,0,toward_zero,1048576,11.257938385,11.239603043
12,format_2digits.FP64,7,1,nearest_even,1048576,15.146401405,15.119497299
12,format_2digits.FP64,8,0,nearest_even,1048576,15.062864304,15.035403252
12,format_2digits.FP64,8,1,toward_zero,1048576,11.254946709,11.238753319
12,parse_extra_digit.FP128,0,0,toward_zero,1048576,34.197220802,34.134919167
12,parse_extra_digit.FP128,0,1,nearest_even,1048576,36.033737183,35.950695038
12,parse_extra_digit.FP128,1,0,nearest_even,1048576,35.967427254,35.907095909
12,parse_extra_digit.FP128,1,1,toward_zero,1048576,34.114792824,34.055460930
12,parse_extra_digit.FP128,2,0,toward_zero,1048576,34.120401382,34.052927971
12,parse_extra_digit.FP128,2,1,nearest_even,1048576,36.041171074,35.983271599
12,parse_extra_digit.FP128,3,0,nearest_even,1048576,35.900783539,35.840020180
12,parse_extra_digit.FP128,3,1,toward_zero,1048576,34.088650703,34.030208588
12,parse_extra_digit.FP128,4,0,toward_zero,1048576,34.099953651,34.044107437
12,parse_extra_digit.FP128,4,1,nearest_even,1048576,36.013834953,35.952008247
12,parse_extra_digit.FP128,5,0,nearest_even,1048576,36.059076309,35.982585907
12,parse_extra_digit.FP128,5,1,toward_zero,1048576,34.191345215,34.137022972
12,parse_extra_digit.FP128,6,0,toward_zero,1048576,34.176688194,34.120044708
12,parse_extra_digit.FP128,6,1,nearest_even,1048576,35.960367203,35.891330719
12,parse_extra_digit.FP128,7,0,nearest_even,1048576,35.943159103,35.879750252
12,parse_extra_digit.FP128,7,1,toward_zero,1048576,34.089433670,34.029598236
12,parse_extra_digit.FP128,8,0,toward_zero,1048576,34.112317085,34.055418968
12,parse_extra_digit.FP128,8,1,nearest_even,1048576,35.909373283,35.839665413
12,format_2digits.FP128,0,0,toward_zero,1048576,14.227296829,14.203992844
12,format_2digits.FP128,0,1,nearest_even,1048576,21.723639488,21.684412956
12,format_2digits.FP128,1,0,nearest_even,1048576,21.746092796,21.712315559
12,format_2digits.FP128,1,1,toward_zero,1048576,14.244227409,14.224029541
12,format_2digits.FP128,2,0,toward_zero,1048576,14.231348991,14.207146645
12,format_2digits.FP128,2,1,nearest_even,1048576,21.724948883,21.685632706
12,format_2digits.FP128,3,0,nearest_even,1048576,21.700965881,21.667424202
12,format_2digits.FP128,3,1,toward_zero,1048576,14.242077827,14.199058533
12,format_2digits.FP128,4,0,toward_zero,1048576,14.208283424,14.182451248
12,format_2digits.FP128,4,1,nearest_even,1048576,21.602906227,21.568903923
12,format_2digits.FP128,5,0,nearest_even,1048576,21.628341675,21.593098640
12,format_2digits.FP128,5,1,toward_zero,1048576,14.221220016,14.195184708
12,format_2digits.FP128,6,0,toward_zero,1048576,14.210605621,14.185520172
12,format_2digits.FP128,6,1,nearest_even,1048576,21.637150764,21.597752571
12,format_2digits.FP128,7,0,nearest_even,1048576,21.614133835,21.578121185
12,format_2digits.FP128,7,1,toward_zero,1048576,14.204403877,14.178064346
12,format_2digits.FP128,8,0,toward_zero,1048576,14.208646774,14.185506821
12,format_2digits.FP128,8,1,nearest_even,1048576,21.610321045,21.571869850
12,throughput4096.FP64.mul,0,0,toward_zero,1048576,2.578639030,2.575141907
12,throughput4096.FP64.mul,0,1,nearest_even,1048576,2.773573875,2.769608498
12,throughput4096.FP64.mul,1,0,nearest_even,1048576,2.765480995,2.761507034
12,throughput4096.FP64.mul,1,1,toward_zero,1048576,2.544548035,2.541664124
12,throughput4096.FP64.mul,2,0,toward_zero,1048576,2.537410736,2.532757759
12,throughput4096.FP64.mul,2,1,nearest_even,1048576,2.765471458,2.751245499
12,throughput4096.FP64.mul,3,0,nearest_even,1048576,2.756165504,2.749687195
12,throughput4096.FP64.mul,3,1,toward_zero,1048576,2.537887573,2.535528183
12,throughput4096.FP64.mul,4,0,toward_zero,1048576,2.535175323,2.531478882
12,throughput4096.FP64.mul,4,1,nearest_even,1048576,2.744173050,2.740314484
12,throughput4096.FP64.mul,5,0,nearest_even,1048576,2.749763489,2.746095657
12,throughput4096.FP64.mul,5,1,toward_zero,1048576,2.535633087,2.532978058
12,throughput4096.FP64.mul,6,0,toward_zero,1048576,2.538203239,2.533608437
12,throughput4096.FP64.mul,6,1,nearest_even,1048576,2.747374535,2.742483139
12,throughput4096.FP64.mul,7,0,nearest_even,1048576,2.749695778,2.745283127
12,throughput4096.FP64.mul,7,1,toward_zero,1048576,2.534486771,2.531610489
12,throughput4096.FP64.mul,8,0,toward_zero,1048576,2.536960602,2.533264160
12,throughput4096.FP64.mul,8,1,nearest_even,1048576,2.746887207,2.742130280
12,throughput256.FP64.mul,0,0,toward_zero,1048576,2.587123871,2.583007812
12,throughput256.FP64.mul,0,1,nearest_even,1048576,2.747574806,2.739893913
12,throughput256.FP64.mul,1,0,nearest_even,1048576,2.747622490,2.743429184
12,throughput256.FP64.mul,1,1,toward_zero,1048576,2.550385475,2.547910690
12,throughput256.FP64.mul,2,0,toward_zero,1048576,2.533836365,2.528659821
12,throughput256.FP64.mul,2,1,nearest_even,1048576,2.744575500,2.740484238
12,throughput256.FP64.mul,3,0,nearest_even,1048576,2.743390083,2.738975525
12,throughput256.FP64.mul,3,1,toward_zero,1048576,2.548847198,2.545847893
12,throughput256.FP64.mul,4,0,toward_zero,1048576,2.528295517,2.524475098
12,throughput256.FP64.mul,4,1,nearest_even,1048576,2.748358727,2.737992287
12,throughput256.FP64.mul,5,0,nearest_even,1048576,2.750499725,2.746001244
12,throughput256.FP64.mul,5,1,toward_zero,1048576,2.534094810,2.531077385
12,throughput256.FP64.mul,6,0,toward_zero,1048576,2.536712646,2.532662392
12,throughput256.FP64.mul,6,1,nearest_even,1048576,2.746763229,2.742656708
12,throughput256.FP64.mul,7,0,nearest_even,1048576,2.748990059,2.745819092
12,throughput256.FP64.mul,7,1,toward_zero,1048576,2.554589272,2.550693512
12,throughput256.FP64.mul,8,0,toward_zero,1048576,2.569791794,2.564315796
12,throughput256.FP64.mul,8,1,nearest_even,1048576,2.743925095,2.740105629
12,exact_results.FP64.mul,0,0,nearest_even,1048576,2.553653717,2.550080299
12,exact_results.FP64.mul,0,1,toward_zero,1048576,2.545751572,2.541693687
12,exact_results.FP64.mul,1,0,toward_zero,1048576,2.533770561,2.530560493
12,exact_results.FP64.mul,1,1,nearest_even,1048576,2.556738853,2.554113388
12,exact_results.FP64.mul,2,0,nearest_even,1048576,2.566409111,2.558557510
12,exact_results.FP64.mul,2,1,toward_zero,1048576,2.530053139,2.526720047
12,exact_results.FP64.mul,3,0,toward_zero,1048576,2.530111313,2.526909828
12,exact_results.FP64.mul,3,1,nearest_even,1048576,2.560379982,2.555975914
12,exact_results.FP64.mul,4,0,nearest_even,1048576,2.560733795,2.556357384
12,exact_results.FP64.mul,4,1,toward_zero,1048576,2.526078224,2.523262024
12,exact_results.FP64.mul,5,0,toward_zero,1048576,2.526814461,2.522075653
12,exact_results.FP64.mul,5,1,nearest_even,1048576,2.557780266,2.553474426
12,exact_results.FP64.mul,6,0,nearest_even,1048576,2.554877281,2.551638603
12,exact_results.FP64.mul,6,1,toward_zero,1048576,2.530683517,2.523624420
12,exact_results.FP64.mul,7,0,toward_zero,1048576,2.529040337,2.525180817
12,exact_results.FP64.mul,7,1,nearest_even,1048576,2.531896591,2.528918266
12,exact_results.FP64.mul,8,0,nearest_even,1048576,2.531219482,2.527102470
12,exact_results.FP64.mul,8,1,toward_zero,1048576,2.527874947,2.523459435
12,halfway_ties.FP64.mul,0,0,toward_zero,1048576,2.550767899,2.546212196
12,halfway_ties.FP64.mul,0,1,nearest_even,1048576,2.737257004,2.729763985
12,halfway_ties.FP64.mul,1,0,nearest_even,1048576,2.734055519,2.730357170
12,halfway_ties.FP64.mul,1,1,toward_zero,1048576,2.534209251,2.530772209
12,halfway_ties.FP64.mul,2,0,toward_zero,1048576,2.530244827,2.525018692
12,halfway_ties.FP64.mul,2,1,nearest_even,1048576,2.728742599,2.723669052
12,halfway_ties.FP64.mul,3,0,nearest_even,1048576,2.734752655,2.729746819
12,halfway_ties.FP64.mul,3,1,toward_zero,1048576,2.533951759,2.531200409
12,halfway_ties.FP64.mul,4,0,toward_zero,1048576,2.528868675,2.523900986
12,halfway_ties.FP64.mul,4,1,nearest_even,1048576,2.726354599,2.722025871
12,halfway_ties.FP64.mul,5,0,nearest_even,1048576,2.738097191,2.730723381
12,halfway_ties.FP64.mul,5,1,toward_zero,1048576,2.531744957,2.529586792
12,halfway_ties.FP64.mul,6,0,toward_zero,1048576,2.529508591,2.525076866
12,halfway_ties.FP64.mul,6,1,nearest_even,1048576,2.729134560,2.723776817
12,halfway_ties.FP64.mul,7,0,nearest_even,1048576,2.732058525,2.726633072
12,halfway_ties.FP64.mul,7,1,toward_zero,1048576,2.532279015,2.529292107
12,halfway_ties.FP64.mul,8,0,toward_zero,1048576,2.531448364,2.524006844
12,halfway_ties.FP64.mul,8,1,nearest_even,1048576,2.727834702,2.723144531
12,exact_chain.FP64.mul,0,0,nearest_even,1048576,3.726998329,3.720908165
12,exact_chain.FP64.mul,0,1,toward_zero,1048576,3.803406715,3.797317505
12,exact_chain.FP64.mul,1,0,toward_zero,1048576,3.801552773,3.795606613
12,exact_chain.FP64.mul,1,1,nearest_even,1048576,3.695228577,3.690716743
12,exact_chain.FP64.mul,2,0,nearest_even,1048576,3.701229095,3.695646286
12,exact_chain.FP64.mul,2,1,toward_zero,1048576,3.781889915,3.775960922
12,exact_chain.FP64.mul,3,0,toward_zero,1048576,3.822067261,3.813502312
12,exact_chain.FP64.mul,3,1,nearest_even,1048576,3.676577568,3.670202255
12,exact_chain.FP64.mul,4,0,nearest_even,1048576,3.691139221,3.685096741
12,exact_chain.FP64.mul,4,1,toward_zero,1048576,3.795180321,3.789225578
12,exact_chain.FP64.mul,5,0,toward_zero,1048576,3.792934418,3.786624908
12,exact_chain.FP64.mul,5,1,nearest_even,1048576,3.677093506,3.669533730
12,exact_chain.FP64.mul,6,0,nearest_even,1048576,3.708901405,3.703374863
12,exact_chain.FP64.mul,6,1,toward_zero,1048576,3.799537659,3.793210030
12,exact_chain.FP64.mul,7,0,toward_zero,1048576,3.780648232,3.774958611
12,exact_chain.FP64.mul,7,1,nearest_even,1048576,3.688348770,3.682497978
12,exact_chain.FP64.mul,8,0,nearest_even,1048576,3.695716858,3.689618111
12,exact_chain.FP64.mul,8,1,toward_zero,1048576,3.766888618,3.761018753
12,inexact_chain.FP64.mul,0,0,nearest_even,1048576,4.668689728,4.661009789
12,inexact_chain.FP64.mul,0,1,toward_zero,1048576,3.819974899,3.814256668
12,inexact_chain.FP64.mul,1,0,toward_zero,1048576,3.800951004,3.794816017
12,inexact_chain.FP64.mul,1,1,nearest_even,1048576,4.622100830,4.613044739
12,inexact_chain.FP64.mul,2,0,nearest_even,1048576,4.567715645,4.561510086
12,inexact_chain.FP64.mul,2,1,toward_zero,1048576,3.794253349,3.786710739
12,inexact_chain.FP64.mul,3,0,toward_zero,1048576,3.774762154,3.768673897
12,inexact_chain.FP64.mul,3,1,nearest_even,1048576,4.658761978,4.647865295
12,inexact_chain.FP64.mul,4,0,nearest_even,1048576,4.605542183,4.600340843
12,inexact_chain.FP64.mul,4,1,toward_zero,1048576,3.783944130,3.778329849
12,inexact_chain.FP64.mul,5,0,toward_zero,1048576,3.777618408,3.771855354
12,inexact_chain.FP64.mul,5,1,nearest_even,1048576,4.606622696,4.599839211
12,inexact_chain.FP64.mul,6,0,nearest_even,1048576,4.625912666,4.618408203
12,inexact_chain.FP64.mul,6,1,toward_zero,1048576,3.788587570,3.780157089
12,inexact_chain.FP64.mul,7,0,toward_zero,1048576,3.754515648,3.749056816
12,inexact_chain.FP64.mul,7,1,nearest_even,1048576,4.612689018,4.606393814
12,inexact_chain.FP64.mul,8,0,nearest_even,1048576,4.605914116,4.598742485
12,inexact_chain.FP64.mul,8,1,toward_zero,1048576,3.766440392,3.760743141
12,throughput4096.FP64.div,0,0,toward_zero,1048576,2.425610542,2.421475410
12,throughput4096.FP64.div,0,1,nearest_even,1048576,2.435729980,2.432730675
12,throughput4096.FP64.div,1,0,nearest_even,1048576,2.459577560,2.452375412
12,throughput4096.FP64.div,1,1,toward_zero,1048576,2.476251602,2.452709198
12,throughput4096.FP64.div,2,0,toward_zero,1048576,2.447930336,2.444712639
12,throughput4096.FP64.div,2,1,nearest_even,1048576,2.447223663,2.443039894
12,throughput4096.FP64.div,3,0,nearest_even,1048576,2.452736855,2.450579643
12,throughput4096.FP64.div,3,1,toward_zero,1048576,2.460237503,2.455862045
12,throughput4096.FP64.div,4,0,toward_zero,1048576,2.451743126,2.448706627
12,throughput4096.FP64.div,4,1,nearest_even,1048576,2.447844505,2.442237854
12,throughput4096.FP64.div,5,0,nearest_even,1048576,2.456272125,2.453281403
12,throughput4096.FP64.div,5,1,toward_zero,1048576,2.456797600,2.452384949
12,throughput4096.FP64.div,6,0,toward_zero,1048576,2.457800865,2.453369141
12,throughput4096.FP64.div,6,1,nearest_even,1048576,2.442656517,2.440040588
12,throughput4096.FP64.div,7,0,nearest_even,1048576,2.458813667,2.454516411
12,throughput4096.FP64.div,7,1,toward_zero,1048576,2.461106300,2.455116272
12,throughput4096.FP64.div,8,0,toward_zero,1048576,2.450033188,2.445896149
12,throughput4096.FP64.div,8,1,nearest_even,1048576,2.446593285,2.443011284
12,throughput256.FP64.div,0,0,nearest_even,1048576,2.459482193,2.456940651
12,throughput256.FP64.div,0,1,toward_zero,1048576,2.468416214,2.463459969
12,throughput256.FP64.div,1,0,toward_zero,1048576,2.458058357,2.454038620
12,throughput256.FP64.div,1,1,nearest_even,1048576,2.451102257,2.444128036
12,throughput256.FP64.div,2,0,nearest_even,1048576,2.458813667,2.455654144
12,throughput256.FP64.div,2,1,toward_zero,1048576,2.468129158,2.464288712
12,throughput256.FP64.div,3,0,toward_zero,1048576,2.458794594,2.455195427
12,throughput256.FP64.div,3,1,nearest_even,1048576,2.442953110,2.440853119
12,throughput256.FP64.div,4,0,nearest_even,1048576,2.460610390,2.456129074
12,throughput256.FP64.div,4,1,toward_zero,1048576,2.460533142,2.458107948
12,throughput256.FP64.div,5,0,toward_zero,1048576,2.461651802,2.454258919
12,throughput256.FP64.div,5,1,nearest_even,1048576,2.446134567,2.443039894
12,throughput256.FP64.div,6,0,nearest_even,1048576,2.459320068,2.455500603
12,throughput256.FP64.div,6,1,toward_zero,1048576,2.463790894,2.459569931
12,throughput256.FP64.div,7,0,toward_zero,1048576,2.455316544,2.452835083
12,throughput256.FP64.div,7,1,nearest_even,1048576,2.448713303,2.442036629
12,throughput256.FP64.div,8,0,nearest_even,1048576,2.453825951,2.450981140
12,throughput256.FP64.div,8,1,toward_zero,1048576,2.470708847,2.467032433
12,exact_results.FP64.div,0,0,toward_zero,1048576,2.576727867,2.572514534
12,exact_results.FP64.div,0,1,nearest_even,1048576,2.549534798,2.542382240
12,exact_results.FP64.div,1,0,nearest_even,1048576,2.538126945,2.533637047
12,exact_results.FP64.div,1,1,toward_zero,1048576,2.557886124,2.555106163
12,exact_results.FP64.div,2,0,toward_zero,1048576,2.555974960,2.551533699
12,exact_results.FP64.div,2,1,nearest_even,1048576,2.534448624,2.529739380
12,exact_results.FP64.div,3,0,nearest_even,1048576,2.533588409,2.530465126
12,exact_results.FP64.div,3,1,toward_zero,1048576,2.557646751,2.552583694
12,exact_results.FP64.div,4,0,toward_zero,1048576,2.558593750,2.554236412
12,exact_results.FP64.div,4,1,nearest_even,1048576,2.529623032,2.526546478
12,exact_results.FP64.div,5,0,nearest_even,1048576,2.533780098,2.529221535
12,exact_results.FP64.div,5,1,toward_zero,1048576,2.552717209,2.548369408
12,exact_results.FP64.div,6,0,toward_zero,1048576,2.551904678,2.549422264
12,exact_results.FP64.div,6,1,nearest_even,1048576,2.531945229,2.528237343
12,exact_results.FP64.div,7,0,nearest_even,1048576,2.534458160,2.530094147
12,exact_results.FP64.div,7,1,toward_zero,1048576,2.550882339,2.547893524
12,exact_results.FP64.div,8,0,toward_zero,1048576,2.552048683,2.547109604
12,exact_results.FP64.div,8,1,nearest_even,1048576,2.527683258,2.524140358
12,halfway_ties.FP64.div,0,0,toward_zero,1048576,2.567555428,2.560955048
12,halfway_ties.FP64.div,0,1,nearest_even,1048576,2.470527649,2.467853546
12,halfway_ties.FP64.div,1,0,nearest_even,1048576,2.478906631,2.474706650
12,halfway_ties.FP64.div,1,1,toward_zero,1048576,2.575562477,2.571912766
12,halfway_ties.FP64.div,2,0,toward_zero,1048576,2.569686890,2.566878319
12,halfway_ties.FP64.div,2,1,nearest_even,1048576,2.471645355,2.467488289
12,halfway_ties.FP64.div,3,0,nearest_even,1048576,2.478400230,2.473711014
12,halfway_ties.FP64.div,3,1,toward_zero,1048576,2.576375008,2.573527336
12,halfway_ties.FP64.div,4,0,toward_zero,1048576,2.568720818,2.564260483
12,halfway_ties.FP64.div,4,1,nearest_even,1048576,2.466438293,2.462265015
12,halfway_ties.FP64.div,5,0,nearest_even,1048576,2.480111122,2.476328850
12,halfway_ties.FP64.div,5,1,toward_zero,1048576,2.577186584,2.569953918
12,halfway_ties.FP64.div,6,0,toward_zero,1048576,2.571854591,2.566458702
12,halfway_ties.FP64.div,6,1,nearest_even,1048576,2.467298508,2.464758873
12,halfway_ties.FP64.div,7,0,nearest_even,1048576,2.478830338,2.474454880
12,halfway_ties.FP64.div,7,1,toward_zero,1048576,2.577301979,2.574569702
12,halfway_ties.FP64.div,8,0,toward_zero,1048576,2.566552162,2.563265800
12,halfway_ties.FP64.div,8,1,nearest_even,1048576,2.465081215,2.460783005
12,exact_chain.FP64.div,0,0,toward_zero,1048576,3.763802528,3.755180359
12,exact_chain.FP64.div,0,1,nearest_even,1048576,3.638053894,3.632624626
12,exact_chain.FP64.div,1,0,nearest_even,1048576,3.639305115,3.633598328
12,exact_chain.FP64.div,1,1,toward_zero,1048576,3.794807434,3.789424896
12,exact_chain.FP64.div,2,0,toward_zero,1048576,3.722325325,3.714306831
12,exact_chain.FP64.div,2,1,nearest_even,1048576,3.625880241,3.621463776
12,exact_chain.FP64.div,3,0,nearest_even,1048576,3.630553246,3.624750137
12,exact_chain.FP64.div,3,1,toward_zero,1048576,3.748267174,3.741853714
12,exact_chain.FP64.div,4,0,toward_zero,1048576,3.753168106,3.747653008
12,exact_chain.FP64.div,4,1,nearest_even,1048576,3.629664421,3.624359131
12,exact_chain.FP64.div,5,0,nearest_even,1048576,3.635272980,3.630475044
12,exact_chain.FP64.div,5,1,toward_zero,1048576,3.765235901,3.759680748
12,exact_chain.FP64.div,6,0,toward_zero,1048576,3.758939743,3.753080368
12,exact_chain.FP64.div,6,1,nearest_even,1048576,3.635387421,3.631267548
12,exact_chain.FP64.div,7,0,nearest_even,1048576,3.646471024,3.637227058
12,exact_chain.FP64.div,7,1,toward_zero,1048576,3.775908470,3.770181656
12,exact_chain.FP64.div,8,0,toward_zero,1048576,3.781812668,3.774874687
12,exact_chain.FP64.div,8,1,nearest_even,1048576,3.646738052,3.637401581
12,inexact_chain.FP64.div,0,0,toward_zero,1048576,3.777484894,3.773756981
12,inexact_chain.FP64.div,0,1,nearest_even,1048576,4.949568748,4.941223145
12,inexact_chain.FP64.div,1,0,nearest_even,1048576,4.902005196,4.895253181
12,inexact_chain.FP64.div,1,1,toward_zero,1048576,3.732520103,3.726104736
12,inexact_chain.FP64.div,2,0,toward_zero,1048576,3.765408516,3.759710312
12,inexact_chain.FP64.div,2,1,nearest_even,1048576,4.943395615,4.936520576
12,inexact_chain.FP64.div,3,0,nearest_even,1048576,4.881424904,4.874126434
12,inexact_chain.FP64.div,3,1,toward_zero,1048576,3.747311592,3.738337517
12,inexact_chain.FP64.div,4,0,toward_zero,1048576,3.771800041,3.766387939
12,inexact_chain.FP64.div,4,1,nearest_even,1048576,4.992038727,4.984807968
12,inexact_chain.FP64.div,5,0,nearest_even,1048576,4.909171104,4.901444435
12,inexact_chain.FP64.div,5,1,toward_zero,1048576,3.763802528,3.758265495
12,inexact_chain.FP64.div,6,0,toward_zero,1048576,3.773768425,3.768069267
12,inexact_chain.FP64.div,6,1,nearest_even,1048576,4.937567711,4.929851532
12,inexact_chain.FP64.div,7,0,nearest_even,1048576,4.872013092,4.860923767
12,inexact_chain.FP64.div,7,1,toward_zero,1048576,3.723615646,3.717296600
12,inexact_chain.FP64.div,8,0,toward_zero,1048576,3.789657593,3.781217575
12,inexact_chain.FP64.div,8,1,nearest_even,1048576,4.940509796,4.933395386
12,throughput4096.FP64.mul_div,0,0,nearest_even,1048576,2.438251495,2.433561325
12,throughput4096.FP64.mul_div,0,1,toward_zero,1048576,2.497653961,2.494969368
12,throughput4096.FP64.mul_div,1,0,toward_zero,1048576,2.489607811,2.484707832
12,throughput4096.FP64.mul_div,1,1,nearest_even,1048576,2.435806274,2.432184219
12,throughput4096.FP64.mul_div,2,0,nearest_even,1048576,2.455784798,2.452213287
12,throughput4096.FP64.mul_div,2,1,toward_zero,1048576,2.503834724,2.499183655
12,throughput4096.FP64.mul_div,3,0,toward_zero,1048576,2.496478081,2.490047455
12,throughput4096.FP64.mul_div,3,1,nearest_even,1048576,2.444424629,2.439780235
12,throughput4096.FP64.mul_div,4,0,nearest_even,1048576,2.456663132,2.453807831
12,throughput4096.FP64.mul_div,4,1,toward_zero,1048576,2.504160881,2.500157356
12,throughput4096.FP64.mul_div,5,0,toward_zero,1048576,2.496774673,2.492121696
12,throughput4096.FP64.mul_div,5,1,nearest_even,1048576,2.445475578,2.442494392
12,throughput4096.FP64.mul_div,6,0,nearest_even,1048576,2.454255104,2.448169708
12,throughput4096.FP64.mul_div,6,1,toward_zero,1048576,2.504818916,2.501735687
12,throughput4096.FP64.mul_div,7,0,toward_zero,1048576,2.499038696,2.495733261
12,throughput4096.FP64.mul_div,7,1,nearest_even,1048576,2.447423935,2.443067551
12,throughput4096.FP64.mul_div,8,0,nearest_even,1048576,2.451724052,2.449192047
12,throughput4096.FP64.mul_div,8,1,toward_zero,1048576,2.503529549,2.498744011
12,throughput256.FP64.mul_div,0,0,nearest_even,1048576,2.430952072,2.428412437
12,throughput256.FP64.mul_div,0,1,toward_zero,1048576,2.484467506,2.480504036
12,throughput256.FP64.mul_div,1,0,toward_zero,1048576,2.482337952,2.478354454
12,throughput256.FP64.mul_div,1,1,nearest_even,1048576,2.425056458,2.422524452
12,throughput256.FP64.mul_div,2,0,nearest_even,1048576,2.443220139,2.436026573
12,throughput256.FP64.mul_div,2,1,toward_zero,1048576,2.489885330,2.487086296
12,throughput256.FP64.mul_div,3,0,toward_zero,1048576,2.488099098,2.484393120
12,throughput256.FP64.mul_div,3,1,nearest_even,1048576,2.430645943,2.426081657
12,throughput256.FP64.mul_div,4,0,nearest_even,1048576,2.435012817,2.431920052
12,throughput256.FP64.mul_div,4,1,toward_zero,1048576,2.490535736,2.487382889
12,throughput256.FP64.mul_div,5,0,toward_zero,1048576,2.493927002,2.491491318
12,throughput256.FP64.mul_div,5,1,nearest_even,1048576,2.423002243,2.419038773
12,throughput256.FP64.mul_div,6,0,nearest_even,1048576,2.434774399,2.432911873
12,throughput256.FP64.mul_div,6,1,toward_zero,1048576,2.496028900,2.491273880
12,throughput256.FP64.mul_div,7,0,toward_zero,1048576,2.489331245,2.484810829
12,throughput256.FP64.mul_div,7,1,nearest_even,1048576,2.424483299,2.421646118
12,throughput256.FP64.mul_div,8,0,nearest_even,1048576,2.438032150,2.431499481
12,throughput256.FP64.mul_div,8,1,toward_zero,1048576,2.488461494,2.485701561
12,exact_results.FP64.mul_div,0,0,nearest_even,1048576,2.559768677,2.545989990
12,exact_results.FP64.mul_div,0,1,toward_zero,1048576,2.514230728,2.508193970
12,exact_results.FP64.mul_div,1,0,toward_zero,1048576,2.503272057,2.498744965
12,exact_results.FP64.mul_div,1,1,nearest_even,1048576,2.529508591,2.525961876
12,exact_results.FP64.mul_div,2,0,nearest_even,1048576,2.525839806,2.522687912
12,exact_results.FP64.mul_div,2,1,toward_zero,1048576,2.495656967,2.491464615
12,exact_results.FP64.mul_div,3,0,toward_zero,1048576,2.492904663,2.490077019
12,exact_results.FP64.mul_div,3,1,nearest_even,1048576,2.521377563,2.517137527
12,exact_results.FP64.mul_div,4,0,nearest_even,1048576,2.524798393,2.520691872
12,exact_results.FP64.mul_div,4,1,toward_zero,1048576,2.489274025,2.487343788
12,exact_results.FP64.mul_div,5,0,toward_zero,1048576,2.488948822,2.485844612
12,exact_results.FP64.mul_div,5,1,nearest_even,1048576,2.524578094,2.520414352
12,exact_results.FP64.mul_div,6,0,nearest_even,1048576,2.522428513,2.520136833
12,exact_results.FP64.mul_div,6,1,toward_zero,1048576,2.494347572,2.490125656
12,exact_results.FP64.mul_div,7,0,toward_zero,1048576,2.490076065,2.487250328
12,exact_results.FP64.mul_div,7,1,nearest_even,1048576,2.517154694,2.513486862
12,exact_results.FP64.mul_div,8,0,nearest_even,1048576,2.524722099,2.521045685
12,exact_results.FP64.mul_div,8,1,toward_zero,1048576,2.491347313,2.488569260
12,halfway_ties.FP64.mul_div,0,0,nearest_even,1048576,2.474923134,2.468283653
12,halfway_ties.FP64.mul_div,0,1,toward_zero,1048576,2.515893936,2.512531281
12,halfway_ties.FP64.mul_div,1,0,toward_zero,1048576,2.508841515,2.504312515
12,halfway_ties.FP64.mul_div,1,1,nearest_even,1048576,2.452287674,2.449329376
12,halfway_ties.FP64.mul_div,2,0,nearest_even,1048576,2.465597153,2.462100983
12,halfway_ties.FP64.mul_div,2,1,toward_zero,1048576,2.518281937,2.513820648
12,halfway_ties.FP64.mul_div,3,0,toward_zero,1048576,2.501283646,2.498858452
12,halfway_ties.FP64.mul_div,3,1,nearest_even,1048576,2.453271866,2.444492340
12,halfway_ties.FP64.mul_div,4,0,nearest_even,1048576,2.462807655,2.459702492
12,halfway_ties.FP64.mul_div,4,1,toward_zero,1048576,2.513982773,2.510983467
12,halfway_ties.FP64.mul_div,5,0,toward_zero,1048576,2.503080368,2.499585152
12,halfway_ties.FP64.mul_div,5,1,nearest_even,1048576,2.443526268,2.441042900
12,halfway_ties.FP64.mul_div,6,0,nearest_even,1048576,2.461995125,2.457907677
12,halfway_ties.FP64.mul_div,6,1,toward_zero,1048576,2.514966965,2.510925293
12,halfway_ties.FP64.mul_div,7,0,toward_zero,1048576,2.496878624,2.494350433
12,halfway_ties.FP64.mul_div,7,1,nearest_even,1048576,2.443240166,2.438634872
12,halfway_ties.FP64.mul_div,8,0,nearest_even,1048576,2.456070900,2.453102112
12,halfway_ties.FP64.mul_div,8,1,toward_zero,1048576,2.518702507,2.513963699
12,exact_chain.FP64.mul_div,0,0,nearest_even,1048576,3.708194733,3.703222275
12,exact_chain.FP64.mul_div,0,1,toward_zero,1048576,3.723940849,3.717991829
12,exact_chain.FP64.mul_div,1,0,toward_zero,1048576,3.721504211,3.715798378
12,exact_chain.FP64.mul_div,1,1,nearest_even,1048576,3.708318710,3.702143669
12,exact_chain.FP64.mul_div,2,0,nearest_even,1048576,3.709771156,3.703766823
12,exact_chain.FP64.mul_div,2,1,toward_zero,1048576,3.753980637,3.749534607
12,exact_chain.FP64.mul_div,3,0,toward_zero,1048576,3.794970512,3.789978027
12,exact_chain.FP64.mul_div,3,1,nearest_even,1048576,3.718751907,3.713161469
12,exact_chain.FP64.mul_div,4,0,nearest_even,1048576,3.695410728,3.690198898
12,exact_chain.FP64.mul_div,4,1,toward_zero,1048576,3.730132103,3.725679398
12,exact_chain.FP64.mul_div,5,0,toward_zero,1048576,3.762951851,3.755648613
12,exact_chain.FP64.mul_div,5,1,nearest_even,1048576,3.702557564,3.698780060
12,exact_chain.FP64.mul_div,6,0,nearest_even,1048576,3.680906296,3.675352097
12,exact_chain.FP64.mul_div,6,1,toward_zero,1048576,3.746852875,3.741488457
12,exact_chain.FP64.mul_div,7,0,toward_zero,1048576,3.752528191,3.746697426
12,exact_chain.FP64.mul_div,7,1,nearest_even,1048576,3.718627930,3.712749481
12,exact_chain.FP64.mul_div,8,0,nearest_even,1048576,3.687823296,3.682804108
12,exact_chain.FP64.mul_div,8,1,toward_zero,1048576,3.748830795,3.743618965
12,inexact_chain.FP64.mul_div,0,0,nearest_even,1048576,4.873312950,4.866128922
12,inexact_chain.FP64.mul_div,0,1,toward_zero,1048576,3.750368118,3.744364738
12,inexact_chain.FP64.mul_div,1,0,toward_zero,1048576,3.744999886,3.736701012
12,inexact_chain.FP64.mul_div,1,1,nearest_even,1048576,4.878328323,4.869624138
12,inexact_chain.FP64.mul_div,2,0,nearest_even,1048576,4.883029938,4.872694016
12,inexact_chain.FP64.mul_div,2,1,toward_zero,1048576,3.760935783,3.754655838
12,inexact_chain.FP64.mul_div,3,0,toward_zero,1048576,3.769028664,3.762864113
12,inexact_chain.FP64.mul_div,3,1,nearest_even,1048576,4.874296188,4.864438057
12,inexact_chain.FP64.mul_div,4,0,nearest_even,1048576,4.864809036,4.858620644
12,inexact_chain.FP64.mul_div,4,1,toward_zero,1048576,3.740641594,3.735221863
12,inexact_chain.FP64.mul_div,5,0,toward_zero,1048576,3.786170959,3.781266212
12,inexact_chain.FP64.mul_div,5,1,nearest_even,1048576,4.862936020,4.856634140
12,inexact_chain.FP64.mul_div,6,0,nearest_even,1048576,4.869576454,4.860052109
12,inexact_chain.FP64.mul_div,6,1,toward_zero,1048576,3.741100311,3.735468864
12,inexact_chain.FP64.mul_div,7,0,toward_zero,1048576,3.765818596,3.760122299
12,inexact_chain.FP64.mul_div,7,1,nearest_even,1048576,4.878758430,4.871900558
12,inexact_chain.FP64.mul_div,8,0,nearest_even,1048576,4.878558159,4.870774269
12,inexact_chain.FP64.mul_div,8,1,toward_zero,1048576,3.749566078,3.743963242
12,throughput4096.FP128.mul,0,0,toward_zero,1048576,2.601503372,2.598438263
12,throughput4096.FP128.mul,0,1,nearest_even,1048576,2.735125542,2.730110168
12,throughput4096.FP128.mul,1,0,nearest_even,1048576,2.692625999,2.687600136
12,throughput4096.FP128.mul,1,1,toward_zero,1048576,2.654253960,2.649651527
12,throughput4096.FP128.mul,2,0,toward_zero,1048576,2.644489288,2.639541626
12,throughput4096.FP128.mul,2,1,nearest_even,1048576,2.656414032,2.653032303
12,throughput4096.FP128.mul,3,0,nearest_even,1048576,2.711572647,2.704311371
12,throughput4096.FP128.mul,3,1,toward_zero,1048576,2.644863129,2.640610695
12,throughput4096.FP128.mul,4,0,toward_zero,1048576,2.639741898,2.635633469
12,throughput4096.FP128.mul,4,1,nearest_even,1048576,2.685956955,2.681170464
12,throughput4096.FP128.mul,5,0,nearest_even,1048576,2.656490326,2.653501511
12,throughput4096.FP128.mul,5,1,toward_zero,1048576,2.663359642,2.656309128
12,throughput4096.FP128.mul,6,0,toward_zero,1048576,2.651369095,2.646460533
12,throughput4096.FP128.mul,6,1,nearest_even,1048576,2.641394615,2.636855125
12,throughput4096.FP128.mul,7,0,nearest_even,1048576,2.645043373,2.642456055
12,throughput4096.FP128.mul,7,1,toward_zero,1048576,2.658420563,2.654314041
12,throughput4096.FP128.mul,8,0,toward_zero,1048576,2.655056953,2.648189545
12,throughput4096.FP128.mul,8,1,nearest_even,1048576,2.629259109,2.625361443
12,throughput256.FP128.mul,0,0,nearest_even,1048576,2.617659569,2.612625122
12,throughput256.FP128.mul,0,1,toward_zero,1048576,2.657139778,2.654763222
12,throughput256.FP128.mul,1,0,toward_zero,1048576,2.654149055,2.650356293
12,throughput256.FP128.mul,1,1,nearest_even,1048576,2.602830887,2.598646164
12,throughput256.FP128.mul,2,0,nearest_even,1048576,2.618329048,2.614956856
12,throughput256.FP128.mul,2,1,toward_zero,1048576,2.660169601,2.657381058
12,throughput256.FP128.mul,3,0,toward_zero,1048576,2.649372101,2.645874023
12,throughput256.FP128.mul,3,1,nearest_even,1048576,2.606309891,2.601724625
12,throughput256.FP128.mul,4,0,nearest_even,1048576,2.609108925,2.604857445
12,throughput256.FP128.mul,4,1,toward_zero,1048576,2.651875496,2.649957657
12,throughput256.FP128.mul,5,0,toward_zero,1048576,2.645444870,2.641709328
12,throughput256.FP128.mul,5,1,nearest_even,1048576,2.606280327,2.602028847
12,throughput256.FP128.mul,6,0,nearest_even,1048576,2.605382919,2.601181030
12,throughput256.FP128.mul,6,1,toward_zero,1048576,2.648732185,2.645436287
12,throughput256.FP128.mul,7,0,toward_zero,1048576,2.646209717,2.644001961
12,throughput256.FP128.mul,7,1,nearest_even,1048576,2.599773407,2.595935822
12,throughput256.FP128.mul,8,0,nearest_even,1048576,2.609748840,2.606184959
12,throughput256.FP128.mul,8,1,toward_zero,1048576,2.655907631,2.651503563
12,exact_results.FP128.mul,0,0,toward_zero,1048576,2.644327164,2.640879631
12,exact_results.FP128.mul,0,1,nearest_even,1048576,2.577196121,2.573489189
12,exact_results.FP128.mul,1,0,nearest_even,1048576,3.039184570,3.034922600
12,exact_results.FP128.mul,1,1,toward_zero,1048576,2.633425713,2.629879951
12,exact_results.FP128.mul,2,0,toward_zero,1048576,2.635805130,2.633616447
12,exact_results.FP128.mul,2,1,nearest_even,1048576,2.573775291,2.569945335
12,exact_results.FP128.mul,3,0,nearest_even,1048576,3.695362091,3.685298920
12,exact_results.FP128.mul,3,1,toward_zero,1048576,2.880242348,2.873812675
12,exact_results.FP128.mul,4,0,toward_zero,1048576,3.046158791,3.041448593
12,exact_results.FP128.mul,4,1,nearest_even,1048576,3.133709908,3.129263878
12,exact_results.FP128.mul,5,0,nearest_even,1048576,2.564220428,2.560035706
12,exact_results.FP128.mul,5,1,toward_zero,1048576,2.644212723,2.640467644
12,exact_results.FP128.mul,6,0,toward_zero,1048576,2.643495560,2.639007568
12,exact_results.FP128.mul,6,1,nearest_even,1048576,2.937561035,2.931894302
12,exact_results.FP128.mul,7,0,nearest_even,1048576,2.922378540,2.918002129
12,exact_results.FP128.mul,7,1,toward_zero,1048576,3.404421806,3.400149345
12,exact_results.FP128.mul,8,0,toward_zero,1048576,2.626374245,2.622898102
12,exact_results.FP128.mul,8,1,nearest_even,1048576,2.579202652,2.574762344
12,halfway_ties.FP128.mul,0,0,nearest_even,1048576,2.949810028,2.945033073
12,halfway_ties.FP128.mul,0,1,toward_zero,1048576,2.655879021,2.653710365
12,halfway_ties.FP128.mul,1,0,toward_zero,1048576,2.646325111,2.642112732
12,halfway_ties.FP128.mul,1,1,nearest_even,1048576,2.871365547,2.867439270
12,halfway_ties.FP128.mul,2,0,nearest_even,1048576,2.851845741,2.847642899
12,halfway_ties.FP128.mul,2,1,toward_zero,1048576,2.807187080,2.802879333
12,halfway_ties.FP128.mul,3,0,toward_zero,1048576,2.647365570,2.643239021
12,halfway_ties.FP128.mul,3,1,nearest_even,1048576,2.825092316,2.820603371
12,halfway_ties.FP128.mul,4,0,nearest_even,1048576,2.811352730,2.806250572
12,halfway_ties.FP128.mul,4,1,toward_zero,1048576,3.103267670,3.099895477
12,halfway_ties.FP128.mul,5,0,toward_zero,1048576,2.642531395,2.638250351
12,halfway_ties.FP128.mul,5,1,nearest_even,1048576,2.822474480,2.817639351
12,halfway_ties.FP128.mul,6,0,nearest_even,1048576,2.789702415,2.785336494
12,halfway_ties.FP128.mul,6,1,toward_zero,1048576,2.647671700,2.645359039
12,halfway_ties.FP128.mul,7,0,toward_zero,1048576,2.645426750,2.640591621
12,halfway_ties.FP128.mul,7,1,nearest_even,1048576,2.820582390,2.816035271
12,halfway_ties.FP128.mul,8,0,nearest_even,1048576,2.809079170,2.804722786
12,halfway_ties.FP128.mul,8,1,toward_zero,1048576,2.805964470,2.802647591
12,exact_chain.FP128.mul,0,0,toward_zero,1048576,3.717003822,3.712280273
12,exact_chain.FP128.mul,0,1,nearest_even,1048576,3.805327415,3.799753189
12,exact_chain.FP128.mul,1,0,nearest_even,1048576,3.798639297,3.793448448
12,exact_chain.FP128.mul,1,1,toward_zero,1048576,3.684317589,3.678660393
12,exact_chain.FP128.mul,2,0,toward_zero,1048576,3.675402641,3.670364380
12,exact_chain.FP128.mul,2,1,nearest_even,1048576,3.784058571,3.778447151
12,exact_chain.FP128.mul,3,0,nearest_even,1048576,3.785243988,3.780044556
12,exact_chain.FP128.mul,3,1,toward_zero,1048576,3.670386314,3.664775848
12,exact_chain.FP128.mul,4,0,toward_zero,1048576,3.667654037,3.664126396
12,exact_chain.FP128.mul,4,1,nearest_even,1048576,3.784947395,3.774890900
12,exact_chain.FP128.mul,5,0,nearest_even,1048576,3.782109261,3.776210785
12,exact_chain.FP128.mul,5,1,toward_zero,1048576,3.675077438,3.669649124
12,exact_chain.FP128.mul,6,0,toward_zero,1048576,3.671628952,3.666312218
12,exact_chain.FP128.mul,6,1,nearest_even,1048576,3.779252052,3.773840904
12,exact_chain.FP128.mul,7,0,nearest_even,1048576,3.781555176,3.775981903
12,exact_chain.FP128.mul,7,1,toward_zero,1048576,3.675029755,3.668960571
12,exact_chain.FP128.mul,8,0,toward_zero,1048576,3.674667358,3.666447639
12,exact_chain.FP128.mul,8,1,nearest_even,1048576,3.776262283,3.770429611
12,inexact_chain.FP128.mul,0,0,toward_zero,1048576,3.742247581,3.736455917
12,inexact_chain.FP128.mul,0,1,nearest_even,1048576,8.130047798,8.118412018
12,inexact_chain.FP128.mul,1,0,nearest_even,1048576,8.140271187,8.125998497
12,inexact_chain.FP128.mul,1,1,toward_zero,1048576,3.712398529,3.707647324
12,inexact_chain.FP128.mul,2,0,toward_zero,1048576,3.696327209,3.691566467
12,inexact_chain.FP128.mul,2,1,nearest_even,1048576,8.119327545,8.106887817
12,inexact_chain.FP128.mul,3,0,nearest_even,1048576,8.149080276,8.129963875
12,inexact_chain.FP128.mul,3,1,toward_zero,1048576,3.711824417,3.706357002
12,inexact_chain.FP128.mul,4,0,toward_zero,1048576,3.701324463,3.695473671
12,inexact_chain.FP128.mul,4,1,nearest_even,1048576,8.119642258,8.108826637
12,inexact_chain.FP128.mul,5,0,nearest_even,1048576,8.131385803,8.119394302
12,inexact_chain.FP128.mul,5,1,toward_zero,1048576,3.719812393,3.715167999
12,inexact_chain.FP128.mul,6,0,toward_zero,1048576,3.716689110,3.705457687
12,inexact_chain.FP128.mul,6,1,nearest_even,1048576,8.143959045,8.132963181
12,inexact_chain.FP128.mul,7,0,nearest_even,1048576,8.154097557,8.142806053
12,inexact_chain.FP128.mul,7,1,toward_zero,1048576,3.725068092,3.719475746
12,inexact_chain.FP128.mul,8,0,toward_zero,1048576,3.708605766,3.703233719
12,inexact_chain.FP128.mul,8,1,nearest_even,1048576,8.122356415,8.111486435
12,throughput4096.FP128.div,0,0,nearest_even,1048576,3.058905602,3.054537773
12,throughput4096.FP128.div,0,1,toward_zero,1048576,2.354848862,2.352558136
12,throughput4096.FP128.div,1,0,toward_zero,1048576,2.372955322,2.368926048
12,throughput4096.FP128.div,1,1,nearest_even,1048576,3.074508667,3.070199966
12,throughput4096.FP128.div,2,0,nearest_even,1048576,3.059058189,3.054798126
12,throughput4096.FP128.div,2,1,toward_zero,1048576,2.355833054,2.353352547
12,throughput4096.FP128.div,3,0,toward_zero,1048576,2.369037628,2.364786148
12,throughput4096.FP128.div,3,1,nearest_even,1048576,3.070046425,3.065278053
12,throughput4096.FP128.div,4,0,nearest_even,1048576,3.060644150,3.056572914
12,throughput4096.FP128.div,4,1,toward_zero,1048576,2.362789154,2.355310440
12,throughput4096.FP128.div,5,0,toward_zero,1048576,2.372429848,2.368820190
12,throughput4096.FP128.div,5,1,nearest_even,1048576,3.079448700,3.073801041
12,throughput4096.FP128.div,6,0,nearest_even,1048576,3.061160088,3.057863235
12,throughput4096.FP128.div,6,1,toward_zero,1048576,2.357973099,2.354640007
12,throughput4096.FP128.div,7,0,toward_zero,1048576,2.370442390,2.365894318
12,throughput4096.FP128.div,7,1,nearest_even,1048576,3.081082344,3.074717522
12,throughput4096.FP128.div,8,0,nearest_even,1048576,3.059640884,3.055990219
12,throughput4096.FP128.div,8,1,toward_zero,1048576,2.355632782,2.351343155
12,throughput256.FP128.div,0,0,toward_zero,1048576,2.374350548,2.372078896
12,throughput256.FP128.div,0,1,nearest_even,1048576,3.075855255,3.071333885
12,throughput256.FP128.div,1,0,nearest_even,1048576,3.063033104,3.057166100
12,throughput256.FP128.div,1,1,toward_zero,1048576,2.353005409,2.350035667
12,throughput256.FP128.div,2,0,toward_zero,1048576,2.378000259,2.373243332
12,throughput256.FP128.div,2,1,nearest_even,1048576,3.074794769,3.070581436
12,throughput256.FP128.div,3,0,nearest_even,1048576,3.058256149,3.053746223
12,throughput256.FP128.div,3,1,toward_zero,1048576,2.361173630,2.355747223
12,throughput256.FP128.div,4,0,toward_zero,1048576,2.366037369,2.363554001
12,throughput256.FP128.div,4,1,nearest_even,1048576,3.075473785,3.070856094
12,throughput256.FP128.div,5,0,nearest_even,1048576,3.059698105,3.055685043
12,throughput256.FP128.div,5,1,toward_zero,1048576,2.361900330,2.358119011
12,throughput256.FP128.div,6,0,toward_zero,1048576,2.372973442,2.370185852
12,throughput256.FP128.div,6,1,nearest_even,1048576,3.076179504,3.070063591
12,throughput256.FP128.div,7,0,nearest_even,1048576,3.064561844,3.057950974
12,throughput256.FP128.div,7,1,toward_zero,1048576,2.354648590,2.352070808
12,throughput256.FP128.div,8,0,toward_zero,1048576,2.373518944,2.370408058
12,throughput256.FP128.div,8,1,nearest_even,1048576,3.068278313,3.064122200
12,exact_results.FP128.div,0,0,toward_zero,1048576,2.460055351,2.457086563
12,exact_results.FP128.div,0,1,nearest_even,1048576,2.444500923,2.439611435
12,exact_results.FP128.div,1,0,nearest_even,1048576,2.440229416,2.437994003
12,exact_results.FP128.div,1,1,toward_zero,1048576,2.464422226,2.460190773
12,exact_results.FP128.div,2,0,toward_zero,1048576,2.461249352,2.458040237
12,exact_results.FP128.div,2,1,nearest_even,1048576,2.445332527,2.440698624
12,exact_results.FP128.div,3,0,nearest_even,1048576,2.443048477,2.439274788
12,exact_results.FP128.div,3,1,toward_zero,1048576,2.460208893,2.458107948
12,exact_results.FP128.div,4,0,toward_zero,1048576,2.460131645,2.455682755
12,exact_results.FP128.div,4,1,nearest_even,1048576,2.441481590,2.437546730
12,exact_results.FP128.div,5,0,nearest_even,1048576,2.437095642,2.433543205
12,exact_results.FP128.div,5,1,toward_zero,1048576,2.465836525,2.462168694
12,exact_results.FP128.div,6,0,toward_zero,1048576,2.462596893,2.458786011
12,exact_results.FP128.div,6,1,nearest_even,1048576,2.441213608,2.436628342
12,exact_results.FP128.div,7,0,nearest_even,1048576,2.440297127,2.437662125
12,exact_results.FP128.div,7,1,toward_zero,1048576,2.462511063,2.458833694
12,exact_results.FP128.div,8,0,toward_zero,1048576,2.460609436,2.457936287
12,exact_results.FP128.div,8,1,nearest_even,1048576,2.533798218,2.528306961
12,halfway_ties.FP128.div,0,0,nearest_even,1048576,3.054786682,3.050086021
12,halfway_ties.FP128.div,0,1,toward_zero,1048576,2.837828636,2.833194733
12,halfway_ties.FP128.div,1,0,toward_zero,1048576,2.457924843,2.455509186
12,halfway_ties.FP128.div,1,1,nearest_even,1048576,3.053114891,3.047667503
12,halfway_ties.FP128.div,2,0,nearest_even,1048576,3.035639763,3.031434059
12,halfway_ties.FP128.div,2,1,toward_zero,1048576,2.842616081,2.838229179
12,halfway_ties.FP128.div,3,0,toward_zero,1048576,2.456262589,2.453091621
12,halfway_ties.FP128.div,3,1,nearest_even,1048576,3.131921768,3.127468109
12,halfway_ties.FP128.div,4,0,nearest_even,1048576,3.035783768,3.031444550
12,halfway_ties.FP128.div,4,1,toward_zero,1048576,2.445561409,2.443269730
12,halfway_ties.FP128.div,5,0,toward_zero,1048576,2.462855339,2.455277443
12,halfway_ties.FP128.div,5,1,nearest_even,1048576,3.299769402,3.294713974
12,halfway_ties.FP128.div,6,0,nearest_even,1048576,3.032085419,3.026160240
12,halfway_ties.FP128.div,6,1,toward_zero,1048576,2.449966431,2.446612358
12,halfway_ties.FP128.div,7,0,toward_zero,1048576,2.460743904,2.456816673
12,halfway_ties.FP128.div,7,1,nearest_even,1048576,3.047382355,3.043357849
12,halfway_ties.FP128.div,8,0,nearest_even,1048576,3.036939621,3.031741142
12,halfway_ties.FP128.div,8,1,toward_zero,1048576,2.449114799,2.445600510
12,exact_chain.FP128.div,0,0,nearest_even,1048576,3.860506058,3.855552673
12,exact_chain.FP128.div,0,1,toward_zero,1048576,3.818895340,3.813348770
12,exact_chain.FP128.div,1,0,toward_zero,1048576,3.804754257,3.799188614
12,exact_chain.FP128.div,1,1,nearest_even,1048576,3.826004028,3.821231842
12,exact_chain.FP128.div,2,0,nearest_even,1048576,3.824483871,3.818776131
12,exact_chain.FP128.div,2,1,toward_zero,1048576,3.798085213,3.792119980
12,exact_chain.FP128.div,3,0,toward_zero,1048576,3.797425270,3.792824745
12,exact_chain.FP128.div,3,1,nearest_even,1048576,3.819211006,3.813616753
12,exact_chain.FP128.div,4,0,nearest_even,1048576,3.822754860,3.817505836
12,exact_chain.FP128.div,4,1,toward_zero,1048576,3.801877975,3.795242310
12,exact_chain.FP128.div,5,0,toward_zero,1048576,3.799117088,3.792922020
12,exact_chain.FP128.div,5,1,nearest_even,1048576,3.816974640,3.811221123
12,exact_chain.FP128.div,6,0,nearest_even,1048576,3.816209793,3.810299873
12,exact_chain.FP128.div,6,1,toward_zero,1048576,3.804353714,3.795246124
12,exact_chain.FP128.div,7,0,toward_zero,1048576,3.791071892,3.785746574
12,exact_chain.FP128.div,7,1,nearest_even,1048576,3.815789223,3.810512543
12,exact_chain.FP128.div,8,0,nearest_even,1048576,3.824465752,3.818441391
12,exact_chain.FP128.div,8,1,toward_zero,1048576,3.801381111,3.794765472
12,inexact_chain.FP128.div,0,0,toward_zero,1048576,3.824254990,3.818700790
12,inexact_chain.FP128.div,0,1,nearest_even,1048576,5.001727104,4.994449615
12,inexact_chain.FP128.div,1,0,nearest_even,1048576,4.977066994,4.971260071
12,inexact_chain.FP128.div,1,1,toward_zero,1048576,3.804076195,3.798455238
12,inexact_chain.FP128.div,2,0,toward_zero,1048576,3.807802200,3.802840233
12,inexact_chain.FP128.div,2,1,nearest_even,1048576,4.983907700,4.976904869
12,inexact_chain.FP128.div,3,0,nearest_even,1048576,4.973349571,4.965603828
12,inexact_chain.FP128.div,3,1,toward_zero,1048576,3.799699783,3.793332100
12,inexact_chain.FP128.div,4,0,toward_zero,1048576,3.805881500,3.800345421
12,inexact_chain.FP128.div,4,1,nearest_even,1048576,4.985847473,4.978282928
12,inexact_chain.FP128.div,5,0,nearest_even,1048576,4.975127220,4.967331886
12,inexact_chain.FP128.div,5,1,toward_zero,1048576,3.811901093,3.790781975
12,inexact_chain.FP128.div,6,0,toward_zero,1048576,3.807648659,3.802296638
12,inexact_chain.FP128.div,6,1,nearest_even,1048576,4.981012344,4.974985123
12,inexact_chain.FP128.div,7,0,nearest_even,1048576,4.969012260,4.960737228
12,inexact_chain.FP128.div,7,1,toward_zero,1048576,3.796402931,3.790573120
12,inexact_chain.FP128.div,8,0,toward_zero,1048576,3.804514885,3.799465179
12,inexact_chain.FP128.div,8,1,nearest_even,1048576,4.981959343,4.975033760
12,throughput4096.FP128.mul_div,0,0,toward_zero,1048576,2.987379074,2.984426498
12,throughput4096.FP128.mul_div,0,1,nearest_even,1048576,4.352706909,4.346979141
12,throughput4096.FP128.mul_div,1,0,nearest_even,1048576,4.342635155,4.335901260
12,throughput4096.FP128.mul_div,1,1,toward_zero,1048576,2.939662933,2.935831070
12,throughput4096.FP128.mul_div,2,0,toward_zero,1048576,2.983156204,2.977719307
12,throughput4096.FP128.mul_div,2,1,nearest_even,1048576,4.378073692,4.370263100
12,throughput4096.FP128.mul_div,3,0,nearest_even,1048576,4.327682495,4.321505547
12,throughput4096.FP128.mul_div,3,1,toward_zero,1048576,2.969244003,2.964868546
12,throughput4096.FP128.mul_div,4,0,toward_zero,1048576,3.025340080,3.020744324
12,throughput4096.FP128.mul_div,4,1,nearest_even,1048576,4.362948418,4.348074913
12,throughput4096.FP128.mul_div,5,0,nearest_even,1048576,4.317038536,4.310039520
12,throughput4096.FP128.mul_div,5,1,toward_zero,1048576,2.990598679,2.986882210
12,throughput4096.FP128.mul_div,6,0,toward_zero,1048576,3.022224426,3.018180847
12,throughput4096.FP128.mul_div,6,1,nearest_even,1048576,4.380740166,4.374963760
12,throughput4096.FP128.mul_div,7,0,nearest_even,1048576,4.365078926,4.357571602
12,throughput4096.FP128.mul_div,7,1,toward_zero,1048576,2.992223740,2.987740517
12,throughput4096.FP128.mul_div,8,0,toward_zero,1048576,2.975798607,2.971422195
12,throughput4096.FP128.mul_div,8,1,nearest_even,1048576,4.354788780,4.347714424
12,throughput256.FP128.mul_div,0,0,toward_zero,1048576,2.993618965,2.990006447
12,throughput256.FP128.mul_div,0,1,nearest_even,1048576,4.349180222,4.341837883
12,throughput256.FP128.mul_div,1,0,nearest_even,1048576,4.339329720,4.333879471
12,throughput256.FP128.mul_div,1,1,toward_zero,1048576,2.985821724,2.980843544
12,throughput256.FP128.mul_div,2,0,toward_zero,1048576,3.017580986,3.013299942
12,throughput256.FP128.mul_div,2,1,nearest_even,1048576,4.389004707,4.381803513
12,throughput256.FP128.mul_div,3,0,nearest_even,1048576,4.352534294,4.345858574
12,throughput256.FP128.mul_div,3,1,toward_zero,1048576,2.990398407,2.986001968
12,throughput256.FP128.mul_div,4,0,toward_zero,1048576,2.971078873,2.967257500
12,throughput256.FP128.mul_div,4,1,nearest_even,1048576,4.343275070,4.338025093
12,throughput256.FP128.mul_div,5,0,nearest_even,1048576,4.352982521,4.345927238
12,throughput256.FP128.mul_div,5,1,toward_zero,1048576,2.928885460,2.924125671
12,throughput256.FP128.mul_div,6,0,toward_zero,1048576,3.019225121,3.015524864
12,throughput256.FP128.mul_div,6,1,nearest_even,1048576,4.387752533,4.381698608
12,throughput256.FP128.mul_div,7,0,nearest_even,1048576,4.314620972,4.309713364
12,throughput256.FP128.mul_div,7,1,toward_zero,1048576,2.932143211,2.928407669
12,throughput256.FP128.mul_div,8,0,toward_zero,1048576,3.019129753,3.014197350
12,throughput256.FP128.mul_div,8,1,nearest_even,1048576,4.370077133,4.364758492
12,exact_results.FP128.mul_div,0,0,nearest_even,1048576,3.662590027,3.656976700
12,exact_results.FP128.mul_div,0,1,toward_zero,1048576,3.507899284,3.503952980
12,exact_results.FP128.mul_div,1,0,toward_zero,1048576,3.464378357,3.458738327
12,exact_results.FP128.mul_div,1,1,nearest_even,1048576,3.157538414,3.153189659
12,exact_results.FP128.mul_div,2,0,nearest_even,1048576,3.962415695,3.955081940
12,exact_results.FP128.mul_div,2,1,toward_zero,1048576,3.386708260,3.383084297
12,exact_results.FP128.mul_div,3,0,toward_zero,1048576,3.748372078,3.743064880
12,exact_results.FP128.mul_div,3,1,nearest_even,1048576,4.335450172,4.328184128
12,exact_results.FP128.mul_div,4,0,nearest_even,1048576,3.123810768,3.119626045
12,exact_results.FP128.mul_div,4,1,toward_zero,1048576,4.045886040,4.040368080
12,exact_results.FP128.mul_div,5,0,toward_zero,1048576,3.103840828,3.099943161
12,exact_results.FP128.mul_div,5,1,nearest_even,1048576,3.148815155,3.143320084
12,exact_results.FP128.mul_div,6,0,nearest_even,1048576,3.501125336,3.496384621
12,exact_results.FP128.mul_div,6,1,toward_zero,1048576,3.948169708,3.940552711
12,exact_results.FP128.mul_div,7,0,toward_zero,1048576,3.866993904,3.861533165
12,exact_results.FP128.mul_div,7,1,nearest_even,1048576,3.513526917,3.509349823
12,exact_results.FP128.mul_div,8,0,nearest_even,1048576,3.539086342,3.533790588
12,exact_results.FP128.mul_div,8,1,toward_zero,1048576,3.740221977,3.735010147
12,halfway_ties.FP128.mul_div,0,0,nearest_even,1048576,4.303843498,4.297742844
12,halfway_ties.FP128.mul_div,0,1,toward_zero,1048576,3.017945290,3.013548851
12,halfway_ties.FP128.mul_div,1,0,toward_zero,1048576,3.187740326,3.183152199
12,halfway_ties.FP128.mul_div,1,1,nearest_even,1048576,4.350852013,4.346405029
12,halfway_ties.FP128.mul_div,2,0,nearest_even,1048576,4.347814560,4.339409828
12,halfway_ties.FP128.mul_div,2,1,toward_zero,1048576,3.883866310,3.878026009
12,halfway_ties.FP128.mul_div,3,0,toward_zero,1048576,3.450924873,3.445523262
12,halfway_ties.FP128.mul_div,3,1,nearest_even,1048576,4.498797417,4.492533684
12,halfway_ties.FP128.mul_div,4,0,nearest_even,1048576,4.366188049,4.358575821
12,halfway_ties.FP128.mul_div,4,1,toward_zero,1048576,3.435713768,3.431441307
12,halfway_ties.FP128.mul_div,5,0,toward_zero,1048576,3.421094894,3.415982246
12,halfway_ties.FP128.mul_div,5,1,nearest_even,1048576,4.713424683,4.705317497
12,halfway_ties.FP128.mul_div,6,0,nearest_even,1048576,4.526515007,4.518999100
12,halfway_ties.FP128.mul_div,6,1,toward_zero,1048576,3.477477074,3.473635674
12,halfway_ties.FP128.mul_div,7,0,toward_zero,1048576,3.931344032,3.924977303
12,halfway_ties.FP128.mul_div,7,1,nearest_even,1048576,4.700105667,4.694116592
12,halfway_ties.FP128.mul_div,8,0,nearest_even,1048576,4.251397133,4.244828224
12,halfway_ties.FP128.mul_div,8,1,toward_zero,1048576,2.998759270,2.994258881
12,exact_chain.FP128.mul_div,0,0,toward_zero,1048576,3.827972412,3.822333336
12,exact_chain.FP128.mul_div,0,1,nearest_even,1048576,3.827513695,3.821319580
12,exact_chain.FP128.mul_div,1,0,nearest_even,1048576,3.833522797,3.828630447
12,exact_chain.FP128.mul_div,1,1,toward_zero,1048576,3.832577705,3.827223778
12,exact_chain.FP128.mul_div,2,0,toward_zero,1048576,3.823395729,3.818462372
12,exact_chain.FP128.mul_div,2,1,nearest_even,1048576,3.823165894,3.816701889
12,exact_chain.FP128.mul_div,3,0,nearest_even,1048576,3.799107552,3.793001175
12,exact_chain.FP128.mul_div,3,1,toward_zero,1048576,3.827504158,3.821454048
12,exact_chain.FP128.mul_div,4,0,toward_zero,1048576,3.821990013,3.816482544
12,exact_chain.FP128.mul_div,4,1,nearest_even,1048576,3.823281288,3.818585396
12,exact_chain.FP128.mul_div,5,0,nearest_even,1048576,3.822964668,3.817496300
12,exact_chain.FP128.mul_div,5,1,toward_zero,1048576,3.830064774,3.824510574
12,exact_chain.FP128.mul_div,6,0,toward_zero,1048576,3.823156357,3.817087173
12,exact_chain.FP128.mul_div,6,1,nearest_even,1048576,3.836313248,3.830675125
12,exact_chain.FP128.mul_div,7,0,nearest_even,1048576,3.838730812,3.832019806
12,exact_chain.FP128.mul_div,7,1,toward_zero,1048576,3.828163147,3.821490288
12,exact_chain.FP128.mul_div,8,0,toward_zero,1048576,3.819382668,3.812688828
12,exact_chain.FP128.mul_div,8,1,nearest_even,1048576,3.827045441,3.822141647
12,inexact_chain.FP128.mul_div,0,0,nearest_even,1048576,4.873952866,4.867113113
12,inexact_chain.FP128.mul_div,0,1,toward_zero,1048576,3.821006775,3.815432549
12,inexact_chain.FP128.mul_div,1,0,toward_zero,1048576,3.830485344,3.824452400
12,inexact_chain.FP128.mul_div,1,1,nearest_even,1048576,4.888934135,4.881838799
12,inexact_chain.FP128.mul_div,2,0,nearest_even,1048576,4.876886368,4.870352745
12,inexact_chain.FP128.mul_div,2,1,toward_zero,1048576,3.813134193,3.807549477
12,inexact_chain.FP128.mul_div,3,0,toward_zero,1048576,3.823356628,3.818450928
12,inexact_chain.FP128.mul_div,3,1,nearest_even,1048576,4.889613152,4.882545471
12,inexact_chain.FP128.mul_div,4,0,nearest_even,1048576,4.880096436,4.872099876
12,inexact_chain.FP128.mul_div,4,1,toward_zero,1048576,3.811509132,3.806163788
12,inexact_chain.FP128.mul_div,5,0,toward_zero,1048576,3.827771187,3.822435379
12,inexact_chain.FP128.mul_div,5,1,nearest_even,1048576,4.884711266,4.879537582
12,inexact_chain.FP128.mul_div,6,0,nearest_even,1048576,4.874277115,4.868364334
12,inexact_chain.FP128.mul_div,6,1,toward_zero,1048576,3.811347008,3.805790901
12,inexact_chain.FP128.mul_div,7,0,toward_zero,1048576,3.828421593,3.822188377
12,inexact_chain.FP128.mul_div,7,1,nearest_even,1048576,4.885178566,4.877739906
12,inexact_chain.FP128.mul_div,8,0,nearest_even,1048576,4.875509262,4.868337631
12,inexact_chain.FP128.mul_div,8,1,toward_zero,1048576,3.816630363,3.810378075
12,wide_product.FP128.mul,0,0,nearest_even,1048576,10.113219261,10.097545624
12,wide_product.FP128.mul,0,1,toward_zero,1048576,4.920541763,4.913435936
12,wide_product.FP128.mul,1,0,toward_zero,1048576,4.926828384,4.917561531
12,wide_product.FP128.mul,1,1,nearest_even,1048576,10.085500717,10.059165001
12,wide_product.FP128.mul,2,0,nearest_even,1048576,10.068713188,10.052486420
12,wide_product.FP128.mul,2,1,toward_zero,1048576,4.924296379,4.917391777
12,wide_product.FP128.mul,3,0,toward_zero,1048576,4.930927277,4.924175262
12,wide_product.FP128.mul,3,1,nearest_even,1048576,10.097339630,10.081807137
12,wide_product.FP128.mul,4,0,nearest_even,1048576,10.067290306,10.053142548
12,wide_product.FP128.mul,4,1,toward_zero,1048576,4.920063972,4.912977219
12,wide_product.FP128.mul,5,0,toward_zero,1048576,4.930105209,4.921948433
12,wide_product.FP128.mul,5,1,nearest_even,1048576,10.133686066,10.119750023
12,wide_product.FP128.mul,6,0,nearest_even,1048576,10.081707954,10.066225052
12,wide_product.FP128.mul,6,1,toward_zero,1048576,4.910910606,4.904033661
12,wide_product.FP128.mul,7,0,toward_zero,1048576,4.923828125,4.917523384
12,wide_product.FP128.mul,7,1,nearest_even,1048576,10.081077576,10.065573692
12,wide_product.FP128.mul,8,0,nearest_even,1048576,10.087039948,10.072042465
12,wide_product.FP128.mul,8,1,toward_zero,1048576,4.920751572,4.913797379
12,native_by64.FP128.div,0,0,toward_zero,1048576,4.036905289,4.032046318
12,native_by64.FP128.div,0,1,nearest_even,1048576,9.652635574,9.635335922
12,native_by64.FP128.div,1,0,nearest_even,1048576,9.620111465,9.604044914
12,native_by64.FP128.div,1,1,toward_zero,1048576,4.017202377,4.012163162
12,native_by64.FP128.div,2,0,toward_zero,1048576,4.024024010,4.019461632
12,native_by64.FP128.div,2,1,nearest_even,1048576,9.620627403,9.606753349
12,native_by64.FP128.div,3,0,nearest_even,1048576,9.630564690,9.614640236
12,native_by64.FP128.div,3,1,toward_zero,1048576,4.029767036,4.022778511
12,native_by64.FP128.div,4,0,toward_zero,1048576,4.040612221,4.028644562
12,native_by64.FP128.div,4,1,nearest_even,1048576,9.578988075,9.563121796
12,native_by64.FP128.div,5,0,nearest_even,1048576,9.515248299,9.501076698
12,native_by64.FP128.div,5,1,toward_zero,1048576,4.017910004,4.011436462
12,native_by64.FP128.div,6,0,toward_zero,1048576,4.021759987,4.016166687
12,native_by64.FP128.div,6,1,nearest_even,1048576,9.524440765,9.507830620
12,native_by64.FP128.div,7,0,nearest_even,1048576,9.571516037,9.551961899
12,native_by64.FP128.div,7,1,toward_zero,1048576,4.015816689,4.009822845
12,native_by64.FP128.div,8,0,toward_zero,1048576,4.028038025,4.022597313
12,native_by64.FP128.div,8,1,nearest_even,1048576,9.545021057,9.527188301
12,native_by128.FP128.div,0,0,toward_zero,1048576,11.259552956,11.217630386
12,native_by128.FP128.div,0,1,nearest_even,1048576,11.945006371,11.924261093
12,native_by128.FP128.div,1,0,nearest_even,1048576,11.933741570,11.907150269
12,native_by128.FP128.div,1,1,toward_zero,1048576,11.139268875,11.122981071
12,native_by128.FP128.div,2,0,toward_zero,1048576,11.276015282,11.258655548
12,native_by128.FP128.div,2,1,nearest_even,1048576,11.953845024,11.933624268
12,native_by128.FP128.div,3,0,nearest_even,1048576,11.911459923,11.891172409
12,native_by128.FP128.div,3,1,toward_zero,1048576,11.222766876,11.203738213
12,native_by128.FP128.div,4,0,toward_zero,1048576,11.175375938,11.151511192
12,native_by128.FP128.div,4,1,nearest_even,1048576,11.973183632,11.948626518
12,native_by128.FP128.div,5,0,nearest_even,1048576,11.994633675,11.970724106
12,native_by128.FP128.div,5,1,toward_zero,1048576,11.304918289,11.281084061
12,native_by128.FP128.div,6,0,toward_zero,1048576,11.267578125,11.248442650
12,native_by128.FP128.div,6,1,nearest_even,1048576,12.004589081,11.983297348
12,native_by128.FP128.div,7,0,nearest_even,1048576,11.936427116,11.916052818
12,native_by128.FP128.div,7,1,toward_zero,1048576,11.387346268,11.366304398
12,native_by128.FP128.div,8,0,toward_zero,1048576,11.247885704,11.222031593
12,native_by128.FP128.div,8,1,nearest_even,1048576,11.987610817,11.966168404
12,wide_by64.FP128.div,0,0,toward_zero,1048576,5.104507446,5.095604897
12,wide_by64.FP128.div,0,1,nearest_even,1048576,10.676362991,10.659070015
12,wide_by64.FP128.div,1,0,nearest_even,1048576,10.644135475,10.627629280
12,wide_by64.FP128.div,1,1,toward_zero,1048576,5.067081451,5.054023743
12,wide_by64.FP128.div,2,0,toward_zero,1048576,5.067263603,5.058427811
12,wide_by64.FP128.div,2,1,nearest_even,1048576,10.689739227,10.655884743
12,wide_by64.FP128.div,3,0,nearest_even,1048576,10.702724457,10.684440613
12,wide_by64.FP128.div,3,1,toward_zero,1048576,5.056150436,5.047832489
12,wide_by64.FP128.div,4,0,toward_zero,1048576,5.038933754,5.028216362
12,wide_by64.FP128.div,4,1,nearest_even,1048576,10.681494713,10.665073395
12,wide_by64.FP128.div,5,0,nearest_even,1048576,10.733614922,10.710897446
12,wide_by64.FP128.div,5,1,toward_zero,1048576,5.068763733,5.061904907
12,wide_by64.FP128.div,6,0,toward_zero,1048576,5.040634155,5.033345222
12,wide_by64.FP128.div,6,1,nearest_even,1048576,10.733958244,10.709806442
12,wide_by64.FP128.div,7,0,nearest_even,1048576,10.678532600,10.661676407
12,wide_by64.FP128.div,7,1,toward_zero,1048576,5.061157227,5.053615570
12,wide_by64.FP128.div,8,0,toward_zero,1048576,5.042009354,5.033537865
12,wide_by64.FP128.div,8,1,nearest_even,1048576,10.675025940,10.655825615
12,wide_by128.FP128.div,0,0,toward_zero,1048576,16.363123894,16.331237793
12,wide_by128.FP128.div,0,1,nearest_even,1048576,18.174664497,18.138723373
12,wide_by128.FP128.div,1,0,nearest_even,1048576,18.124789238,18.095405579
12,wide_by128.FP128.div,1,1,toward_zero,1048576,16.294607162,16.266215324
12,wide_by128.FP128.div,2,0,toward_zero,1048576,16.345418930,16.323875427
12,wide_by128.FP128.div,2,1,nearest_even,1048576,18.171061516,18.137994766
12,wide_by128.FP128.div,3,0,nearest_even,1048576,18.128218651,18.098766327
12,wide_by128.FP128.div,3,1,toward_zero,1048576,16.380331039,16.352118492
12,wide_by128.FP128.div,4,0,toward_zero,1048576,16.366267204,16.335206032
12,wide_by128.FP128.div,4,1,nearest_even,1048576,18.108115196,18.081157684
12,wide_by128.FP128.div,5,0,nearest_even,1048576,18.072028160,18.039127350
12,wide_by128.FP128.div,5,1,toward_zero,1048576,16.322803497,16.293588638
12,wide_by128.FP128.div,6,0,toward_zero,1048576,16.284002304,16.252987862
12,wide_by128.FP128.div,6,1,nearest_even,1048576,18.116418839,18.084070206
12,wide_by128.FP128.div,7,0,nearest_even,1048576,18.046049118,18.013066292
12,wide_by128.FP128.div,7,1,toward_zero,1048576,16.316726685,16.283123016
12,wide_by128.FP128.div,8,0,toward_zero,1048576,16.307076454,16.282101631
12,wide_by128.FP128.div,8,1,nearest_even,1048576,18.082977295,18.057196617
12,wide_product.FP128.mul_div,0,0,toward_zero,1048576,19.047351837,19.018385887
12,wide_product.FP128.mul_div,0,1,nearest_even,1048576,22.962357521,22.916951180
12,wide_product.FP128.mul_div,1,0,nearest_even,1048576,23.104531288,23.062630653
12,wide_product.FP128.mul_div,1,1,toward_zero,1048576,19.101852417,19.071177483
12,wide_product.FP128.mul_div,2,0,toward_zero,1048576,19.145030022,19.103049278
12,wide_product.FP128.mul_div,2,1,nearest_even,1048576,23.193695068,23.150129318
12,wide_product.FP128.mul_div,3,0,nearest_even,1048576,23.178647041,23.131500244
12,wide_product.FP128.mul_div,3,1,toward_zero,1048576,19.172671318,19.136281967
12,wide_product.FP128.mul_div,4,0,toward_zero,1048576,19.114998817,19.083570480
12,wide_product.FP128.mul_div,4,1,nearest_even,1048576,23.089596748,23.049140930
12,wide_product.FP128.mul_div,5,0,nearest_even,1048576,22.919772148,22.882121086
12,wide_product.FP128.mul_div,5,1,toward_zero,1048576,18.867742538,18.835350990
12,wide_product.FP128.mul_div,6,0,toward_zero,1048576,18.878118515,18.839122772
12,wide_product.FP128.mul_div,6,1,nearest_even,1048576,22.910341263,22.871211052
12,wide_product.FP128.mul_div,7,0,nearest_even,1048576,22.900568008,22.866609573
12,wide_product.FP128.mul_div,7,1,toward_zero,1048576,18.876905441,18.843012810
12,wide_product.FP128.mul_div,8,0,toward_zero,1048576,18.879542351,18.845189095
12,wide_product.FP128.mul_div,8,1,nearest_even,1048576,22.916638374,22.879580498
12,throughput4096.FP64.mul_wide,0,0,nearest_even,1048576,2.621654510,2.617012024
12,throughput4096.FP64.mul_wide,0,1,toward_zero,1048576,2.598187447,2.592884064
12,throughput4096.FP64.mul_wide,1,0,toward_zero,1048576,2.587936401,2.583511353
12,throughput4096.FP64.mul_wide,1,1,nearest_even,1048576,2.622293472,2.619457245
12,throughput4096.FP64.mul_wide,2,0,nearest_even,1048576,2.604990959,2.600910187
12,throughput4096.FP64.mul_wide,2,1,toward_zero,1048576,2.587114334,2.582548141
12,throughput4096.FP64.mul_wide,3,0,toward_zero,1048576,2.576231003,2.573230743
12,throughput4096.FP64.mul_wide,3,1,nearest_even,1048576,2.594968796,2.589313507
12,throughput4096.FP64.mul_wide,4,0,nearest_even,1048576,2.600585938,2.595674515
12,throughput4096.FP64.mul_wide,4,1,toward_zero,1048576,2.586168289,2.582079887
12,throughput4096.FP64.mul_wide,5,0,toward_zero,1048576,2.576335907,2.572925568
12,throughput4096.FP64.mul_wide,5,1,nearest_even,1048576,2.593276978,2.585958481
12,throughput4096.FP64.mul_wide,6,0,nearest_even,1048576,2.605765343,2.599794388
12,throughput4096.FP64.mul_wide,6,1,toward_zero,1048576,2.590027809,2.585089684
12,throughput4096.FP64.mul_wide,7,0,toward_zero,1048576,2.577912331,2.574264526
12,throughput4096.FP64.mul_wide,7,1,nearest_even,1048576,2.592216492,2.587592125
12,throughput4096.FP64.mul_wide,8,0,nearest_even,1048576,2.601120949,2.596736908
12,throughput4096.FP64.mul_wide,8,1,toward_zero,1048576,2.588165283,2.585014343
12,fullrange.FP64.mul_wide,0,0,toward_zero,1048576,2.775732994,2.771701813
12,fullrange.FP64.mul_wide,0,1,nearest_even,1048576,2.564660072,2.560153008
12,fullrange.FP64.mul_wide,1,0,nearest_even,1048576,2.512300491,2.509790421
12,fullrange.FP64.mul_wide,1,1,toward_zero,1048576,2.771242142,2.766855240
12,fullrange.FP64.mul_wide,2,0,toward_zero,1048576,2.759490013,2.755371094
12,fullrange.FP64.mul_wide,2,1,nearest_even,1048576,2.523938179,2.518673897
12,fullrange.FP64.mul_wide,3,0,nearest_even,1048576,2.523393631,2.521015167
12,fullrange.FP64.mul_wide,3,1,toward_zero,1048576,2.772235870,2.761000633
12,fullrange.FP64.mul_wide,4,0,toward_zero,1048576,2.749572754,2.745100975
12,fullrange.FP64.mul_wide,4,1,nearest_even,1048576,2.520402908,2.515655518
12,fullrange.FP64.mul_wide,5,0,nearest_even,1048576,2.520345688,2.517481804
12,fullrange.FP64.mul_wide,5,1,toward_zero,1048576,2.758094788,2.753890991
12,fullrange.FP64.mul_wide,6,0,toward_zero,1048576,2.748120308,2.743687630
12,fullrange.FP64.mul_wide,6,1,nearest_even,1048576,2.509825706,2.505317688
12,fullrange.FP64.mul_wide,7,0,nearest_even,1048576,2.528266907,2.522315025
12,fullrange.FP64.mul_wide,7,1,toward_zero,1048576,2.762757301,2.757625580
12,fullrange.FP64.mul_wide,8,0,toward_zero,1048576,2.747804642,2.743800163
12,fullrange.FP64.mul_wide,8,1,nearest_even,1048576,2.514211655,2.509118080
12,throughput4096.FP64.quantize4,0,0,nearest_even,1048576,5.521980286,5.513527870
12,throughput4096.FP64.quantize4,0,1,toward_zero,1048576,1.832761765,1.830187798
12,throughput4096.FP64.quantize4,1,0,toward_zero,1048576,1.842594147,1.836809158
12,throughput4096.FP64.quantize4,1,1,nearest_even,1048576,5.569037437,5.560437202
12,throughput4096.FP64.quantize4,2,0,nearest_even,1048576,5.514317513,5.505461693
12,throughput4096.FP64.quantize4,2,1,toward_zero,1048576,1.822108269,1.819751740
12,throughput4096.FP64.quantize4,3,0,toward_zero,1048576,1.822146416,1.820611954
12,throughput4096.FP64.quantize4,3,1,nearest_even,1048576,5.476902008,5.456341743
12,throughput4096.FP64.quantize4,4,0,nearest_even,1048576,5.422649384,5.413975716
12,throughput4096.FP64.quantize4,4,1,toward_zero,1048576,1.822098732,1.818691254
12,throughput4096.FP64.quantize4,5,0,toward_zero,1048576,1.827630997,1.824069977
12,throughput4096.FP64.quantize4,5,1,nearest_even,1048576,5.511069298,5.501274109
12,throughput4096.FP64.quantize4,6,0,nearest_even,1048576,5.446765900,5.438720703
12,throughput4096.FP64.quantize4,6,1,toward_zero,1048576,1.826512337,1.823526382
12,throughput4096.FP64.quantize4,7,0,toward_zero,1048576,1.827707291,1.824643135
12,throughput4096.FP64.quantize4,7,1,nearest_even,1048576,5.511307716,5.496842384
12,throughput4096.FP64.quantize4,8,0,nearest_even,1048576,5.480216980,5.471275330
12,throughput4096.FP64.quantize4,8,1,toward_zero,1048576,1.815706253,1.813588142
12,throughput4096.FP128.quantize4,0,0,toward_zero,1048576,3.461359024,3.450981140
12,throughput4096.FP128.quantize4,0,1,nearest_even,1048576,7.885170937,7.874288559
12,throughput4096.FP128.quantize4,1,0,nearest_even,1048576,7.868879318,7.857846260
12,throughput4096.FP128.quantize4,1,1,toward_zero,1048576,3.456867218,3.439304352
12,throughput4096.FP128.quantize4,2,0,toward_zero,1048576,3.434940338,3.429443359
12,throughput4096.FP128.quantize4,2,1,nearest_even,1048576,7.874201775,7.862145424
12,throughput4096.FP128.quantize4,3,0,nearest_even,1048576,7.884530067,7.869062424
12,throughput4096.FP128.quantize4,3,1,toward_zero,1048576,3.363317490,3.358855247
12,throughput4096.FP128.quantize4,4,0,toward_zero,1048576,3.441713333,3.435865402
12,throughput4096.FP128.quantize4,4,1,nearest_even,1048576,7.900744438,7.888346672
12,throughput4096.FP128.quantize4,5,0,nearest_even,1048576,7.816835403,7.804073334
12,throughput4096.FP128.quantize4,5,1,toward_zero,1048576,3.439688683,3.435538292
12,throughput4096.FP128.quantize4,6,0,toward_zero,1048576,3.427783966,3.421055794
12,throughput4096.FP128.quantize4,6,1,nearest_even,1048576,7.885428429,7.871396065
12,throughput4096.FP128.quantize4,7,0,nearest_even,1048576,7.816959381,7.798617363
12,throughput4096.FP128.quantize4,7,1,toward_zero,1048576,3.452196121,3.446698189
12,throughput4096.FP128.quantize4,8,0,toward_zero,1048576,3.434605598,3.430751801
12,throughput4096.FP128.quantize4,8,1,nearest_even,1048576,7.857500076,7.841632843
12,parse_extra_digit.FP64,0,0,toward_zero,1048576,34.366395950,34.309934616
12,parse_extra_digit.FP64,0,1,nearest_even,1048576,36.166910172,36.111480713
12,parse_extra_digit.FP64,1,0,nearest_even,1048576,36.200533867,36.142414093
12,parse_extra_digit.FP64,1,1,toward_zero,1048576,34.318641663,34.257827759
12,parse_extra_digit.FP64,2,0,toward_zero,1048576,34.303535461,34.240629196
12,parse_extra_digit.FP64,2,1,nearest_even,1048576,36.267654419,36.210035324
12,parse_extra_digit.FP64,3,0,nearest_even,1048576,36.223312378,36.161249161
12,parse_extra_digit.FP64,3,1,toward_zero,1048576,34.326295853,34.263363838
12,parse_extra_digit.FP64,4,0,toward_zero,1048576,34.312851906,34.254134178
12,parse_extra_digit.FP64,4,1,nearest_even,1048576,36.231959343,36.154193878
12,parse_extra_digit.FP64,5,0,nearest_even,1048576,36.210392952,36.141839981
12,parse_extra_digit.FP64,5,1,toward_zero,1048576,34.319892883,34.259017944
12,parse_extra_digit.FP64,6,0,toward_zero,1048576,34.301968575,34.241633415
12,parse_extra_digit.FP64,6,1,nearest_even,1048576,36.189048767,36.121564865
12,parse_extra_digit.FP64,7,0,nearest_even,1048576,36.209687233,36.144554138
12,parse_extra_digit.FP64,7,1,toward_zero,1048576,34.314858437,34.261886597
12,parse_extra_digit.FP64,8,0,toward_zero,1048576,34.302914619,34.242403984
12,parse_extra_digit.FP64,8,1,nearest_even,1048576,36.226570129,36.161439896
12,format_2digits.FP64,0,0,toward_zero,1048576,11.000763893,10.982506752
12,format_2digits.FP64,0,1,nearest_even,1048576,14.507927895,14.482950211
12,format_2digits.FP64,1,0,nearest_even,1048576,14.478680611,14.453426361
12,format_2digits.FP64,1,1,toward_zero,1048576,11.007461548,10.992596626
12,format_2digits.FP64,2,0,toward_zero,1048576,11.029275894,11.008610725
12,format_2digits.FP64,2,1,nearest_even,1048576,14.510153770,14.487679482
12,format_2digits.FP64,3,0,nearest_even,1048576,14.489305496,14.467358589
12,format_2digits.FP64,3,1,toward_zero,1048576,11.002837181,10.982046127
12,format_2digits.FP64,4,0,toward_zero,1048576,10.993397713,10.977931976
12,format_2digits.FP64,4,1,nearest_even,1048576,14.480850220,14.455255508
12,format_2digits.FP64,5,0,nearest_even,1048576,14.499614716,14.470316887
12,format_2digits.FP64,5,1,toward_zero,1048576,11.008111000,10.993047714
12,format_2digits.FP64,6,0,toward_zero,1048576,11.009009361,10.987312317
12,format_2digits.FP64,6,1,nearest_even,1048576,14.479034424,14.455368042
12,format_2digits.FP64,7,0,nearest_even,1048576,14.515514374,14.492574692
12,format_2digits.FP64,7,1,toward_zero,1048576,11.013031960,10.994900703
12,format_2digits.FP64,8,0,toward_zero,1048576,10.993482590,10.976103783
12,format_2digits.FP64,8,1,nearest_even,1048576,14.438904762,14.416910172
12,parse_extra_digit.FP128,0,0,nearest_even,1048576,35.933670998,35.862263680
12,parse_extra_digit.FP128,0,1,toward_zero,1048576,34.027309418,33.965329170
12,parse_extra_digit.FP128,1,0,toward_zero,1048576,33.951645851,33.890062332
12,parse_extra_digit.FP128,1,1,nearest_even,1048576,35.782123566,35.721425056
12,parse_extra_digit.FP128,2,0,nearest_even,1048576,35.792577744,35.728113174
12,parse_extra_digit.FP128,2,1,toward_zero,1048576,33.952171326,33.896978378
12,parse_extra_digit.FP128,3,0,toward_zero,1048576,34.040925026,33.978423119
12,parse_extra_digit.FP128,3,1,nearest_even,1048576,35.820075989,35.752737999
12,parse_extra_digit.FP128,4,0,nearest_even,1048576,35.814934731,35.756736755
12,parse_extra_digit.FP128,4,1,toward_zero,1048576,34.120793343,34.063346863
12,parse_extra_digit.FP128,5,0,toward_zero,1048576,34.055744171,34.001641273
12,parse_extra_digit.FP128,5,1,nearest_even,1048576,35.896560669,35.835966110
12,parse_extra_digit.FP128,6,0,nearest_even,1048576,35.875445366,35.811251640
12,parse_extra_digit.FP128,6,1,toward_zero,1048576,34.154578209,34.095254898
12,parse_extra_digit.FP128,7,0,toward_zero,1048576,34.083816528,34.024015427
12,parse_extra_digit.FP128,7,1,nearest_even,1048576,35.839328766,35.782026291
12,parse_extra_digit.FP128,8,0,nearest_even,1048576,35.901920319,35.830160141
12,parse_extra_digit.FP128,8,1,toward_zero,1048576,34.090293884,34.033750534
12,format_2digits.FP128,0,0,nearest_even,1048576,21.654568672,21.619957924
12,format_2digits.FP128,0,1,toward_zero,1048576,14.199970245,14.176848412
12,format_2digits.FP128,1,0,toward_zero,1048576,14.193187714,14.169338226
12,format_2digits.FP128,1,1,nearest_even,1048576,21.661810875,21.626329422
12,format_2digits.FP128,2,0,nearest_even,1048576,21.648921013,21.610896111
12,format_2digits.FP128,2,1,toward_zero,1048576,14.236307144,14.212206841
12,format_2digits.FP128,3,0,toward_zero,1048576,14.200257301,14.177392960
12,format_2digits.FP128,3,1,nearest_even,1048576,21.642920494,21.605219841
12,format_2digits.FP128,4,0,nearest_even,1048576,21.633834839,21.596795082
12,format_2digits.FP128,4,1,toward_zero,1048576,14.216050148,14.191391945
12,format_2digits.FP128,5,0,toward_zero,1048576,14.190205574,14.165027618
12,format_2digits.FP128,5,1,nearest_even,1048576,21.657711983,21.621352196
12,format_2digits.FP128,6,0,nearest_even,1048576,21.654741287,21.614270210
12,format_2digits.FP128,6,1,toward_zero,1048576,14.226331711,14.204534531
12,format_2digits.FP128,7,0,toward_zero,1048576,14.208932877,14.176510811
12,format_2digits.FP128,7,1,nearest_even,1048576,21.665528297,21.631209373
12,format_2digits.FP128,8,0,nearest_even,1048576,21.659422874,21.621589661
12,format_2digits.FP128,8,1,toward_zero,1048576,14.200887680,14.174794197
12,throughput4096.FP64.mul,0,0,nearest_even,1048576,2.783624649,2.779831886
12,throughput4096.FP64.mul,0,1,toward_zero,1048576,2.575839043,2.566093445
12,throughput4096.FP64.mul,1,0,toward_zero,1048576,2.556500435,2.548981667
12,throughput4096.FP64.mul,1,1,nearest_even,1048576,2.752935410,2.748418808
12,throughput4096.FP64.mul,2,0,nearest_even,1048576,2.758534431,2.755410194
12,throughput4096.FP64.mul,2,1,toward_zero,1048576,2.540955544,2.535791397
12,throughput4096.FP64.mul,3,0,toward_zero,1048576,2.536704063,2.532040596
12,throughput4096.FP64.mul,3,1,nearest_even,1048576,2.747317314,2.742444992
12,throughput4096.FP64.mul,4,0,nearest_even,1048576,2.749390602,2.744364738
12,throughput4096.FP64.mul,4,1,toward_zero,1048576,2.536626816,2.533246040
12,throughput4096.FP64.mul,5,0,toward_zero,1048576,2.536426544,2.531953812
12,throughput4096.FP64.mul,5,1,nearest_even,1048576,2.745052338,2.740144730
12,throughput4096.FP64.mul,6,0,nearest_even,1048576,2.745817184,2.741669655
12,throughput4096.FP64.mul,6,1,toward_zero,1048576,2.563226700,2.561087608
12,throughput4096.FP64.mul,7,0,toward_zero,1048576,2.566332817,2.562194824
12,throughput4096.FP64.mul,7,1,nearest_even,1048576,2.745100021,2.740754128
12,throughput4096.FP64.mul,8,0,nearest_even,1048576,2.745520592,2.741614342
12,throughput4096.FP64.mul,8,1,toward_zero,1048576,2.577167511,2.574053764
12,throughput256.FP64.mul,0,0,toward_zero,1048576,2.542808533,2.534822464
12,throughput256.FP64.mul,0,1,nearest_even,1048576,2.759356499,2.754283905
12,throughput256.FP64.mul,1,0,nearest_even,1048576,2.743686676,2.739520073
12,throughput256.FP64.mul,1,1,toward_zero,1048576,2.567382812,2.562826157
12,throughput256.FP64.mul,2,0,toward_zero,1048576,2.548579216,2.545733452
12,throughput256.FP64.mul,2,1,nearest_even,1048576,2.743972778,2.739598274
12,throughput256.FP64.mul,3,0,nearest_even,1048576,2.741995811,2.738022804
12,throughput256.FP64.mul,3,1,toward_zero,1048576,2.554044724,2.549870491
12,throughput256.FP64.mul,4,0,toward_zero,1048576,2.527425766,2.524397850
12,throughput256.FP64.mul,4,1,nearest_even,1048576,2.757473946,2.752916336
12,throughput256.FP64.mul,5,0,nearest_even,1048576,2.752515793,2.747920036
12,throughput256.FP64.mul,5,1,toward_zero,1048576,2.569189072,2.564298630
12,throughput256.FP64.mul,6,0,toward_zero,1048576,2.556281090,2.552288055
12,throughput256.FP64.mul,6,1,nearest_even,1048576,2.736845016,2.734724998
12,throughput256.FP64.mul,7,0,nearest_even,1048576,2.749133110,2.744545937
12,throughput256.FP64.mul,7,1,toward_zero,1048576,2.562988281,2.557982445
12,throughput256.FP64.mul,8,0,toward_zero,1048576,2.560303688,2.556120872
12,throughput256.FP64.mul,8,1,nearest_even,1048576,2.747049332,2.740103722
12,exact_results.FP64.mul,0,0,nearest_even,1048576,2.555793762,2.549335480
12,exact_results.FP64.mul,0,1,toward_zero,1048576,2.531276703,2.528076172
12,exact_results.FP64.mul,1,0,toward_zero,1048576,2.530817986,2.526817322
12,exact_results.FP64.mul,1,1,nearest_even,1048576,2.532002449,2.527951241
12,exact_results.FP64.mul,2,0,nearest_even,1048576,2.544413567,2.540087700
12,exact_results.FP64.mul,2,1,toward_zero,1048576,2.529059410,2.525266647
12,exact_results.FP64.mul,3,0,toward_zero,1048576,2.530244827,2.524629593
12,exact_results.FP64.mul,3,1,nearest_even,1048576,2.558048248,2.554629326
12,exact_results.FP64.mul,4,0,nearest_even,1048576,2.559128761,2.554904938
12,exact_results.FP64.mul,4,1,toward_zero,1048576,2.528925896,2.524387360
12,exact_results.FP64.mul,5,0,toward_zero,1048576,2.525562286,2.522850037
12,exact_results.FP64.mul,5,1,nearest_even,1048576,2.556586266,2.552209854
12,exact_results.FP64.mul,6,0,nearest_even,1048576,2.557723999,2.552927971
12,exact_results.FP64.mul,6,1,toward_zero,1048576,2.526498795,2.523109436
12,exact_results.FP64.mul,7,0,toward_zero,1048576,2.524320602,2.520308495
12,exact_results.FP64.mul,7,1,nearest_even,1048576,2.532270432,2.528248787
12,exact_results.FP64.mul,8,0,nearest_even,1048576,2.531992912,2.528936386
12,exact_results.FP64.mul,8,1,toward_zero,1048576,2.529565811,2.524983406
12,halfway_ties.FP64.mul,0,0,toward_zero,1048576,2.539416313,2.535919189
12,halfway_ties.FP64.mul,0,1,nearest_even,1048576,2.729421616,2.725152016
12,halfway_ties.FP64.mul,1,0,nearest_even,1048576,2.725513458,2.721711159
12,halfway_ties.FP64.mul,1,1,toward_zero,1048576,2.531486511,2.527275085
12,halfway_ties.FP64.mul,2,0,toward_zero,1048576,2.523833275,2.521188736
12,halfway_ties.FP64.mul,2,1,nearest_even,1048576,2.723689079,2.719179153
12,halfway_ties.FP64.mul,3,0,nearest_even,1048576,2.729048729,2.724320412
12,halfway_ties.FP64.mul,3,1,toward_zero,1048576,2.532518387,2.528946877
12,halfway_ties.FP64.mul,4,0,toward_zero,1048576,2.525008202,2.522172928
12,halfway_ties.FP64.mul,4,1,nearest_even,1048576,2.726554871,2.722361565
12,halfway_ties.FP64.mul,5,0,nearest_even,1048576,2.734179497,2.727071762
12,halfway_ties.FP64.mul,5,1,toward_zero,1048576,2.533597946,2.527991295
12,halfway_ties.FP64.mul,6,0,toward_zero,1048576,2.525658607,2.521846771
12,halfway_ties.FP64.mul,6,1,nearest_even,1048576,2.726373672,2.722311974
12,halfway_ties.FP64.mul,7,0,nearest_even,1048576,2.733071327,2.727901459
12,halfway_ties.FP64.mul,7,1,toward_zero,1048576,2.528964043,2.524482727
12,halfway_ties.FP64.mul,8,0,toward_zero,1048576,2.523795128,2.521473885
12,halfway_ties.FP64.mul,8,1,nearest_even,1048576,2.727108955,2.722619057
12,exact_chain.FP64.mul,0,0,nearest_even,1048576,3.726138115,3.721595764
12,exact_chain.FP64.mul,0,1,toward_zero,1048576,3.798151016,3.792243004
12,exact_chain.FP64.mul,1,0,toward_zero,1048576,3.797177315,3.790608406
12,exact_chain.FP64.mul,1,1,nearest_even,1048576,3.684880257,3.679412842
12,exact_chain.FP64.mul,2,0,nearest_even,1048576,3.735769272,3.730026245
12,exact_chain.FP64.mul,2,1,toward_zero,1048576,3.776530266,3.770218849
12,exact_chain.FP64.mul,3,0,toward_zero,1048576,3.789151192,3.782727242
12,exact_chain.FP64.mul,3,1,nearest_even,1048576,3.688635826,3.682183266
12,exact_chain.FP64.mul,4,0,nearest_even,1048576,3.687891006,3.682528496
12,exact_chain.FP64.mul,4,1,toward_zero,1048576,3.746002197,3.735366821
12,exact_chain.FP64.mul,5,0,toward_zero,1048576,3.797426224,3.791163445
12,exact_chain.FP64.mul,5,1,nearest_even,1048576,3.759522438,3.754171371
12,exact_chain.FP64.mul,6,0,nearest_even,1048576,3.680247307,3.675075531
12,exact_chain.FP64.mul,6,1,toward_zero,1048576,3.792399406,3.786912918
12,exact_chain.FP64.mul,7,0,toward_zero,1048576,3.804181099,3.798350334
12,exact_chain.FP64.mul,7,1,nearest_even,1048576,3.673721313,3.669217110
12,exact_chain.FP64.mul,8,0,nearest_even,1048576,3.684317589,3.678113937
12,exact_chain.FP64.mul,8,1,toward_zero,1048576,3.784239769,3.777932167
12,inexact_chain.FP64.mul,0,0,toward_zero,1048576,3.807534218,3.801424980
12,inexact_chain.FP64.mul,0,1,nearest_even,1048576,4.625377655,4.617824554
12,inexact_chain.FP64.mul,1,0,nearest_even,1048576,4.609393120,4.603203773
12,inexact_chain.FP64.mul,1,1,toward_zero,1048576,3.706818581,3.700528145
12,inexact_chain.FP64.mul,2,0,toward_zero,1048576,3.710811615,3.702019691
12,inexact_chain.FP64.mul,2,1,nearest_even,1048576,4.645843506,4.638566971
12,inexact_chain.FP64.mul,3,0,nearest_even,1048576,4.610654831,4.603445053
12,inexact_chain.FP64.mul,3,1,toward_zero,1048576,3.794253349,3.788200378
12,inexact_chain.FP64.mul,4,0,toward_zero,1048576,3.813859940,3.808592796
12,inexact_chain.FP64.mul,4,1,nearest_even,1048576,4.625779152,4.618366241
12,inexact_chain.FP64.mul,5,0,nearest_even,1048576,4.585295677,4.579174042
12,inexact_chain.FP64.mul,5,1,toward_zero,1048576,3.777762413,3.772225380
12,inexact_chain.FP64.mul,6,0,toward_zero,1048576,3.783638000,3.778598785
12,inexact_chain.FP64.mul,6,1,nearest_even,1048576,4.643264771,4.635586739
12,inexact_chain.FP64.mul,7,0,nearest_even,1048576,4.578206062,4.572459221
12,inexact_chain.FP64.mul,7,1,toward_zero,1048576,3.781556129,3.775829315
12,inexact_chain.FP64.mul,8,0,toward_zero,1048576,3.815685272,3.809463501
12,inexact_chain.FP64.mul,8,1,nearest_even,1048576,4.611676216,4.606002808
12,throughput4096.FP64.div,0,0,toward_zero,1048576,2.422162056,2.417680740
12,throughput4096.FP64.div,0,1,nearest_even,1048576,2.435403824,2.429039955
12,throughput4096.FP64.div,1,0,nearest_even,1048576,2.449995041,2.447102547
12,throughput4096.FP64.div,1,1,toward_zero,1048576,2.457848549,2.452775955
12,throughput4096.FP64.div,2,0,toward_zero,1048576,2.443115234,2.440355301
12,throughput4096.FP64.div,2,1,nearest_even,1048576,2.440516472,2.436304092
12,throughput4096.FP64.div,3,0,nearest_even,1048576,2.448408127,2.445343018
12,throughput4096.FP64.div,3,1,toward_zero,1048576,2.454580307,2.449679375
12,throughput4096.FP64.div,4,0,toward_zero,1048576,2.449860573,2.445848465
12,throughput4096.FP64.div,4,1,nearest_even,1048576,2.440210342,2.437135696
12,throughput4096.FP64.div,5,0,nearest_even,1048576,2.454848289,2.450414658
12,throughput4096.FP64.div,5,1,toward_zero,1048576,2.455345154,2.452489853
12,throughput4096.FP64.div,6,0,toward_zero,1048576,2.452660561,2.448160172
12,throughput4096.FP64.div,6,1,nearest_even,1048576,2.441348076,2.438331604
12,throughput4096.FP64.div,7,0,nearest_even,1048576,2.454113007,2.449660301
12,throughput4096.FP64.div,7,1,toward_zero,1048576,2.455469131,2.452203751
12,throughput4096.FP64.div,8,0,toward_zero,1048576,2.448704720,2.444560051
12,throughput4096.FP64.div,8,1,nearest_even,1048576,2.445580482,2.441443443
12,throughput256.FP64.div,0,0,nearest_even,1048576,2.456357956,2.453673363
12,throughput256.FP64.div,0,1,toward_zero,1048576,2.462071419,2.458147049
12,throughput256.FP64.div,1,0,toward_zero,1048576,2.453597069,2.451409340
12,throughput256.FP64.div,1,1,nearest_even,1048576,2.443267822,2.439160347
12,throughput256.FP64.div,2,0,nearest_even,1048576,2.453262329,2.449309349
12,throughput256.FP64.div,2,1,toward_zero,1048576,2.459501266,2.456798553
12,throughput256.FP64.div,3,0,toward_zero,1048576,2.455001831,2.450770378
12,throughput256.FP64.div,3,1,nearest_even,1048576,2.444691658,2.441758156
12,throughput256.FP64.div,4,0,nearest_even,1048576,2.452803612,2.448265076
12,throughput256.FP64.div,4,1,toward_zero,1048576,2.458775520,2.456015587
12,throughput256.FP64.div,5,0,toward_zero,1048576,2.457046509,2.452929497
12,throughput256.FP64.div,5,1,nearest_even,1048576,2.445656776,2.442419052
12,throughput256.FP64.div,6,0,nearest_even,1048576,2.454370499,2.451374054
12,throughput256.FP64.div,6,1,toward_zero,1048576,2.464517593,2.459136963
12,throughput256.FP64.div,7,0,toward_zero,1048576,2.455583572,2.452775955
12,throughput256.FP64.div,7,1,nearest_even,1048576,2.447587013,2.442208290
12,throughput256.FP64.div,8,0,nearest_even,1048576,2.451485634,2.448686600
12,throughput256.FP64.div,8,1,toward_zero,1048576,2.467746735,2.463266373
12,exact_results.FP64.div,0,0,nearest_even,1048576,2.554809570,2.552009583
12,exact_results.FP64.div,0,1,toward_zero,1048576,2.564288139,2.559845924
12,exact_results.FP64.div,1,0,toward_zero,1048576,2.553682327,2.549374580
12,exact_results.FP64.div,1,1,nearest_even,1048576,2.535814285,2.532682419
12,exact_results.FP64.div,2,0,nearest_even,1048576,2.537009239,2.532432556
12,exact_results.FP64.div,2,1,toward_zero,1048576,2.552649498,2.547978401
12,exact_results.FP64.div,3,0,toward_zero,1048576,2.549764633,2.546441078
12,exact_results.FP64.div,3,1,nearest_even,1048576,2.531487465,2.527263641
12,exact_results.FP64.div,4,0,nearest_even,1048576,2.532986641,2.527206421
12,exact_results.FP64.div,4,1,toward_zero,1048576,2.549812317,2.546135902
12,exact_results.FP64.div,5,0,toward_zero,1048576,2.551475525,2.546488762
12,exact_results.FP64.div,5,1,nearest_even,1048576,2.529537201,2.525172234
12,exact_results.FP64.div,6,0,nearest_even,1048576,2.526890755,2.523680687
12,exact_results.FP64.div,6,1,toward_zero,1048576,2.550309181,2.544931412
12,exact_results.FP64.div,7,0,toward_zero,1048576,2.551455498,2.545877457
12,exact_results.FP64.div,7,1,nearest_even,1048576,2.527932167,2.523941040
12,exact_results.FP64.div,8,0,nearest_even,1048576,2.531572342,2.527674675
12,exact_results.FP64.div,8,1,toward_zero,1048576,2.547538757,2.543498039
12,halfway_ties.FP64.div,0,0,nearest_even,1048576,2.483952522,2.479337692
12,halfway_ties.FP64.div,0,1,toward_zero,1048576,2.575132370,2.571988106
12,halfway_ties.FP64.div,1,0,toward_zero,1048576,2.569370270,2.564451218
12,halfway_ties.FP64.div,1,1,nearest_even,1048576,2.467613220,2.461836815
12,halfway_ties.FP64.div,2,0,nearest_even,1048576,2.476910591,2.472467422
12,halfway_ties.FP64.div,2,1,toward_zero,1048576,2.575676918,2.570287704
12,halfway_ties.FP64.div,3,0,toward_zero,1048576,2.564985275,2.560297966
12,halfway_ties.FP64.div,3,1,nearest_even,1048576,2.460953712,2.457924843
12,halfway_ties.FP64.div,4,0,nearest_even,1048576,2.476537704,2.471608162
12,halfway_ties.FP64.div,4,1,toward_zero,1048576,2.573679924,2.568340302
12,halfway_ties.FP64.div,5,0,toward_zero,1048576,2.562864304,2.559291840
12,halfway_ties.FP64.div,5,1,nearest_even,1048576,2.460934639,2.455507278
12,halfway_ties.FP64.div,6,0,nearest_even,1048576,2.472734451,2.470146179
12,halfway_ties.FP64.div,6,1,toward_zero,1048576,2.578992844,2.574676514
12,halfway_ties.FP64.div,7,0,toward_zero,1048576,2.564746857,2.559961319
12,halfway_ties.FP64.div,7,1,nearest_even,1048576,2.458841324,2.456350327
12,halfway_ties.FP64.div,8,0,nearest_even,1048576,2.473804474,2.468981743
12,halfway_ties.FP64.div,8,1,toward_zero,1048576,2.573708534,2.568139076
12,exact_chain.FP64.div,0,0,toward_zero,1048576,3.723443031,3.717686653
12,exact_chain.FP64.div,0,1,nearest_even,1048576,3.639724731,3.633493423
12,exact_chain.FP64.div,1,0,nearest_even,1048576,3.638187408,3.631964684
12,exact_chain.FP64.div,1,1,toward_zero,1048576,3.752633095,3.746966362
12,exact_chain.FP64.div,2,0,toward_zero,1048576,3.720788002,3.716751099
12,exact_chain.FP64.div,2,1,nearest_even,1048576,3.633362770,3.623862267
12,exact_chain.FP64.div,3,0,nearest_even,1048576,3.637642860,3.632490158
12,exact_chain.FP64.div,3,1,toward_zero,1048576,3.786485672,3.780471802
12,exact_chain.FP64.div,4,0,toward_zero,1048576,3.777121544,3.771319389
12,exact_chain.FP64.div,4,1,nearest_even,1048576,3.648067474,3.640905380
12,exact_chain.FP64.div,5,0,nearest_even,1048576,3.651076317,3.645187378
12,exact_chain.FP64.div,5,1,toward_zero,1048576,3.752126694,3.745465279
12,exact_chain.FP64.div,6,0,toward_zero,1048576,3.740890503,3.734687805
12,exact_chain.FP64.div,6,1,nearest_even,1048576,3.639181137,3.635136604
12,exact_chain.FP64.div,7,0,nearest_even,1048576,3.638235092,3.632480621
12,exact_chain.FP64.div,7,1,toward_zero,1048576,3.752967834,3.748091698
12,exact_chain.FP64.div,8,0,toward_zero,1048576,3.773481369,3.759548187
12,exact_chain.FP64.div,8,1,nearest_even,1048576,3.642094612,3.637449265
12,inexact_chain.FP64.div,0,0,toward_zero,1048576,3.763219833,3.758909225
12,inexact_chain.FP64.div,0,1,nearest_even,1048576,4.938942909,4.930938721
12,inexact_chain.FP64.div,1,0,nearest_even,1048576,4.945851326,4.939098358
12,inexact_chain.FP64.div,1,1,toward_zero,1048576,3.683811188,3.678020477
12,inexact_chain.FP64.div,2,0,toward_zero,1048576,3.773644447,3.767955780
12,inexact_chain.FP64.div,2,1,nearest_even,1048576,4.981623650,4.974920273
12,inexact_chain.FP64.div,3,0,nearest_even,1048576,4.893148422,4.885930061
12,inexact_chain.FP64.div,3,1,toward_zero,1048576,3.724055290,3.718358994
12,inexact_chain.FP64.div,4,0,toward_zero,1048576,3.725096703,3.720001221
12,inexact_chain.FP64.div,4,1,nearest_even,1048576,4.940013885,4.933242798
12,inexact_chain.FP64.div,5,0,nearest_even,1048576,4.925204277,4.917459488
12,inexact_chain.FP64.div,5,1,toward_zero,1048576,3.737116814,3.730894089
12,inexact_chain.FP64.div,6,0,toward_zero,1048576,3.774943352,3.770107269
12,inexact_chain.FP64.div,6,1,nearest_even,1048576,5.010670662,5.003610611
12,inexact_chain.FP64.div,7,0,nearest_even,1048576,4.877908707,4.870754242
12,inexact_chain.FP64.div,7,1,toward_zero,1048576,3.789657593,3.782535553
12,inexact_chain.FP64.div,8,0,toward_zero,1048576,3.779807091,3.773878098
12,inexact_chain.FP64.div,8,1,nearest_even,1048576,4.945612907,4.938251495
12,throughput4096.FP64.mul_div,0,0,toward_zero,1048576,2.488785744,2.484097481
12,throughput4096.FP64.mul_div,0,1,nearest_even,1048576,2.448551178,2.445362091
12,throughput4096.FP64.mul_div,1,0,nearest_even,1048576,2.457934380,2.452984810
12,throughput4096.FP64.mul_div,1,1,toward_zero,1048576,2.506404877,2.501744270
12,throughput4096.FP64.mul_div,2,0,toward_zero,1048576,2.500032425,2.496038437
12,throughput4096.FP64.mul_div,2,1,nearest_even,1048576,2.446593285,2.442028046
12,throughput4096.FP64.mul_div,3,0,nearest_even,1048576,2.454886436,2.451867104
12,throughput4096.FP64.mul_div,3,1,toward_zero,1048576,2.511832237,2.507246971
12,throughput4096.FP64.mul_div,4,0,toward_zero,1048576,2.503424644,2.498914719
12,throughput4096.FP64.mul_div,4,1,nearest_even,1048576,2.444853783,2.442054749
12,throughput4096.FP64.mul_div,5,0,nearest_even,1048576,2.457648277,2.452651024
12,throughput4096.FP64.mul_div,5,1,toward_zero,1048576,2.510542870,2.507744789
12,throughput4096.FP64.mul_div,6,0,toward_zero,1048576,2.504264832,2.500138283
12,throughput4096.FP64.mul_div,6,1,nearest_even,1048576,2.451160431,2.446583748
12,throughput4096.FP64.mul_div,7,0,nearest_even,1048576,2.456119537,2.452489853
12,throughput4096.FP64.mul_div,7,1,toward_zero,1048576,2.511392593,2.507037163
12,throughput4096.FP64.mul_div,8,0,toward_zero,1048576,2.502612114,2.498735428
12,throughput4096.FP64.mul_div,8,1,nearest_even,1048576,2.449727058,2.442067146
12,throughput256.FP64.mul_div,0,0,toward_zero,1048576,2.504342079,2.499879837
12,throughput256.FP64.mul_div,0,1,nearest_even,1048576,2.436446190,2.432883263
12,throughput256.FP64.mul_div,1,0,nearest_even,1048576,2.441309929,2.437288284
12,throughput256.FP64.mul_div,1,1,toward_zero,1048576,2.511096954,2.507313728
12,throughput256.FP64.mul_div,2,0,toward_zero,1048576,2.483254433,2.479441643
12,throughput256.FP64.mul_div,2,1,nearest_even,1048576,2.433474541,2.429271698
12,throughput256.FP64.mul_div,3,0,nearest_even,1048576,2.440210342,2.437325478
12,throughput256.FP64.mul_div,3,1,toward_zero,1048576,2.507179260,2.502116203
12,throughput256.FP64.mul_div,4,0,toward_zero,1048576,2.502173424,2.498953819
12,throughput256.FP64.mul_div,4,1,nearest_even,1048576,2.428897858,2.424590111
12,throughput256.FP64.mul_div,5,0,nearest_even,1048576,2.443669319,2.440585136
12,throughput256.FP64.mul_div,5,1,toward_zero,1048576,2.498484612,2.493842125
12,throughput256.FP64.mul_div,6,0,toward_zero,1048576,2.504962921,2.501123428
12,throughput256.FP64.mul_div,6,1,nearest_even,1048576,2.430091858,2.427131653
12,throughput256.FP64.mul_div,7,0,nearest_even,1048576,2.445055008,2.437239647
12,throughput256.FP64.mul_div,7,1,toward_zero,1048576,2.505163193,2.503089905
12,throughput256.FP64.mul_div,8,0,toward_zero,1048576,2.499994278,2.495707512
12,throughput256.FP64.mul_div,8,1,nearest_even,1048576,2.433207512,2.428057671
12,exact_results.FP64.mul_div,0,0,toward_zero,1048576,2.542092323,2.537370682
12,exact_results.FP64.mul_div,0,1,nearest_even,1048576,2.540926933,2.537440300
12,exact_results.FP64.mul_div,1,0,nearest_even,1048576,2.543869019,2.534706116
12,exact_results.FP64.mul_div,1,1,toward_zero,1048576,2.504542351,2.499739647
12,exact_results.FP64.mul_div,2,0,toward_zero,1048576,2.502210617,2.498907089
12,exact_results.FP64.mul_div,2,1,nearest_even,1048576,2.532308578,2.525426865
12,exact_results.FP64.mul_div,3,0,nearest_even,1048576,2.520766258,2.516715050
12,exact_results.FP64.mul_div,3,1,toward_zero,1048576,2.494547844,2.492102623
12,exact_results.FP64.mul_div,4,0,toward_zero,1048576,2.492942810,2.488856316
12,exact_results.FP64.mul_div,4,1,nearest_even,1048576,2.522476196,2.518616676
12,exact_results.FP64.mul_div,5,0,nearest_even,1048576,2.523642540,2.520804405
12,exact_results.FP64.mul_div,5,1,toward_zero,1048576,2.493095398,2.488472939
12,exact_results.FP64.mul_div,6,0,toward_zero,1048576,2.499067307,2.494634628
12,exact_results.FP64.mul_div,6,1,nearest_even,1048576,2.525027275,2.522113800
12,exact_results.FP64.mul_div,7,0,nearest_even,1048576,2.519515038,2.514844894
12,exact_results.FP64.mul_div,7,1,toward_zero,1048576,2.491930008,2.489723206
12,exact_results.FP64.mul_div,8,0,toward_zero,1048576,2.491710663,2.487240791
12,exact_results.FP64.mul_div,8,1,nearest_even,1048576,2.525696754,2.521080971
12,halfway_ties.FP64.mul_div,0,0,toward_zero,1048576,2.520593643,2.515998840
12,halfway_ties.FP64.mul_div,0,1,nearest_even,1048576,2.455489159,2.450330734
12,halfway_ties.FP64.mul_div,1,0,nearest_even,1048576,2.457953453,2.455231667
12,halfway_ties.FP64.mul_div,1,1,toward_zero,1048576,2.523231506,2.518569946
12,halfway_ties.FP64.mul_div,2,0,toward_zero,1048576,2.512530327,2.509370804
12,halfway_ties.FP64.mul_div,2,1,nearest_even,1048576,2.447710991,2.443068504
12,halfway_ties.FP64.mul_div,3,0,nearest_even,1048576,2.461756706,2.457507133
12,halfway_ties.FP64.mul_div,3,1,toward_zero,1048576,2.519448280,2.517347336
12,halfway_ties.FP64.mul_div,4,0,toward_zero,1048576,2.509787560,2.505862236
12,halfway_ties.FP64.mul_div,4,1,nearest_even,1048576,2.444243431,2.441548347
12,halfway_ties.FP64.mul_div,5,0,nearest_even,1048576,2.465950966,2.461547852
12,halfway_ties.FP64.mul_div,5,1,toward_zero,1048576,2.519534111,2.515168190
12,halfway_ties.FP64.mul_div,6,0,toward_zero,1048576,2.505784035,2.503452301
12,halfway_ties.FP64.mul_div,6,1,nearest_even,1048576,2.453883171,2.449030876
12,halfway_ties.FP64.mul_div,7,0,nearest_even,1048576,2.462071419,2.455776215
12,halfway_ties.FP64.mul_div,7,1,toward_zero,1048576,2.518616676,2.514098167
12,halfway_ties.FP64.mul_div,8,0,toward_zero,1048576,2.509539604,2.505125046
12,halfway_ties.FP64.mul_div,8,1,nearest_even,1048576,2.449440002,2.446240425
12,exact_chain.FP64.mul_div,0,0,nearest_even,1048576,3.706254959,3.700710297
12,exact_chain.FP64.mul_div,0,1,toward_zero,1048576,3.720443726,3.714422226
12,exact_chain.FP64.mul_div,1,0,toward_zero,1048576,3.746986389,3.742149353
12,exact_chain.FP64.mul_div,1,1,nearest_even,1048576,3.711203575,3.706183434
12,exact_chain.FP64.mul_div,2,0,nearest_even,1048576,3.697741508,3.692063332
12,exact_chain.FP64.mul_div,2,1,toward_zero,1048576,3.768857002,3.762338638
12,exact_chain.FP64.mul_div,3,0,toward_zero,1048576,3.744139671,3.736539841
12,exact_chain.FP64.mul_div,3,1,nearest_even,1048576,3.688091278,3.681859016
12,exact_chain.FP64.mul_div,4,0,nearest_even,1048576,3.721532822,3.715394020
12,exact_chain.FP64.mul_div,4,1,toward_zero,1048576,3.728879929,3.723278046
12,exact_chain.FP64.mul_div,5,0,toward_zero,1048576,3.771217346,3.764735222
12,exact_chain.FP64.mul_div,5,1,nearest_even,1048576,3.709331512,3.703146935
12,exact_chain.FP64.mul_div,6,0,nearest_even,1048576,3.696451187,3.690676689
12,exact_chain.FP64.mul_div,6,1,toward_zero,1048576,3.769927025,3.764246941
12,exact_chain.FP64.mul_div,7,0,toward_zero,1048576,3.758470535,3.753222466
12,exact_chain.FP64.mul_div,7,1,nearest_even,1048576,3.706656456,3.702715874
12,exact_chain.FP64.mul_div,8,0,nearest_even,1048576,3.712226868,3.706481934
12,exact_chain.FP64.mul_div,8,1,toward_zero,1048576,3.722412109,3.717248917
12,inexact_chain.FP64.mul_div,0,0,toward_zero,1048576,3.793651581,3.787955284
12,inexact_chain.FP64.mul_div,0,1,nearest_even,1048576,4.893205643,4.873622894
12,inexact_chain.FP64.mul_div,1,0,nearest_even,1048576,4.869232178,4.862213135
12,inexact_chain.FP64.mul_div,1,1,toward_zero,1048576,3.766764641,3.759853363
12,inexact_chain.FP64.mul_div,2,0,toward_zero,1048576,3.764414787,3.759394646
12,inexact_chain.FP64.mul_div,2,1,nearest_even,1048576,4.880430222,4.873992920
12,inexact_chain.FP64.mul_div,3,0,nearest_even,1048576,4.868927002,4.861380577
12,inexact_chain.FP64.mul_div,3,1,toward_zero,1048576,3.732167244,3.723076820
12,inexact_chain.FP64.mul_div,4,0,toward_zero,1048576,3.776395798,3.771750450
12,inexact_chain.FP64.mul_div,4,1,nearest_even,1048576,4.875863075,4.869387627
12,inexact_chain.FP64.mul_div,5,0,nearest_even,1048576,4.866242409,4.859134674
12,inexact_chain.FP64.mul_div,5,1,toward_zero,1048576,3.743709564,3.738163948
12,inexact_chain.FP64.mul_div,6,0,toward_zero,1048576,3.749365807,3.744117737
12,inexact_chain.FP64.mul_div,6,1,nearest_even,1048576,4.871343613,4.864754677
12,inexact_chain.FP64.mul_div,7,0,nearest_even,1048576,4.885733604,4.878177643
12,inexact_chain.FP64.mul_div,7,1,toward_zero,1048576,3.805871964,3.798023224
12,inexact_chain.FP64.mul_div,8,0,toward_zero,1048576,3.781612396,3.777326584
12,inexact_chain.FP64.mul_div,8,1,nearest_even,1048576,4.878061295,4.871890068
12,throughput4096.FP128.mul,0,0,toward_zero,1048576,2.610771179,2.607466698
12,throughput4096.FP128.mul,0,1,nearest_even,1048576,2.792034149,2.787313461
12,throughput4096.FP128.mul,1,0,nearest_even,1048576,2.738327026,2.732756615
12,throughput4096.FP128.mul,1,1,toward_zero,1048576,2.650384903,2.647977829
12,throughput4096.FP128.mul,2,0,toward_zero,1048576,2.640629768,2.636275291
12,throughput4096.FP128.mul,2,1,nearest_even,1048576,2.697069168,2.693083763
12,throughput4096.FP128.mul,3,0,nearest_even,1048576,2.693839073,2.688643456
12,throughput4096.FP128.mul,3,1,toward_zero,1048576,2.644222260,2.640354156
12,throughput4096.FP128.mul,4,0,toward_zero,1048576,2.640524864,2.637534142
12,throughput4096.FP128.mul,4,1,nearest_even,1048576,2.678266525,2.673507690
12,throughput4096.FP128.mul,5,0,nearest_even,1048576,2.685536385,2.680489540
12,throughput4096.FP128.mul,5,1,toward_zero,1048576,2.650624275,2.645720482
12,throughput4096.FP128.mul,6,0,toward_zero,1048576,2.642540932,2.637868881
12,throughput4096.FP128.mul,6,1,nearest_even,1048576,2.666245461,2.663609505
12,throughput4096.FP128.mul,7,0,nearest_even,1048576,2.669666290,2.665072441
12,throughput4096.FP128.mul,7,1,toward_zero,1048576,2.650175095,2.646133423
12,throughput4096.FP128.mul,8,0,toward_zero,1048576,2.639817238,2.634660721
12,throughput4096.FP128.mul,8,1,nearest_even,1048576,2.654808998,2.650424004
12,throughput256.FP128.mul,0,0,nearest_even,1048576,2.617908478,2.603328705
12,throughput256.FP128.mul,0,1,toward_zero,1048576,2.646697044,2.641317368
12,throughput256.FP128.mul,1,0,toward_zero,1048576,2.639004707,2.634554863
12,throughput256.FP128.mul,1,1,nearest_even,1048576,2.598407745,2.594299316
12,throughput256.FP128.mul,2,0,nearest_even,1048576,2.604886055,2.601789474
12,throughput256.FP128.mul,2,1,toward_zero,1048576,2.650021553,2.645732880
12,throughput256.FP128.mul,3,0,toward_zero,1048576,2.649773598,2.644508362
12,throughput256.FP128.mul,3,1,nearest_even,1048576,2.599306107,2.593316078
12,throughput256.FP128.mul,4,0,nearest_even,1048576,2.604923248,2.602898598
12,throughput256.FP128.mul,4,1,toward_zero,1048576,2.644117355,2.639905930
12,throughput256.FP128.mul,5,0,toward_zero,1048576,2.639568329,2.634868622
12,throughput256.FP128.mul,5,1,nearest_even,1048576,2.601092339,2.595582008
12,throughput256.FP128.mul,6,0,nearest_even,1048576,2.605688095,2.603089333
12,throughput256.FP128.mul,6,1,toward_zero,1048576,2.636129379,2.630808830
12,throughput256.FP128.mul,7,0,toward_zero,1048576,2.640055656,2.634916306
12,throughput256.FP128.mul,7,1,nearest_even,1048576,2.599887848,2.595026970
12,throughput256.FP128.mul,8,0,nearest_even,1048576,2.607255936,2.604103088
12,throughput256.FP128.mul,8,1,toward_zero,1048576,2.656958580,2.652173042
12,exact_results.FP128.mul,0,0,nearest_even,1048576,2.587657928,2.584869385
12,exact_results.FP128.mul,0,1,toward_zero,1048576,3.474430084,3.467585564
12,exact_results.FP128.mul,1,0,toward_zero,1048576,3.054261208,3.048417091
12,exact_results.FP128.mul,1,1,nearest_even,1048576,2.574195862,2.569541931
12,exact_results.FP128.mul,2,0,nearest_even,1048576,2.580311775,2.575581551
12,exact_results.FP128.mul,2,1,toward_zero,1048576,2.816865921,2.808888435
12,exact_results.FP128.mul,3,0,toward_zero,1048576,2.631409645,2.627962112
12,exact_results.FP128.mul,3,1,nearest_even,1048576,2.574443817,2.570440292
12,exact_results.FP128.mul,4,0,nearest_even,1048576,2.575218201,2.570824623
12,exact_results.FP128.mul,4,1,toward_zero,1048576,3.099349976,3.095308304
12,exact_results.FP128.mul,5,0,toward_zero,1048576,2.871050835,2.866320610
12,exact_results.FP128.mul,5,1,nearest_even,1048576,3.006870270,3.002149582
12,exact_results.FP128.mul,6,0,nearest_even,1048576,2.905915260,2.900909424
12,exact_results.FP128.mul,6,1,toward_zero,1048576,2.630511284,2.625715256
12,exact_results.FP128.mul,7,0,toward_zero,1048576,2.638804436,2.634258270
12,exact_results.FP128.mul,7,1,nearest_even,1048576,2.573068619,2.570166588
12,exact_results.FP128.mul,8,0,nearest_even,1048576,2.582423210,2.578993797
12,exact_results.FP128.mul,8,1,toward_zero,1048576,3.005733490,3.001921654
12,halfway_ties.FP128.mul,0,0,toward_zero,1048576,2.634840012,2.630694389
12,halfway_ties.FP128.mul,0,1,nearest_even,1048576,2.905524254,2.900833130
12,halfway_ties.FP128.mul,1,0,nearest_even,1048576,2.854004860,2.849018097
12,halfway_ties.FP128.mul,1,1,toward_zero,1048576,3.343453407,3.338103294
12,halfway_ties.FP128.mul,2,0,toward_zero,1048576,2.638718605,2.633790016
12,halfway_ties.FP128.mul,2,1,nearest_even,1048576,2.809977531,2.805343628
12,halfway_ties.FP128.mul,3,0,nearest_even,1048576,2.813225746,2.808438301
12,halfway_ties.FP128.mul,3,1,toward_zero,1048576,2.870677948,2.865985870
12,halfway_ties.FP128.mul,4,0,toward_zero,1048576,2.643859863,2.637326241
12,halfway_ties.FP128.mul,4,1,nearest_even,1048576,2.837331772,2.831742287
12,halfway_ties.FP128.mul,5,0,nearest_even,1048576,2.832832336,2.826162338
12,halfway_ties.FP128.mul,5,1,toward_zero,1048576,2.644633293,2.641738892
12,halfway_ties.FP128.mul,6,0,toward_zero,1048576,2.642712593,2.637565613
12,halfway_ties.FP128.mul,6,1,nearest_even,1048576,2.810568810,2.805704117
12,halfway_ties.FP128.mul,7,0,nearest_even,1048576,2.809059143,2.804501534
12,halfway_ties.FP128.mul,7,1,toward_zero,1048576,2.643352509,2.638443947
12,halfway_ties.FP128.mul,8,0,toward_zero,1048576,2.643286705,2.638682365
12,halfway_ties.FP128.mul,8,1,nearest_even,1048576,2.812805176,2.807656288
12,exact_chain.FP128.mul,0,0,nearest_even,1048576,3.836036682,3.828953743
12,exact_chain.FP128.mul,0,1,toward_zero,1048576,3.703102112,3.697298050
12,exact_chain.FP128.mul,1,0,toward_zero,1048576,3.675240517,3.670614243
12,exact_chain.FP128.mul,1,1,nearest_even,1048576,3.784985542,3.779270172
12,exact_chain.FP128.mul,2,0,nearest_even,1048576,3.784125328,3.777070045
12,exact_chain.FP128.mul,2,1,toward_zero,1048576,3.668933868,3.662913322
12,exact_chain.FP128.mul,3,0,toward_zero,1048576,3.679167747,3.672449112
12,exact_chain.FP128.mul,3,1,nearest_even,1048576,3.771389008,3.765338898
12,exact_chain.FP128.mul,4,0,nearest_even,1048576,3.785157204,3.778800011
12,exact_chain.FP128.mul,4,1,toward_zero,1048576,3.675010681,3.669735909
12,exact_chain.FP128.mul,5,0,toward_zero,1048576,3.667223930,3.661575317
12,exact_chain.FP128.mul,5,1,nearest_even,1048576,3.784728050,3.777317047
12,exact_chain.FP128.mul,6,0,nearest_even,1048576,3.784622192,3.778755188
12,exact_chain.FP128.mul,6,1,toward_zero,1048576,3.677323341,3.671587944
12,exact_chain.FP128.mul,7,0,toward_zero,1048576,3.679023743,3.674559593
12,exact_chain.FP128.mul,7,1,nearest_even,1048576,3.772717476,3.767506599
12,exact_chain.FP128.mul,8,0,nearest_even,1048576,3.781125069,3.772715569
12,exact_chain.FP128.mul,8,1,toward_zero,1048576,3.679301262,3.673670769
12,inexact_chain.FP128.mul,0,0,nearest_even,1048576,7.871822357,7.859422684
12,inexact_chain.FP128.mul,0,1,toward_zero,1048576,3.716344833,3.710989952
12,inexact_chain.FP128.mul,1,0,toward_zero,1048576,3.694769859,3.688937187
12,inexact_chain.FP128.mul,1,1,nearest_even,1048576,7.824823380,7.811690331
12,inexact_chain.FP128.mul,2,0,nearest_even,1048576,7.847124100,7.835457802
12,inexact_chain.FP128.mul,2,1,toward_zero,1048576,3.716181755,3.710142136
12,inexact_chain.FP128.mul,3,0,toward_zero,1048576,3.691368103,3.686109543
12,inexact_chain.FP128.mul,3,1,nearest_even,1048576,7.822329521,7.808420181
12,inexact_chain.FP128.mul,4,0,nearest_even,1048576,7.859114647,7.845366478
12,inexact_chain.FP128.mul,4,1,toward_zero,1048576,3.722583771,3.716753960
12,inexact_chain.FP128.mul,5,0,toward_zero,1048576,3.695419312,3.690853119
12,inexact_chain.FP128.mul,5,1,nearest_even,1048576,7.831033707,7.818921089
12,inexact_chain.FP128.mul,6,0,nearest_even,1048576,7.855340958,7.843144417
12,inexact_chain.FP128.mul,6,1,toward_zero,1048576,3.716593742,3.710026741
12,inexact_chain.FP128.mul,7,0,toward_zero,1048576,3.694349289,3.687447548
12,inexact_chain.FP128.mul,7,1,nearest_even,1048576,7.809860229,7.797969818
12,inexact_chain.FP128.mul,8,0,nearest_even,1048576,7.862956047,7.848942757
12,inexact_chain.FP128.mul,8,1,toward_zero,1048576,3.725393295,3.718442917
12,throughput4096.FP128.div,0,0,nearest_even,1048576,3.039614677,3.034445763
12,throughput4096.FP128.div,0,1,toward_zero,1048576,2.356100082,2.351363182
12,throughput4096.FP128.div,1,0,toward_zero,1048576,2.384077072,2.380858421
12,throughput4096.FP128.div,1,1,nearest_even,1048576,3.099617958,3.093264580
12,throughput4096.FP128.div,2,0,nearest_even,1048576,3.081903458,3.076379776
12,throughput4096.FP128.div,2,1,toward_zero,1048576,2.365751266,2.361606598
12,throughput4096.FP128.div,3,0,toward_zero,1048576,2.385175705,2.380630493
12,throughput4096.FP128.div,3,1,nearest_even,1048576,3.104443550,3.100132942
12,throughput4096.FP128.div,4,0,nearest_even,1048576,3.082266808,3.076188087
12,throughput4096.FP128.div,4,1,toward_zero,1048576,2.367681503,2.362055779
12,throughput4096.FP128.div,5,0,toward_zero,1048576,2.383073807,2.380209923
12,throughput4096.FP128.div,5,1,nearest_even,1048576,3.101366043,3.095650673
12,throughput4096.FP128.div,6,0,nearest_even,1048576,3.087407112,3.082161903
12,throughput4096.FP128.div,6,1,toward_zero,1048576,2.365837097,2.363152504
12,throughput4096.FP128.div,7,0,toward_zero,1048576,2.388520241,2.384375572
12,throughput4096.FP128.div,7,1,nearest_even,1048576,3.105856895,3.100908279
12,throughput4096.FP128.div,8,0,nearest_even,1048576,3.088821411,3.084178925
12,throughput4096.FP128.div,8,1,toward_zero,1048576,2.367442131,2.363181114
12,throughput256.FP128.div,0,0,nearest_even,1048576,3.075234413,3.067120552
12,throughput256.FP128.div,0,1,toward_zero,1048576,2.352335930,2.349844933
12,throughput256.FP128.div,1,0,toward_zero,1048576,2.368483543,2.364185333
12,throughput256.FP128.div,1,1,nearest_even,1048576,3.068249702,3.063979149
12,throughput256.FP128.div,2,0,nearest_even,1048576,3.051844597,3.046264648
12,throughput256.FP128.div,2,1,toward_zero,1048576,2.355507851,2.350274086
12,throughput256.FP128.div,3,0,toward_zero,1048576,2.368340492,2.365169525
12,throughput256.FP128.div,3,1,nearest_even,1048576,3.068746567,3.060729980
12,throughput256.FP128.div,4,0,nearest_even,1048576,3.057290077,3.051033974
12,throughput256.FP128.div,4,1,toward_zero,1048576,2.359874725,2.353188515
12,throughput256.FP128.div,5,0,toward_zero,1048576,2.372859955,2.367224693
12,throughput256.FP128.div,5,1,nearest_even,1048576,3.066157341,3.061696053
12,throughput256.FP128.div,6,0,nearest_even,1048576,3.051749229,3.046464920
12,throughput256.FP128.div,6,1,toward_zero,1048576,2.353940964,2.349636078
12,throughput256.FP128.div,7,0,toward_zero,1048576,2.370652199,2.367863655
12,throughput256.FP128.div,7,1,nearest_even,1048576,3.064447403,3.059381485
12,throughput256.FP128.div,8,0,nearest_even,1048576,3.062201500,3.056592941
12,throughput256.FP128.div,8,1,toward_zero,1048576,2.357457161,2.353713989
12,exact_results.FP128.div,0,0,toward_zero,1048576,2.470394135,2.467224121
12,exact_results.FP128.div,0,1,nearest_even,1048576,2.441261292,2.437086105
12,exact_results.FP128.div,1,0,nearest_even,1048576,2.438413620,2.434603691
12,exact_results.FP128.div,1,1,toward_zero,1048576,2.462214470,2.456798553
12,exact_results.FP128.div,2,0,toward_zero,1048576,2.458947182,2.456274033
12,exact_results.FP128.div,2,1,nearest_even,1048576,2.470737457,2.466585159
12,exact_results.FP128.div,3,0,nearest_even,1048576,2.440095901,2.436704636
12,exact_results.FP128.div,3,1,toward_zero,1048576,2.462444305,2.458977699
12,exact_results.FP128.div,4,0,toward_zero,1048576,2.450405121,2.445545197
12,exact_results.FP128.div,4,1,nearest_even,1048576,2.440773964,2.438281059
12,exact_results.FP128.div,5,0,nearest_even,1048576,2.442761421,2.438462257
12,exact_results.FP128.div,5,1,toward_zero,1048576,2.460303307,2.456389427
12,exact_results.FP128.div,6,0,toward_zero,1048576,2.460686684,2.455738068
12,exact_results.FP128.div,6,1,nearest_even,1048576,2.440630913,2.435997009
12,exact_results.FP128.div,7,0,nearest_even,1048576,2.437870026,2.434832573
12,exact_results.FP128.div,7,1,toward_zero,1048576,2.460723877,2.455469131
12,exact_results.FP128.div,8,0,toward_zero,1048576,2.453978539,2.450732231
12,exact_results.FP128.div,8,1,nearest_even,1048576,2.448494911,2.436638832
12,halfway_ties.FP128.div,0,0,toward_zero,1048576,2.464326859,2.459608078
12,halfway_ties.FP128.div,0,1,nearest_even,1048576,3.046666145,3.041878700
12,halfway_ties.FP128.div,1,0,nearest_even,1048576,3.036461830,3.032188416
12,halfway_ties.FP128.div,1,1,toward_zero,1048576,2.454170227,2.449681282
12,halfway_ties.FP128.div,2,0,toward_zero,1048576,2.457877159,2.453110695
12,halfway_ties.FP128.div,2,1,nearest_even,1048576,3.420855522,3.415914536
12,halfway_ties.FP128.div,3,0,nearest_even,1048576,3.028751373,3.022930145
12,halfway_ties.FP128.div,3,1,toward_zero,1048576,2.445752144,2.441283226
12,halfway_ties.FP128.div,4,0,toward_zero,1048576,2.454313278,2.451344490
12,halfway_ties.FP128.div,4,1,nearest_even,1048576,3.040206909,3.035016060
12,halfway_ties.FP128.div,5,0,nearest_even,1048576,3.044917107,3.041113853
12,halfway_ties.FP128.div,5,1,toward_zero,1048576,2.790523529,2.786367416
12,halfway_ties.FP128.div,6,0,toward_zero,1048576,2.880681992,2.874835014
12,halfway_ties.FP128.div,6,1,nearest_even,1048576,3.314283371,3.310040474
12,halfway_ties.FP128.div,7,0,nearest_even,1048576,3.036422729,3.032141685
12,halfway_ties.FP128.div,7,1,toward_zero,1048576,2.502965927,2.498665810
12,halfway_ties.FP128.div,8,0,toward_zero,1048576,2.666255951,2.662386894
12,halfway_ties.FP128.div,8,1,nearest_even,1048576,3.046551704,3.041745186
12,exact_chain.FP128.div,0,0,toward_zero,1048576,3.856415749,3.849446297
12,exact_chain.FP128.div,0,1,nearest_even,1048576,3.842552185,3.836977959
12,exact_chain.FP128.div,1,0,nearest_even,1048576,3.854467392,3.849781990
12,exact_chain.FP128.div,1,1,toward_zero,1048576,3.823060989,3.818298340
12,exact_chain.FP128.div,2,0,toward_zero,1048576,3.833628654,3.828188896
12,exact_chain.FP128.div,2,1,nearest_even,1048576,3.821397781,3.814946175
12,exact_chain.FP128.div,3,0,nearest_even,1048576,3.896851540,3.890599251
12,exact_chain.FP128.div,3,1,toward_zero,1048576,3.894339561,3.888374329
12,exact_chain.FP128.div,4,0,toward_zero,1048576,3.865578651,3.859844208
12,exact_chain.FP128.div,4,1,nearest_even,1048576,3.813172340,3.807827950
12,exact_chain.FP128.div,5,0,nearest_even,1048576,3.839245796,3.834055901
12,exact_chain.FP128.div,5,1,toward_zero,1048576,3.867432594,3.861609459
12,exact_chain.FP128.div,6,0,toward_zero,1048576,3.833580017,3.826622963
12,exact_chain.FP128.div,6,1,nearest_even,1048576,3.818092346,3.810798645
12,exact_chain.FP128.div,7,0,nearest_even,1048576,3.831258774,3.821423531
12,exact_chain.FP128.div,7,1,toward_zero,1048576,3.807037354,3.800739288
12,exact_chain.FP128.div,8,0,toward_zero,1048576,3.814567566,3.809021950
12,exact_chain.FP128.div,8,1,nearest_even,1048576,3.831516266,3.822617531
12,inexact_chain.FP128.div,0,0,toward_zero,1048576,3.853673935,3.847582817
12,inexact_chain.FP128.div,0,1,nearest_even,1048576,5.025041580,5.007977486
12,inexact_chain.FP128.div,1,0,nearest_even,1048576,4.990166664,4.981607437
12,inexact_chain.FP128.div,1,1,toward_zero,1048576,3.809034348,3.802208900
12,inexact_chain.FP128.div,2,0,toward_zero,1048576,3.805316925,3.801702499
12,inexact_chain.FP128.div,2,1,nearest_even,1048576,4.988379478,4.978330612
12,inexact_chain.FP128.div,3,0,nearest_even,1048576,4.979350090,4.970695496
12,inexact_chain.FP128.div,3,1,toward_zero,1048576,3.800444603,3.792618752
12,inexact_chain.FP128.div,4,0,toward_zero,1048576,3.805298805,3.797994614
12,inexact_chain.FP128.div,4,1,nearest_even,1048576,4.982426643,4.974477768
12,inexact_chain.FP128.div,5,0,nearest_even,1048576,4.970139503,4.963930130
12,inexact_chain.FP128.div,5,1,toward_zero,1048576,3.801993370,3.795760155
12,inexact_chain.FP128.div,6,0,toward_zero,1048576,3.806216240,3.801360130
12,inexact_chain.FP128.div,6,1,nearest_even,1048576,4.977630615,4.970829010
12,inexact_chain.FP128.div,7,0,nearest_even,1048576,4.980812073,4.969428062
12,inexact_chain.FP128.div,7,1,toward_zero,1048576,3.814318657,3.807073593
12,inexact_chain.FP128.div,8,0,toward_zero,1048576,3.901982307,3.895318985
12,inexact_chain.FP128.div,8,1,nearest_even,1048576,5.018266678,5.009022713
12,throughput4096.FP128.mul_div,0,0,toward_zero,1048576,3.012172699,3.004165649
12,throughput4096.FP128.mul_div,0,1,nearest_even,1048576,4.395520210,4.387086868
12,throughput4096.FP128.mul_div,1,0,nearest_even,1048576,4.326994896,4.321591377
12,throughput4096.FP128.mul_div,1,1,toward_zero,1048576,2.996752739,2.990724564
12,throughput4096.FP128.mul_div,2,0,toward_zero,1048576,3.020638466,3.015697479
12,throughput4096.FP128.mul_div,2,1,nearest_even,1048576,4.350451469,4.341846466
12,throughput4096.FP128.mul_div,3,0,nearest_even,1048576,4.370134354,4.361510277
12,throughput4096.FP128.mul_div,3,1,toward_zero,1048576,2.997324944,2.993456841
12,throughput4096.FP128.mul_div,4,0,toward_zero,1048576,3.039834023,3.029626846
12,throughput4096.FP128.mul_div,4,1,nearest_even,1048576,4.345157623,4.339917183
12,throughput4096.FP128.mul_div,5,0,nearest_even,1048576,4.365986824,4.355798721
12,throughput4096.FP128.mul_div,5,1,toward_zero,1048576,2.947611809,2.943246841
12,throughput4096.FP128.mul_div,6,0,toward_zero,1048576,3.032017708,3.027491570
12,throughput4096.FP128.mul_div,6,1,nearest_even,1048576,4.392224312,4.384499550
12,throughput4096.FP128.mul_div,7,0,nearest_even,1048576,4.359747887,4.354584694
12,throughput4096.FP128.mul_div,7,1,toward_zero,1048576,2.971834183,2.965869904
12,throughput4096.FP128.mul_div,8,0,toward_zero,1048576,3.007376671,3.000267982
12,throughput4096.FP128.mul_div,8,1,nearest_even,1048576,4.394813538,4.388827324
12,throughput256.FP128.mul_div,0,0,nearest_even,1048576,4.364105225,4.354630470
12,throughput256.FP128.mul_div,0,1,toward_zero,1048576,2.992003441,2.986432076
12,throughput256.FP128.mul_div,1,0,toward_zero,1048576,2.995119095,2.989730835
12,throughput256.FP128.mul_div,1,1,nearest_even,1048576,4.349991798,4.339160919
12,throughput256.FP128.mul_div,2,0,nearest_even,1048576,4.352734566,4.347360611
12,throughput256.FP128.mul_div,2,1,toward_zero,1048576,2.984694481,2.978856087
12,throughput256.FP128.mul_div,3,0,toward_zero,1048576,3.029190063,3.017303467
12,throughput256.FP128.mul_div,3,1,nearest_even,1048576,4.377338409,4.371512413
12,throughput256.FP128.mul_div,4,0,nearest_even,1048576,4.348922729,4.341846466
12,throughput256.FP128.mul_div,4,1,toward_zero,1048576,2.980021477,2.974929810
12,throughput256.FP128.mul_div,5,0,toward_zero,1048576,3.003660202,2.999924660
12,throughput256.FP128.mul_div,5,1,nearest_even,1048576,4.371604919,4.365980148
12,throughput256.FP128.mul_div,6,0,nearest_even,1048576,4.344088554,4.338999748
12,throughput256.FP128.mul_div,6,1,toward_zero,1048576,2.988277435,2.984167099
12,throughput256.FP128.mul_div,7,0,toward_zero,1048576,3.001978874,2.991973877
12,throughput256.FP128.mul_div,7,1,nearest_even,1048576,4.388020515,4.382081032
12,throughput256.FP128.mul_div,8,0,nearest_even,1048576,4.354741096,4.347367287
12,throughput256.FP128.mul_div,8,1,toward_zero,1048576,2.991439819,2.986280441
12,exact_results.FP128.mul_div,0,0,toward_zero,1048576,3.264694214,3.259507179
12,exact_results.FP128.mul_div,0,1,nearest_even,1048576,3.659512520,3.652391434
12,exact_results.FP128.mul_div,1,0,nearest_even,1048576,3.081635475,3.076485634
12,exact_results.FP128.mul_div,1,1,toward_zero,1048576,3.875171661,3.867794037
12,exact_results.FP128.mul_div,2,0,toward_zero,1048576,3.821933746,3.811582565
12,exact_results.FP128.mul_div,2,1,nearest_even,1048576,3.213643074,3.196136475
12,exact_results.FP128.mul_div,3,0,nearest_even,1048576,3.042844772,3.040006638
12,exact_results.FP128.mul_div,3,1,toward_zero,1048576,3.380324364,3.375709534
12,exact_results.FP128.mul_div,4,0,toward_zero,1048576,3.838243484,3.832353592
12,exact_results.FP128.mul_div,4,1,nearest_even,1048576,3.140130043,3.133955956
12,exact_results.FP128.mul_div,5,0,nearest_even,1048576,3.503275871,3.498717308
12,exact_results.FP128.mul_div,5,1,toward_zero,1048576,3.073829651,3.067961693
12,exact_results.FP128.mul_div,6,0,toward_zero,1048576,3.410068512,3.405281067
12,exact_results.FP128.mul_div,6,1,nearest_even,1048576,3.168048859,3.160815239
12,exact_results.FP128.mul_div,7,0,nearest_even,1048576,3.032486916,3.026685715
12,exact_results.FP128.mul_div,7,1,toward_zero,1048576,3.864957809,3.859413147
12,exact_results.FP128.mul_div,8,0,toward_zero,1048576,2.989117622,2.984244347
12,exact_results.FP128.mul_div,8,1,nearest_even,1048576,3.900310516,3.892243385
12,halfway_ties.FP128.mul_div,0,0,nearest_even,1048576,4.342674255,4.336622238
12,halfway_ties.FP128.mul_div,0,1,toward_zero,1048576,3.505711555,3.501161575
12,halfway_ties.FP128.mul_div,1,0,toward_zero,1048576,2.999781609,2.995900154
12,halfway_ties.FP128.mul_div,1,1,nearest_even,1048576,4.358276367,4.350226402
12,halfway_ties.FP128.mul_div,2,0,nearest_even,1048576,4.257072449,4.245738983
12,halfway_ties.FP128.mul_div,2,1,toward_zero,1048576,3.801696777,3.796352386
12,halfway_ties.FP128.mul_div,3,0,toward_zero,1048576,3.991347313,3.980010986
12,halfway_ties.FP128.mul_div,3,1,nearest_even,1048576,4.326889038,4.319288254
12,halfway_ties.FP128.mul_div,4,0,nearest_even,1048576,4.321051598,4.308558464
12,halfway_ties.FP128.mul_div,4,1,toward_zero,1048576,3.870882034,3.861648560
12,halfway_ties.FP128.mul_div,5,0,toward_zero,1048576,3.438112259,3.431841850
12,halfway_ties.FP128.mul_div,5,1,nearest_even,1048576,4.510244370,4.502549171
12,halfway_ties.FP128.mul_div,6,0,nearest_even,1048576,4.253088951,4.248353004
12,halfway_ties.FP128.mul_div,6,1,toward_zero,1048576,3.050889015,3.045472145
12,halfway_ties.FP128.mul_div,7,0,toward_zero,1048576,3.415189743,3.408864021
12,halfway_ties.FP128.mul_div,7,1,nearest_even,1048576,4.613309860,4.602003098
12,halfway_ties.FP128.mul_div,8,0,nearest_even,1048576,4.528321266,4.519651413
12,halfway_ties.FP128.mul_div,8,1,toward_zero,1048576,4.251674652,4.244427681
12,exact_chain.FP128.mul_div,0,0,toward_zero,1048576,3.825316429,3.819032669
12,exact_chain.FP128.mul_div,0,1,nearest_even,1048576,3.822067261,3.816159248
12,exact_chain.FP128.mul_div,1,0,nearest_even,1048576,3.803913116,3.797690392
12,exact_chain.FP128.mul_div,1,1,toward_zero,1048576,3.831507683,3.825218201
12,exact_chain.FP128.mul_div,2,0,toward_zero,1048576,3.821990967,3.812843323
12,exact_chain.FP128.mul_div,2,1,nearest_even,1048576,3.828507423,3.822475433
12,exact_chain.FP128.mul_div,3,0,nearest_even,1048576,3.816047668,3.808804512
12,exact_chain.FP128.mul_div,3,1,toward_zero,1048576,3.824953079,3.818242073
12,exact_chain.FP128.mul_div,4,0,toward_zero,1048576,3.830045700,3.821395874
12,exact_chain.FP128.mul_div,4,1,nearest_even,1048576,3.818025589,3.811532021
12,exact_chain.FP128.mul_div,5,0,nearest_even,1048576,3.818092346,3.812948227
12,exact_chain.FP128.mul_div,5,1,toward_zero,1048576,3.820423126,3.813549042
12,exact_chain.FP128.mul_div,6,0,toward_zero,1048576,3.825650215,3.818940163
12,exact_chain.FP128.mul_div,6,1,nearest_even,1048576,3.819248199,3.813045502
12,exact_chain.FP128.mul_div,7,0,nearest_even,1048576,3.830820084,3.824251175
12,exact_chain.FP128.mul_div,7,1,toward_zero,1048576,3.828698158,3.816884041
12,exact_chain.FP128.mul_div,8,0,toward_zero,1048576,3.821990967,3.814935684
12,exact_chain.FP128.mul_div,8,1,nearest_even,1048576,3.848093987,3.842052460
12,inexact_chain.FP128.mul_div,0,0,nearest_even,1048576,4.874019623,4.867467880
12,inexact_chain.FP128.mul_div,0,1,toward_zero,1048576,3.818217278,3.811781883
12,inexact_chain.FP128.mul_div,1,0,toward_zero,1048576,3.823739052,3.817428589
12,inexact_chain.FP128.mul_div,1,1,nearest_even,1048576,4.902425766,4.892719269
12,inexact_chain.FP128.mul_div,2,0,nearest_even,1048576,4.887759209,4.879944801
12,inexact_chain.FP128.mul_div,2,1,toward_zero,1048576,3.807381630,3.801092148
12,inexact_chain.FP128.mul_div,3,0,toward_zero,1048576,3.816239357,3.809339523
12,inexact_chain.FP128.mul_div,3,1,nearest_even,1048576,4.885313034,4.874842644
12,inexact_chain.FP128.mul_div,4,0,nearest_even,1048576,4.871840477,4.863398552
12,inexact_chain.FP128.mul_div,4,1,toward_zero,1048576,3.822659492,3.807254791
12,inexact_chain.FP128.mul_div,5,0,toward_zero,1048576,3.825038910,3.817803383
12,inexact_chain.FP128.mul_div,5,1,nearest_even,1048576,4.892011642,4.881637573
12,inexact_chain.FP128.mul_div,6,0,nearest_even,1048576,4.871764183,4.864572525
12,inexact_chain.FP128.mul_div,6,1,toward_zero,1048576,3.812818527,3.807693481
12,inexact_chain.FP128.mul_div,7,0,toward_zero,1048576,3.828315735,3.822360039
12,inexact_chain.FP128.mul_div,7,1,nearest_even,1048576,4.887836456,4.880547523
12,inexact_chain.FP128.mul_div,8,0,nearest_even,1048576,4.874621391,4.867113113
12,inexact_chain.FP128.mul_div,8,1,toward_zero,1048576,3.810610771,3.804274559
12,wide_product.FP128.mul,0,0,toward_zero,1048576,4.956515312,4.948987961
12,wide_product.FP128.mul,0,1,nearest_even,1048576,10.140382767,10.123026848
12,wide_product.FP128.mul,1,0,nearest_even,1048576,10.139761925,10.120551109
12,wide_product.FP128.mul,1,1,toward_zero,1048576,4.932112694,4.924823761
12,wide_product.FP128.mul,2,0,toward_zero,1048576,4.946558952,4.934847832
12,wide_product.FP128.mul,2,1,nearest_even,1048576,10.133608818,10.112606049
12,wide_product.FP128.mul,3,0,nearest_even,1048576,10.125965118,10.108099937
12,wide_product.FP128.mul,3,1,toward_zero,1048576,4.936229706,4.927563667
12,wide_product.FP128.mul,4,0,toward_zero,1048576,4.938035965,4.930461884
12,wide_product.FP128.mul,4,1,nearest_even,1048576,10.114441872,10.099393845
12,wide_product.FP128.mul,5,0,nearest_even,1048576,10.116468430,10.099915504
12,wide_product.FP128.mul,5,1,toward_zero,1048576,4.936659813,4.928798676
12,wide_product.FP128.mul,6,0,toward_zero,1048576,4.943615913,4.934838295
12,wide_product.FP128.mul,6,1,nearest_even,1048576,10.149651527,10.134759903
12,wide_product.FP128.mul,7,0,nearest_even,1048576,10.175716400,10.146925926
12,wide_product.FP128.mul,7,1,toward_zero,1048576,4.935446739,4.926181793
12,wide_product.FP128.mul,8,0,toward_zero,1048576,4.939555168,4.927406311
12,wide_product.FP128.mul,8,1,nearest_even,1048576,10.174914360,10.158197403
12,native_by64.FP128.div,0,0,toward_zero,1048576,4.037821770,4.031759262
12,native_by64.FP128.div,0,1,nearest_even,1048576,9.591361046,9.577112198
12,native_by64.FP128.div,1,0,nearest_even,1048576,9.573628426,9.554826736
12,native_by64.FP128.div,1,1,toward_zero,1048576,4.021358490,4.015421867
12,native_by64.FP128.div,2,0,toward_zero,1048576,4.029012680,4.016997337
12,native_by64.FP128.div,2,1,nearest_even,1048576,9.555234909,9.540773392
12,native_by64.FP128.div,3,0,nearest_even,1048576,9.598336220,9.581838608
12,native_by64.FP128.div,3,1,toward_zero,1048576,4.023432732,4.016367912
12,native_by64.FP128.div,4,0,toward_zero,1048576,4.029126167,4.022977829
12,native_by64.FP128.div,4,1,nearest_even,1048576,9.578394890,9.563610077
12,native_by64.FP128.div,5,0,nearest_even,1048576,9.500906944,9.486642838
12,native_by64.FP128.div,5,1,toward_zero,1048576,4.017719269,4.012201309
12,native_by64.FP128.div,6,0,toward_zero,1048576,4.024817467,4.018106461
12,native_by64.FP128.div,6,1,nearest_even,1048576,9.544103622,9.529490471
12,native_by64.FP128.div,7,0,nearest_even,1048576,9.508006096,9.489572525
12,native_by64.FP128.div,7,1,toward_zero,1048576,4.018960953,4.012718201
12,native_by64.FP128.div,8,0,toward_zero,1048576,4.021292686,4.014427185
12,native_by64.FP128.div,8,1,nearest_even,1048576,9.566069603,9.550064087
12,native_by128.FP128.div,0,0,toward_zero,1048576,11.311674118,11.285299301
12,native_by128.FP128.div,0,1,nearest_even,1048576,11.968511581,11.947890282
12,native_by128.FP128.div,1,0,nearest_even,1048576,11.930625916,11.913220406
12,native_by128.FP128.div,1,1,toward_zero,1048576,11.234175682,11.210940361
12,native_by128.FP128.div,2,0,toward_zero,1048576,11.223752022,11.202157974
12,native_by128.FP128.div,2,1,nearest_even,1048576,11.992425919,11.970848083
12,native_by128.FP128.div,3,0,nearest_even,1048576,11.991968155,11.967702866
12,native_by128.FP128.div,3,1,toward_zero,1048576,11.089957237,11.073401451
12,native_by128.FP128.div,4,0,toward_zero,1048576,11.193033218,11.171049118
12,native_by128.FP128.div,4,1,nearest_even,1048576,12.011975288,11.988870621
12,native_by128.FP128.div,5,0,nearest_even,1048576,11.997432709,11.978246689
12,native_by128.FP128.div,5,1,toward_zero,1048576,11.151068687,11.127832413
12,native_by128.FP128.div,6,0,toward_zero,1048576,11.204326630,11.186402321
12,native_by128.FP128.div,6,1,nearest_even,1048576,11.995225906,11.970986366
12,native_by128.FP128.div,7,0,nearest_even,1048576,12.006729126,11.988373756
12,native_by128.FP128.div,7,1,toward_zero,1048576,11.178595543,11.159380913
12,native_by128.FP128.div,8,0,toward_zero,1048576,11.197838783,11.169232368
12,native_by128.FP128.div,8,1,nearest_even,1048576,12.079412460,12.054744720
12,wide_by64.FP128.div,0,0,toward_zero,1048576,5.090785980,5.082822800
12,wide_by64.FP128.div,0,1,nearest_even,1048576,10.710453987,10.691601753
12,wide_by64.FP128.div,1,0,nearest_even,1048576,10.679258347,10.664001465
12,wide_by64.FP128.div,1,1,toward_zero,1048576,5.071534157,5.064485550
12,wide_by64.FP128.div,2,0,toward_zero,1048576,5.044350624,5.036738396
12,wide_by64.FP128.div,2,1,nearest_even,1048576,10.664477348,10.643321037
12,wide_by64.FP128.div,3,0,nearest_even,1048576,10.690714836,10.675026894
12,wide_by64.FP128.div,3,1,toward_zero,1048576,5.057096481,5.049302101
12,wide_by64.FP128.div,4,0,toward_zero,1048576,5.041464806,5.034292221
12,wide_by64.FP128.div,4,1,nearest_even,1048576,10.652647972,10.629582405
12,wide_by64.FP128.div,5,0,nearest_even,1048576,10.693447113,10.676528931
12,wide_by64.FP128.div,5,1,toward_zero,1048576,5.064024925,5.056296349
12,wide_by64.FP128.div,6,0,toward_zero,1048576,5.042191505,5.035103798
12,wide_by64.FP128.div,6,1,nearest_even,1048576,10.672063828,10.652708054
12,wide_by64.FP128.div,7,0,nearest_even,1048576,10.674470901,10.657905579
12,wide_by64.FP128.div,7,1,toward_zero,1048576,5.064501762,5.056762695
12,wide_by64.FP128.div,8,0,toward_zero,1048576,5.039373398,5.031617165
12,wide_by64.FP128.div,8,1,nearest_even,1048576,10.624261856,10.605634689
12,wide_by128.FP128.div,0,0,nearest_even,1048576,17.986398697,17.953424454
12,wide_by128.FP128.div,0,1,toward_zero,1048576,16.237871170,16.208600998
12,wide_by128.FP128.div,1,0,toward_zero,1048576,16.245075226,16.217617035
12,wide_by128.FP128.div,1,1,nearest_even,1048576,17.930551529,17.905655861
12,wide_by128.FP128.div,2,0,nearest_even,1048576,17.864098549,17.827743530
12,wide_by128.FP128.div,2,1,toward_zero,1048576,16.238033295,16.212346077
12,wide_by128.FP128.div,3,0,toward_zero,1048576,16.258538246,16.225292206
12,wide_by128.FP128.div,3,1,nearest_even,1048576,17.805117607,17.772526741
12,wide_by128.FP128.div,4,0,nearest_even,1048576,17.806435585,17.757493019
12,wide_by128.FP128.div,4,1,toward_zero,1048576,16.231822968,16.206229210
12,wide_by128.FP128.div,5,0,toward_zero,1048576,16.203091621,16.174489975
12,wide_by128.FP128.div,5,1,nearest_even,1048576,17.788214684,17.757358551
12,wide_by128.FP128.div,6,0,nearest_even,1048576,17.777112961,17.747464180
12,wide_by128.FP128.div,6,1,toward_zero,1048576,16.161595345,16.133102417
12,wide_by128.FP128.div,7,0,toward_zero,1048576,16.206703186,16.180210114
12,wide_by128.FP128.div,7,1,nearest_even,1048576,17.845715523,17.811697960
12,wide_by128.FP128.div,8,0,nearest_even,1048576,17.756340981,17.722806931
12,wide_by128.FP128.div,8,1,toward_zero,1048576,16.279710770,16.247483253
12,wide_product.FP128.mul_div,0,0,nearest_even,1048576,23.114257812,23.069330215
12,wide_product.FP128.mul_div,0,1,toward_zero,1048576,18.888532639,18.859564781
12,wide_product.FP128.mul_div,1,0,toward_zero,1048576,18.896883965,18.859246254
12,wide_product.FP128.mul_div,1,1,nearest_even,1048576,22.937726021,22.897889137
12,wide_product.FP128.mul_div,2,0,nearest_even,1048576,22.942855835,22.899156570
12,wide_product.FP128.mul_div,2,1,toward_zero,1048576,18.890139580,18.855042458
12,wide_product.FP128.mul_div,3,0,toward_zero,1048576,18.882638931,18.847727776
12,wide_product.FP128.mul_div,3,1,nearest_even,1048576,22.945751190,22.898732185
12,wide_product.FP128.mul_div,4,0,nearest_even,1048576,23.012892723,22.975605011
12,wide_product.FP128.mul_div,4,1,toward_zero,1048576,18.903495789,18.862373352
12,wide_product.FP128.mul_div,5,0,toward_zero,1048576,18.888533592,18.853318214
12,wide_product.FP128.mul_div,5,1,nearest_even,1048576,22.931638718,22.889123917
12,wide_product.FP128.mul_div,6,0,nearest_even,1048576,22.931619644,22.890254974
12,wide_product.FP128.mul_div,6,1,toward_zero,1048576,18.897896767,18.862627029
12,wide_product.FP128.mul_div,7,0,toward_zero,1048576,18.889871597,18.856307983
12,wide_product.FP128.mul_div,7,1,nearest_even,1048576,22.917421341,22.878871918
12,wide_product.FP128.mul_div,8,0,nearest_even,1048576,22.933502197,22.893722534
12,wide_product.FP128.mul_div,8,1,toward_zero,1048576,18.904154778,18.870210648
12,throughput4096.FP64.mul_wide,0,0,nearest_even,1048576,2.602736473,2.597739220
12,throughput4096.FP64.mul_wide,0,1,toward_zero,1048576,2.605621338,2.600166321
12,throughput4096.FP64.mul_wide,1,0,toward_zero,1048576,2.597127914,2.593238831
12,throughput4096.FP64.mul_wide,1,1,nearest_even,1048576,2.599143028,2.593593597
12,throughput4096.FP64.mul_wide,2,0,nearest_even,1048576,2.590381622,2.585290909
12,throughput4096.FP64.mul_wide,2,1,toward_zero,1048576,2.606194496,2.600921631
12,throughput4096.FP64.mul_wide,3,0,toward_zero,1048576,2.587573051,2.584115028
12,throughput4096.FP64.mul_wide,3,1,nearest_even,1048576,2.576421738,2.570928574
12,throughput4096.FP64.mul_wide,4,0,nearest_even,1048576,2.587429047,2.581851006
12,throughput4096.FP64.mul_wide,4,1,toward_zero,1048576,2.595426559,2.592704773
12,throughput4096.FP64.mul_wide,5,0,toward_zero,1048576,2.594766617,2.590689659
12,throughput4096.FP64.mul_wide,5,1,nearest_even,1048576,2.579212189,2.575237274
12,throughput4096.FP64.mul_wide,6,0,nearest_even,1048576,2.587916374,2.583198547
12,throughput4096.FP64.mul_wide,6,1,toward_zero,1048576,2.602678299,2.600424767
12,throughput4096.FP64.mul_wide,7,0,toward_zero,1048576,2.592234612,2.587861061
12,throughput4096.FP64.mul_wide,7,1,nearest_even,1048576,2.577024460,2.572802544
12,throughput4096.FP64.mul_wide,8,0,nearest_even,1048576,2.585289001,2.582003593
12,throughput4096.FP64.mul_wide,8,1,toward_zero,1048576,2.602525711,2.598264694
12,fullrange.FP64.mul_wide,0,0,toward_zero,1048576,2.763330460,2.757712364
12,fullrange.FP64.mul_wide,0,1,nearest_even,1048576,2.559309959,2.555414200
12,fullrange.FP64.mul_wide,1,0,nearest_even,1048576,2.523460388,2.516440392
12,fullrange.FP64.mul_wide,1,1,toward_zero,1048576,2.763522148,2.756852150
12,fullrange.FP64.mul_wide,2,0,toward_zero,1048576,2.747374535,2.742721558
12,fullrange.FP64.mul_wide,2,1,nearest_even,1048576,2.509586334,2.507056236
12,fullrange.FP64.mul_wide,3,0,nearest_even,1048576,2.515176773,2.511375427
12,fullrange.FP64.mul_wide,3,1,toward_zero,1048576,2.753022194,2.748806953
12,fullrange.FP64.mul_wide,4,0,toward_zero,1048576,2.737838745,2.733129501
12,fullrange.FP64.mul_wide,4,1,nearest_even,1048576,2.506358147,2.503397942
12,fullrange.FP64.mul_wide,5,0,nearest_even,1048576,2.518540382,2.513401985
12,fullrange.FP64.mul_wide,5,1,toward_zero,1048576,2.757808685,2.752717018
12,fullrange.FP64.mul_wide,6,0,toward_zero,1048576,2.743457794,2.738010406
12,fullrange.FP64.mul_wide,6,1,nearest_even,1048576,2.506606102,2.502125740
12,fullrange.FP64.mul_wide,7,0,nearest_even,1048576,2.513876915,2.510782242
12,fullrange.FP64.mul_wide,7,1,toward_zero,1048576,2.747652054,2.742691040
12,fullrange.FP64.mul_wide,8,0,toward_zero,1048576,2.731055260,2.726363182
12,fullrange.FP64.mul_wide,8,1,nearest_even,1048576,2.509682655,2.505259514
12,throughput4096.FP64.quantize4,0,0,nearest_even,1048576,5.498609543,5.490059853
12,throughput4096.FP64.quantize4,0,1,toward_zero,1048576,1.861225128,1.857778549
12,throughput4096.FP64.quantize4,1,0,toward_zero,1048576,1.827219963,1.821671486
12,throughput4096.FP64.quantize4,1,1,nearest_even,1048576,5.477894783,5.470338821
12,throughput4096.FP64.quantize4,2,0,nearest_even,1048576,5.397778511,5.388168335
12,throughput4096.FP64.quantize4,2,1,toward_zero,1048576,1.832465172,1.829486847
12,throughput4096.FP64.quantize4,3,0,toward_zero,1048576,1.829408646,1.826163292
12,throughput4096.FP64.quantize4,3,1,nearest_even,1048576,5.521072388,5.511957169
12,throughput4096.FP64.quantize4,4,0,nearest_even,1048576,5.452020645,5.441293716
12,throughput4096.FP64.quantize4,4,1,toward_zero,1048576,1.820646286,1.817563057
12,throughput4096.FP64.quantize4,5,0,toward_zero,1048576,1.825489998,1.822531700
12,throughput4096.FP64.quantize4,5,1,nearest_even,1048576,5.494664192,5.486541748
12,throughput4096.FP64.quantize4,6,0,nearest_even,1048576,5.415750504,5.405375481
12,throughput4096.FP64.quantize4,6,1,toward_zero,1048576,1.818524361,1.814831734
12,throughput4096.FP64.quantize4,7,0,toward_zero,1048576,1.823703766,1.822628021
12,throughput4096.FP64.quantize4,7,1,nearest_even,1048576,5.466142654,5.458290100
12,throughput4096.FP64.quantize4,8,0,nearest_even,1048576,5.399929047,5.391282082
12,throughput4096.FP64.quantize4,8,1,toward_zero,1048576,1.840375900,1.837456703
12,throughput4096.FP128.quantize4,0,0,toward_zero,1048576,3.454373360,3.447874069
12,throughput4096.FP128.quantize4,0,1,nearest_even,1048576,7.881320000,7.868037224
12,throughput4096.FP128.quantize4,1,0,nearest_even,1048576,7.830373764,7.818082809
12,throughput4096.FP128.quantize4,1,1,toward_zero,1048576,3.443643570,3.437764168
12,throughput4096.FP128.quantize4,2,0,toward_zero,1048576,3.455769539,3.447949409
12,throughput4096.FP128.quantize4,2,1,nearest_even,1048576,7.890760422,7.873831749
12,throughput4096.FP128.quantize4,3,0,nearest_even,1048576,7.845355988,7.834655762
12,throughput4096.FP128.quantize4,3,1,toward_zero,1048576,3.410652161,3.404983521
12,throughput4096.FP128.quantize4,4,0,toward_zero,1048576,3.366977692,3.361528397
12,throughput4096.FP128.quantize4,4,1,nearest_even,1048576,7.918506622,7.903152466
12,throughput4096.FP128.quantize4,5,0,nearest_even,1048576,7.885896683,7.869866371
12,throughput4096.FP128.quantize4,5,1,toward_zero,1048576,3.376741409,3.372354507
12,throughput4096.FP128.quantize4,6,0,toward_zero,1048576,3.363976479,3.357937813
12,throughput4096.FP128.quantize4,6,1,nearest_even,1048576,7.880545616,7.869261742
12,throughput4096.FP128.quantize4,7,0,nearest_even,1048576,7.892603874,7.875168800
12,throughput4096.FP128.quantize4,7,1,toward_zero,1048576,3.448622704,3.436200142
12,throughput4096.FP128.quantize4,8,0,toward_zero,1048576,3.436258316,3.429252625
12,throughput4096.FP128.quantize4,8,1,nearest_even,1048576,7.879705429,7.865950584
12,parse_extra_digit.FP64,0,0,nearest_even,1048576,36.257335663,36.183664322
12,parse_extra_digit.FP64,0,1,toward_zero,1048576,34.548928261,34.471057892
12,parse_extra_digit.FP64,1,0,toward_zero,1048576,34.555760384,34.494848251
12,parse_extra_digit.FP64,1,1,nearest_even,1048576,36.493241310,36.423159599
12,parse_extra_digit.FP64,2,0,nearest_even,1048576,36.445448875,36.374507904
12,parse_extra_digit.FP64,2,1,toward_zero,1048576,34.587538719,34.530097961
12,parse_extra_digit.FP64,3,0,toward_zero,1048576,34.525653839,34.461052895
12,parse_extra_digit.FP64,3,1,nearest_even,1048576,36.385216713,36.326520920
12,parse_extra_digit.FP64,4,0,nearest_even,1048576,36.444082260,36.374721527
12,parse_extra_digit.FP64,4,1,toward_zero,1048576,34.552101135,34.491641045
12,parse_extra_digit.FP64,5,0,toward_zero,1048576,34.556572914,34.497185707
12,parse_extra_digit.FP64,5,1,nearest_even,1048576,36.462733269,36.393706322
12,parse_extra_digit.FP64,6,0,nearest_even,1048576,36.412915230,36.350838661
12,parse_extra_digit.FP64,6,1,toward_zero,1048576,34.531729698,34.473736763
12,parse_extra_digit.FP64,7,0,toward_zero,1048576,34.601689339,34.538879395
12,parse_extra_digit.FP64,7,1,nearest_even,1048576,36.459636688,36.399215698
12,parse_extra_digit.FP64,8,0,nearest_even,1048576,36.478784561,36.406440735
12,parse_extra_digit.FP64,8,1,toward_zero,1048576,34.544094086,34.481960297
12,format_2digits.FP64,0,0,nearest_even,1048576,14.154738426,14.132650375
12,format_2digits.FP64,0,1,toward_zero,1048576,10.894716263,10.872590065
12,format_2digits.FP64,1,0,toward_zero,1048576,10.879428864,10.860683441
12,format_2digits.FP64,1,1,nearest_even,1048576,14.171888351,14.146733284
12,format_2digits.FP64,2,0,nearest_even,1048576,14.195403099,14.174107552
12,format_2digits.FP64,2,1,toward_zero,1048576,10.880278587,10.864191055
12,format_2digits.FP64,3,0,toward_zero,1048576,10.877431870,10.856405258
12,format_2digits.FP64,3,1,nearest_even,1048576,14.147953987,14.124292374
12,format_2digits.FP64,4,0,nearest_even,1048576,14.175213814,14.148479462
12,format_2digits.FP64,4,1,toward_zero,1048576,10.885935783,10.867943764
12,format_2digits.FP64,5,0,toward_zero,1048576,10.873543739,10.854743958
12,format_2digits.FP64,5,1,nearest_even,1048576,14.179428101,14.155014992
12,format_2digits.FP64,6,0,nearest_even,1048576,14.189556122,14.166930199
12,format_2digits.FP64,6,1,toward_zero,1048576,10.869827271,10.854189873
12,format_2digits.FP64,7,0,toward_zero,1048576,10.864858627,10.847983360
12,format_2digits.FP64,7,1,nearest_even,1048576,14.192947388,14.165936470
12,format_2digits.FP64,8,0,nearest_even,1048576,14.190405846,14.163375854
12,format_2digits.FP64,8,1,toward_zero,1048576,10.874804497,10.853880882
12,parse_extra_digit.FP128,0,0,nearest_even,1048576,36.199664116,36.134993553
12,parse_extra_digit.FP128,0,1,toward_zero,1048576,34.414780617,34.360006332
12,parse_extra_digit.FP128,1,0,toward_zero,1048576,34.406803131,34.335900307
12,parse_extra_digit.FP128,1,1,nearest_even,1048576,36.049712181,35.979560852
12,parse_extra_digit.FP128,2,0,nearest_even,1048576,36.082036018,36.023091316
12,parse_extra_digit.FP128,2,1,toward_zero,1048576,34.321994781,34.259639740
12,parse_extra_digit.FP128,3,0,toward_zero,1048576,34.347449303,34.269842148
12,parse_extra_digit.FP128,3,1,nearest_even,1048576,36.105062485,36.033572197
12,parse_extra_digit.FP128,4,0,nearest_even,1048576,36.093979836,36.032622337
12,parse_extra_digit.FP128,4,1,toward_zero,1048576,34.305245399,34.239122391
12,parse_extra_digit.FP128,5,0,toward_zero,1048576,34.282544136,34.225940704
12,parse_extra_digit.FP128,5,1,nearest_even,1048576,36.029198647,35.970102310
12,parse_extra_digit.FP128,6,0,nearest_even,1048576,36.017905235,35.960023880
12,parse_extra_digit.FP128,6,1,toward_zero,1048576,34.292729378,34.218140602
12,parse_extra_digit.FP128,7,0,toward_zero,1048576,34.219129562,34.159240723
12,parse_extra_digit.FP128,7,1,nearest_even,1048576,35.987320900,35.930731773
12,parse_extra_digit.FP128,8,0,nearest_even,1048576,36.013806343,35.949687004
12,parse_extra_digit.FP128,8,1,toward_zero,1048576,34.242175102,34.183729172
12,format_2digits.FP128,0,0,toward_zero,1048576,14.225586891,14.203865051
12,format_2digits.FP128,0,1,nearest_even,1048576,21.666177750,21.629365921
12,format_2digits.FP128,1,0,nearest_even,1048576,21.654597282,21.621167183
12,format_2digits.FP128,1,1,toward_zero,1048576,14.219491005,14.194306374
12,format_2digits.FP128,2,0,toward_zero,1048576,14.221277237,14.194879532
12,format_2digits.FP128,2,1,nearest_even,1048576,21.628847122,21.590536118
12,format_2digits.FP128,3,0,nearest_even,1048576,21.684628487,21.630996704
12,format_2digits.FP128,3,1,toward_zero,1048576,14.431232452,14.408116341
12,format_2digits.FP128,4,0,toward_zero,1048576,14.256160736,14.232866287
12,format_2digits.FP128,4,1,nearest_even,1048576,21.766014099,21.732385635
12,format_2digits.FP128,5,0,nearest_even,1048576,21.779314995,21.749365807
12,format_2digits.FP128,5,1,toward_zero,1048576,14.288934708,14.266929626
12,format_2digits.FP128,6,0,toward_zero,1048576,14.276187897,14.253482819
12,format_2digits.FP128,6,1,nearest_even,1048576,21.707577705,21.665932655
12,format_2digits.FP128,7,0,nearest_even,1048576,21.681264877,21.640243530
12,format_2digits.FP128,7,1,toward_zero,1048576,14.258149147,14.234312057
12,format_2digits.FP128,8,0,toward_zero,1048576,14.249846458,14.226742744
12,format_2digits.FP128,8,1,nearest_even,1048576,21.680298805,21.641629219
